nohup: ignoring input
41 41 41
Available num physical pages: 35184372088576
WARNING: physical memory size is smaller than virtual memory size

*** ChampSim Multicore Out-of-Order Simulator ***

Warmup Instructions: 20000000
Simulation Instructions: 25000000
Number of CPUs: 4
Page size: 4096

Basic BTB sets: 1024 ways: 8 indirect buffer size: 4096 RAS size: 64
Basic BTB sets: 1024 ways: 8 indirect buffer size: 4096 RAS size: 64
Basic BTB sets: 1024 ways: 8 indirect buffer size: 4096 RAS size: 64
Basic BTB sets: 1024 ways: 8 indirect buffer size: 4096 RAS size: 64
cpu0_L1D PMP Adaptive prefetcher CLIP Filter
cpu1_L1D PMP Adaptive prefetcher CLIP Filter
cpu2_L1D PMP Adaptive prefetcher CLIP Filter
cpu3_L1D PMP Adaptive prefetcher CLIP Filter
Off-chip DRAM Size: 8 GiB Channels: 1 Width: 64-bit Data Rate: 3200 MT/s
Heartbeat CPU 3 instructions: 10000002 cycles: 2500125 heartbeat IPC: 3.99981 cumulative IPC: 3.99981 (Simulation time: 0 hr 1 min 27 sec) 
Heartbeat CPU 1 instructions: 10000001 cycles: 2500153 heartbeat IPC: 3.99976 cumulative IPC: 3.99976 (Simulation time: 0 hr 1 min 27 sec) 
Heartbeat CPU 0 instructions: 10000000 cycles: 2538874 heartbeat IPC: 3.93876 cumulative IPC: 3.93876 (Simulation time: 0 hr 1 min 28 sec) 
Heartbeat CPU 2 instructions: 10000001 cycles: 2642331 heartbeat IPC: 3.78454 cumulative IPC: 3.78454 (Simulation time: 0 hr 1 min 32 sec) 
Heartbeat CPU 3 instructions: 20000002 cycles: 5000125 heartbeat IPC: 4 cumulative IPC: 3.99991 (Simulation time: 0 hr 3 min 1 sec) 
Max paddr 45M
Warmup finished CPU 3 instructions: 20000002 cycles: 5000126 cumulative IPC: 3.9999 (Simulation time: 0 hr 3 min 1 sec) 
Heartbeat CPU 1 instructions: 20000001 cycles: 5000153 heartbeat IPC: 4 cumulative IPC: 3.99988 (Simulation time: 0 hr 3 min 1 sec) 
Max paddr 45M
Warmup finished CPU 1 instructions: 20000001 cycles: 5000154 cumulative IPC: 3.99988 (Simulation time: 0 hr 3 min 1 sec) 
Heartbeat CPU 2 instructions: 20000002 cycles: 5251180 heartbeat IPC: 3.83311 cumulative IPC: 3.80867 (Simulation time: 0 hr 3 min 9 sec) 
Max paddr 46M
Warmup finished CPU 2 instructions: 20000002 cycles: 5251181 cumulative IPC: 3.80867 (Simulation time: 0 hr 3 min 9 sec) 
Heartbeat CPU 0 instructions: 20000000 cycles: 5480343 heartbeat IPC: 3.39967 cumulative IPC: 3.64941 (Simulation time: 0 hr 3 min 19 sec) 
Max paddr 47M
Warmup finished CPU 0 instructions: 20000000 cycles: 5480344 cumulative IPC: 3.64941 (Simulation time: 0 hr 3 min 19 sec) 

Warmup complete CPU 0 instructions: 20000000 cycles: 5480344 (Simulation time: 0 hr 3 min 19 sec) 


Warmup complete CPU 1 instructions: 21920761 cycles: 5480344 (Simulation time: 0 hr 3 min 19 sec) 


Warmup complete CPU 2 instructions: 20888733 cycles: 5480344 (Simulation time: 0 hr 3 min 19 sec) 


Warmup complete CPU 3 instructions: 21920874 cycles: 5480344 (Simulation time: 0 hr 3 min 19 sec) 

Heartbeat CPU 1 instructions: 30000003 cycles: 8040798 heartbeat IPC: 3.28878 cumulative IPC: 3.1554 (Simulation time: 0 hr 4 min 19 sec) 
Heartbeat CPU 3 instructions: 30000001 cycles: 8815171 heartbeat IPC: 2.62121 cumulative IPC: 2.42266 (Simulation time: 0 hr 4 min 38 sec) 
Heartbeat CPU 1 instructions: 40000002 cycles: 11001436 heartbeat IPC: 3.37766 cumulative IPC: 3.27458 (Simulation time: 0 hr 5 min 33 sec) 
Heartbeat CPU 0 instructions: 30000000 cycles: 11426893 heartbeat IPC: 1.68165 cumulative IPC: 1.68165 (Simulation time: 0 hr 5 min 44 sec) 
Heartbeat CPU 3 instructions: 40000000 cycles: 12829414 heartbeat IPC: 2.49113 cumulative IPC: 2.46006 (Simulation time: 0 hr 6 min 22 sec) 
Max paddr 52M
Simulation finished CPU 1 instructions: 25000004 cycles: 7621857 cumulative IPC: 3.28005 (Simulation time: 0 hr 6 min 29 sec) 
Heartbeat CPU 1 instructions: 50000003 cycles: 14102342 heartbeat IPC: 3.22487 cumulative IPC: 3.2567 (Simulation time: 0 hr 6 min 53 sec) 
Max paddr 53M
Simulation finished CPU 3 instructions: 25000002 cycles: 10342131 cumulative IPC: 2.4173 (Simulation time: 0 hr 7 min 38 sec) 
Heartbeat CPU 3 instructions: 50000004 cycles: 17128428 heartbeat IPC: 2.32612 cumulative IPC: 2.41063 (Simulation time: 0 hr 8 min 10 sec) 
Heartbeat CPU 1 instructions: 60000002 cycles: 17356486 heartbeat IPC: 3.07301 cumulative IPC: 3.20637 (Simulation time: 0 hr 8 min 16 sec) 
Heartbeat CPU 1 instructions: 70000001 cycles: 20724114 heartbeat IPC: 2.96945 cumulative IPC: 3.15403 (Simulation time: 0 hr 9 min 31 sec) 
Heartbeat CPU 3 instructions: 60000002 cycles: 20968532 heartbeat IPC: 2.6041 cumulative IPC: 2.4586 (Simulation time: 0 hr 9 min 37 sec) 
Heartbeat CPU 0 instructions: 40000003 cycles: 21926507 heartbeat IPC: 0.952417 cumulative IPC: 1.21609 (Simulation time: 0 hr 10 min 0 sec) 
Heartbeat CPU 1 instructions: 80000002 cycles: 24053781 heartbeat IPC: 3.00331 cumulative IPC: 3.12701 (Simulation time: 0 hr 10 min 53 sec) 
Heartbeat CPU 3 instructions: 70000003 cycles: 25117916 heartbeat IPC: 2.41 cumulative IPC: 2.44833 (Simulation time: 0 hr 11 min 20 sec) 
Heartbeat CPU 1 instructions: 90000001 cycles: 27809954 heartbeat IPC: 2.66229 cumulative IPC: 3.04884 (Simulation time: 0 hr 12 min 20 sec) 
Heartbeat CPU 3 instructions: 80000001 cycles: 29778132 heartbeat IPC: 2.14583 cumulative IPC: 2.39031 (Simulation time: 0 hr 12 min 59 sec) 
Max paddr 60M
Simulation finished CPU 0 instructions: 25000002 cycles: 24638744 cumulative IPC: 1.01467 (Simulation time: 0 hr 13 min 6 sec) 
Heartbeat CPU 1 instructions: 100000000 cycles: 31651375 heartbeat IPC: 2.60321 cumulative IPC: 2.98343 (Simulation time: 0 hr 13 min 38 sec) 
Heartbeat CPU 3 instructions: 90000000 cycles: 33577866 heartbeat IPC: 2.63177 cumulative IPC: 2.42296 (Simulation time: 0 hr 14 min 22 sec) 
Heartbeat CPU 2 instructions: 30000004 cycles: 33843811 heartbeat IPC: 0.349741 cumulative IPC: 0.321233 (Simulation time: 0 hr 14 min 28 sec) 
Heartbeat CPU 1 instructions: 110000002 cycles: 34914080 heartbeat IPC: 3.06495 cumulative IPC: 2.99246 (Simulation time: 0 hr 14 min 50 sec) 
Heartbeat CPU 0 instructions: 50000000 cycles: 37211924 heartbeat IPC: 0.654219 cumulative IPC: 0.945431 (Simulation time: 0 hr 15 min 42 sec) 
Heartbeat CPU 3 instructions: 100000003 cycles: 37677647 heartbeat IPC: 2.43916 cumulative IPC: 2.42503 (Simulation time: 0 hr 15 min 54 sec) 
Heartbeat CPU 1 instructions: 120000002 cycles: 38183846 heartbeat IPC: 3.05833 cumulative IPC: 2.99905 (Simulation time: 0 hr 16 min 8 sec) 
Heartbeat CPU 1 instructions: 130000000 cycles: 41159450 heartbeat IPC: 3.36067 cumulative IPC: 3.02921 (Simulation time: 0 hr 17 min 17 sec) 
Heartbeat CPU 3 instructions: 110000002 cycles: 41737314 heartbeat IPC: 2.46326 cumulative IPC: 2.42931 (Simulation time: 0 hr 17 min 29 sec) 
Heartbeat CPU 0 instructions: 60000003 cycles: 43720036 heartbeat IPC: 1.53655 cumulative IPC: 1.04604 (Simulation time: 0 hr 18 min 16 sec) 
Heartbeat CPU 1 instructions: 140000004 cycles: 44415045 heartbeat IPC: 3.07164 cumulative IPC: 3.03276 (Simulation time: 0 hr 18 min 32 sec) 
Heartbeat CPU 3 instructions: 120000001 cycles: 45932817 heartbeat IPC: 2.38351 cumulative IPC: 2.42456 (Simulation time: 0 hr 19 min 5 sec) 
Heartbeat CPU 1 instructions: 150000001 cycles: 47591870 heartbeat IPC: 3.1478 cumulative IPC: 3.04143 (Simulation time: 0 hr 19 min 40 sec) 
Heartbeat CPU 3 instructions: 130000003 cycles: 49887724 heartbeat IPC: 2.52851 cumulative IPC: 2.43382 (Simulation time: 0 hr 20 min 30 sec) 
Heartbeat CPU 1 instructions: 160000004 cycles: 51156373 heartbeat IPC: 2.80545 cumulative IPC: 3.02302 (Simulation time: 0 hr 20 min 58 sec) 
Heartbeat CPU 3 instructions: 140000002 cycles: 53997095 heartbeat IPC: 2.43347 cumulative IPC: 2.43379 (Simulation time: 0 hr 22 min 2 sec) 
Heartbeat CPU 1 instructions: 170000004 cycles: 54296956 heartbeat IPC: 3.18413 cumulative IPC: 3.03338 (Simulation time: 0 hr 22 min 7 sec) 
Heartbeat CPU 3 instructions: 150000001 cycles: 58151973 heartbeat IPC: 2.40681 cumulative IPC: 2.43166 (Simulation time: 0 hr 23 min 27 sec) 
Heartbeat CPU 0 instructions: 70000003 cycles: 58162378 heartbeat IPC: 0.692409 cumulative IPC: 0.949091 (Simulation time: 0 hr 23 min 27 sec) 
Heartbeat CPU 1 instructions: 180000002 cycles: 58325657 heartbeat IPC: 2.48219 cumulative IPC: 2.99136 (Simulation time: 0 hr 23 min 32 sec) 
Heartbeat CPU 1 instructions: 190000002 cycles: 61841697 heartbeat IPC: 2.84411 cumulative IPC: 2.98218 (Simulation time: 0 hr 24 min 58 sec) 
Heartbeat CPU 3 instructions: 160000000 cycles: 62156531 heartbeat IPC: 2.49716 cumulative IPC: 2.43629 (Simulation time: 0 hr 25 min 5 sec) 
Heartbeat CPU 2 instructions: 40000000 cycles: 64504916 heartbeat IPC: 0.326146 cumulative IPC: 0.323785 (Simulation time: 0 hr 26 min 0 sec) 
Heartbeat CPU 1 instructions: 200000003 cycles: 64965780 heartbeat IPC: 3.20094 cumulative IPC: 2.99367 (Simulation time: 0 hr 26 min 11 sec) 
Heartbeat CPU 3 instructions: 170000001 cycles: 66580277 heartbeat IPC: 2.26053 cumulative IPC: 2.42356 (Simulation time: 0 hr 26 min 44 sec) 
Heartbeat CPU 0 instructions: 80000002 cycles: 67670312 heartbeat IPC: 1.05176 cumulative IPC: 0.964786 (Simulation time: 0 hr 27 min 10 sec) 
Heartbeat CPU 1 instructions: 210000000 cycles: 68279035 heartbeat IPC: 3.01818 cumulative IPC: 2.99496 (Simulation time: 0 hr 27 min 26 sec) 
Heartbeat CPU 3 instructions: 180000001 cycles: 71313606 heartbeat IPC: 2.11268 cumulative IPC: 2.40121 (Simulation time: 0 hr 28 min 29 sec) 
Heartbeat CPU 1 instructions: 220000000 cycles: 71390050 heartbeat IPC: 3.21439 cumulative IPC: 3.00532 (Simulation time: 0 hr 28 min 31 sec) 
Heartbeat CPU 1 instructions: 230000002 cycles: 74617477 heartbeat IPC: 3.09845 cumulative IPC: 3.00966 (Simulation time: 0 hr 29 min 51 sec) 
Heartbeat CPU 3 instructions: 190000002 cycles: 75152713 heartbeat IPC: 2.60478 cumulative IPC: 2.41243 (Simulation time: 0 hr 30 min 3 sec) 
Heartbeat CPU 0 instructions: 90000003 cycles: 75296046 heartbeat IPC: 1.31135 cumulative IPC: 1.00264 (Simulation time: 0 hr 30 min 6 sec) 
Heartbeat CPU 1 instructions: 240000002 cycles: 77952790 heartbeat IPC: 2.99822 cumulative IPC: 3.00914 (Simulation time: 0 hr 31 min 0 sec) 
Heartbeat CPU 3 instructions: 200000002 cycles: 79384217 heartbeat IPC: 2.36323 cumulative IPC: 2.40961 (Simulation time: 0 hr 31 min 28 sec) 
Heartbeat CPU 1 instructions: 250000002 cycles: 81748237 heartbeat IPC: 2.63474 cumulative IPC: 2.99051 (Simulation time: 0 hr 32 min 17 sec) 
Max paddr 80M
Simulation finished CPU 2 instructions: 25000003 cycles: 78068240 cumulative IPC: 0.320233 (Simulation time: 0 hr 32 min 57 sec) 

Simulation complete CPU 0 instructions: 73584106 cycles: 78068240 (Simulation time: 0 hr 32 min 57 sec) 


Simulation complete CPU 1 instructions: 233099790 cycles: 78068240 (Simulation time: 0 hr 32 min 57 sec) 


Simulation complete CPU 2 instructions: 25000003 cycles: 78068240 (Simulation time: 0 hr 32 min 57 sec) 


Simulation complete CPU 3 instructions: 187891045 cycles: 78068240 (Simulation time: 0 hr 32 min 57 sec) 


ChampSim completed all CPUs

[
  {
    "name": "Simulation",
    "traces": [
      "../../traces/429.mcf-217B.champsimtrace.xz",
      "../../traces/403.gcc-48B.champsimtrace.xz",
      "../../traces/450.soplex-247B.champsimtrace.xz",
      "../../traces/400.perlbench-50B.champsimtrace.xz"
    ],
    "roi": {
      "cores": [
        {
          "instructions": 25000002,
          "cycles": 24638744,
          "Avg ROB occupancy at mispredict": 79.3411, 
          "mispredict": {
            "BRANCH_DIRECT_JUMP": 0,
            "BRANCH_INDIRECT": 0,
            "BRANCH_CONDITIONAL": 64230,
            "BRANCH_DIRECT_CALL": 0,
            "BRANCH_INDIRECT_CALL": 0,
            "BRANCH_RETURN": 0
          }
        },
        {
          "instructions": 25000004,
          "cycles": 7621857,
          "Avg ROB occupancy at mispredict": 61.9895, 
          "mispredict": {
            "BRANCH_DIRECT_JUMP": 12,
            "BRANCH_INDIRECT": 0,
            "BRANCH_CONDITIONAL": 21874,
            "BRANCH_DIRECT_CALL": 98,
            "BRANCH_INDIRECT_CALL": 2,
            "BRANCH_RETURN": 101
          }
        },
        {
          "instructions": 25000003,
          "cycles": 78068240,
          "Avg ROB occupancy at mispredict": 11.2306, 
          "mispredict": {
            "BRANCH_DIRECT_JUMP": 19,
            "BRANCH_INDIRECT": 6,
            "BRANCH_CONDITIONAL": 846739,
            "BRANCH_DIRECT_CALL": 3,
            "BRANCH_INDIRECT_CALL": 18,
            "BRANCH_RETURN": 23
          }
        },
        {
          "instructions": 25000002,
          "cycles": 10342131,
          "Avg ROB occupancy at mispredict": 37.2792, 
          "mispredict": {
            "BRANCH_DIRECT_JUMP": 44,
            "BRANCH_INDIRECT": 128,
            "BRANCH_CONDITIONAL": 228145,
            "BRANCH_DIRECT_CALL": 20,
            "BRANCH_INDIRECT_CALL": 139,
            "BRANCH_RETURN": 50
          }
        }
      ],
      "cpu3_L1I": {
        "LOAD": {
          "hit":30053,
          "miss":3601
        },
        "RFO": {
          "hit":0,
          "miss":0
        },
        "PREFETCH": {
          "hit":0,
          "miss":0
        },
        "WRITE": {
          "hit":0,
          "miss":0
        },
        "TRANSLATION": {
          "hit":0,
          "miss":0
        },
        "mshr full": 0,
        "prefetch requested": 0,
        "prefetch issued": 0,
        "prefetch filled": 0,
        "prefetch useful": 0,
        "prefetch useless": 0,
        "prefetch late": 0,
        "pf_useful_at_l2_from_l1":          0,
        "pf_late_at_l2_from_l1":          0,
        "pf_useless_at_l2_from_l1":          0,
        "pf_at_l2_to_l1":          0,
        "pf_fill_this_level":          0,
        "miss latency": 4.50903,
        "cache queues": {
          "PQ_ACCESS": 0,
          "PQ_FULL": 0,
          "PQ_TO_CACHE": 0,
          "PQ_MERGED": 0,
          "RQ_ACCESS": 291424,
          "RQ_MERGED": 638,
          "RQ_FULL": 0,
          "WQ_ACCESS": 0,
          "WQ_MERGED": 0,
          "WQ_FULL": 0
        }
      },
      "cpu3_ITLB": {
        "LOAD": {
          "hit":33351,
          "miss":5
        },
        "RFO": {
          "hit":0,
          "miss":0
        },
        "PREFETCH": {
          "hit":0,
          "miss":0
        },
        "WRITE": {
          "hit":0,
          "miss":0
        },
        "TRANSLATION": {
          "hit":0,
          "miss":0
        },
        "mshr full": 0,
        "prefetch requested": 0,
        "prefetch issued": 0,
        "prefetch filled": 0,
        "prefetch useful": 0,
        "prefetch useless": 0,
        "prefetch late": 0,
        "pf_useful_at_l2_from_l1":          0,
        "pf_late_at_l2_from_l1":          0,
        "pf_useless_at_l2_from_l1":          0,
        "pf_at_l2_to_l1":          0,
        "pf_fill_this_level":          0,
        "miss latency": 5.13751,
        "cache queues": {
          "PQ_ACCESS": 0,
          "PQ_FULL": 0,
          "PQ_TO_CACHE": 0,
          "PQ_MERGED": 0,
          "RQ_ACCESS": 288876,
          "RQ_MERGED": 0,
          "RQ_FULL": 0,
          "WQ_ACCESS": 0,
          "WQ_MERGED": 0,
          "WQ_FULL": 0
        }
      },
      "cpu3_DTLB": {
        "LOAD": {
          "hit":8383820,
          "miss":4880
        },
        "RFO": {
          "hit":0,
          "miss":0
        },
        "PREFETCH": {
          "hit":0,
          "miss":0
        },
        "WRITE": {
          "hit":0,
          "miss":0
        },
        "TRANSLATION": {
          "hit":0,
          "miss":0
        },
        "mshr full": 0,
        "prefetch requested": 0,
        "prefetch issued": 0,
        "prefetch filled": 0,
        "prefetch useful": 0,
        "prefetch useless": 0,
        "prefetch late": 0,
        "pf_useful_at_l2_from_l1":          0,
        "pf_late_at_l2_from_l1":          0,
        "pf_useless_at_l2_from_l1":          0,
        "pf_at_l2_to_l1":          0,
        "pf_fill_this_level":          0,
        "miss latency": 7.11107,
        "cache queues": {
          "PQ_ACCESS": 0,
          "PQ_FULL": 0,
          "PQ_TO_CACHE": 0,
          "PQ_MERGED": 0,
          "RQ_ACCESS": 65809361,
          "RQ_MERGED": 0,
          "RQ_FULL": 45165,
          "WQ_ACCESS": 0,
          "WQ_MERGED": 0,
          "WQ_FULL": 0
        }
      },
      "cpu2_L1I": {
        "LOAD": {
          "hit":1793,
          "miss":145
        },
        "RFO": {
          "hit":0,
          "miss":0
        },
        "PREFETCH": {
          "hit":0,
          "miss":0
        },
        "WRITE": {
          "hit":0,
          "miss":0
        },
        "TRANSLATION": {
          "hit":0,
          "miss":0
        },
        "mshr full": 0,
        "prefetch requested": 0,
        "prefetch issued": 0,
        "prefetch filled": 0,
        "prefetch useful": 0,
        "prefetch useless": 0,
        "prefetch late": 0,
        "pf_useful_at_l2_from_l1":          0,
        "pf_late_at_l2_from_l1":          0,
        "pf_useless_at_l2_from_l1":          0,
        "pf_at_l2_to_l1":          0,
        "pf_fill_this_level":          0,
        "miss latency": 13.4207,
        "cache queues": {
          "PQ_ACCESS": 0,
          "PQ_FULL": 0,
          "PQ_TO_CACHE": 0,
          "PQ_MERGED": 0,
          "RQ_ACCESS": 1976,
          "RQ_MERGED": 38,
          "RQ_FULL": 0,
          "WQ_ACCESS": 0,
          "WQ_MERGED": 0,
          "WQ_FULL": 0
        }
      },
      "cpu2_ITLB": {
        "LOAD": {
          "hit":1882,
          "miss":0
        },
        "RFO": {
          "hit":0,
          "miss":0
        },
        "PREFETCH": {
          "hit":0,
          "miss":0
        },
        "WRITE": {
          "hit":0,
          "miss":0
        },
        "TRANSLATION": {
          "hit":0,
          "miss":0
        },
        "mshr full": 0,
        "prefetch requested": 0,
        "prefetch issued": 0,
        "prefetch filled": 0,
        "prefetch useful": 0,
        "prefetch useless": 0,
        "prefetch late": 0,
        "pf_useful_at_l2_from_l1":          0,
        "pf_late_at_l2_from_l1":          0,
        "pf_useless_at_l2_from_l1":          0,
        "pf_at_l2_to_l1":          0,
        "pf_fill_this_level":          0,
        "miss latency": null,
        "cache queues": {
          "PQ_ACCESS": 0,
          "PQ_FULL": 0,
          "PQ_TO_CACHE": 0,
          "PQ_MERGED": 0,
          "RQ_ACCESS": 1882,
          "RQ_MERGED": 0,
          "RQ_FULL": 0,
          "WQ_ACCESS": 0,
          "WQ_MERGED": 0,
          "WQ_FULL": 0
        }
      },
      "cpu2_DTLB": {
        "LOAD": {
          "hit":7644112,
          "miss":336716
        },
        "RFO": {
          "hit":0,
          "miss":0
        },
        "PREFETCH": {
          "hit":0,
          "miss":0
        },
        "WRITE": {
          "hit":0,
          "miss":0
        },
        "TRANSLATION": {
          "hit":0,
          "miss":0
        },
        "mshr full": 18142,
        "prefetch requested": 0,
        "prefetch issued": 0,
        "prefetch filled": 0,
        "prefetch useful": 0,
        "prefetch useless": 0,
        "prefetch late": 0,
        "pf_useful_at_l2_from_l1":          0,
        "pf_late_at_l2_from_l1":          0,
        "pf_useless_at_l2_from_l1":          0,
        "pf_at_l2_to_l1":          0,
        "pf_fill_this_level":          0,
        "miss latency": 0.735731,
        "cache queues": {
          "PQ_ACCESS": 0,
          "PQ_FULL": 0,
          "PQ_TO_CACHE": 0,
          "PQ_MERGED": 0,
          "RQ_ACCESS": 8550656,
          "RQ_MERGED": 0,
          "RQ_FULL": 569828,
          "WQ_ACCESS": 0,
          "WQ_MERGED": 0,
          "WQ_FULL": 0
        }
      },
      "cpu1_L1I": {
        "LOAD": {
          "hit":1782,
          "miss":0
        },
        "RFO": {
          "hit":0,
          "miss":0
        },
        "PREFETCH": {
          "hit":0,
          "miss":0
        },
        "WRITE": {
          "hit":0,
          "miss":0
        },
        "TRANSLATION": {
          "hit":0,
          "miss":0
        },
        "mshr full": 0,
        "prefetch requested": 0,
        "prefetch issued": 0,
        "prefetch filled": 0,
        "prefetch useful": 0,
        "prefetch useless": 0,
        "prefetch late": 0,
        "pf_useful_at_l2_from_l1":          0,
        "pf_late_at_l2_from_l1":          0,
        "pf_useless_at_l2_from_l1":          0,
        "pf_at_l2_to_l1":          0,
        "pf_fill_this_level":          0,
        "miss latency": null,
        "cache queues": {
          "PQ_ACCESS": 0,
          "PQ_FULL": 0,
          "PQ_TO_CACHE": 0,
          "PQ_MERGED": 0,
          "RQ_ACCESS": 18596,
          "RQ_MERGED": 43,
          "RQ_FULL": 0,
          "WQ_ACCESS": 0,
          "WQ_MERGED": 0,
          "WQ_FULL": 0
        }
      },
      "cpu1_ITLB": {
        "LOAD": {
          "hit":1753,
          "miss":0
        },
        "RFO": {
          "hit":0,
          "miss":0
        },
        "PREFETCH": {
          "hit":0,
          "miss":0
        },
        "WRITE": {
          "hit":0,
          "miss":0
        },
        "TRANSLATION": {
          "hit":0,
          "miss":0
        },
        "mshr full": 0,
        "prefetch requested": 0,
        "prefetch issued": 0,
        "prefetch filled": 0,
        "prefetch useful": 0,
        "prefetch useless": 0,
        "prefetch late": 0,
        "pf_useful_at_l2_from_l1":          0,
        "pf_late_at_l2_from_l1":          0,
        "pf_useless_at_l2_from_l1":          0,
        "pf_at_l2_to_l1":          0,
        "pf_fill_this_level":          0,
        "miss latency": null,
        "cache queues": {
          "PQ_ACCESS": 0,
          "PQ_FULL": 0,
          "PQ_TO_CACHE": 0,
          "PQ_MERGED": 0,
          "RQ_ACCESS": 18274,
          "RQ_MERGED": 0,
          "RQ_FULL": 0,
          "WQ_ACCESS": 0,
          "WQ_MERGED": 0,
          "WQ_FULL": 0
        }
      },
      "cpu1_DTLB": {
        "LOAD": {
          "hit":7882143,
          "miss":6548
        },
        "RFO": {
          "hit":0,
          "miss":0
        },
        "PREFETCH": {
          "hit":0,
          "miss":0
        },
        "WRITE": {
          "hit":0,
          "miss":0
        },
        "TRANSLATION": {
          "hit":0,
          "miss":0
        },
        "mshr full": 0,
        "prefetch requested": 0,
        "prefetch issued": 0,
        "prefetch filled": 0,
        "prefetch useful": 0,
        "prefetch useless": 0,
        "prefetch late": 0,
        "pf_useful_at_l2_from_l1":          0,
        "pf_late_at_l2_from_l1":          0,
        "pf_useless_at_l2_from_l1":          0,
        "pf_at_l2_to_l1":          0,
        "pf_fill_this_level":          0,
        "miss latency": 17.4495,
        "cache queues": {
          "PQ_ACCESS": 0,
          "PQ_FULL": 0,
          "PQ_TO_CACHE": 0,
          "PQ_MERGED": 0,
          "RQ_ACCESS": 73577026,
          "RQ_MERGED": 0,
          "RQ_FULL": 0,
          "WQ_ACCESS": 0,
          "WQ_MERGED": 0,
          "WQ_FULL": 0
        }
      },
      "cpu0_L1I": {
        "LOAD": {
          "hit":0,
          "miss":0
        },
        "RFO": {
          "hit":0,
          "miss":0
        },
        "PREFETCH": {
          "hit":0,
          "miss":0
        },
        "WRITE": {
          "hit":0,
          "miss":0
        },
        "TRANSLATION": {
          "hit":0,
          "miss":0
        },
        "mshr full": 0,
        "prefetch requested": 0,
        "prefetch issued": 0,
        "prefetch filled": 0,
        "prefetch useful": 0,
        "prefetch useless": 0,
        "prefetch late": 0,
        "pf_useful_at_l2_from_l1":          0,
        "pf_late_at_l2_from_l1":          0,
        "pf_useless_at_l2_from_l1":          0,
        "pf_at_l2_to_l1":          0,
        "pf_fill_this_level":          0,
        "miss latency": null,
        "cache queues": {
          "PQ_ACCESS": 0,
          "PQ_FULL": 0,
          "PQ_TO_CACHE": 0,
          "PQ_MERGED": 0,
          "RQ_ACCESS": 0,
          "RQ_MERGED": 0,
          "RQ_FULL": 0,
          "WQ_ACCESS": 0,
          "WQ_MERGED": 0,
          "WQ_FULL": 0
        }
      },
      "cpu0_ITLB": {
        "LOAD": {
          "hit":0,
          "miss":0
        },
        "RFO": {
          "hit":0,
          "miss":0
        },
        "PREFETCH": {
          "hit":0,
          "miss":0
        },
        "WRITE": {
          "hit":0,
          "miss":0
        },
        "TRANSLATION": {
          "hit":0,
          "miss":0
        },
        "mshr full": 0,
        "prefetch requested": 0,
        "prefetch issued": 0,
        "prefetch filled": 0,
        "prefetch useful": 0,
        "prefetch useless": 0,
        "prefetch late": 0,
        "pf_useful_at_l2_from_l1":          0,
        "pf_late_at_l2_from_l1":          0,
        "pf_useless_at_l2_from_l1":          0,
        "pf_at_l2_to_l1":          0,
        "pf_fill_this_level":          0,
        "miss latency": null,
        "cache queues": {
          "PQ_ACCESS": 0,
          "PQ_FULL": 0,
          "PQ_TO_CACHE": 0,
          "PQ_MERGED": 0,
          "RQ_ACCESS": 0,
          "RQ_MERGED": 0,
          "RQ_FULL": 0,
          "WQ_ACCESS": 0,
          "WQ_MERGED": 0,
          "WQ_FULL": 0
        }
      },
      "cpu0_DTLB": {
        "LOAD": {
          "hit":11292886,
          "miss":194827
        },
        "RFO": {
          "hit":0,
          "miss":0
        },
        "PREFETCH": {
          "hit":0,
          "miss":0
        },
        "WRITE": {
          "hit":0,
          "miss":0
        },
        "TRANSLATION": {
          "hit":0,
          "miss":0
        },
        "mshr full": 0,
        "prefetch requested": 0,
        "prefetch issued": 0,
        "prefetch filled": 0,
        "prefetch useful": 0,
        "prefetch useless": 0,
        "prefetch late": 0,
        "pf_useful_at_l2_from_l1":          0,
        "pf_late_at_l2_from_l1":          0,
        "pf_useless_at_l2_from_l1":          0,
        "pf_at_l2_to_l1":          0,
        "pf_fill_this_level":          0,
        "miss latency": 1.53266,
        "cache queues": {
          "PQ_ACCESS": 0,
          "PQ_FULL": 0,
          "PQ_TO_CACHE": 0,
          "PQ_MERGED": 0,
          "RQ_ACCESS": 34736106,
          "RQ_MERGED": 0,
          "RQ_FULL": 652444,
          "WQ_ACCESS": 0,
          "WQ_MERGED": 0,
          "WQ_FULL": 0
        }
      },
      "cpu3_STLB": {
        "LOAD": {
          "hit":2123,
          "miss":256
        },
        "RFO": {
          "hit":0,
          "miss":0
        },
        "PREFETCH": {
          "hit":0,
          "miss":0
        },
        "WRITE": {
          "hit":0,
          "miss":0
        },
        "TRANSLATION": {
          "hit":0,
          "miss":0
        },
        "mshr full": 0,
        "prefetch requested": 0,
        "prefetch issued": 0,
        "prefetch filled": 0,
        "prefetch useful": 0,
        "prefetch useless": 0,
        "prefetch late": 0,
        "pf_useful_at_l2_from_l1":          0,
        "pf_late_at_l2_from_l1":          0,
        "pf_useless_at_l2_from_l1":          0,
        "pf_at_l2_to_l1":          0,
        "pf_fill_this_level":          0,
        "miss latency": 110.864,
        "cache queues": {
          "PQ_ACCESS": 0,
          "PQ_FULL": 0,
          "PQ_TO_CACHE": 0,
          "PQ_MERGED": 0,
          "RQ_ACCESS": 13007,
          "RQ_MERGED": 0,
          "RQ_FULL": 0,
          "WQ_ACCESS": 0,
          "WQ_MERGED": 0,
          "WQ_FULL": 0
        }
      },
      "cpu2_STLB": {
        "LOAD": {
          "hit":112695,
          "miss":19863
        },
        "RFO": {
          "hit":0,
          "miss":0
        },
        "PREFETCH": {
          "hit":0,
          "miss":0
        },
        "WRITE": {
          "hit":0,
          "miss":0
        },
        "TRANSLATION": {
          "hit":0,
          "miss":0
        },
        "mshr full": 0,
        "prefetch requested": 0,
        "prefetch issued": 0,
        "prefetch filled": 0,
        "prefetch useful": 0,
        "prefetch useless": 0,
        "prefetch late": 0,
        "pf_useful_at_l2_from_l1":          0,
        "pf_late_at_l2_from_l1":          0,
        "pf_useless_at_l2_from_l1":          0,
        "pf_at_l2_to_l1":          0,
        "pf_fill_this_level":          0,
        "miss latency": 9.04609,
        "cache queues": {
          "PQ_ACCESS": 0,
          "PQ_FULL": 0,
          "PQ_TO_CACHE": 0,
          "PQ_MERGED": 0,
          "RQ_ACCESS": 132558,
          "RQ_MERGED": 0,
          "RQ_FULL": 0,
          "WQ_ACCESS": 0,
          "WQ_MERGED": 0,
          "WQ_FULL": 0
        }
      },
      "cpu1_STLB": {
        "LOAD": {
          "hit":3994,
          "miss":567
        },
        "RFO": {
          "hit":0,
          "miss":0
        },
        "PREFETCH": {
          "hit":0,
          "miss":0
        },
        "WRITE": {
          "hit":0,
          "miss":0
        },
        "TRANSLATION": {
          "hit":0,
          "miss":0
        },
        "mshr full": 0,
        "prefetch requested": 0,
        "prefetch issued": 0,
        "prefetch filled": 0,
        "prefetch useful": 0,
        "prefetch useless": 0,
        "prefetch late": 0,
        "pf_useful_at_l2_from_l1":          0,
        "pf_late_at_l2_from_l1":          0,
        "pf_useless_at_l2_from_l1":          0,
        "pf_at_l2_to_l1":          0,
        "pf_fill_this_level":          0,
        "miss latency": 159.634,
        "cache queues": {
          "PQ_ACCESS": 0,
          "PQ_FULL": 0,
          "PQ_TO_CACHE": 0,
          "PQ_MERGED": 0,
          "RQ_ACCESS": 47451,
          "RQ_MERGED": 0,
          "RQ_FULL": 0,
          "WQ_ACCESS": 0,
          "WQ_MERGED": 0,
          "WQ_FULL": 0
        }
      },
      "cpu0_STLB": {
        "LOAD": {
          "hit":16608,
          "miss":17194
        },
        "RFO": {
          "hit":0,
          "miss":0
        },
        "PREFETCH": {
          "hit":0,
          "miss":0
        },
        "WRITE": {
          "hit":0,
          "miss":0
        },
        "TRANSLATION": {
          "hit":0,
          "miss":0
        },
        "mshr full": 0,
        "prefetch requested": 0,
        "prefetch issued": 0,
        "prefetch filled": 0,
        "prefetch useful": 0,
        "prefetch useless": 0,
        "prefetch late": 0,
        "pf_useful_at_l2_from_l1":          0,
        "pf_late_at_l2_from_l1":          0,
        "pf_useless_at_l2_from_l1":          0,
        "pf_at_l2_to_l1":          0,
        "pf_fill_this_level":          0,
        "miss latency": 10.6005,
        "cache queues": {
          "PQ_ACCESS": 0,
          "PQ_FULL": 0,
          "PQ_TO_CACHE": 0,
          "PQ_MERGED": 0,
          "RQ_ACCESS": 234185,
          "RQ_MERGED": 0,
          "RQ_FULL": 0,
          "WQ_ACCESS": 0,
          "WQ_MERGED": 0,
          "WQ_FULL": 0
        }
      },
      "cpu3_L1D": {
        "LOAD": {
          "hit":5411015,
          "miss":7189
        },
        "RFO": {
          "hit":0,
          "miss":0
        },
        "PREFETCH": {
          "hit":0,
          "miss":0
        },
        "WRITE": {
          "hit":3183256,
          "miss":581
        },
        "TRANSLATION": {
          "hit":23,
          "miss":234
        },
        "mshr full": 178,
        "prefetch requested": 0,
        "prefetch issued": 0,
        "prefetch filled": 0,
        "prefetch useful": 0,
        "prefetch useless": 0,
        "prefetch late": 0,
        "pf_useful_at_l2_from_l1":          0,
        "pf_late_at_l2_from_l1":          0,
        "pf_useless_at_l2_from_l1":          0,
        "pf_at_l2_to_l1":          0,
        "pf_fill_this_level":          0,
        "miss latency": 91.0602,
        "cache queues": {
          "PQ_ACCESS": 0,
          "PQ_FULL": 0,
          "PQ_TO_CACHE": 0,
          "PQ_MERGED": 0,
          "RQ_ACCESS": 42898400,
          "RQ_MERGED": 1219379,
          "RQ_FULL": 0,
          "WQ_ACCESS": 25992999,
          "WQ_MERGED": 142162,
          "WQ_FULL": 0
        }
      },
      "cpu2_L1D": {
        "LOAD": {
          "hit":4453998,
          "miss":2256636
        },
        "RFO": {
          "hit":0,
          "miss":0
        },
        "PREFETCH": {
          "hit":0,
          "miss":0
        },
        "WRITE": {
          "hit":916691,
          "miss":560455
        },
        "TRANSLATION": {
          "hit":7610,
          "miss":12020
        },
        "mshr full": 9793844,
        "prefetch requested": 0,
        "prefetch issued": 0,
        "prefetch filled": 0,
        "prefetch useful": 0,
        "prefetch useless": 0,
        "prefetch late": 0,
        "pf_useful_at_l2_from_l1":          0,
        "pf_late_at_l2_from_l1":          0,
        "pf_useless_at_l2_from_l1":          0,
        "pf_at_l2_to_l1":          0,
        "pf_fill_this_level":          0,
        "miss latency": 9.34975,
        "cache queues": {
          "PQ_ACCESS": 0,
          "PQ_FULL": 0,
          "PQ_TO_CACHE": 0,
          "PQ_MERGED": 0,
          "RQ_ACCESS": 97628124,
          "RQ_MERGED": 753329,
          "RQ_FULL": 90164133,
          "WQ_ACCESS": 2773221,
          "WQ_MERGED": 233,
          "WQ_FULL": 1295842
        }
      },
      "cpu1_L1D": {
        "LOAD": {
          "hit":3685606,
          "miss":26528
        },
        "RFO": {
          "hit":0,
          "miss":0
        },
        "PREFETCH": {
          "hit":0,
          "miss":0
        },
        "WRITE": {
          "hit":4512300,
          "miss":3598
        },
        "TRANSLATION": {
          "hit":28,
          "miss":539
        },
        "mshr full": 0,
        "prefetch requested": 0,
        "prefetch issued": 0,
        "prefetch filled": 0,
        "prefetch useful": 0,
        "prefetch useless": 0,
        "prefetch late": 0,
        "pf_useful_at_l2_from_l1":          0,
        "pf_late_at_l2_from_l1":          0,
        "pf_useless_at_l2_from_l1":          0,
        "pf_at_l2_to_l1":          0,
        "pf_fill_this_level":          0,
        "miss latency": 72.2426,
        "cache queues": {
          "PQ_ACCESS": 0,
          "PQ_FULL": 0,
          "PQ_TO_CACHE": 0,
          "PQ_MERGED": 0,
          "RQ_ACCESS": 34897957,
          "RQ_MERGED": 314280,
          "RQ_FULL": 0,
          "WQ_ACCESS": 42382464,
          "WQ_MERGED": 285481,
          "WQ_FULL": 0
        }
      },
      "cpu0_L1D": {
        "LOAD": {
          "hit":5222382,
          "miss":1256769
        },
        "RFO": {
          "hit":0,
          "miss":0
        },
        "PREFETCH": {
          "hit":0,
          "miss":0
        },
        "WRITE": {
          "hit":5406465,
          "miss":1772
        },
        "TRANSLATION": {
          "hit":12954,
          "miss":4245
        },
        "mshr full": 19934312,
        "prefetch requested": 0,
        "prefetch issued": 0,
        "prefetch filled": 0,
        "prefetch useful": 0,
        "prefetch useless": 0,
        "prefetch late": 0,
        "pf_useful_at_l2_from_l1":          0,
        "pf_late_at_l2_from_l1":          0,
        "pf_useless_at_l2_from_l1":          0,
        "pf_at_l2_to_l1":          0,
        "pf_fill_this_level":          0,
        "miss latency": 26.0855,
        "cache queues": {
          "PQ_ACCESS": 0,
          "PQ_FULL": 0,
          "PQ_TO_CACHE": 0,
          "PQ_MERGED": 0,
          "RQ_ACCESS": 540350773,
          "RQ_MERGED": 995853,
          "RQ_FULL": 518703236,
          "WQ_ACCESS": 14889626,
          "WQ_MERGED": 384062,
          "WQ_FULL": 0
        }
      },
      "cpu3_L2C": {
        "LOAD": {
          "hit":2508,
          "miss":2888
        },
        "RFO": {
          "hit":92,
          "miss":94
        },
        "PREFETCH": {
          "hit":0,
          "miss":0
        },
        "WRITE": {
          "hit":291,
          "miss":0
        },
        "TRANSLATION": {
          "hit":103,
          "miss":131
        },
        "mshr full": 0,
        "prefetch requested": 0,
        "prefetch issued": 0,
        "prefetch filled": 0,
        "prefetch useful": 0,
        "prefetch useless": 0,
        "prefetch late": 0,
        "pf_useful_at_l2_from_l1":          0,
        "pf_late_at_l2_from_l1":          0,
        "pf_useless_at_l2_from_l1":          0,
        "pf_at_l2_to_l1":          0,
        "pf_fill_this_level":          0,
        "miss latency": 223.656,
        "cache queues": {
          "PQ_ACCESS": 0,
          "PQ_FULL": 0,
          "PQ_TO_CACHE": 0,
          "PQ_MERGED": 0,
          "RQ_ACCESS": 31379,
          "RQ_MERGED": 0,
          "RQ_FULL": 0,
          "WQ_ACCESS": 1567,
          "WQ_MERGED": 0,
          "WQ_FULL": 0
        }
      },
      "cpu2_L2C": {
        "LOAD": {
          "hit":214754,
          "miss":843452
        },
        "RFO": {
          "hit":20043,
          "miss":140407
        },
        "PREFETCH": {
          "hit":0,
          "miss":0
        },
        "WRITE": {
          "hit":487319,
          "miss":0
        },
        "TRANSLATION": {
          "hit":5141,
          "miss":6879
        },
        "mshr full": 0,
        "prefetch requested": 0,
        "prefetch issued": 0,
        "prefetch filled": 0,
        "prefetch useful": 0,
        "prefetch useless": 0,
        "prefetch late": 0,
        "pf_useful_at_l2_from_l1":          0,
        "pf_late_at_l2_from_l1":          0,
        "pf_useless_at_l2_from_l1":          0,
        "pf_at_l2_to_l1":          0,
        "pf_fill_this_level":          0,
        "miss latency": 22.8728,
        "cache queues": {
          "PQ_ACCESS": 0,
          "PQ_FULL": 0,
          "PQ_TO_CACHE": 0,
          "PQ_MERGED": 0,
          "RQ_ACCESS": 1230781,
          "RQ_MERGED": 0,
          "RQ_FULL": 0,
          "WQ_ACCESS": 487327,
          "WQ_MERGED": 0,
          "WQ_FULL": 0
        }
      },
      "cpu1_L2C": {
        "LOAD": {
          "hit":15639,
          "miss":5078
        },
        "RFO": {
          "hit":65,
          "miss":726
        },
        "PREFETCH": {
          "hit":0,
          "miss":0
        },
        "WRITE": {
          "hit":2054,
          "miss":0
        },
        "TRANSLATION": {
          "hit":365,
          "miss":174
        },
        "mshr full": 0,
        "prefetch requested": 0,
        "prefetch issued": 0,
        "prefetch filled": 0,
        "prefetch useful": 0,
        "prefetch useless": 0,
        "prefetch late": 0,
        "pf_useful_at_l2_from_l1":          0,
        "pf_late_at_l2_from_l1":          0,
        "pf_useless_at_l2_from_l1":          0,
        "pf_at_l2_to_l1":          0,
        "pf_fill_this_level":          0,
        "miss latency": 334.298,
        "cache queues": {
          "PQ_ACCESS": 0,
          "PQ_FULL": 0,
          "PQ_TO_CACHE": 0,
          "PQ_MERGED": 0,
          "RQ_ACCESS": 213155,
          "RQ_MERGED": 0,
          "RQ_FULL": 0,
          "WQ_ACCESS": 20323,
          "WQ_MERGED": 0,
          "WQ_FULL": 0
        }
      },
      "cpu0_L2C": {
        "LOAD": {
          "hit":7353,
          "miss":939066
        },
        "RFO": {
          "hit":464,
          "miss":56
        },
        "PREFETCH": {
          "hit":0,
          "miss":0
        },
        "WRITE": {
          "hit":23046,
          "miss":0
        },
        "TRANSLATION": {
          "hit":2753,
          "miss":1492
        },
        "mshr full": 0,
        "prefetch requested": 0,
        "prefetch issued": 0,
        "prefetch filled": 0,
        "prefetch useful": 0,
        "prefetch useless": 0,
        "prefetch late": 0,
        "pf_useful_at_l2_from_l1":          0,
        "pf_late_at_l2_from_l1":          0,
        "pf_useless_at_l2_from_l1":          0,
        "pf_at_l2_to_l1":          0,
        "pf_fill_this_level":          0,
        "miss latency": 31.9052,
        "cache queues": {
          "PQ_ACCESS": 0,
          "PQ_FULL": 0,
          "PQ_TO_CACHE": 0,
          "PQ_MERGED": 0,
          "RQ_ACCESS": 4307653,
          "RQ_MERGED": 0,
          "RQ_FULL": 0,
          "WQ_ACCESS": 80054,
          "WQ_MERGED": 0,
          "WQ_FULL": 0
        }
      },
      "LLC": {
        "LOAD": {
          "hit": [685730, 2, 220011, 0],
          "miss": [253343, 5076, 623435, 2888]
        },
        "RFO": {
          "hit": [44, 0, 80673, 0],
          "miss": [12, 726, 59734, 94]
        },
        "PREFETCH": {
          "hit": [0, 0, 0, 0],
          "miss": [0, 0, 0, 0]
        },
        "WRITE": {
          "hit": [16203, 48, 358330, 0],
          "miss": [0, 0, 0, 0]
        },
        "TRANSLATION": {
          "hit": [1017, 1, 2610, 0],
          "miss": [475, 173, 4269, 131]
        },
        "mshr full": 0,
        "prefetch requested": 0,
        "prefetch issued": 0,
        "prefetch filled": 0,
        "prefetch useful": 0,
        "prefetch useless": 0,
        "prefetch late": 0,
        "pf_useful_at_l2_from_l1":          0,
        "pf_late_at_l2_from_l1":          0,
        "pf_useless_at_l2_from_l1":          0,
        "pf_at_l2_to_l1":          0,
        "pf_fill_this_level":          0,
        "miss latency": 51.0573,
        "cache queues": {
          "PQ_ACCESS": 0,
          "PQ_FULL": 0,
          "PQ_TO_CACHE": 0,
          "PQ_MERGED": 0,
          "RQ_ACCESS": 5334410,
          "RQ_MERGED": 0,
          "RQ_FULL": 0,
          "WQ_ACCESS": 432136,
          "WQ_MERGED": 0,
          "WQ_FULL": 0
        }
      },
      "DRAM": [
        {
          "RQ ROW_BUFFER_HIT": 662897,
          "RQ ROW_BUFFER_MISS": 937098,
          "PQ FULL": 0,
          "WQ ROW_BUFFER_HIT": 23654,
          "WQ ROW_BUFFER_MISS": 228428,
          "WQ FULL": 0,
          "AVG DBUS CONGESTED CYCLE": 3.94636
        }
      ]

    },
    "sim": {
      "cores": [
        {
          "instructions": 73584106,
          "cycles": 78068240,
          "Avg ROB occupancy at mispredict": 76.7339, 
          "mispredict": {
            "BRANCH_DIRECT_JUMP": 0,
            "BRANCH_INDIRECT": 0,
            "BRANCH_CONDITIONAL": 193008,
            "BRANCH_DIRECT_CALL": 0,
            "BRANCH_INDIRECT_CALL": 0,
            "BRANCH_RETURN": 0
          }
        },
        {
          "instructions": 233099790,
          "cycles": 78068240,
          "Avg ROB occupancy at mispredict": 63.2482, 
          "mispredict": {
            "BRANCH_DIRECT_JUMP": 90,
            "BRANCH_INDIRECT": 1,
            "BRANCH_CONDITIONAL": 206953,
            "BRANCH_DIRECT_CALL": 863,
            "BRANCH_INDIRECT_CALL": 17,
            "BRANCH_RETURN": 854
          }
        },
        {
          "instructions": 25000003,
          "cycles": 78068240,
          "Avg ROB occupancy at mispredict": 11.2306, 
          "mispredict": {
            "BRANCH_DIRECT_JUMP": 19,
            "BRANCH_INDIRECT": 6,
            "BRANCH_CONDITIONAL": 846739,
            "BRANCH_DIRECT_CALL": 3,
            "BRANCH_INDIRECT_CALL": 18,
            "BRANCH_RETURN": 23
          }
        },
        {
          "instructions": 187891045,
          "cycles": 78068240,
          "Avg ROB occupancy at mispredict": 38.5392, 
          "mispredict": {
            "BRANCH_DIRECT_JUMP": 399,
            "BRANCH_INDIRECT": 62158,
            "BRANCH_CONDITIONAL": 1540073,
            "BRANCH_DIRECT_CALL": 773,
            "BRANCH_INDIRECT_CALL": 776,
            "BRANCH_RETURN": 219
          }
        }
      ],
      "cpu3_L1I": {
        "LOAD": {
          "hit":270916,
          "miss":19870
        },
        "RFO": {
          "hit":0,
          "miss":0
        },
        "PREFETCH": {
          "hit":0,
          "miss":0
        },
        "WRITE": {
          "hit":0,
          "miss":0
        },
        "TRANSLATION": {
          "hit":0,
          "miss":0
        },
        "mshr full": 0,
        "prefetch requested": 0,
        "prefetch issued": 0,
        "prefetch filled": 0,
        "prefetch useful": 0,
        "prefetch useless": 0,
        "prefetch late": 0,
        "pf_useful_at_l2_from_l1":          0,
        "pf_late_at_l2_from_l1":          0,
        "pf_useless_at_l2_from_l1":          0,
        "pf_at_l2_to_l1":          0,
        "pf_fill_this_level":          0,
        "miss latency": 0.817162,
        "cache queues": {
          "PQ_ACCESS": 0,
          "PQ_FULL": 0,
          "PQ_TO_CACHE": 0,
          "PQ_MERGED": 0,
          "RQ_ACCESS": 291424,
          "RQ_MERGED": 638,
          "RQ_FULL": 0,
          "WQ_ACCESS": 0,
          "WQ_MERGED": 0,
          "WQ_FULL": 0
        }
      },
      "cpu3_ITLB": {
        "LOAD": {
          "hit":288871,
          "miss":5
        },
        "RFO": {
          "hit":0,
          "miss":0
        },
        "PREFETCH": {
          "hit":0,
          "miss":0
        },
        "WRITE": {
          "hit":0,
          "miss":0
        },
        "TRANSLATION": {
          "hit":0,
          "miss":0
        },
        "mshr full": 0,
        "prefetch requested": 0,
        "prefetch issued": 0,
        "prefetch filled": 0,
        "prefetch useful": 0,
        "prefetch useless": 0,
        "prefetch late": 0,
        "pf_useful_at_l2_from_l1":          0,
        "pf_late_at_l2_from_l1":          0,
        "pf_useless_at_l2_from_l1":          0,
        "pf_at_l2_to_l1":          0,
        "pf_fill_this_level":          0,
        "miss latency": 5.13751,
        "cache queues": {
          "PQ_ACCESS": 0,
          "PQ_FULL": 0,
          "PQ_TO_CACHE": 0,
          "PQ_MERGED": 0,
          "RQ_ACCESS": 288876,
          "RQ_MERGED": 0,
          "RQ_FULL": 0,
          "WQ_ACCESS": 0,
          "WQ_MERGED": 0,
          "WQ_FULL": 0
        }
      },
      "cpu3_DTLB": {
        "LOAD": {
          "hit":65737432,
          "miss":26764
        },
        "RFO": {
          "hit":0,
          "miss":0
        },
        "PREFETCH": {
          "hit":0,
          "miss":0
        },
        "WRITE": {
          "hit":0,
          "miss":0
        },
        "TRANSLATION": {
          "hit":0,
          "miss":0
        },
        "mshr full": 0,
        "prefetch requested": 0,
        "prefetch issued": 0,
        "prefetch filled": 0,
        "prefetch useful": 0,
        "prefetch useless": 0,
        "prefetch late": 0,
        "pf_useful_at_l2_from_l1":          0,
        "pf_late_at_l2_from_l1":          0,
        "pf_useless_at_l2_from_l1":          0,
        "pf_at_l2_to_l1":          0,
        "pf_fill_this_level":          0,
        "miss latency": 1.2966,
        "cache queues": {
          "PQ_ACCESS": 0,
          "PQ_FULL": 0,
          "PQ_TO_CACHE": 0,
          "PQ_MERGED": 0,
          "RQ_ACCESS": 65809361,
          "RQ_MERGED": 0,
          "RQ_FULL": 45165,
          "WQ_ACCESS": 0,
          "WQ_MERGED": 0,
          "WQ_FULL": 0
        }
      },
      "cpu2_L1I": {
        "LOAD": {
          "hit":1793,
          "miss":145
        },
        "RFO": {
          "hit":0,
          "miss":0
        },
        "PREFETCH": {
          "hit":0,
          "miss":0
        },
        "WRITE": {
          "hit":0,
          "miss":0
        },
        "TRANSLATION": {
          "hit":0,
          "miss":0
        },
        "mshr full": 0,
        "prefetch requested": 0,
        "prefetch issued": 0,
        "prefetch filled": 0,
        "prefetch useful": 0,
        "prefetch useless": 0,
        "prefetch late": 0,
        "pf_useful_at_l2_from_l1":          0,
        "pf_late_at_l2_from_l1":          0,
        "pf_useless_at_l2_from_l1":          0,
        "pf_at_l2_to_l1":          0,
        "pf_fill_this_level":          0,
        "miss latency": 13.4207,
        "cache queues": {
          "PQ_ACCESS": 0,
          "PQ_FULL": 0,
          "PQ_TO_CACHE": 0,
          "PQ_MERGED": 0,
          "RQ_ACCESS": 1976,
          "RQ_MERGED": 38,
          "RQ_FULL": 0,
          "WQ_ACCESS": 0,
          "WQ_MERGED": 0,
          "WQ_FULL": 0
        }
      },
      "cpu2_ITLB": {
        "LOAD": {
          "hit":1882,
          "miss":0
        },
        "RFO": {
          "hit":0,
          "miss":0
        },
        "PREFETCH": {
          "hit":0,
          "miss":0
        },
        "WRITE": {
          "hit":0,
          "miss":0
        },
        "TRANSLATION": {
          "hit":0,
          "miss":0
        },
        "mshr full": 0,
        "prefetch requested": 0,
        "prefetch issued": 0,
        "prefetch filled": 0,
        "prefetch useful": 0,
        "prefetch useless": 0,
        "prefetch late": 0,
        "pf_useful_at_l2_from_l1":          0,
        "pf_late_at_l2_from_l1":          0,
        "pf_useless_at_l2_from_l1":          0,
        "pf_at_l2_to_l1":          0,
        "pf_fill_this_level":          0,
        "miss latency": null,
        "cache queues": {
          "PQ_ACCESS": 0,
          "PQ_FULL": 0,
          "PQ_TO_CACHE": 0,
          "PQ_MERGED": 0,
          "RQ_ACCESS": 1882,
          "RQ_MERGED": 0,
          "RQ_FULL": 0,
          "WQ_ACCESS": 0,
          "WQ_MERGED": 0,
          "WQ_FULL": 0
        }
      },
      "cpu2_DTLB": {
        "LOAD": {
          "hit":7644112,
          "miss":336716
        },
        "RFO": {
          "hit":0,
          "miss":0
        },
        "PREFETCH": {
          "hit":0,
          "miss":0
        },
        "WRITE": {
          "hit":0,
          "miss":0
        },
        "TRANSLATION": {
          "hit":0,
          "miss":0
        },
        "mshr full": 18142,
        "prefetch requested": 0,
        "prefetch issued": 0,
        "prefetch filled": 0,
        "prefetch useful": 0,
        "prefetch useless": 0,
        "prefetch late": 0,
        "pf_useful_at_l2_from_l1":          0,
        "pf_late_at_l2_from_l1":          0,
        "pf_useless_at_l2_from_l1":          0,
        "pf_at_l2_to_l1":          0,
        "pf_fill_this_level":          0,
        "miss latency": 0.735731,
        "cache queues": {
          "PQ_ACCESS": 0,
          "PQ_FULL": 0,
          "PQ_TO_CACHE": 0,
          "PQ_MERGED": 0,
          "RQ_ACCESS": 8550656,
          "RQ_MERGED": 0,
          "RQ_FULL": 569828,
          "WQ_ACCESS": 0,
          "WQ_MERGED": 0,
          "WQ_FULL": 0
        }
      },
      "cpu1_L1I": {
        "LOAD": {
          "hit":18551,
          "miss":2
        },
        "RFO": {
          "hit":0,
          "miss":0
        },
        "PREFETCH": {
          "hit":0,
          "miss":0
        },
        "WRITE": {
          "hit":0,
          "miss":0
        },
        "TRANSLATION": {
          "hit":0,
          "miss":0
        },
        "mshr full": 0,
        "prefetch requested": 0,
        "prefetch issued": 0,
        "prefetch filled": 0,
        "prefetch useful": 0,
        "prefetch useless": 0,
        "prefetch late": 0,
        "pf_useful_at_l2_from_l1":          0,
        "pf_late_at_l2_from_l1":          0,
        "pf_useless_at_l2_from_l1":          0,
        "pf_at_l2_to_l1":          0,
        "pf_fill_this_level":          0,
        "miss latency": 29.0625,
        "cache queues": {
          "PQ_ACCESS": 0,
          "PQ_FULL": 0,
          "PQ_TO_CACHE": 0,
          "PQ_MERGED": 0,
          "RQ_ACCESS": 18596,
          "RQ_MERGED": 43,
          "RQ_FULL": 0,
          "WQ_ACCESS": 0,
          "WQ_MERGED": 0,
          "WQ_FULL": 0
        }
      },
      "cpu1_ITLB": {
        "LOAD": {
          "hit":18274,
          "miss":0
        },
        "RFO": {
          "hit":0,
          "miss":0
        },
        "PREFETCH": {
          "hit":0,
          "miss":0
        },
        "WRITE": {
          "hit":0,
          "miss":0
        },
        "TRANSLATION": {
          "hit":0,
          "miss":0
        },
        "mshr full": 0,
        "prefetch requested": 0,
        "prefetch issued": 0,
        "prefetch filled": 0,
        "prefetch useful": 0,
        "prefetch useless": 0,
        "prefetch late": 0,
        "pf_useful_at_l2_from_l1":          0,
        "pf_late_at_l2_from_l1":          0,
        "pf_useless_at_l2_from_l1":          0,
        "pf_at_l2_to_l1":          0,
        "pf_fill_this_level":          0,
        "miss latency": null,
        "cache queues": {
          "PQ_ACCESS": 0,
          "PQ_FULL": 0,
          "PQ_TO_CACHE": 0,
          "PQ_MERGED": 0,
          "RQ_ACCESS": 18274,
          "RQ_MERGED": 0,
          "RQ_FULL": 0,
          "WQ_ACCESS": 0,
          "WQ_MERGED": 0,
          "WQ_FULL": 0
        }
      },
      "cpu1_DTLB": {
        "LOAD": {
          "hit":73511918,
          "miss":65109
        },
        "RFO": {
          "hit":0,
          "miss":0
        },
        "PREFETCH": {
          "hit":0,
          "miss":0
        },
        "WRITE": {
          "hit":0,
          "miss":0
        },
        "TRANSLATION": {
          "hit":0,
          "miss":0
        },
        "mshr full": 0,
        "prefetch requested": 0,
        "prefetch issued": 0,
        "prefetch filled": 0,
        "prefetch useful": 0,
        "prefetch useless": 0,
        "prefetch late": 0,
        "pf_useful_at_l2_from_l1":          0,
        "pf_late_at_l2_from_l1":          0,
        "pf_useless_at_l2_from_l1":          0,
        "pf_at_l2_to_l1":          0,
        "pf_fill_this_level":          0,
        "miss latency": 1.75489,
        "cache queues": {
          "PQ_ACCESS": 0,
          "PQ_FULL": 0,
          "PQ_TO_CACHE": 0,
          "PQ_MERGED": 0,
          "RQ_ACCESS": 73577026,
          "RQ_MERGED": 0,
          "RQ_FULL": 0,
          "WQ_ACCESS": 0,
          "WQ_MERGED": 0,
          "WQ_FULL": 0
        }
      },
      "cpu0_L1I": {
        "LOAD": {
          "hit":0,
          "miss":0
        },
        "RFO": {
          "hit":0,
          "miss":0
        },
        "PREFETCH": {
          "hit":0,
          "miss":0
        },
        "WRITE": {
          "hit":0,
          "miss":0
        },
        "TRANSLATION": {
          "hit":0,
          "miss":0
        },
        "mshr full": 0,
        "prefetch requested": 0,
        "prefetch issued": 0,
        "prefetch filled": 0,
        "prefetch useful": 0,
        "prefetch useless": 0,
        "prefetch late": 0,
        "pf_useful_at_l2_from_l1":          0,
        "pf_late_at_l2_from_l1":          0,
        "pf_useless_at_l2_from_l1":          0,
        "pf_at_l2_to_l1":          0,
        "pf_fill_this_level":          0,
        "miss latency": null,
        "cache queues": {
          "PQ_ACCESS": 0,
          "PQ_FULL": 0,
          "PQ_TO_CACHE": 0,
          "PQ_MERGED": 0,
          "RQ_ACCESS": 0,
          "RQ_MERGED": 0,
          "RQ_FULL": 0,
          "WQ_ACCESS": 0,
          "WQ_MERGED": 0,
          "WQ_FULL": 0
        }
      },
      "cpu0_ITLB": {
        "LOAD": {
          "hit":0,
          "miss":0
        },
        "RFO": {
          "hit":0,
          "miss":0
        },
        "PREFETCH": {
          "hit":0,
          "miss":0
        },
        "WRITE": {
          "hit":0,
          "miss":0
        },
        "TRANSLATION": {
          "hit":0,
          "miss":0
        },
        "mshr full": 0,
        "prefetch requested": 0,
        "prefetch issued": 0,
        "prefetch filled": 0,
        "prefetch useful": 0,
        "prefetch useless": 0,
        "prefetch late": 0,
        "pf_useful_at_l2_from_l1":          0,
        "pf_late_at_l2_from_l1":          0,
        "pf_useless_at_l2_from_l1":          0,
        "pf_at_l2_to_l1":          0,
        "pf_fill_this_level":          0,
        "miss latency": null,
        "cache queues": {
          "PQ_ACCESS": 0,
          "PQ_FULL": 0,
          "PQ_TO_CACHE": 0,
          "PQ_MERGED": 0,
          "RQ_ACCESS": 0,
          "RQ_MERGED": 0,
          "RQ_FULL": 0,
          "WQ_ACCESS": 0,
          "WQ_MERGED": 0,
          "WQ_FULL": 0
        }
      },
      "cpu0_DTLB": {
        "LOAD": {
          "hit":32551587,
          "miss":1532078
        },
        "RFO": {
          "hit":0,
          "miss":0
        },
        "PREFETCH": {
          "hit":0,
          "miss":0
        },
        "WRITE": {
          "hit":0,
          "miss":0
        },
        "TRANSLATION": {
          "hit":0,
          "miss":0
        },
        "mshr full": 0,
        "prefetch requested": 0,
        "prefetch issued": 0,
        "prefetch filled": 0,
        "prefetch useful": 0,
        "prefetch useless": 0,
        "prefetch late": 0,
        "pf_useful_at_l2_from_l1":          0,
        "pf_late_at_l2_from_l1":          0,
        "pf_useless_at_l2_from_l1":          0,
        "pf_at_l2_to_l1":          0,
        "pf_fill_this_level":          0,
        "miss latency": 0.1949,
        "cache queues": {
          "PQ_ACCESS": 0,
          "PQ_FULL": 0,
          "PQ_TO_CACHE": 0,
          "PQ_MERGED": 0,
          "RQ_ACCESS": 34736106,
          "RQ_MERGED": 0,
          "RQ_FULL": 652444,
          "WQ_ACCESS": 0,
          "WQ_MERGED": 0,
          "WQ_FULL": 0
        }
      },
      "cpu3_STLB": {
        "LOAD": {
          "hit":12054,
          "miss":953
        },
        "RFO": {
          "hit":0,
          "miss":0
        },
        "PREFETCH": {
          "hit":0,
          "miss":0
        },
        "WRITE": {
          "hit":0,
          "miss":0
        },
        "TRANSLATION": {
          "hit":0,
          "miss":0
        },
        "mshr full": 0,
        "prefetch requested": 0,
        "prefetch issued": 0,
        "prefetch filled": 0,
        "prefetch useful": 0,
        "prefetch useless": 0,
        "prefetch late": 0,
        "pf_useful_at_l2_from_l1":          0,
        "pf_late_at_l2_from_l1":          0,
        "pf_useless_at_l2_from_l1":          0,
        "pf_at_l2_to_l1":          0,
        "pf_fill_this_level":          0,
        "miss latency": 29.7807,
        "cache queues": {
          "PQ_ACCESS": 0,
          "PQ_FULL": 0,
          "PQ_TO_CACHE": 0,
          "PQ_MERGED": 0,
          "RQ_ACCESS": 13007,
          "RQ_MERGED": 0,
          "RQ_FULL": 0,
          "WQ_ACCESS": 0,
          "WQ_MERGED": 0,
          "WQ_FULL": 0
        }
      },
      "cpu2_STLB": {
        "LOAD": {
          "hit":112695,
          "miss":19863
        },
        "RFO": {
          "hit":0,
          "miss":0
        },
        "PREFETCH": {
          "hit":0,
          "miss":0
        },
        "WRITE": {
          "hit":0,
          "miss":0
        },
        "TRANSLATION": {
          "hit":0,
          "miss":0
        },
        "mshr full": 0,
        "prefetch requested": 0,
        "prefetch issued": 0,
        "prefetch filled": 0,
        "prefetch useful": 0,
        "prefetch useless": 0,
        "prefetch late": 0,
        "pf_useful_at_l2_from_l1":          0,
        "pf_late_at_l2_from_l1":          0,
        "pf_useless_at_l2_from_l1":          0,
        "pf_at_l2_to_l1":          0,
        "pf_fill_this_level":          0,
        "miss latency": 9.04609,
        "cache queues": {
          "PQ_ACCESS": 0,
          "PQ_FULL": 0,
          "PQ_TO_CACHE": 0,
          "PQ_MERGED": 0,
          "RQ_ACCESS": 132558,
          "RQ_MERGED": 0,
          "RQ_FULL": 0,
          "WQ_ACCESS": 0,
          "WQ_MERGED": 0,
          "WQ_FULL": 0
        }
      },
      "cpu1_STLB": {
        "LOAD": {
          "hit":42821,
          "miss":4630
        },
        "RFO": {
          "hit":0,
          "miss":0
        },
        "PREFETCH": {
          "hit":0,
          "miss":0
        },
        "WRITE": {
          "hit":0,
          "miss":0
        },
        "TRANSLATION": {
          "hit":0,
          "miss":0
        },
        "mshr full": 0,
        "prefetch requested": 0,
        "prefetch issued": 0,
        "prefetch filled": 0,
        "prefetch useful": 0,
        "prefetch useless": 0,
        "prefetch late": 0,
        "pf_useful_at_l2_from_l1":          0,
        "pf_late_at_l2_from_l1":          0,
        "pf_useless_at_l2_from_l1":          0,
        "pf_at_l2_to_l1":          0,
        "pf_fill_this_level":          0,
        "miss latency": 19.5491,
        "cache queues": {
          "PQ_ACCESS": 0,
          "PQ_FULL": 0,
          "PQ_TO_CACHE": 0,
          "PQ_MERGED": 0,
          "RQ_ACCESS": 47451,
          "RQ_MERGED": 0,
          "RQ_FULL": 0,
          "WQ_ACCESS": 0,
          "WQ_MERGED": 0,
          "WQ_FULL": 0
        }
      },
      "cpu0_STLB": {
        "LOAD": {
          "hit":160481,
          "miss":73704
        },
        "RFO": {
          "hit":0,
          "miss":0
        },
        "PREFETCH": {
          "hit":0,
          "miss":0
        },
        "WRITE": {
          "hit":0,
          "miss":0
        },
        "TRANSLATION": {
          "hit":0,
          "miss":0
        },
        "mshr full": 0,
        "prefetch requested": 0,
        "prefetch issued": 0,
        "prefetch filled": 0,
        "prefetch useful": 0,
        "prefetch useless": 0,
        "prefetch late": 0,
        "pf_useful_at_l2_from_l1":          0,
        "pf_late_at_l2_from_l1":          0,
        "pf_useless_at_l2_from_l1":          0,
        "pf_at_l2_to_l1":          0,
        "pf_fill_this_level":          0,
        "miss latency": 2.47292,
        "cache queues": {
          "PQ_ACCESS": 0,
          "PQ_FULL": 0,
          "PQ_TO_CACHE": 0,
          "PQ_MERGED": 0,
          "RQ_ACCESS": 234185,
          "RQ_MERGED": 0,
          "RQ_FULL": 0,
          "WQ_ACCESS": 0,
          "WQ_MERGED": 0,
          "WQ_FULL": 0
        }
      },
      "cpu3_L1D": {
        "LOAD": {
          "hit":41588842,
          "miss":38569
        },
        "RFO": {
          "hit":0,
          "miss":0
        },
        "PREFETCH": {
          "hit":0,
          "miss":0
        },
        "WRITE": {
          "hit":25847571,
          "miss":3264
        },
        "TRANSLATION": {
          "hit":58,
          "miss":895
        },
        "mshr full": 178,
        "prefetch requested": 0,
        "prefetch issued": 0,
        "prefetch filled": 0,
        "prefetch useful": 0,
        "prefetch useless": 0,
        "prefetch late": 0,
        "pf_useful_at_l2_from_l1":          0,
        "pf_late_at_l2_from_l1":          0,
        "pf_useless_at_l2_from_l1":          0,
        "pf_at_l2_to_l1":          0,
        "pf_fill_this_level":          0,
        "miss latency": 16.9749,
        "cache queues": {
          "PQ_ACCESS": 0,
          "PQ_FULL": 0,
          "PQ_TO_CACHE": 0,
          "PQ_MERGED": 0,
          "RQ_ACCESS": 42898400,
          "RQ_MERGED": 1219379,
          "RQ_FULL": 0,
          "WQ_ACCESS": 25992999,
          "WQ_MERGED": 142162,
          "WQ_FULL": 0
        }
      },
      "cpu2_L1D": {
        "LOAD": {
          "hit":4453998,
          "miss":2256636
        },
        "RFO": {
          "hit":0,
          "miss":0
        },
        "PREFETCH": {
          "hit":0,
          "miss":0
        },
        "WRITE": {
          "hit":916691,
          "miss":560455
        },
        "TRANSLATION": {
          "hit":7610,
          "miss":12020
        },
        "mshr full": 9793844,
        "prefetch requested": 0,
        "prefetch issued": 0,
        "prefetch filled": 0,
        "prefetch useful": 0,
        "prefetch useless": 0,
        "prefetch late": 0,
        "pf_useful_at_l2_from_l1":          0,
        "pf_late_at_l2_from_l1":          0,
        "pf_useless_at_l2_from_l1":          0,
        "pf_at_l2_to_l1":          0,
        "pf_fill_this_level":          0,
        "miss latency": 9.34975,
        "cache queues": {
          "PQ_ACCESS": 0,
          "PQ_FULL": 0,
          "PQ_TO_CACHE": 0,
          "PQ_MERGED": 0,
          "RQ_ACCESS": 97628124,
          "RQ_MERGED": 753329,
          "RQ_FULL": 90164133,
          "WQ_ACCESS": 2773221,
          "WQ_MERGED": 233,
          "WQ_FULL": 1295842
        }
      },
      "cpu1_L1D": {
        "LOAD": {
          "hit":34317596,
          "miss":257068
        },
        "RFO": {
          "hit":0,
          "miss":0
        },
        "PREFETCH": {
          "hit":0,
          "miss":0
        },
        "WRITE": {
          "hit":42060023,
          "miss":36955
        },
        "TRANSLATION": {
          "hit":283,
          "miss":4354
        },
        "mshr full": 0,
        "prefetch requested": 0,
        "prefetch issued": 0,
        "prefetch filled": 0,
        "prefetch useful": 0,
        "prefetch useless": 0,
        "prefetch late": 0,
        "pf_useful_at_l2_from_l1":          0,
        "pf_late_at_l2_from_l1":          0,
        "pf_useless_at_l2_from_l1":          0,
        "pf_at_l2_to_l1":          0,
        "pf_fill_this_level":          0,
        "miss latency": 7.44916,
        "cache queues": {
          "PQ_ACCESS": 0,
          "PQ_FULL": 0,
          "PQ_TO_CACHE": 0,
          "PQ_MERGED": 0,
          "RQ_ACCESS": 34897957,
          "RQ_MERGED": 314280,
          "RQ_FULL": 0,
          "WQ_ACCESS": 42382464,
          "WQ_MERGED": 285481,
          "WQ_FULL": 0
        }
      },
      "cpu0_L1D": {
        "LOAD": {
          "hit":14969104,
          "miss":5682587
        },
        "RFO": {
          "hit":0,
          "miss":0
        },
        "PREFETCH": {
          "hit":0,
          "miss":0
        },
        "WRITE": {
          "hit":14498938,
          "miss":6626
        },
        "TRANSLATION": {
          "hit":56679,
          "miss":17050
        },
        "mshr full": 19934312,
        "prefetch requested": 0,
        "prefetch issued": 0,
        "prefetch filled": 0,
        "prefetch useful": 0,
        "prefetch useless": 0,
        "prefetch late": 0,
        "pf_useful_at_l2_from_l1":          0,
        "pf_late_at_l2_from_l1":          0,
        "pf_useless_at_l2_from_l1":          0,
        "pf_at_l2_to_l1":          0,
        "pf_fill_this_level":          0,
        "miss latency": 5.76942,
        "cache queues": {
          "PQ_ACCESS": 0,
          "PQ_FULL": 0,
          "PQ_TO_CACHE": 0,
          "PQ_MERGED": 0,
          "RQ_ACCESS": 540350773,
          "RQ_MERGED": 995853,
          "RQ_FULL": 518703236,
          "WQ_ACCESS": 14889626,
          "WQ_MERGED": 384062,
          "WQ_FULL": 0
        }
      },
      "cpu3_L2C": {
        "LOAD": {
          "hit":13941,
          "miss":15506
        },
        "RFO": {
          "hit":523,
          "miss":513
        },
        "PREFETCH": {
          "hit":0,
          "miss":0
        },
        "WRITE": {
          "hit":1562,
          "miss":0
        },
        "TRANSLATION": {
          "hit":482,
          "miss":413
        },
        "mshr full": 0,
        "prefetch requested": 0,
        "prefetch issued": 0,
        "prefetch filled": 0,
        "prefetch useful": 0,
        "prefetch useless": 0,
        "prefetch late": 0,
        "pf_useful_at_l2_from_l1":          0,
        "pf_late_at_l2_from_l1":          0,
        "pf_useless_at_l2_from_l1":          0,
        "pf_at_l2_to_l1":          0,
        "pf_fill_this_level":          0,
        "miss latency": 41.6929,
        "cache queues": {
          "PQ_ACCESS": 0,
          "PQ_FULL": 0,
          "PQ_TO_CACHE": 0,
          "PQ_MERGED": 0,
          "RQ_ACCESS": 31379,
          "RQ_MERGED": 0,
          "RQ_FULL": 0,
          "WQ_ACCESS": 1567,
          "WQ_MERGED": 0,
          "WQ_FULL": 0
        }
      },
      "cpu2_L2C": {
        "LOAD": {
          "hit":214754,
          "miss":843452
        },
        "RFO": {
          "hit":20043,
          "miss":140407
        },
        "PREFETCH": {
          "hit":0,
          "miss":0
        },
        "WRITE": {
          "hit":487319,
          "miss":0
        },
        "TRANSLATION": {
          "hit":5141,
          "miss":6879
        },
        "mshr full": 0,
        "prefetch requested": 0,
        "prefetch issued": 0,
        "prefetch filled": 0,
        "prefetch useful": 0,
        "prefetch useless": 0,
        "prefetch late": 0,
        "pf_useful_at_l2_from_l1":          0,
        "pf_late_at_l2_from_l1":          0,
        "pf_useless_at_l2_from_l1":          0,
        "pf_at_l2_to_l1":          0,
        "pf_fill_this_level":          0,
        "miss latency": 22.8728,
        "cache queues": {
          "PQ_ACCESS": 0,
          "PQ_FULL": 0,
          "PQ_TO_CACHE": 0,
          "PQ_MERGED": 0,
          "RQ_ACCESS": 1230781,
          "RQ_MERGED": 0,
          "RQ_FULL": 0,
          "WQ_ACCESS": 487327,
          "WQ_MERGED": 0,
          "WQ_FULL": 0
        }
      },
      "cpu1_L2C": {
        "LOAD": {
          "hit":150903,
          "miss":50009
        },
        "RFO": {
          "hit":672,
          "miss":7213
        },
        "PREFETCH": {
          "hit":0,
          "miss":0
        },
        "WRITE": {
          "hit":20303,
          "miss":0
        },
        "TRANSLATION": {
          "hit":2588,
          "miss":1766
        },
        "mshr full": 0,
        "prefetch requested": 0,
        "prefetch issued": 0,
        "prefetch filled": 0,
        "prefetch useful": 0,
        "prefetch useless": 0,
        "prefetch late": 0,
        "pf_useful_at_l2_from_l1":          0,
        "pf_late_at_l2_from_l1":          0,
        "pf_useless_at_l2_from_l1":          0,
        "pf_at_l2_to_l1":          0,
        "pf_fill_this_level":          0,
        "miss latency": 33.9231,
        "cache queues": {
          "PQ_ACCESS": 0,
          "PQ_FULL": 0,
          "PQ_TO_CACHE": 0,
          "PQ_MERGED": 0,
          "RQ_ACCESS": 213155,
          "RQ_MERGED": 0,
          "RQ_FULL": 0,
          "WQ_ACCESS": 20323,
          "WQ_MERGED": 0,
          "WQ_FULL": 0
        }
      },
      "cpu0_L2C": {
        "LOAD": {
          "hit":27085,
          "miss":4261658
        },
        "RFO": {
          "hit":1580,
          "miss":245
        },
        "PREFETCH": {
          "hit":0,
          "miss":0
        },
        "WRITE": {
          "hit":79444,
          "miss":0
        },
        "TRANSLATION": {
          "hit":10701,
          "miss":6349
        },
        "mshr full": 0,
        "prefetch requested": 0,
        "prefetch issued": 0,
        "prefetch filled": 0,
        "prefetch useful": 0,
        "prefetch useless": 0,
        "prefetch late": 0,
        "pf_useful_at_l2_from_l1":          0,
        "pf_late_at_l2_from_l1":          0,
        "pf_useless_at_l2_from_l1":          0,
        "pf_at_l2_to_l1":          0,
        "pf_fill_this_level":          0,
        "miss latency": 7.03043,
        "cache queues": {
          "PQ_ACCESS": 0,
          "PQ_FULL": 0,
          "PQ_TO_CACHE": 0,
          "PQ_MERGED": 0,
          "RQ_ACCESS": 4307653,
          "RQ_MERGED": 0,
          "RQ_FULL": 0,
          "WQ_ACCESS": 80054,
          "WQ_MERGED": 0,
          "WQ_FULL": 0
        }
      },
      "LLC": {
        "LOAD": {
          "hit": [3426114, 98, 220011, 0],
          "miss": [835551, 49911, 623435, 15506]
        },
        "RFO": {
          "hit": [189, 1, 80673, 1],
          "miss": [56, 7212, 59734, 512]
        },
        "PREFETCH": {
          "hit": [0, 0, 0, 0],
          "miss": [0, 0, 0, 0]
        },
        "WRITE": {
          "hit": [56776, 831, 358330, 1],
          "miss": [0, 0, 0, 0]
        },
        "TRANSLATION": {
          "hit": [4506, 4, 2610, 0],
          "miss": [1843, 1762, 4269, 413]
        },
        "mshr full": 0,
        "prefetch requested": 0,
        "prefetch issued": 0,
        "prefetch filled": 0,
        "prefetch useful": 0,
        "prefetch useless": 0,
        "prefetch late": 0,
        "pf_useful_at_l2_from_l1":          0,
        "pf_late_at_l2_from_l1":          0,
        "pf_useless_at_l2_from_l1":          0,
        "pf_at_l2_to_l1":          0,
        "pf_fill_this_level":          0,
        "miss latency": 29.9836,
        "cache queues": {
          "PQ_ACCESS": 0,
          "PQ_FULL": 0,
          "PQ_TO_CACHE": 0,
          "PQ_MERGED": 0,
          "RQ_ACCESS": 5334410,
          "RQ_MERGED": 0,
          "RQ_FULL": 0,
          "WQ_ACCESS": 432136,
          "WQ_MERGED": 0,
          "WQ_FULL": 0
        }
      },
      "DRAM": [
        {
          "RQ ROW_BUFFER_HIT": 662897,
          "RQ ROW_BUFFER_MISS": 937098,
          "PQ FULL": 0,
          "WQ ROW_BUFFER_HIT": 23654,
          "WQ ROW_BUFFER_MISS": 228428,
          "WQ FULL": 0,
          "AVG DBUS CONGESTED CYCLE": 3.94636
        }
      ]

    }
  }
]
cpu3_ITLB
cpu3_DTLB
cpu2_ITLB
cpu2_DTLB
cpu1_ITLB
cpu1_DTLB
cpu0_ITLB
cpu0_DTLB
cpu3_STLB
cpu2_STLB
cpu1_STLB
cpu0_STLB
Prefetch Request to L1: 0, Prefetch Request to L2: 0
Invalid by Eviction: 973
Invalid by Max: 6167
Final L1D Threshold: 0.500
Final Demand Reserve: 25.0%

╔═══════════════════════════════════════╗
║       CLIP Filter Statistics         ║
╚═══════════════════════════════════════╝
[CLIP CPU3 Stats]
  Total candidates:        280504
  Prefetches issued:       0 (0.0%)
  Dropped (not critical):  280504 (100.0%)
  Dropped (low accuracy):  0 (0.0%)
  Critical loads detected: 38747
  Phase changes:           0

Filter table begin
 ┌────────────────────┬─────────────┐
 | Region             | Offset      |
 ├────────────────────┼─────────────┤
 | 0x000000000000066f | 18          |
 ├────────────────────┼─────────────┤
 | 0x00000000000005f3 | 26          |
 ├────────────────────┼─────────────┤
 | 0x00000000000005fa | 3           |
 ├────────────────────┼─────────────┤
 | 0x0000000000000642 | 11          |
 ├────────────────────┼─────────────┤
 | 0x0000000000000603 | 2           |
 ├────────────────────┼─────────────┤
 | 0x0000000000008a20 | 1           |
 ├────────────────────┼─────────────┤
 | 0x0000000000000666 | 17          |
 ├────────────────────┼─────────────┤
 | 0x00000000000005d7 | 24          |
 ├────────────────────┼─────────────┤
 | 0x00000000000005e9 | 0           |
 ├────────────────────┼─────────────┤
 | 0x0000000000000667 | 27          |
 ├────────────────────┼─────────────┤
 | 0x0000000000000546 | 17          |
 ├────────────────────┼─────────────┤
 | 0x00000000000005fb | 1           |
 ├────────────────────┼─────────────┤
 | 0x0000000000008b8a | 13          |
 ├────────────────────┼─────────────┤
 | 0x0000000000000b6c | 31          |
 ├────────────────────┼─────────────┤
 | 0x0000000000000640 | 10          |
 ├────────────────────┼─────────────┤
 | 0x0000000000000683 | 9           |
 ├────────────────────┼─────────────┤
 | 0x0000000000000625 | 13          |
 ├────────────────────┼─────────────┤
 | 0x0000000000000698 | 2           |
 ├────────────────────┼─────────────┤
 | 0x00000000000005d5 | 16          |
 ├────────────────────┼─────────────┤
 | 0x0000000000000601 | 14          |
 ├────────────────────┼─────────────┤
 | 0x000000000000063e | 1           |
 ├────────────────────┼─────────────┤
 | 0x00000000000005dc | 13          |
 ├────────────────────┼─────────────┤
 | 0x00000000000005f9 | 24          |
 ├────────────────────┼─────────────┤
 | 0x0000000000007685 | 20          |
 ├────────────────────┼─────────────┤
 | 0x0000000000007068 | 28          |
 ├────────────────────┼─────────────┤
 | 0x00000000000063bd | 19          |
 ├────────────────────┼─────────────┤
 | 0x0000000000000646 | 12          |
 ├────────────────────┼─────────────┤
 | 0x0000000000000b28 | 22          |
 ├────────────────────┼─────────────┤
 | 0x000000000000062a | 13          |
 ├────────────────────┼─────────────┤
 | 0x00000000000005ec | 12          |
 ├────────────────────┼─────────────┤
 | 0x0000000000000543 | 30          |
 ├────────────────────┼─────────────┤
 | 0x00000000000005e5 | 6           |
 ├────────────────────┼─────────────┤
 | 0x000000000000068c | 11          |
 ├────────────────────┼─────────────┤
 | 0x000000000000028f | 0           |
 ├────────────────────┼─────────────┤
 | 0x0000000000009fa9 | 24          |
 ├────────────────────┼─────────────┤
 | 0x000000000000064e | 9           |
 ├────────────────────┼─────────────┤
 | 0x0000000000000684 | 27          |
 ├────────────────────┼─────────────┤
 | 0x000000000000065c | 13          |
 ├────────────────────┼─────────────┤
 | 0x0000000000007436 | 28          |
 ├────────────────────┼─────────────┤
 | 0x0000000000009f8d | 6           |
 ├────────────────────┼─────────────┤
 | 0x000000000000060c | 7           |
 ├────────────────────┼─────────────┤
 | 0x0000000000000672 | 15          |
 ├────────────────────┼─────────────┤
 | 0x00000000000005f5 | 7           |
 ├────────────────────┼─────────────┤
 | 0x0000000000000669 | 7           |
 ├────────────────────┼─────────────┤
 | 0x000000000000067b | 18          |
 ├────────────────────┼─────────────┤
 | 0x0000000000000644 | 2           |
 ├────────────────────┼─────────────┤
 | 0x000000000000063a | 13          |
 ├────────────────────┼─────────────┤
 | 0x000000000000053e | 20          |
 ├────────────────────┼─────────────┤
 | 0x000000000000069d | 1           |
 ├────────────────────┼─────────────┤
 | 0x0000000000000686 | 29          |
 ├────────────────────┼─────────────┤
 | 0x000000000000052c | 26          |
 ├────────────────────┼─────────────┤
 | 0x000000000000051a | 20          |
 ├────────────────────┼─────────────┤
 | 0x0000000000000513 | 9           |
 ├────────────────────┼─────────────┤
 | 0x0000000000000616 | 17          |
 └────────────────────┴─────────────┘
Filter table end
Accumulation table begin
 ┌────────────────────┬─────────────┬─────────────┬──────────────────────────────────────────────────────────────────┐
 | Region             | Offset      | Second      | Pattern                                                          |
 ├────────────────────┼─────────────┼─────────────┼──────────────────────────────────────────────────────────────────┤
 | 0x000000000000053a | 8           | 9           | 0 0 0 0 0 0 0 0 1 1 1 0 0 0 0 0 0 0 0 1 1 0 0 0 0 0 0 0 0 0 0 0  |
 ├────────────────────┼─────────────┼─────────────┼──────────────────────────────────────────────────────────────────┤
 | 0x0000000000000757 | 0           | 1           | 1 1 1 1 1 1 1 1 1 1 1 1 1 1 1 1 1 1 1 1 1 1 0 0 0 0 0 0 0 0 0 0  |
 ├────────────────────┼─────────────┼─────────────┼──────────────────────────────────────────────────────────────────┤
 | 0x0000000000000699 | 15          | 16          | 0 0 0 0 0 0 0 0 0 0 0 0 0 0 1 1 1 0 0 0 0 0 0 0 0 0 0 0 0 0 0 0  |
 ├────────────────────┼─────────────┼─────────────┼──────────────────────────────────────────────────────────────────┤
 | 0x0000000000009fc3 | 31          | 28          | 0 0 0 0 0 0 0 0 0 0 0 0 0 0 0 0 0 0 0 0 0 0 0 0 0 0 0 1 1 0 1 1  |
 ├────────────────────┼─────────────┼─────────────┼──────────────────────────────────────────────────────────────────┤
 | 0x00000000000002cb | 3           | 0           | 1 1 1 1 0 1 1 1 1 1 0 0 0 0 0 0 0 0 0 0 0 0 0 0 0 0 0 0 0 0 0 0  |
 ├────────────────────┼─────────────┼─────────────┼──────────────────────────────────────────────────────────────────┤
 | 0x0000000000009fbd | 28          | 27          | 0 0 0 0 1 1 1 1 1 1 1 1 1 1 1 1 1 0 1 1 0 1 1 0 0 0 1 1 1 0 0 0  |
 ├────────────────────┼─────────────┼─────────────┼──────────────────────────────────────────────────────────────────┤
 | 0x0000000000009fd7 | 1           | 2           | 0 1 1 0 0 0 0 1 1 0 0 0 0 0 0 0 0 0 0 0 0 0 0 0 0 0 0 0 0 0 0 0  |
 ├────────────────────┼─────────────┼─────────────┼──────────────────────────────────────────────────────────────────┤
 | 0x00000000000005f0 | 12          | 11          | 0 0 0 0 0 0 0 0 0 0 1 1 1 1 1 0 0 0 0 0 0 0 0 0 0 0 0 0 0 0 0 0  |
 ├────────────────────┼─────────────┼─────────────┼──────────────────────────────────────────────────────────────────┤
 | 0x0000000000000518 | 21          | 20          | 0 0 0 0 0 0 0 0 0 0 0 0 0 0 0 0 0 0 0 0 1 1 0 0 0 0 0 0 0 0 0 0  |
 ├────────────────────┼─────────────┼─────────────┼──────────────────────────────────────────────────────────────────┤
 | 0x000000000000055a | 26          | 27          | 0 0 0 0 0 0 0 0 0 0 0 0 0 0 0 0 0 0 0 0 0 0 0 0 0 0 1 1 1 1 1 1  |
 ├────────────────────┼─────────────┼─────────────┼──────────────────────────────────────────────────────────────────┤
 | 0x0000000000009f00 | 2           | 5           | 0 0 1 0 1 1 0 0 0 0 0 0 0 0 0 0 0 0 0 0 0 0 0 0 0 0 0 0 0 0 0 0  |
 ├────────────────────┼─────────────┼─────────────┼──────────────────────────────────────────────────────────────────┤
 | 0x0000000000000605 | 7           | 6           | 0 0 0 0 0 0 1 1 0 0 0 0 0 0 0 0 0 0 0 0 0 0 0 0 0 0 0 0 0 0 0 0  |
 ├────────────────────┼─────────────┼─────────────┼──────────────────────────────────────────────────────────────────┤
 | 0x0000000000000555 | 20          | 21          | 0 0 0 0 0 0 0 0 0 0 0 0 0 0 0 0 0 0 0 0 1 1 0 0 0 0 0 0 0 0 0 0  |
 ├────────────────────┼─────────────┼─────────────┼──────────────────────────────────────────────────────────────────┤
 | 0x0000000000009fd8 | 27          | 29          | 0 0 0 0 0 0 0 0 0 0 0 0 1 0 0 1 0 1 1 1 1 0 0 1 0 0 0 1 0 1 0 0  |
 ├────────────────────┼─────────────┼─────────────┼──────────────────────────────────────────────────────────────────┤
 | 0x00000000000002d9 | 5           | 4           | 0 0 0 0 1 1 0 0 0 0 0 0 0 0 0 0 0 0 0 0 0 0 0 0 0 0 0 0 0 0 0 0  |
 ├────────────────────┼─────────────┼─────────────┼──────────────────────────────────────────────────────────────────┤
 | 0x00000000000006a0 | 4           | 5           | 0 0 0 0 1 1 1 1 1 1 1 1 1 1 1 1 1 1 1 1 1 1 1 1 1 1 1 1 1 1 1 1  |
 ├────────────────────┼─────────────┼─────────────┼──────────────────────────────────────────────────────────────────┤
 | 0x0000000000009fc4 | 1           | 0           | 1 1 0 0 1 1 1 0 0 0 0 0 0 0 0 0 0 0 0 0 0 0 0 0 0 0 0 0 0 0 0 0  |
 ├────────────────────┼─────────────┼─────────────┼──────────────────────────────────────────────────────────────────┤
 | 0x0000000000000756 | 21          | 22          | 0 0 0 0 0 0 0 0 0 0 0 0 0 0 0 0 0 0 0 0 0 1 1 1 1 1 1 1 1 1 1 1  |
 ├────────────────────┼─────────────┼─────────────┼──────────────────────────────────────────────────────────────────┤
 | 0x0000000000009fd6 | 19          | 2           | 1 1 1 0 1 1 1 0 0 0 0 0 0 0 1 1 0 0 0 1 1 1 1 1 1 1 0 0 0 0 0 0  |
 ├────────────────────┼─────────────┼─────────────┼──────────────────────────────────────────────────────────────────┤
 | 0x000000000000085f | 29          | 30          | 0 0 0 0 0 0 0 0 0 0 0 0 0 0 0 0 0 0 0 0 0 0 0 0 0 0 0 0 0 1 1 1  |
 ├────────────────────┼─────────────┼─────────────┼──────────────────────────────────────────────────────────────────┤
 | 0x000000000000055b | 0           | 1           | 1 1 1 1 1 1 1 1 1 1 1 1 1 1 1 1 1 1 1 1 1 0 0 0 0 0 0 0 0 0 0 0  |
 ├────────────────────┼─────────────┼─────────────┼──────────────────────────────────────────────────────────────────┤
 | 0x000000000000028b | 25          | 31          | 0 0 0 0 1 0 0 0 0 1 1 1 0 1 1 1 1 1 0 0 1 0 0 1 1 1 1 1 0 1 1 1  |
 ├────────────────────┼─────────────┼─────────────┼──────────────────────────────────────────────────────────────────┤
 | 0x000000000000027b | 22          | 19          | 0 0 0 0 0 0 0 0 1 0 0 0 0 0 0 1 0 0 0 1 0 0 1 1 0 0 0 0 0 0 0 0  |
 ├────────────────────┼─────────────┼─────────────┼──────────────────────────────────────────────────────────────────┤
 | 0x0000000000000520 | 20          | 21          | 0 0 0 0 0 0 0 0 0 0 0 0 0 0 0 0 0 0 0 0 1 1 0 0 0 0 0 0 0 0 0 0  |
 ├────────────────────┼─────────────┼─────────────┼──────────────────────────────────────────────────────────────────┤
 | 0x000000000000054c | 23          | 25          | 0 0 0 0 0 0 0 0 0 0 0 0 0 0 0 0 0 0 0 0 0 0 0 1 0 1 0 0 0 0 0 0  |
 ├────────────────────┼─────────────┼─────────────┼──────────────────────────────────────────────────────────────────┤
 | 0x00000000000002ca | 28          | 27          | 0 0 0 0 0 0 0 0 0 0 0 0 0 0 0 0 0 0 0 1 1 0 0 0 0 1 1 1 1 1 0 0  |
 ├────────────────────┼─────────────┼─────────────┼──────────────────────────────────────────────────────────────────┤
 | 0x00000000000005d6 | 17          | 16          | 0 1 0 1 1 1 0 0 0 0 0 0 0 0 0 0 1 1 1 1 0 1 0 0 0 0 0 0 0 0 0 0  |
 ├────────────────────┼─────────────┼─────────────┼──────────────────────────────────────────────────────────────────┤
 | 0x000000000000062f | 12          | 14          | 0 0 0 0 0 0 0 0 0 0 0 0 1 0 1 0 0 0 0 0 0 0 0 0 0 0 0 0 0 0 0 0  |
 ├────────────────────┼─────────────┼─────────────┼──────────────────────────────────────────────────────────────────┤
 | 0x00000000000008ac | 0           | 1           | 1 1 1 1 1 1 1 1 1 1 1 1 1 1 1 1 1 1 1 1 1 1 1 1 1 1 1 1 1 1 0 0  |
 ├────────────────────┼─────────────┼─────────────┼──────────────────────────────────────────────────────────────────┤
 | 0x000000000000028e | 20          | 19          | 1 1 0 1 0 0 1 0 0 0 0 0 1 0 0 0 0 0 0 1 1 0 0 0 0 0 0 0 0 1 1 0  |
 ├────────────────────┼─────────────┼─────────────┼──────────────────────────────────────────────────────────────────┤
 | 0x00000000000006a1 | 0           | 1           | 1 1 1 1 1 0 0 0 0 0 0 0 0 0 0 0 0 0 0 0 0 0 0 0 0 0 0 0 0 0 0 0  |
 ├────────────────────┼─────────────┼─────────────┼──────────────────────────────────────────────────────────────────┤
 | 0x000000000000051f | 26          | 28          | 0 0 0 0 0 0 0 0 0 0 0 0 0 0 0 0 0 0 0 0 0 0 0 1 0 0 1 1 1 1 1 0  |
 └────────────────────┴─────────────┴─────────────┴──────────────────────────────────────────────────────────────────┘
Accumulation table end
Offset pattern table begin
 ┌────────────────────┬─────────────┬───────────────────────────────────────────────────────────────────────────────────────────────┐
 | Key                | Second      | Pattern                                                                                       |
 ├────────────────────┼─────────────┼───────────────────────────────────────────────────────────────────────────────────────────────┤
 | 0x0000000000000000 | 1           | 25 24 23 20 19 16 16 16 16 16 16 15 15 15 15 15 15 15 16 15 15 15 12 12 12 12 12 12 12 7 4 4  |
 ├────────────────────┼─────────────┼───────────────────────────────────────────────────────────────────────────────────────────────┤
 | 0x0000000000000001 | 0           | 23 23 11 8 5 5 5 4 5 4 3 5 5 3 1 1 4 3 2 3 3 1 1 1 2 1 1 0 2 1 2 1                            |
 ├────────────────────┼─────────────┼───────────────────────────────────────────────────────────────────────────────────────────────┤
 | 0x0000000000000002 | 4           | 24 9 24 15 5 5 5 3 2 2 1 2 2 2 2 1 1 1 0 0 1 2 1 1 1 2 1 2 1 3 3 1                            |
 ├────────────────────┼─────────────┼───────────────────────────────────────────────────────────────────────────────────────────────┤
 | 0x0000000000000003 | 4           | 25 8 8 25 8 4 7 4 4 4 3 2 3 3 1 2 1 0 2 2 3 1 1 2 1 1 4 1 2 3 5 2                             |
 ├────────────────────┼─────────────┼───────────────────────────────────────────────────────────────────────────────────────────────┤
 | 0x0000000000000004 | 5           | 27 1 0 3 27 23 19 19 20 19 18 20 20 20 20 19 20 21 21 20 17 18 17 18 18 17 18 19 18 17 17 18  |
 ├────────────────────┼─────────────┼───────────────────────────────────────────────────────────────────────────────────────────────┤
 | 0x0000000000000005 | 4           | 19 4 3 4 10 19 5 5 5 5 2 1 2 2 0 1 2 1 3 1 1 2 1 1 2 2 1 1 2 2 2 0                            |
 ├────────────────────┼─────────────┼───────────────────────────────────────────────────────────────────────────────────────────────┤
 | 0x0000000000000006 | 7           | 30 8 6 5 4 10 30 20 7 8 2 1 1 1 1 1 1 2 2 3 3 1 1 1 1 1 1 1 1 2 3 1                           |
 ├────────────────────┼─────────────┼───────────────────────────────────────────────────────────────────────────────────────────────┤
 | 0x0000000000000007 | 25          | 30 4 4 3 0 3 13 30 9 3 3 4 3 2 2 0 2 1 1 10 1 0 10 2 0 10 1 0 0 0 0 0                         |
 ├────────────────────┼─────────────┼───────────────────────────────────────────────────────────────────────────────────────────────┤
 | 0x0000000000000008 | 28          | 21 3 3 3 2 3 5 4 21 6 5 2 2 1 2 2 0 0 1 1 1 1 1 2 0 0 1 1 11 1 2 2                            |
 ├────────────────────┼─────────────┼───────────────────────────────────────────────────────────────────────────────────────────────┤
 | 0x0000000000000009 | 10          | 29 6 6 5 5 8 7 8 11 29 13 7 8 4 2 4 3 2 1 3 2 2 0 0 1 1 0 1 1 0 0 1                           |
 ├────────────────────┼─────────────┼───────────────────────────────────────────────────────────────────────────────────────────────┤
 | 0x000000000000000a | 7           | 18 0 0 0 0 0 0 13 1 0 18 2 1 1 2 1 2 2 1 1 1 1 1 1 1 1 1 1 1 1 0 0                            |
 ├────────────────────┼─────────────┼───────────────────────────────────────────────────────────────────────────────────────────────┤
 | 0x000000000000000b | 10          | 16 2 3 3 2 2 4 4 3 4 6 16 7 5 4 3 3 4 3 2 2 2 2 2 3 2 1 3 2 2 1 2                             |
 ├────────────────────┼─────────────┼───────────────────────────────────────────────────────────────────────────────────────────────┤
 | 0x000000000000000c | 11          | 22 1 1 1 1 1 0 1 1 0 13 14 22 3 6 1 0 1 1 1 1 1 1 1 1 1 0 0 1 1 0 0                           |
 ├────────────────────┼─────────────┼───────────────────────────────────────────────────────────────────────────────────────────────┤
 | 0x000000000000000d | 12          | 22 3 2 3 4 2 2 2 3 2 5 5 8 22 12 8 9 6 3 4 5 2 1 4 3 3 4 3 2 3 2 3                            |
 ├────────────────────┼─────────────┼───────────────────────────────────────────────────────────────────────────────────────────────┤
 | 0x000000000000000e | 13          | 18 11 0 0 0 1 1 1 1 1 1 0 2 3 18 3 3 3 12 12 2 2 2 2 2 2 2 2 1 2 1 1                          |
 ├────────────────────┼─────────────┼───────────────────────────────────────────────────────────────────────────────────────────────┤
 | 0x000000000000000f | 16          | 18 1 1 0 0 0 0 0 0 1 1 1 1 2 14 18 15 2 1 1 1 1 1 1 1 1 1 1 1 1 1 1                           |
 ├────────────────────┼─────────────┼───────────────────────────────────────────────────────────────────────────────────────────────┤
 | 0x0000000000000010 | 14          | 24 4 3 5 4 3 3 3 3 3 4 4 4 4 4 9 24 11 7 4 5 4 2 2 2 1 1 3 3 3 1 1                            |
 ├────────────────────┼─────────────┼───────────────────────────────────────────────────────────────────────────────────────────────┤
 | 0x0000000000000011 | 16          | 19 13 2 12 13 12 1 0 0 0 0 0 2 1 1 2 14 19 15 14 2 13 1 1 1 1 0 1 2 1 0 1                     |
 ├────────────────────┼─────────────┼───────────────────────────────────────────────────────────────────────────────────────────────┤
 | 0x0000000000000012 | 17          | 21 15 1 0 1 1 1 0 1 1 0 1 1 1 15 1 1 3 21 18 2 1 2 2 0 1 1 1 1 1 1 1                          |
 ├────────────────────┼─────────────┼───────────────────────────────────────────────────────────────────────────────────────────────┤
 | 0x0000000000000013 | 18          | 20 7 4 5 3 4 5 6 2 3 4 4 3 3 4 2 1 6 11 20 6 4 5 4 4 5 3 2 2 2 2 2                            |
 ├────────────────────┼─────────────┼───────────────────────────────────────────────────────────────────────────────────────────────┤
 | 0x0000000000000014 | 21          | 29 9 2 14 3 0 18 2 7 2 2 2 17 2 1 2 3 1 1 21 29 6 3 1 1 1 1 1 1 18 18 1                       |
 ├────────────────────┼─────────────┼───────────────────────────────────────────────────────────────────────────────────────────────┤
 | 0x0000000000000015 | 22          | 31 0 0 0 0 1 1 0 0 1 1 1 0 0 0 0 0 2 2 2 7 31 24 22 23 23 21 21 21 21 21 22                   |
 ├────────────────────┼─────────────┼───────────────────────────────────────────────────────────────────────────────────────────────┤
 | 0x0000000000000016 | 19          | 16 2 2 2 2 2 2 2 3 2 2 1 1 1 1 2 2 2 3 3 5 8 16 7 5 4 4 2 3 2 2 2                             |
 ├────────────────────┼─────────────┼───────────────────────────────────────────────────────────────────────────────────────────────┤
 | 0x0000000000000017 | 26          | 20 0 1 1 5 2 2 2 1 1 6 5 1 7 7 6 7 6 4 3 7 5 5 20 14 10 8 9 4 10 7 8                          |
 ├────────────────────┼─────────────┼───────────────────────────────────────────────────────────────────────────────────────────────┤
 | 0x0000000000000018 | 31          | 25 1 1 1 1 1 2 1 2 2 1 2 1 1 2 2 1 2 1 1 0 0 3 9 25 3 7 1 1 7 7 20                            |
 ├────────────────────┼─────────────┼───────────────────────────────────────────────────────────────────────────────────────────────┤
 | 0x0000000000000019 | 24          | 20 0 1 1 7 1 1 2 2 4 6 7 3 6 7 7 7 6 2 2 9 2 1 9 12 20 10 11 5 10 9 9                         |
 ├────────────────────┼─────────────┼───────────────────────────────────────────────────────────────────────────────────────────────┤
 | 0x000000000000001a | 27          | 29 1 1 0 0 0 0 0 0 1 0 1 0 1 1 1 1 1 1 1 1 1 1 1 0 1 29 27 14 13 12 12                        |
 ├────────────────────┼─────────────┼───────────────────────────────────────────────────────────────────────────────────────────────┤
 | 0x000000000000001b | 26          | 22 0 0 3 2 1 1 1 1 2 2 2 2 2 3 2 3 3 3 2 3 2 3 3 2 4 9 22 13 6 5 5                            |
 ├────────────────────┼─────────────┼───────────────────────────────────────────────────────────────────────────────────────────────┤
 | 0x000000000000001c | 27          | 31 0 0 0 0 0 0 0 1 0 0 0 0 0 0 2 0 1 1 3 4 4 5 6 5 9 9 15 31 21 11 7                          |
 ├────────────────────┼─────────────┼───────────────────────────────────────────────────────────────────────────────────────────────┤
 | 0x000000000000001d | 28          | 23 0 0 0 0 0 0 0 0 0 0 0 0 0 0 0 0 0 0 0 0 0 0 0 0 0 0 0 8 23 14 14                           |
 ├────────────────────┼─────────────┼───────────────────────────────────────────────────────────────────────────────────────────────┤
 | 0x000000000000001e | 28          | 20 1 1 1 0 0 1 1 1 1 2 2 3 2 4 2 1 5 4 4 3 5 5 4 4 6 9 2 4 8 20 10                            |
 ├────────────────────┼─────────────┼───────────────────────────────────────────────────────────────────────────────────────────────┤
 | 0x000000000000001f | 30          | 23 1 1 1 2 0 0 0 1 2 3 4 2 4 4 5 5 6 3 3 4 4 6 7 8 6 12 9 5 13 14 23                          |
 └────────────────────┴─────────────┴───────────────────────────────────────────────────────────────────────────────────────────────┘
Offset pattern table end
PC pattern table begin
 ┌────────────────────┬─────────────┬──────────────────────────────────────────────────┐
 | Key                | Second      | Pattern                                          |
 ├────────────────────┼─────────────┼──────────────────────────────────────────────────┤
 | 0x0000000000000000 | 13          | 22 3 2 3 3 2 2 2 3 3 3 2 1 1 1 1                 |
 ├────────────────────┼─────────────┼──────────────────────────────────────────────────┤
 | 0x0000000000000001 | 31          | 19 2 2 2 2 0 0 0 0 0 0 1 15 1 1 14               |
 ├────────────────────┼─────────────┼──────────────────────────────────────────────────┤
 | 0x0000000000000002 | 1           | 21 3 3 2 2 3 4 2 1 1 3 2 2 3 2 0                 |
 ├────────────────────┼─────────────┼──────────────────────────────────────────────────┤
 | 0x0000000000000003 | 17          | 23 8 8 7 7 7 7 7 7 7 8 7 9 13 11 10              |
 ├────────────────────┼─────────────┼──────────────────────────────────────────────────┤
 | 0x0000000000000004 | 22          | 19 7 6 6 6 6 6 7 7 7 6 7 8 9 12 7                |
 ├────────────────────┼─────────────┼──────────────────────────────────────────────────┤
 | 0x0000000000000005 | 7           | 27 8 13 6 8 12 11 10 9 5 9 9 10 9 10 7           |
 ├────────────────────┼─────────────┼──────────────────────────────────────────────────┤
 | 0x0000000000000006 | 10          | 30 11 10 7 11 10 10 9 13 12 12 13 14 13 15 15    |
 ├────────────────────┼─────────────┼──────────────────────────────────────────────────┤
 | 0x0000000000000007 | 18          | 19 1 0 1 2 1 2 3 1 3 11 0 0 1 2 2                |
 ├────────────────────┼─────────────┼──────────────────────────────────────────────────┤
 | 0x0000000000000008 | 16          | 22 0 0 0 0 1 2 16 17 0 0 0 1 1 0 0               |
 ├────────────────────┼─────────────┼──────────────────────────────────────────────────┤
 | 0x0000000000000009 | 11          | 24 0 0 0 0 16 22 7 0 0 0 1 1 1 1 1               |
 ├────────────────────┼─────────────┼──────────────────────────────────────────────────┤
 | 0x000000000000000a | 21          | 25 11 10 12 10 9 6 9 11 10 8 9 10 11 10 9        |
 ├────────────────────┼─────────────┼──────────────────────────────────────────────────┤
 | 0x000000000000000b | 20          | 13 9 5 8 7 4 4 2 2 8 8 3 3 2 4 4                 |
 ├────────────────────┼─────────────┼──────────────────────────────────────────────────┤
 | 0x000000000000000c | 19          | 25 22 21 3 2 2 2 2 21 22 21 3 2 2 2 1            |
 ├────────────────────┼─────────────┼──────────────────────────────────────────────────┤
 | 0x000000000000000d | 2           | 29 15 8 12 9 1 3 3 3 4 4 1 0 2 5 3               |
 ├────────────────────┼─────────────┼──────────────────────────────────────────────────┤
 | 0x000000000000000e | 5           | 29 7 18 2 0 1 1 0 0 2 1 1 1 1 3 3                |
 ├────────────────────┼─────────────┼──────────────────────────────────────────────────┤
 | 0x000000000000000f | 19          | 27 10 0 15 5 2 15 1 1 15 15 1 1 3 17 16          |
 ├────────────────────┼─────────────┼──────────────────────────────────────────────────┤
 | 0x0000000000000010 | 27          | 27 13 13 12 12 12 12 12 11 11 13 10 10 14 17 13  |
 ├────────────────────┼─────────────┼──────────────────────────────────────────────────┤
 | 0x0000000000000011 | 5           | 29 19 2 23 5 0 14 0 0 23 23 0 0 2 25 24          |
 ├────────────────────┼─────────────┼──────────────────────────────────────────────────┤
 | 0x0000000000000012 | 10          | 24 2 13 1 3 12 10 13 12 1 13 21 13 22 22 22      |
 ├────────────────────┼─────────────┼──────────────────────────────────────────────────┤
 | 0x0000000000000013 | 30          | 21 1 1 1 1 1 1 1 1 2 2 3 3 3 20 2                |
 ├────────────────────┼─────────────┼──────────────────────────────────────────────────┤
 | 0x0000000000000014 | 14          | 27 11 13 12 13 2 6 4 4 4 3 2 4 4 8 6             |
 ├────────────────────┼─────────────┼──────────────────────────────────────────────────┤
 | 0x0000000000000015 | 7           | 31 6 4 25 4 26 3 3 3 3 2 1 1 2 2 3               |
 ├────────────────────┼─────────────┼──────────────────────────────────────────────────┤
 | 0x0000000000000016 | 13          | 23 0 0 0 0 0 0 22 0 22 0 0 0 0 0 0               |
 ├────────────────────┼─────────────┼──────────────────────────────────────────────────┤
 | 0x0000000000000017 | 25          | 21 1 2 7 5 2 0 3 2 5 0 6 5 2 7 1                 |
 ├────────────────────┼─────────────┼──────────────────────────────────────────────────┤
 | 0x0000000000000018 | 28          | 28 3 3 4 2 4 2 2 4 3 2 1 1 5 5 3                 |
 ├────────────────────┼─────────────┼──────────────────────────────────────────────────┤
 | 0x0000000000000019 | 26          | 24 13 12 12 15 14 14 14 15 13 14 11 11 11 13 11  |
 ├────────────────────┼─────────────┼──────────────────────────────────────────────────┤
 | 0x000000000000001a | 27          | 24 2 1 4 1 1 1 2 3 2 1 7 8 6 8 7                 |
 ├────────────────────┼─────────────┼──────────────────────────────────────────────────┤
 | 0x000000000000001b | 21          | 15 9 7 10 7 0 1 1 0 2 6 1 0 0 1 2                |
 ├────────────────────┼─────────────┼──────────────────────────────────────────────────┤
 | 0x000000000000001c | 26          | 26 12 5 15 6 4 17 3 3 14 17 3 4 5 15 16          |
 ├────────────────────┼─────────────┼──────────────────────────────────────────────────┤
 | 0x000000000000001d | 7           | 19 2 3 5 5 4 4 1 1 2 1 2 0 1 2 1                 |
 ├────────────────────┼─────────────┼──────────────────────────────────────────────────┤
 | 0x000000000000001e | 24          | 23 3 3 2 3 2 3 4 5 2 5 3 3 4 3 2                 |
 ├────────────────────┼─────────────┼──────────────────────────────────────────────────┤
 | 0x000000000000001f | 24          | 20 2 11 3 4 1 2 1 1 2 3 3 4 2 2 4                |
 └────────────────────┴─────────────┴──────────────────────────────────────────────────┘
PC pattern table end
Prefetch buffer begin
 ┌────────────────────┬──────────────────────────────────────────────────────────────────┐
 | Region             | Pattern                                                          |
 ├────────────────────┼──────────────────────────────────────────────────────────────────┤
 | 0x000000000000951e | 0 1 0 2 1 1 1 1 2 2 2 2 1 1 1 1 1 1 1 1 2 2 2 2 2 2 2 2 2 2 2 2  |
 └────────────────────┴──────────────────────────────────────────────────────────────────┘
Prefetch buffer end
Filter by PPT: 0
Prefetch Request to L1: 0, Prefetch Request to L2: 0
Invalid by Eviction: 119447
Invalid by Max: 134187
Final L1D Threshold: 0.500
Final Demand Reserve: 25.0%

╔═══════════════════════════════════════╗
║       CLIP Filter Statistics         ║
╚═══════════════════════════════════════╝
[CLIP CPU2 Stats]
  Total candidates:        8886550
  Prefetches issued:       0 (0.0%)
  Dropped (not critical):  8886550 (100.0%)
  Dropped (low accuracy):  0 (0.0%)
  Critical loads detected: 10043349
  Phase changes:           0

Filter table begin
 ┌────────────────────┬─────────────┐
 | Region             | Offset      |
 ├────────────────────┼─────────────┤
 | 0x000000000000297a | 8           |
 ├────────────────────┼─────────────┤
 | 0x00000000000002c5 | 25          |
 └────────────────────┴─────────────┘
Filter table end
Accumulation table begin
 ┌────────────────────┬─────────────┬─────────────┬──────────────────────────────────────────────────────────────────┐
 | Region             | Offset      | Second      | Pattern                                                          |
 ├────────────────────┼─────────────┼─────────────┼──────────────────────────────────────────────────────────────────┤
 | 0x0000000000002fb5 | 31          | 29          | 1 1 1 1 1 0 1 1 0 0 1 1 1 0 1 1 1 0 1 1 0 1 1 0 1 0 0 1 1 1 0 1  |
 ├────────────────────┼─────────────┼─────────────┼──────────────────────────────────────────────────────────────────┤
 | 0x0000000000002fa8 | 31          | 30          | 0 0 0 0 1 1 1 0 0 0 0 0 0 0 0 1 0 1 1 0 0 0 0 0 0 0 0 1 0 1 1 1  |
 ├────────────────────┼─────────────┼─────────────┼──────────────────────────────────────────────────────────────────┤
 | 0x0000000000002fb9 | 30          | 29          | 1 0 1 1 1 1 1 0 1 0 1 0 1 1 1 1 1 0 1 0 1 1 0 0 0 1 1 0 0 1 1 0  |
 ├────────────────────┼─────────────┼─────────────┼──────────────────────────────────────────────────────────────────┤
 | 0x0000000000002881 | 31          | 30          | 1 1 1 1 1 1 1 1 1 1 1 1 1 1 1 1 1 1 1 1 1 1 1 1 1 1 1 1 1 1 1 1  |
 ├────────────────────┼─────────────┼─────────────┼──────────────────────────────────────────────────────────────────┤
 | 0x0000000000002fb3 | 29          | 28          | 1 0 1 0 0 1 1 1 0 1 1 0 1 1 1 0 0 1 1 0 0 1 1 0 1 1 1 0 1 1 0 0  |
 ├────────────────────┼─────────────┼─────────────┼──────────────────────────────────────────────────────────────────┤
 | 0x0000000000002fae | 30          | 29          | 0 1 0 1 0 1 1 0 1 1 1 0 0 1 0 0 1 1 1 1 1 1 0 0 0 1 0 1 1 1 1 0  |
 ├────────────────────┼─────────────┼─────────────┼──────────────────────────────────────────────────────────────────┤
 | 0x000000000000288d | 31          | 30          | 1 1 1 1 1 1 1 1 1 1 1 1 1 1 1 1 1 1 1 1 1 1 1 1 1 1 1 1 1 1 1 1  |
 ├────────────────────┼─────────────┼─────────────┼──────────────────────────────────────────────────────────────────┤
 | 0x0000000000002fab | 28          | 27          | 0 0 1 1 1 1 0 0 0 1 0 0 0 0 1 1 1 0 0 0 0 0 0 0 0 1 0 1 1 0 0 0  |
 ├────────────────────┼─────────────┼─────────────┼──────────────────────────────────────────────────────────────────┤
 | 0x0000000000002fad | 31          | 27          | 0 1 1 1 1 0 0 0 0 0 0 0 0 1 1 1 0 0 0 0 0 0 0 0 1 1 1 1 0 0 0 1  |
 ├────────────────────┼─────────────┼─────────────┼──────────────────────────────────────────────────────────────────┤
 | 0x0000000000002878 | 31          | 30          | 1 1 1 1 1 1 1 1 1 1 1 1 1 1 1 1 1 1 1 1 1 1 1 1 1 1 1 1 1 1 1 1  |
 ├────────────────────┼─────────────┼─────────────┼──────────────────────────────────────────────────────────────────┤
 | 0x0000000000002fb0 | 31          | 30          | 1 0 1 1 1 0 0 1 1 0 0 1 1 0 1 1 1 0 1 1 0 0 0 1 0 1 0 1 1 0 1 1  |
 ├────────────────────┼─────────────┼─────────────┼──────────────────────────────────────────────────────────────────┤
 | 0x0000000000002887 | 31          | 30          | 1 1 1 1 1 1 1 1 1 1 1 1 1 1 1 1 1 1 1 1 1 1 1 1 1 1 1 1 1 1 1 1  |
 ├────────────────────┼─────────────┼─────────────┼──────────────────────────────────────────────────────────────────┤
 | 0x0000000000002fb6 | 31          | 30          | 1 0 1 1 0 0 0 0 1 1 1 0 1 1 1 1 1 0 1 0 1 0 1 1 1 1 1 0 1 0 1 1  |
 ├────────────────────┼─────────────┼─────────────┼──────────────────────────────────────────────────────────────────┤
 | 0x0000000000002fa7 | 27          | 25          | 1 0 1 0 0 0 0 0 0 0 0 1 1 1 1 0 1 0 0 0 0 0 0 0 1 1 0 1 0 0 0 0  |
 ├────────────────────┼─────────────┼─────────────┼──────────────────────────────────────────────────────────────────┤
 | 0x000000000000288c | 31          | 30          | 0 0 0 0 0 0 1 1 1 1 1 1 1 1 1 1 1 1 1 1 1 1 1 1 1 1 1 1 1 1 1 1  |
 ├────────────────────┼─────────────┼─────────────┼──────────────────────────────────────────────────────────────────┤
 | 0x0000000000002faa | 25          | 24          | 0 1 1 1 0 0 0 0 0 0 0 1 1 1 1 0 0 0 0 0 0 0 0 1 1 1 0 0 0 0 0 0  |
 ├────────────────────┼─────────────┼─────────────┼──────────────────────────────────────────────────────────────────┤
 | 0x0000000000002879 | 31          | 30          | 1 1 1 1 1 1 1 1 1 1 1 1 1 1 1 1 1 1 1 1 1 1 1 1 1 1 1 1 1 1 1 1  |
 ├────────────────────┼─────────────┼─────────────┼──────────────────────────────────────────────────────────────────┤
 | 0x0000000000002fac | 25          | 24          | 1 1 1 1 0 1 1 1 0 1 1 1 1 1 0 1 0 0 0 0 0 1 0 1 1 1 0 0 0 0 0 0  |
 ├────────────────────┼─────────────┼─────────────┼──────────────────────────────────────────────────────────────────┤
 | 0x0000000000002fb2 | 31          | 29          | 1 1 0 1 0 1 0 1 0 1 1 1 1 1 1 0 1 1 0 0 1 1 1 0 1 1 1 0 1 1 0 1  |
 ├────────────────────┼─────────────┼─────────────┼──────────────────────────────────────────────────────────────────┤
 | 0x0000000000002fb1 | 31          | 27          | 1 0 0 1 0 0 1 1 1 1 1 1 0 0 0 1 0 1 1 1 1 0 1 1 0 0 0 1 0 0 0 1  |
 ├────────────────────┼─────────────┼─────────────┼──────────────────────────────────────────────────────────────────┤
 | 0x0000000000002fb7 | 30          | 28          | 0 0 0 1 1 0 0 1 1 0 0 1 1 0 1 0 0 0 1 1 1 1 0 1 1 0 0 1 1 0 1 0  |
 ├────────────────────┼─────────────┼─────────────┼──────────────────────────────────────────────────────────────────┤
 | 0x0000000000002880 | 31          | 30          | 1 1 1 1 1 1 1 1 1 1 1 1 1 1 1 1 1 1 1 1 1 1 1 1 1 1 1 1 1 1 1 1  |
 ├────────────────────┼─────────────┼─────────────┼──────────────────────────────────────────────────────────────────┤
 | 0x0000000000002fb4 | 31          | 29          | 0 1 1 0 1 0 0 0 1 1 1 1 0 1 1 0 0 1 1 0 1 0 1 1 0 1 0 1 0 1 0 1  |
 ├────────────────────┼─────────────┼─────────────┼──────────────────────────────────────────────────────────────────┤
 | 0x0000000000002fbb | 29          | 28          | 0 0 0 0 0 0 0 0 0 0 0 0 0 0 0 0 0 0 0 0 0 0 0 0 0 0 0 0 1 1 0 0  |
 ├────────────────────┼─────────────┼─────────────┼──────────────────────────────────────────────────────────────────┤
 | 0x0000000000002886 | 31          | 30          | 1 1 1 1 1 1 1 1 1 1 1 1 1 1 1 1 1 1 1 1 1 1 1 1 1 1 1 1 1 1 1 1  |
 ├────────────────────┼─────────────┼─────────────┼──────────────────────────────────────────────────────────────────┤
 | 0x0000000000002fb8 | 31          | 30          | 0 0 0 0 0 0 0 0 0 0 0 0 0 0 0 0 0 0 1 1 0 0 1 0 1 1 0 0 0 0 1 1  |
 ├────────────────────┼─────────────┼─────────────┼──────────────────────────────────────────────────────────────────┤
 | 0x0000000000002873 | 31          | 30          | 1 1 1 1 1 1 1 1 1 1 1 1 1 1 1 1 1 1 1 1 1 1 1 1 1 1 1 1 1 1 1 1  |
 ├────────────────────┼─────────────┼─────────────┼──────────────────────────────────────────────────────────────────┤
 | 0x0000000000002faf | 31          | 25          | 1 1 0 0 0 1 0 0 0 1 1 1 1 1 0 1 1 1 0 1 1 1 1 1 0 1 0 0 0 0 0 1  |
 ├────────────────────┼─────────────┼─────────────┼──────────────────────────────────────────────────────────────────┤
 | 0x0000000000002fa9 | 24          | 22          | 0 0 0 0 0 0 0 1 1 1 1 0 0 0 0 0 0 0 0 0 1 1 1 0 1 0 0 0 0 0 0 0  |
 ├────────────────────┼─────────────┼─────────────┼──────────────────────────────────────────────────────────────────┤
 | 0x0000000000002fa6 | 31          | 30          | 0 0 0 0 0 1 0 1 1 1 0 0 0 0 0 0 0 1 1 1 1 0 0 0 0 0 0 0 0 0 1 1  |
 └────────────────────┴─────────────┴─────────────┴──────────────────────────────────────────────────────────────────┘
Accumulation table end
Offset pattern table begin
 ┌────────────────────┬─────────────┬──────────────────────────────────────────────────────────────────────────────────────────────────┐
 | Key                | Second      | Pattern                                                                                          |
 ├────────────────────┼─────────────┼──────────────────────────────────────────────────────────────────────────────────────────────────┤
 | 0x0000000000000000 | 5           | 22 21 21 21 21 21 21 21 21 21 21 21 21 21 21 21 21 21 21 21 21 21 21 20 20 20 20 20 20 20 20 20  |
 ├────────────────────┼─────────────┼──────────────────────────────────────────────────────────────────────────────────────────────────┤
 | 0x0000000000000001 | 7           | 26 26 9 10 9 6 9 6 9 7 9 7 9 9 10 8 8 8 7 7 9 7 8 8 11 10 10 9 8 8 7 9                           |
 ├────────────────────┼─────────────┼──────────────────────────────────────────────────────────────────────────────────────────────────┤
 | 0x0000000000000002 | 14          | 21 4 21 10 8 11 9 9 6 7 7 8 7 10 7 7 8 10 8 8 7 5 6 5 6 5 5 8 7 4 6 6                            |
 ├────────────────────┼─────────────┼──────────────────────────────────────────────────────────────────────────────────────────────────┤
 | 0x0000000000000003 | 4           | 24 4 4 24 10 10 4 10 9 8 9 7 7 7 8 9 10 7 8 8 5 8 7 8 9 9 7 8 5 9 8 9                            |
 ├────────────────────┼─────────────┼──────────────────────────────────────────────────────────────────────────────────────────────────┤
 | 0x0000000000000004 | 5           | 19 3 4 4 19 7 7 7 6 7 7 8 6 7 6 8 11 8 7 9 9 8 6 8 8 8 8 9 10 7 8 7                              |
 ├────────────────────┼─────────────┼──────────────────────────────────────────────────────────────────────────────────────────────────┤
 | 0x0000000000000005 | 12          | 22 3 2 5 5 22 7 7 4 8 8 6 8 7 7 5 8 9 9 7 7 5 4 4 5 8 5 6 3 6 6 6                                |
 ├────────────────────┼─────────────┼──────────────────────────────────────────────────────────────────────────────────────────────────┤
 | 0x0000000000000006 | 7           | 22 2 4 2 3 5 22 7 8 6 6 5 7 6 4 8 6 8 10 9 7 6 7 8 8 7 8 6 7 5 9 8                               |
 ├────────────────────┼─────────────┼──────────────────────────────────────────────────────────────────────────────────────────────────┤
 | 0x0000000000000007 | 18          | 16 1 2 2 2 1 3 16 5 7 4 3 5 4 7 6 5 5 6 6 8 4 6 7 5 6 5 5 6 5 5 5                                |
 ├────────────────────┼─────────────┼──────────────────────────────────────────────────────────────────────────────────────────────────┤
 | 0x0000000000000008 | 21          | 17 1 1 2 2 2 2 1 17 6 3 2 4 2 1 3 3 3 3 2 4 4 4 4 3 4 3 3 3 2 2 2                                |
 ├────────────────────┼─────────────┼──────────────────────────────────────────────────────────────────────────────────────────────────┤
 | 0x0000000000000009 | 10          | 26 2 3 2 3 4 3 3 3 26 12 12 8 9 7 7 7 7 8 8 9 10 9 7 7 7 10 7 8 8 8 7                            |
 ├────────────────────┼─────────────┼──────────────────────────────────────────────────────────────────────────────────────────────────┤
 | 0x000000000000000a | 11          | 25 3 0 3 1 4 3 4 6 4 25 7 6 5 8 4 5 5 6 4 3 5 7 6 5 5 4 4 5 5 6 6                                |
 ├────────────────────┼─────────────┼──────────────────────────────────────────────────────────────────────────────────────────────────┤
 | 0x000000000000000b | 12          | 21 4 2 3 2 3 2 3 4 4 6 21 6 4 3 4 6 4 4 1 4 3 3 4 6 5 4 4 4 3 3 3                                |
 ├────────────────────┼─────────────┼──────────────────────────────────────────────────────────────────────────────────────────────────┤
 | 0x000000000000000c | 13          | 28 4 3 8 3 4 5 3 6 4 5 6 28 4 5 5 4 7 4 8 3 8 6 7 6 2 6 5 5 3 7 5                                |
 ├────────────────────┼─────────────┼──────────────────────────────────────────────────────────────────────────────────────────────────┤
 | 0x000000000000000d | 14          | 28 4 4 1 5 2 4 3 4 3 5 8 5 28 8 7 6 3 4 6 5 6 4 3 4 6 10 7 9 5 7 11                              |
 ├────────────────────┼─────────────┼──────────────────────────────────────────────────────────────────────────────────────────────────┤
 | 0x000000000000000e | 13          | 28 2 3 5 1 3 0 1 3 6 3 4 3 4 28 11 5 2 7 6 5 3 3 4 1 3 6 3 2 3 4 3                               |
 ├────────────────────┼─────────────┼──────────────────────────────────────────────────────────────────────────────────────────────────┤
 | 0x000000000000000f | 16          | 20 1 1 5 4 1 0 0 1 1 0 1 1 2 2 20 7 4 5 3 3 3 4 3 6 2 3 6 5 3 3 2                                |
 ├────────────────────┼─────────────┼──────────────────────────────────────────────────────────────────────────────────────────────────┤
 | 0x0000000000000010 | 28          | 31 4 2 5 4 3 3 3 3 2 4 4 2 5 8 7 31 5 4 5 9 6 10 6 2 4 8 4 4 6 4 4                               |
 ├────────────────────┼─────────────┼──────────────────────────────────────────────────────────────────────────────────────────────────┤
 | 0x0000000000000011 | 18          | 26 2 3 4 3 3 4 4 3 3 2 5 3 3 6 4 3 26 9 8 5 5 8 6 6 5 7 5 6 6 7 5                                |
 ├────────────────────┼─────────────┼──────────────────────────────────────────────────────────────────────────────────────────────────┤
 | 0x0000000000000012 | 12          | 22 1 3 2 2 2 2 1 1 2 1 2 1 1 3 2 3 7 22 7 5 3 3 2 2 3 2 0 0 2 2 1                                |
 ├────────────────────┼─────────────┼──────────────────────────────────────────────────────────────────────────────────────────────────┤
 | 0x0000000000000013 | 17          | 25 1 3 1 3 3 5 4 1 1 2 1 2 2 2 4 6 4 8 25 5 3 4 3 2 1 1 1 2 1 1 4                                |
 ├────────────────────┼─────────────┼──────────────────────────────────────────────────────────────────────────────────────────────────┤
 | 0x0000000000000014 | 21          | 17 1 1 1 0 0 1 3 3 1 0 1 0 1 1 0 1 0 1 2 17 3 2 2 1 2 1 1 1 1 1 2                                |
 ├────────────────────┼─────────────┼──────────────────────────────────────────────────────────────────────────────────────────────────┤
 | 0x0000000000000015 | 23          | 29 1 0 2 1 2 3 3 3 3 4 2 3 2 2 2 4 4 2 5 7 29 10 8 7 10 4 5 5 3 3 2                              |
 ├────────────────────┼─────────────┼──────────────────────────────────────────────────────────────────────────────────────────────────┤
 | 0x0000000000000016 | 7           | 29 1 1 1 3 2 1 4 6 5 4 1 1 2 3 1 2 1 0 3 2 4 29 6 3 1 4 3 2 1 1 2                                |
 ├────────────────────┼─────────────┼──────────────────────────────────────────────────────────────────────────────────────────────────┤
 | 0x0000000000000017 | 16          | 16 1 2 0 2 1 1 1 1 2 2 2 2 0 0 1 2 1 1 1 1 1 2 16 3 3 2 1 2 1 1 0                                |
 ├────────────────────┼─────────────┼──────────────────────────────────────────────────────────────────────────────────────────────────┤
 | 0x0000000000000018 | 12          | 28 2 1 2 1 3 1 4 3 3 4 7 6 2 4 3 4 3 0 1 4 3 7 7 28 4 4 5 3 3 5 3                                |
 ├────────────────────┼─────────────┼──────────────────────────────────────────────────────────────────────────────────────────────────┤
 | 0x0000000000000019 | 26          | 28 5 5 3 2 4 4 2 3 4 4 6 8 7 4 3 2 3 4 1 4 4 4 5 10 28 7 4 4 2 4 2                               |
 ├────────────────────┼─────────────┼──────────────────────────────────────────────────────────────────────────────────────────────────┤
 | 0x000000000000001a | 27          | 24 4 5 4 1 1 2 4 2 4 6 4 5 7 4 3 2 1 1 2 4 3 4 7 3 5 24 4 3 1 2 1                                |
 ├────────────────────┼─────────────┼──────────────────────────────────────────────────────────────────────────────────────────────────┤
 | 0x000000000000001b | 5           | 20 5 3 2 5 2 4 4 4 4 2 4 3 8 6 5 2 3 3 3 3 3 3 4 4 4 6 20 2 1 0 0                                |
 ├────────────────────┼─────────────┼──────────────────────────────────────────────────────────────────────────────────────────────────┤
 | 0x000000000000001c | 29          | 28 8 11 12 7 10 6 8 6 5 8 9 12 10 5 10 9 6 6 6 3 6 11 7 8 7 5 12 28 4 2 1                        |
 ├────────────────────┼─────────────┼──────────────────────────────────────────────────────────────────────────────────────────────────┤
 | 0x000000000000001d | 30          | 17 5 4 4 4 3 3 2 2 3 4 3 2 4 4 4 6 2 3 2 5 4 3 3 3 3 5 4 4 17 2 1                                |
 ├────────────────────┼─────────────┼──────────────────────────────────────────────────────────────────────────────────────────────────┤
 | 0x000000000000001e | 31          | 17 5 5 7 7 9 7 6 6 6 7 4 6 6 7 7 7 8 6 6 6 5 4 5 5 4 8 7 7 6 17 1                                |
 ├────────────────────┼─────────────┼──────────────────────────────────────────────────────────────────────────────────────────────────┤
 | 0x000000000000001f | 30          | 16 12 13 12 13 13 13 13 13 12 13 13 12 12 13 12 13 13 13 14 14 14 12 13 12 12 12 12 12 13 14 16  |
 └────────────────────┴─────────────┴──────────────────────────────────────────────────────────────────────────────────────────────────┘
Offset pattern table end
PC pattern table begin
 ┌────────────────────┬─────────────┬──────────────────────────────────────────────────┐
 | Key                | Second      | Pattern                                          |
 ├────────────────────┼─────────────┼──────────────────────────────────────────────────┤
 | 0x0000000000000000 | 9           | 23 22 21 21 22 22 22 22 22 22 22 22 21 21 21 21  |
 ├────────────────────┼─────────────┼──────────────────────────────────────────────────┤
 | 0x0000000000000001 | 4           | 17 4 3 5 5 1 4 4 3 4 3 3 5 5 3 4                 |
 ├────────────────────┼─────────────┼──────────────────────────────────────────────────┤
 | 0x0000000000000002 | 5           | 20 12 12 10 9 9 9 10 11 11 10 9 10 10 11 11      |
 ├────────────────────┼─────────────┼──────────────────────────────────────────────────┤
 | 0x0000000000000003 | 4           | 16 0 2 1 3 2 2 3 2 2 4 2 1 2 1 0                 |
 ├────────────────────┼─────────────┼──────────────────────────────────────────────────┤
 | 0x0000000000000004 | 27          | 24 6 2 5 5 6 7 6 4 8 4 8 6 4 3 8                 |
 ├────────────────────┼─────────────┼──────────────────────────────────────────────────┤
 | 0x0000000000000005 | 12          | 20 2 2 3 4 3 2 4 5 3 4 6 5 4 3 3                 |
 ├────────────────────┼─────────────┼──────────────────────────────────────────────────┤
 | 0x0000000000000006 | 19          | 23 13 15 12 11 16 12 14 13 13 16 15 12 13 14 13  |
 ├────────────────────┼─────────────┼──────────────────────────────────────────────────┤
 | 0x0000000000000007 | 27          | 26 9 10 10 10 10 10 11 14 14 11 9 9 9 11 8       |
 ├────────────────────┼─────────────┼──────────────────────────────────────────────────┤
 | 0x0000000000000008 | 21          | 29 8 6 8 5 6 5 10 5 15 6 6 7 3 8 6               |
 ├────────────────────┼─────────────┼──────────────────────────────────────────────────┤
 | 0x0000000000000009 | 18          | 16 10 11 10 10 10 11 10 11 11 10 10 10 9 10 10   |
 ├────────────────────┼─────────────┼──────────────────────────────────────────────────┤
 | 0x000000000000000a | 8           | 28 1 1 1 1 1 1 1 2 5 7 9 9 7 10 6                |
 ├────────────────────┼─────────────┼──────────────────────────────────────────────────┤
 | 0x000000000000000b | 31          | 20 1 1 1 4 3 3 2 4 4 5 2 3 1 4 2                 |
 ├────────────────────┼─────────────┼──────────────────────────────────────────────────┤
 | 0x000000000000000c | 26          | 25 6 10 6 7 7 5 8 9 9 10 11 9 7 4 7              |
 ├────────────────────┼─────────────┼──────────────────────────────────────────────────┤
 | 0x000000000000000d | 19          | 29 6 4 6 7 7 11 9 4 8 5 7 4 6 1 5                |
 ├────────────────────┼─────────────┼──────────────────────────────────────────────────┤
 | 0x000000000000000e | 0           | 22 10 9 10 10 10 9 10 9 8 9 8 9 9 7 9            |
 ├────────────────────┼─────────────┼──────────────────────────────────────────────────┤
 | 0x000000000000000f | 0           | 18 4 5 5 3 2 3 4 3 4 5 2 1 4 5 4                 |
 ├────────────────────┼─────────────┼──────────────────────────────────────────────────┤
 | 0x0000000000000010 | 30          | 22 6 9 8 10 11 9 7 10 8 12 9 10 9 9 10           |
 ├────────────────────┼─────────────┼──────────────────────────────────────────────────┤
 | 0x0000000000000011 | 1           | 23 10 9 9 9 9 9 9 9 10 11 10 10 11 14 12         |
 ├────────────────────┼─────────────┼──────────────────────────────────────────────────┤
 | 0x0000000000000012 | 12          | 23 7 11 7 7 6 6 7 8 8 9 11 8 7 4 7               |
 ├────────────────────┼─────────────┼──────────────────────────────────────────────────┤
 | 0x0000000000000013 | 30          | 25 16 16 15 17 17 16 18 17 17 15 16 16 18 14 15  |
 ├────────────────────┼─────────────┼──────────────────────────────────────────────────┤
 | 0x0000000000000014 | 15          | 29 6 10 9 9 10 13 12 7 12 10 10 10 9 11 11       |
 ├────────────────────┼─────────────┼──────────────────────────────────────────────────┤
 | 0x0000000000000015 | 22          | 28 10 9 7 7 5 10 7 4 3 7 5 8 8 7 6               |
 ├────────────────────┼─────────────┼──────────────────────────────────────────────────┤
 | 0x0000000000000016 | 10          | 18 2 3 2 2 3 3 3 4 2 3 5 5 6 3 2                 |
 ├────────────────────┼─────────────┼──────────────────────────────────────────────────┤
 | 0x0000000000000017 | 17          | 31 9 9 13 12 9 9 10 12 13 10 11 9 9 9 9          |
 ├────────────────────┼─────────────┼──────────────────────────────────────────────────┤
 | 0x0000000000000018 | 11          | 20 3 4 5 7 4 6 7 4 6 4 3 6 4 2 6                 |
 ├────────────────────┼─────────────┼──────────────────────────────────────────────────┤
 | 0x0000000000000019 | 19          | 20 8 8 8 8 9 10 10 11 10 9 8 9 8 8 8             |
 ├────────────────────┼─────────────┼──────────────────────────────────────────────────┤
 | 0x000000000000001a | 26          | 19 4 4 3 5 2 3 7 7 6 6 7 7 5 4 2                 |
 ├────────────────────┼─────────────┼──────────────────────────────────────────────────┤
 | 0x000000000000001b | 21          | 24 13 15 14 13 16 14 13 14 14 13 14 14 15 13 10  |
 ├────────────────────┼─────────────┼──────────────────────────────────────────────────┤
 | 0x000000000000001c | 20          | 23 18 18 17 18 18 17 18 17 17 18 18 16 17 16 16  |
 ├────────────────────┼─────────────┼──────────────────────────────────────────────────┤
 | 0x000000000000001d | 6           | 20 7 8 7 7 8 8 5 5 9 6 7 7 6 8 6                 |
 ├────────────────────┼─────────────┼──────────────────────────────────────────────────┤
 | 0x000000000000001e | 7           | 16 15 15 15 15 15 15 15 15 15 15 15 15 15 15 15  |
 ├────────────────────┼─────────────┼──────────────────────────────────────────────────┤
 | 0x000000000000001f | 20          | 25 10 9 7 8 6 12 7 8 8 9 7 9 9 9 8               |
 └────────────────────┴─────────────┴──────────────────────────────────────────────────┘
PC pattern table end
Prefetch buffer begin
 ┌────────────────────┬──────────────────────────────────────────────────────────────────┐
 | Region             | Pattern                                                          |
 ├────────────────────┼──────────────────────────────────────────────────────────────────┤
 | 0x0000000000002aad | 2 0 1 0 2 2 2 2 2 2 2 2 2 2 2 2 2 2 2 2 2 2 2 2 2 2 2 2 2 2 2 2  |
 ├────────────────────┼──────────────────────────────────────────────────────────────────┤
 | 0x0000000000002b06 | 2 2 2 2 1 2 2 2 2 2 2 2 2 2 2 2 2 2 0 2 2 2 2 2 2 2 2 2 2 2 2 2  |
 ├────────────────────┼──────────────────────────────────────────────────────────────────┤
 | 0x0000000000002a70 | 2 0 2 2 2 2 2 2 2 2 2 2 2 2 2 2 2 0 2 2 2 2 2 2 2 2 2 2 2 2 2 2  |
 ├────────────────────┼──────────────────────────────────────────────────────────────────┤
 | 0x0000000000002976 | 2 2 2 2 2 2 2 2 2 2 0 2 2 2 2 2 2 2 2 2 2 2 2 2 2 2 2 2 2 2 2 2  |
 ├────────────────────┼──────────────────────────────────────────────────────────────────┤
 | 0x0000000000002af2 | 2 2 2 0 2 2 2 2 2 2 2 2 0 2 2 2 2 2 2 2 2 2 2 2 1 2 2 2 2 2 2 2  |
 ├────────────────────┼──────────────────────────────────────────────────────────────────┤
 | 0x0000000000002aa8 | 2 2 2 2 2 2 2 2 2 2 2 0 0 2 2 0 0 2 2 2 2 2 2 0 0 2 2 0 2 2 2 2  |
 ├────────────────────┼──────────────────────────────────────────────────────────────────┤
 | 0x0000000000002a74 | 2 2 2 0 2 2 2 2 2 0 2 2 0 2 2 2 2 2 2 2 2 0 2 2 1 0 2 2 2 2 2 2  |
 ├────────────────────┼──────────────────────────────────────────────────────────────────┤
 | 0x0000000000002b08 | 2 0 2 2 2 0 2 2 2 2 2 2 2 2 2 2 2 2 2 2 2 2 2 2 2 2 2 2 2 2 2 2  |
 ├────────────────────┼──────────────────────────────────────────────────────────────────┤
 | 0x0000000000002ade | 0 1 1 1 1 1 2 2 2 2 1 2 1 1 2 2 2 2 1 1 2 2 2 2 1 1 2 2 2 2 2 2  |
 ├────────────────────┼──────────────────────────────────────────────────────────────────┤
 | 0x0000000000002a65 | 0 2 2 2 2 2 0 2 2 0 2 2 2 2 2 2 2 2 0 2 2 2 0 2 2 2 2 2 2 0 0 2  |
 ├────────────────────┼──────────────────────────────────────────────────────────────────┤
 | 0x000000000000297d | 2 2 2 0 2 2 1 2 2 2 2 2 2 2 2 2 2 2 2 2 2 2 2 2 2 2 2 2 2 2 2 2  |
 ├────────────────────┼──────────────────────────────────────────────────────────────────┤
 | 0x0000000000002a55 | 2 2 2 2 2 2 2 2 2 2 2 2 2 0 2 2 2 2 2 2 2 2 2 2 2 2 1 2 2 2 2 2  |
 ├────────────────────┼──────────────────────────────────────────────────────────────────┤
 | 0x0000000000002b0e | 2 2 2 2 2 2 2 2 2 2 2 2 2 2 2 2 2 2 2 2 2 2 2 2 2 2 2 2 2 0 2 2  |
 ├────────────────────┼──────────────────────────────────────────────────────────────────┤
 | 0x0000000000002a69 | 2 2 2 2 2 2 2 2 2 2 0 2 2 2 2 2 2 2 0 2 2 2 2 2 2 2 2 2 2 2 0 2  |
 ├────────────────────┼──────────────────────────────────────────────────────────────────┤
 | 0x0000000000003001 | 2 2 2 2 2 2 2 2 2 2 2 2 2 2 2 2 2 2 2 2 2 2 2 2 2 2 2 2 2 2 0 2  |
 ├────────────────────┼──────────────────────────────────────────────────────────────────┤
 | 0x0000000000002af5 | 2 0 2 2 2 2 2 2 2 2 0 2 2 2 2 2 2 2 2 2 1 2 2 2 2 2 2 2 2 2 2 2  |
 ├────────────────────┼──────────────────────────────────────────────────────────────────┤
 | 0x0000000000002b0b | 2 2 2 2 2 2 2 2 2 2 2 2 2 2 2 2 2 2 2 2 2 2 2 0 2 2 2 2 2 2 2 0  |
 ├────────────────────┼──────────────────────────────────────────────────────────────────┤
 | 0x000000000000029c | 2 2 0 2 2 2 2 2 2 2 2 2 2 2 2 2 2 2 0 2 2 2 2 2 2 2 2 2 2 2 2 2  |
 ├────────────────────┼──────────────────────────────────────────────────────────────────┤
 | 0x0000000000002ab0 | 2 2 2 2 0 0 2 2 0 0 2 2 2 2 0 0 0 0 2 2 0 2 0 2 2 2 2 2 2 2 2 2  |
 ├────────────────────┼──────────────────────────────────────────────────────────────────┤
 | 0x0000000000002a76 | 2 2 2 2 2 2 2 0 0 2 2 0 0 2 2 2 2 0 0 0 0 2 2 0 2 2 2 2 2 2 2 2  |
 ├────────────────────┼──────────────────────────────────────────────────────────────────┤
 | 0x0000000000002a92 | 2 2 2 2 2 2 2 2 2 2 0 0 2 2 2 2 2 2 2 2 2 2 0 0 2 2 2 2 2 2 0 2  |
 ├────────────────────┼──────────────────────────────────────────────────────────────────┤
 | 0x0000000000002a40 | 0 1 0 1 1 1 2 2 2 2 1 1 2 0 0 1 1 1 1 1 2 2 2 2 2 0 0 2 2 2 2 2  |
 ├────────────────────┼──────────────────────────────────────────────────────────────────┤
 | 0x0000000000002ab5 | 2 2 2 2 2 2 2 2 0 0 2 2 0 0 2 2 2 2 2 2 0 0 2 2 0 2 2 2 2 2 2 2  |
 ├────────────────────┼──────────────────────────────────────────────────────────────────┤
 | 0x0000000000002a6d | 2 2 2 2 2 2 2 2 2 2 2 2 2 2 2 2 2 2 2 2 2 2 2 2 2 2 2 0 2 2 2 2  |
 └────────────────────┴──────────────────────────────────────────────────────────────────┘
Prefetch buffer end
Filter by PPT: 0
Prefetch Request to L1: 0, Prefetch Request to L2: 0
Invalid by Eviction: 26792
Invalid by Max: 580181
Final L1D Threshold: 0.500
Final Demand Reserve: 25.0%

╔═══════════════════════════════════════╗
║       CLIP Filter Statistics         ║
╚═══════════════════════════════════════╝
[CLIP CPU1 Stats]
  Total candidates:        18981128
  Prefetches issued:       0 (0.0%)
  Dropped (not critical):  18981128 (100.0%)
  Dropped (low accuracy):  0 (0.0%)
  Critical loads detected: 257068
  Phase changes:           0

Filter table begin
 ┌────────────────────┬─────────────┐
 | Region             | Offset      |
 ├────────────────────┼─────────────┤
 | 0x0000000000009f42 | 13          |
 ├────────────────────┼─────────────┤
 | 0x0000000000000584 | 0           |
 ├────────────────────┼─────────────┤
 | 0x000000000000026d | 15          |
 ├────────────────────┼─────────────┤
 | 0x00000000000058f4 | 13          |
 ├────────────────────┼─────────────┤
 | 0x0000000000009f50 | 1           |
 ├────────────────────┼─────────────┤
 | 0x0000000000009546 | 19          |
 ├────────────────────┼─────────────┤
 | 0x000000000000a05b | 22          |
 ├────────────────────┼─────────────┤
 | 0x000000000000027d | 7           |
 ├────────────────────┼─────────────┤
 | 0x0000000000009f64 | 29          |
 ├────────────────────┼─────────────┤
 | 0x0000000000005efc | 17          |
 ├────────────────────┼─────────────┤
 | 0x0000000000009ef9 | 0           |
 ├────────────────────┼─────────────┤
 | 0x0000000000009846 | 24          |
 ├────────────────────┼─────────────┤
 | 0x0000000000000401 | 12          |
 ├────────────────────┼─────────────┤
 | 0x0000000000009ed5 | 29          |
 ├────────────────────┼─────────────┤
 | 0x0000000000009f48 | 26          |
 ├────────────────────┼─────────────┤
 | 0x0000000000007742 | 5           |
 ├────────────────────┼─────────────┤
 | 0x00000000000003ae | 26          |
 ├────────────────────┼─────────────┤
 | 0x0000000000009ffb | 7           |
 ├────────────────────┼─────────────┤
 | 0x0000000000009f6b | 24          |
 ├────────────────────┼─────────────┤
 | 0x0000000000000415 | 8           |
 ├────────────────────┼─────────────┤
 | 0x0000000000009f6a | 24          |
 ├────────────────────┼─────────────┤
 | 0x00000000000063a9 | 23          |
 ├────────────────────┼─────────────┤
 | 0x000000000000a02b | 10          |
 ├────────────────────┼─────────────┤
 | 0x0000000000006234 | 23          |
 ├────────────────────┼─────────────┤
 | 0x0000000000005f18 | 30          |
 ├────────────────────┼─────────────┤
 | 0x000000000000a056 | 27          |
 ├────────────────────┼─────────────┤
 | 0x0000000000000487 | 14          |
 ├────────────────────┼─────────────┤
 | 0x0000000000000874 | 24          |
 ├────────────────────┼─────────────┤
 | 0x0000000000006ce9 | 17          |
 └────────────────────┴─────────────┘
Filter table end
Accumulation table begin
 ┌────────────────────┬─────────────┬─────────────┬──────────────────────────────────────────────────────────────────┐
 | Region             | Offset      | Second      | Pattern                                                          |
 ├────────────────────┼─────────────┼─────────────┼──────────────────────────────────────────────────────────────────┤
 | 0x0000000000000384 | 4           | 3           | 0 0 0 1 1 0 0 0 0 0 0 0 0 0 0 0 0 0 0 0 0 0 0 0 0 0 0 0 0 0 0 0  |
 ├────────────────────┼─────────────┼─────────────┼──────────────────────────────────────────────────────────────────┤
 | 0x00000000000002bc | 18          | 19          | 0 0 0 0 0 0 0 0 0 0 0 0 0 0 0 0 0 1 1 1 1 1 0 0 1 0 0 0 0 0 0 0  |
 ├────────────────────┼─────────────┼─────────────┼──────────────────────────────────────────────────────────────────┤
 | 0x0000000000000461 | 30          | 13          | 1 1 0 0 0 0 0 0 0 0 0 0 0 1 1 0 0 0 0 0 0 0 0 0 0 0 0 0 0 0 1 1  |
 ├────────────────────┼─────────────┼─────────────┼──────────────────────────────────────────────────────────────────┤
 | 0x000000000000026e | 27          | 14          | 0 0 0 0 0 0 0 0 0 0 0 0 0 0 1 1 0 0 0 0 0 0 0 0 0 0 0 1 0 0 0 0  |
 ├────────────────────┼─────────────┼─────────────┼──────────────────────────────────────────────────────────────────┤
 | 0x0000000000000451 | 4           | 3           | 1 0 0 1 1 0 0 1 1 1 1 0 0 0 0 0 0 0 0 0 0 0 0 0 0 0 0 0 0 0 0 0  |
 ├────────────────────┼─────────────┼─────────────┼──────────────────────────────────────────────────────────────────┤
 | 0x0000000000000470 | 19          | 12          | 0 0 0 1 1 0 0 0 0 0 0 1 1 0 0 0 0 0 0 1 0 0 0 0 0 0 0 0 0 0 0 0  |
 ├────────────────────┼─────────────┼─────────────┼──────────────────────────────────────────────────────────────────┤
 | 0x00000000000003c5 | 17          | 16          | 0 0 0 0 0 0 0 0 0 0 0 0 0 0 0 0 1 1 0 0 0 0 0 0 0 0 0 0 0 0 0 0  |
 ├────────────────────┼─────────────┼─────────────┼──────────────────────────────────────────────────────────────────┤
 | 0x00000000000003e2 | 14          | 13          | 0 0 0 0 0 0 0 0 0 0 0 0 0 1 1 0 0 0 0 0 0 0 0 0 0 0 0 0 0 0 0 0  |
 ├────────────────────┼─────────────┼─────────────┼──────────────────────────────────────────────────────────────────┤
 | 0x0000000000009ef8 | 24          | 20          | 0 0 0 0 0 0 0 0 0 0 0 0 0 0 0 0 0 0 0 0 1 0 0 0 1 0 0 0 0 0 0 0  |
 ├────────────────────┼─────────────┼─────────────┼──────────────────────────────────────────────────────────────────┤
 | 0x0000000000000399 | 29          | 9           | 0 0 0 0 0 0 0 0 0 1 1 0 0 0 0 0 0 0 0 0 0 0 0 0 0 0 0 0 0 1 1 0  |
 ├────────────────────┼─────────────┼─────────────┼──────────────────────────────────────────────────────────────────┤
 | 0x00000000000003c3 | 12          | 6           | 0 0 0 0 0 1 1 0 0 0 0 0 1 0 0 0 0 0 0 0 0 0 0 0 0 0 0 0 0 0 0 0  |
 ├────────────────────┼─────────────┼─────────────┼──────────────────────────────────────────────────────────────────┤
 | 0x000000000000032d | 25          | 14          | 0 0 0 0 0 0 0 0 0 0 0 0 0 0 1 0 0 0 0 0 0 0 0 0 0 1 0 0 0 0 0 0  |
 ├────────────────────┼─────────────┼─────────────┼──────────────────────────────────────────────────────────────────┤
 | 0x0000000000000452 | 25          | 26          | 0 0 0 0 0 0 0 0 0 0 0 0 0 0 0 0 0 0 0 0 0 1 1 0 0 1 1 1 0 0 0 0  |
 ├────────────────────┼─────────────┼─────────────┼──────────────────────────────────────────────────────────────────┤
 | 0x0000000000000454 | 19          | 20          | 1 1 0 0 0 1 1 1 1 0 0 0 1 1 0 1 0 0 0 1 1 0 0 0 0 0 0 0 0 0 0 0  |
 ├────────────────────┼─────────────┼─────────────┼──────────────────────────────────────────────────────────────────┤
 | 0x000000000000044f | 31          | 22          | 0 0 0 0 1 1 0 0 0 0 0 0 1 1 1 0 0 0 0 0 0 0 1 1 0 0 0 0 0 0 0 1  |
 ├────────────────────┼─────────────┼─────────────┼──────────────────────────────────────────────────────────────────┤
 | 0x0000000000000275 | 11          | 10          | 0 0 0 1 0 0 0 0 0 0 1 1 0 0 0 0 0 0 1 1 1 0 0 0 0 0 0 1 1 0 0 0  |
 ├────────────────────┼─────────────┼─────────────┼──────────────────────────────────────────────────────────────────┤
 | 0x000000000000032c | 26          | 22          | 0 1 0 0 0 0 0 0 0 0 0 0 0 0 0 0 0 0 0 0 0 1 1 0 0 0 1 0 0 0 0 0  |
 ├────────────────────┼─────────────┼─────────────┼──────────────────────────────────────────────────────────────────┤
 | 0x0000000000000274 | 25          | 24          | 0 0 0 0 0 0 0 0 0 0 0 0 0 0 0 0 0 0 0 0 0 0 0 0 1 1 0 0 0 0 0 0  |
 ├────────────────────┼─────────────┼─────────────┼──────────────────────────────────────────────────────────────────┤
 | 0x0000000000000450 | 24          | 8           | 0 1 1 1 1 1 0 1 1 0 0 1 1 0 0 1 1 1 0 1 1 0 0 0 1 1 0 1 1 0 0 1  |
 ├────────────────────┼─────────────┼─────────────┼──────────────────────────────────────────────────────────────────┤
 | 0x000000000000026f | 14          | 15          | 0 0 0 0 0 0 0 0 0 0 0 0 0 0 1 1 0 0 0 0 0 0 0 0 0 0 0 0 0 0 0 0  |
 ├────────────────────┼─────────────┼─────────────┼──────────────────────────────────────────────────────────────────┤
 | 0x0000000000000453 | 24          | 9           | 0 0 1 1 1 1 0 0 1 1 1 0 1 1 1 0 1 1 0 1 1 0 0 1 1 0 0 1 0 0 0 1  |
 ├────────────────────┼─────────────┼─────────────┼──────────────────────────────────────────────────────────────────┤
 | 0x00000000000003c4 | 24          | 25          | 0 0 0 0 0 0 0 0 0 0 0 0 0 0 0 0 0 0 0 0 0 0 0 0 1 1 0 0 0 0 0 0  |
 ├────────────────────┼─────────────┼─────────────┼──────────────────────────────────────────────────────────────────┤
 | 0x0000000000000460 | 14          | 4           | 0 0 0 1 1 0 0 0 0 0 0 0 0 0 1 0 0 0 0 0 0 0 0 0 0 0 0 0 0 0 0 0  |
 ├────────────────────┼─────────────┼─────────────┼──────────────────────────────────────────────────────────────────┤
 | 0x0000000000000398 | 21          | 20          | 0 0 0 0 1 0 0 0 0 0 0 0 0 0 0 0 0 0 0 0 1 1 0 0 0 0 0 0 0 0 0 0  |
 ├────────────────────┼─────────────┼─────────────┼──────────────────────────────────────────────────────────────────┤
 | 0x000000000000043c | 29          | 30          | 1 0 0 0 0 0 0 1 1 0 0 0 0 0 0 0 1 0 0 0 0 0 0 0 1 1 0 0 0 1 1 0  |
 ├────────────────────┼─────────────┼─────────────┼──────────────────────────────────────────────────────────────────┤
 | 0x000000000000041e | 6           | 7           | 0 0 0 0 0 0 1 1 0 0 0 0 0 0 0 0 0 0 0 0 0 0 0 0 0 0 0 0 0 0 0 0  |
 ├────────────────────┼─────────────┼─────────────┼──────────────────────────────────────────────────────────────────┤
 | 0x000000000000037c | 21          | 0           | 1 0 0 0 0 0 0 0 0 0 0 0 0 0 0 0 0 0 0 0 0 1 0 0 0 0 0 0 0 0 0 0  |
 ├────────────────────┼─────────────┼─────────────┼──────────────────────────────────────────────────────────────────┤
 | 0x000000000000045f | 3           | 27          | 0 0 0 1 0 0 0 0 0 0 0 0 0 0 0 0 0 0 0 0 0 1 1 0 0 0 0 1 1 1 0 0  |
 ├────────────────────┼─────────────┼─────────────┼──────────────────────────────────────────────────────────────────┤
 | 0x00000000000003e3 | 23          | 2           | 0 0 1 0 0 0 0 0 0 0 0 0 0 0 0 0 0 0 0 0 0 0 0 1 0 0 0 0 0 0 0 0  |
 ├────────────────────┼─────────────┼─────────────┼──────────────────────────────────────────────────────────────────┤
 | 0x0000000000000385 | 14          | 3           | 0 0 0 1 1 0 0 0 0 0 0 0 0 0 1 0 0 0 0 0 0 0 0 0 0 0 0 0 0 0 0 0  |
 ├────────────────────┼─────────────┼─────────────┼──────────────────────────────────────────────────────────────────┤
 | 0x0000000000000271 | 12          | 13          | 0 0 0 0 0 0 0 0 0 0 0 0 1 1 0 0 0 0 0 0 0 0 0 0 0 0 0 0 1 0 0 0  |
 ├────────────────────┼─────────────┼─────────────┼──────────────────────────────────────────────────────────────────┤
 | 0x000000000000044e | 28          | 27          | 0 0 0 0 0 0 0 0 0 0 0 0 0 0 0 0 0 0 0 0 0 0 0 0 0 0 0 1 1 0 0 0  |
 └────────────────────┴─────────────┴─────────────┴──────────────────────────────────────────────────────────────────┘
Accumulation table end
Offset pattern table begin
 ┌────────────────────┬─────────────┬─────────────────────────────────────────────────────────────────────────────────┐
 | Key                | Second      | Pattern                                                                         |
 ├────────────────────┼─────────────┼─────────────────────────────────────────────────────────────────────────────────┤
 | 0x0000000000000000 | 27          | 25 3 1 15 16 19 5 8 7 15 15 15 5 3 20 19 15 13 0 4 5 7 19 15 1 1 4 22 19 4 0 3  |
 ├────────────────────┼─────────────┼─────────────────────────────────────────────────────────────────────────────────┤
 | 0x0000000000000001 | 27          | 20 20 8 0 0 0 6 0 6 6 13 6 6 0 6 6 13 6 6 6 6 6 6 0 0 6 6 0 0 0 0 0             |
 ├────────────────────┼─────────────┼─────────────────────────────────────────────────────────────────────────────────┤
 | 0x0000000000000002 | 1           | 22 11 22 9 0 0 0 4 5 5 10 8 0 0 0 4 4 1 1 10 9 4 0 0 0 4 4 6 4 0 4 4            |
 ├────────────────────┼─────────────┼─────────────────────────────────────────────────────────────────────────────────┤
 | 0x0000000000000003 | 27          | 22 2 17 22 1 1 0 10 13 4 7 3 11 13 11 4 2 0 3 3 5 14 14 2 0 0 1 15 17 15 2 0    |
 ├────────────────────┼─────────────┼─────────────────────────────────────────────────────────────────────────────────┤
 | 0x0000000000000004 | 3           | 24 0 0 20 24 4 1 6 6 8 9 3 2 1 0 1 0 2 3 1 2 2 2 0 2 2 1 1 3 1 0 2              |
 ├────────────────────┼─────────────┼─────────────────────────────────────────────────────────────────────────────────┤
 | 0x0000000000000005 | 4           | 21 0 5 16 15 21 1 0 5 6 5 7 12 5 5 0 5 5 6 12 12 0 0 5 5 0 7 12 0 0 0 5         |
 ├────────────────────┼─────────────┼─────────────────────────────────────────────────────────────────────────────────┤
 | 0x0000000000000006 | 7           | 29 2 0 0 2 4 29 23 0 2 2 2 2 0 2 4 0 0 0 0 2 4 2 2 2 0 0 0 2 4 0 0              |
 ├────────────────────┼─────────────┼─────────────────────────────────────────────────────────────────────────────────┤
 | 0x0000000000000007 | 6           | 27 0 0 1 0 8 8 27 8 1 0 0 0 0 0 0 0 0 0 0 0 0 0 0 3 0 0 0 0 0 0 0               |
 ├────────────────────┼─────────────┼─────────────────────────────────────────────────────────────────────────────────┤
 | 0x0000000000000008 | 0           | 28 14 0 0 0 0 9 16 28 23 7 0 0 0 21 21 6 0 0 6 6 15 14 0 0 0 6 6 14 14 0 6      |
 ├────────────────────┼─────────────┼─────────────────────────────────────────────────────────────────────────────────┤
 | 0x0000000000000009 | 8           | 26 0 0 21 8 0 0 14 23 26 15 0 0 8 8 0 0 0 8 8 0 0 0 0 0 0 0 8 8 0 0 0           |
 ├────────────────────┼─────────────┼─────────────────────────────────────────────────────────────────────────────────┤
 | 0x000000000000000a | 8           | 16 1 4 3 0 0 0 0 2 4 16 6 0 0 1 0 0 0 1 1 1 0 0 0 0 0 0 1 1 0 0 0               |
 ├────────────────────┼─────────────┼─────────────────────────────────────────────────────────────────────────────────┤
 | 0x000000000000000b | 3           | 19 3 8 8 0 0 0 0 0 2 15 19 2 0 0 0 0 0 10 10 10 0 0 0 0 0 0 10 10 0 0 0         |
 ├────────────────────┼─────────────┼─────────────────────────────────────────────────────────────────────────────────┤
 | 0x000000000000000c | 6           | 20 0 0 8 9 18 18 0 0 0 0 9 20 9 1 0 0 0 9 10 1 1 0 0 0 10 10 1 0 0 0 0          |
 ├────────────────────┼─────────────┼─────────────────────────────────────────────────────────────────────────────────┤
 | 0x000000000000000d | 10          | 26 0 0 0 0 0 0 0 1 0 0 2 3 26 2 13 13 0 0 1 0 0 0 2 0 0 0 0 0 0 0 0             |
 ├────────────────────┼─────────────┼─────────────────────────────────────────────────────────────────────────────────┤
 | 0x000000000000000e | 15          | 22 2 7 13 13 1 0 2 7 4 2 0 0 10 22 9 1 0 2 4 7 7 0 0 0 2 4 3 4 4 4 2            |
 ├────────────────────┼─────────────┼─────────────────────────────────────────────────────────────────────────────────┤
 | 0x000000000000000f | 16          | 18 0 0 0 0 0 0 0 0 0 0 0 0 6 7 18 4 1 0 0 0 0 0 0 0 0 0 0 0 0 0 0               |
 ├────────────────────┼─────────────┼─────────────────────────────────────────────────────────────────────────────────┤
 | 0x0000000000000010 | 14          | 18 0 0 0 0 0 0 0 0 0 0 0 0 1 4 7 18 3 1 0 0 0 0 0 0 0 0 0 0 0 0 0               |
 ├────────────────────┼─────────────┼─────────────────────────────────────────────────────────────────────────────────┤
 | 0x0000000000000011 | 9           | 27 0 13 0 0 0 0 1 13 13 0 0 0 0 1 0 13 27 0 0 1 1 0 0 0 0 0 0 1 1 0 0           |
 ├────────────────────┼─────────────┼─────────────────────────────────────────────────────────────────────────────────┤
 | 0x0000000000000012 | 12          | 16 0 0 0 6 6 6 0 0 0 0 6 6 0 0 0 1 5 16 12 7 5 0 0 5 0 0 0 0 0 0 0              |
 ├────────────────────┼─────────────┼─────────────────────────────────────────────────────────────────────────────────┤
 | 0x0000000000000013 | 14          | 29 9 0 18 18 9 9 9 8 0 0 18 28 9 0 9 0 0 0 29 8 0 0 0 0 0 0 0 0 0 0 0           |
 ├────────────────────┼─────────────┼─────────────────────────────────────────────────────────────────────────────────┤
 | 0x0000000000000014 | 11          | 18 6 15 0 0 6 6 6 5 0 0 15 6 6 0 6 0 0 0 7 18 0 0 0 0 0 0 0 0 0 0 0             |
 ├────────────────────┼─────────────┼─────────────────────────────────────────────────────────────────────────────────┤
 | 0x0000000000000015 | 22          | 22 8 8 2 7 0 8 0 0 2 9 8 6 0 0 2 8 8 8 0 7 22 10 0 0 0 0 3 2 0 0 0              |
 ├────────────────────┼─────────────┼─────────────────────────────────────────────────────────────────────────────────┤
 | 0x0000000000000016 | 21          | 28 0 0 0 0 0 0 0 0 0 0 1 0 0 0 0 0 0 0 1 5 8 28 6 5 0 1 0 1 0 0 1               |
 ├────────────────────┼─────────────┼─────────────────────────────────────────────────────────────────────────────────┤
 | 0x0000000000000017 | 22          | 18 0 4 5 3 5 5 0 1 5 5 0 0 0 5 5 5 0 0 0 0 0 5 18 5 0 0 0 0 0 0 0               |
 ├────────────────────┼─────────────┼─────────────────────────────────────────────────────────────────────────────────┤
 | 0x0000000000000018 | 25          | 20 3 8 9 9 9 0 5 10 7 4 3 8 4 4 3 8 8 0 8 8 0 0 4 20 12 0 8 3 0 0 8             |
 ├────────────────────┼─────────────┼─────────────────────────────────────────────────────────────────────────────────┤
 | 0x0000000000000019 | 26          | 24 6 0 0 1 2 2 1 6 6 6 0 1 1 14 7 7 0 0 8 8 10 8 0 3 24 16 10 0 0 0 1           |
 ├────────────────────┼─────────────┼─────────────────────────────────────────────────────────────────────────────────┤
 | 0x000000000000001a | 25          | 16 3 0 1 6 9 8 2 4 4 1 6 9 3 2 0 4 4 8 8 5 5 3 0 0 4 16 9 5 0 0 1               |
 ├────────────────────┼─────────────┼─────────────────────────────────────────────────────────────────────────────────┤
 | 0x000000000000001b | 28          | 18 5 5 6 6 4 2 2 5 1 6 8 4 3 4 3 0 0 7 10 9 1 0 0 0 0 9 18 10 1 0 0             |
 ├────────────────────┼─────────────┼─────────────────────────────────────────────────────────────────────────────────┤
 | 0x000000000000001c | 27          | 28 3 6 7 8 4 2 6 8 6 10 3 4 6 7 8 0 0 1 2 12 16 12 3 0 0 0 7 28 14 2 0          |
 ├────────────────────┼─────────────┼─────────────────────────────────────────────────────────────────────────────────┤
 | 0x000000000000001d | 28          | 24 8 8 8 0 0 3 6 11 10 6 9 9 0 3 7 7 0 0 0 4 8 11 3 3 3 0 0 6 24 15 0           |
 ├────────────────────┼─────────────┼─────────────────────────────────────────────────────────────────────────────────┤
 | 0x000000000000001e | 29          | 31 20 12 4 0 0 0 4 17 17 13 0 0 8 8 17 16 8 0 8 8 8 8 0 0 4 8 4 0 18 31 12      |
 ├────────────────────┼─────────────┼─────────────────────────────────────────────────────────────────────────────────┤
 | 0x000000000000001f | 27          | 31 3 0 7 23 21 7 3 2 3 12 14 11 5 12 6 6 16 10 9 9 8 8 12 15 14 14 10 3 1 0 31  |
 └────────────────────┴─────────────┴─────────────────────────────────────────────────────────────────────────────────┘
Offset pattern table end
PC pattern table begin
 ┌────────────────────┬─────────────┬───────────────────────────────────────────────┐
 | Key                | Second      | Pattern                                       |
 ├────────────────────┼─────────────┼───────────────────────────────────────────────┤
 | 0x0000000000000000 | 23          | 31 3 4 6 8 2 4 2 2 3 1 1 2 4 3 1              |
 ├────────────────────┼─────────────┼───────────────────────────────────────────────┤
 | 0x0000000000000001 | 1           | 30 12 12 10 14 16 9 16 11 12 18 12 6 17 15 8  |
 ├────────────────────┼─────────────┼───────────────────────────────────────────────┤
 | 0x0000000000000002 | 24          | 16 1 1 2 2 2 1 1 0 1 1 1 0 0 1 0              |
 ├────────────────────┼─────────────┼───────────────────────────────────────────────┤
 | 0x0000000000000004 | 14          | 21 1 1 2 2 2 3 4 2 3 3 1 2 3 1 0              |
 ├────────────────────┼─────────────┼───────────────────────────────────────────────┤
 | 0x0000000000000005 | 11          | 17 0 0 0 0 0 0 2 12 12 12 1 13 0 0 0          |
 ├────────────────────┼─────────────┼───────────────────────────────────────────────┤
 | 0x0000000000000006 | 1           | 25 4 4 1 1 2 0 2 2 2 0 0 1 3 3 1              |
 ├────────────────────┼─────────────┼───────────────────────────────────────────────┤
 | 0x0000000000000007 | 18          | 1 0 0 0 0 0 0 0 1 1 1 0 1 0 0 0               |
 ├────────────────────┼─────────────┼───────────────────────────────────────────────┤
 | 0x0000000000000008 | 31          | 16 4 4 2 3 4 4 4 2 6 13 8 10 9 1 1            |
 ├────────────────────┼─────────────┼───────────────────────────────────────────────┤
 | 0x0000000000000009 | 13          | 31 16 4 9 9 16 4 4 2 4 25 9 17 12 2 2         |
 ├────────────────────┼─────────────┼───────────────────────────────────────────────┤
 | 0x000000000000000a | 25          | 25 7 0 0 0 6 12 0 0 5 5 0 4 5 11 0            |
 ├────────────────────┼─────────────┼───────────────────────────────────────────────┤
 | 0x000000000000000b | 14          | 27 12 10 7 9 13 10 8 7 9 13 10 5 11 13 6      |
 ├────────────────────┼─────────────┼───────────────────────────────────────────────┤
 | 0x000000000000000c | 27          | 29 0 16 16 11 27 16 11 11 27 27 0 0 27 17 28  |
 ├────────────────────┼─────────────┼───────────────────────────────────────────────┤
 | 0x000000000000000d | 29          | 1 0 0 0 0 0 0 0 0 0 0 0 0 0 1 1               |
 ├────────────────────┼─────────────┼───────────────────────────────────────────────┤
 | 0x000000000000000e | 24          | 24 0 0 0 0 0 0 0 0 0 0 0 23 0 0 0             |
 ├────────────────────┼─────────────┼───────────────────────────────────────────────┤
 | 0x0000000000000010 | 26          | 31 0 0 0 0 0 9 9 10 0 0 9 9 9 19 0            |
 ├────────────────────┼─────────────┼───────────────────────────────────────────────┤
 | 0x0000000000000011 | 4           | 20 1 0 0 0 0 0 0 0 2 2 0 14 3 0 0             |
 ├────────────────────┼─────────────┼───────────────────────────────────────────────┤
 | 0x0000000000000012 | 17          | 24 5 5 0 21 22 5 21 22 22 22 0 0 21 5 22      |
 ├────────────────────┼─────────────┼───────────────────────────────────────────────┤
 | 0x0000000000000013 | 27          | 26 20 0 0 0 20 0 0 0 17 17 0 5 16 16 0        |
 ├────────────────────┼─────────────┼───────────────────────────────────────────────┤
 | 0x0000000000000014 | 18          | 20 2 2 1 2 2 3 3 4 4 3 3 3 3 2 1              |
 ├────────────────────┼─────────────┼───────────────────────────────────────────────┤
 | 0x0000000000000015 | 20          | 30 0 0 0 0 0 0 6 29 29 27 0 27 0 0 0          |
 ├────────────────────┼─────────────┼───────────────────────────────────────────────┤
 | 0x0000000000000016 | 13          | 20 6 6 0 6 6 12 6 7 6 8 9 9 10 8 6            |
 ├────────────────────┼─────────────┼───────────────────────────────────────────────┤
 | 0x0000000000000017 | 22          | 21 7 9 5 8 9 7 8 7 8 9 6 6 9 10 7             |
 ├────────────────────┼─────────────┼───────────────────────────────────────────────┤
 | 0x0000000000000018 | 3           | 25 0 0 0 0 0 0 0 24 0 0 24 24 24 0 0          |
 ├────────────────────┼─────────────┼───────────────────────────────────────────────┤
 | 0x0000000000000019 | 20          | 22 1 0 3 2 2 3 3 3 4 2 3 2 1 2 1              |
 ├────────────────────┼─────────────┼───────────────────────────────────────────────┤
 | 0x000000000000001a | 3           | 24 7 0 0 0 10 1 0 1 9 9 1 10 9 8 2            |
 ├────────────────────┼─────────────┼───────────────────────────────────────────────┤
 | 0x000000000000001b | 16          | 28 1 1 1 0 0 0 2 4 1 4 2 4 2 6 11             |
 ├────────────────────┼─────────────┼───────────────────────────────────────────────┤
 | 0x000000000000001c | 5           | 25 5 5 1 5 7 1 5 6 2 1 4 1 5 13 8             |
 ├────────────────────┼─────────────┼───────────────────────────────────────────────┤
 | 0x000000000000001d | 27          | 21 20 20 0 20 20 20 20 20 20 20 0 0 20 20 20  |
 ├────────────────────┼─────────────┼───────────────────────────────────────────────┤
 | 0x000000000000001e | 20          | 18 1 0 0 0 0 0 1 4 3 3 0 3 0 4 11             |
 ├────────────────────┼─────────────┼───────────────────────────────────────────────┤
 | 0x000000000000001f | 19          | 4 0 0 0 0 0 0 0 4 4 4 0 4 0 0 0               |
 └────────────────────┴─────────────┴───────────────────────────────────────────────┘
PC pattern table end
Prefetch buffer begin
 ┌────────┬─────────┐
 | Region | Pattern |
 └────────┴─────────┘
Prefetch buffer end
Filter by PPT: 0
Prefetch Request to L1: 0, Prefetch Request to L2: 0
Invalid by Eviction: 204528
Invalid by Max: 73793
Final L1D Threshold: 0.500
Final Demand Reserve: 25.0%

╔═══════════════════════════════════════╗
║       CLIP Filter Statistics         ║
╚═══════════════════════════════════════╝
[CLIP CPU0 Stats]
  Total candidates:        3674603
  Prefetches issued:       0 (0.0%)
  Dropped (not critical):  3674603 (100.0%)
  Dropped (low accuracy):  0 (0.0%)
  Critical loads detected: 25473513
  Phase changes:           0

Filter table begin
 ┌────────────────────┬─────────────┐
 | Region             | Offset      |
 ├────────────────────┼─────────────┤
 | 0x000000000000a0a6 | 0           |
 ├────────────────────┼─────────────┤
 | 0x0000000000008423 | 12          |
 ├────────────────────┼─────────────┤
 | 0x0000000000000297 | 1           |
 ├────────────────────┼─────────────┤
 | 0x000000000000a0ab | 0           |
 └────────────────────┴─────────────┘
Filter table end
Accumulation table begin
 ┌────────────────────┬─────────────┬─────────────┬──────────────────────────────────────────────────────────────────┐
 | Region             | Offset      | Second      | Pattern                                                          |
 ├────────────────────┼─────────────┼─────────────┼──────────────────────────────────────────────────────────────────┤
 | 0x00000000000002fb | 12          | 11          | 0 0 0 0 0 0 0 0 0 0 1 1 1 0 0 0 0 0 0 0 0 0 0 0 0 0 0 0 0 0 0 0  |
 ├────────────────────┼─────────────┼─────────────┼──────────────────────────────────────────────────────────────────┤
 | 0x0000000000000303 | 4           | 3           | 0 0 1 1 1 0 0 0 0 0 0 0 0 0 0 0 0 0 0 0 0 0 0 0 0 0 0 0 0 0 0 0  |
 ├────────────────────┼─────────────┼─────────────┼──────────────────────────────────────────────────────────────────┤
 | 0x0000000000000309 | 22          | 21          | 0 0 0 0 0 0 0 0 0 0 0 0 0 0 0 0 0 0 0 0 1 1 1 0 0 0 0 0 0 0 0 0  |
 ├────────────────────┼─────────────┼─────────────┼──────────────────────────────────────────────────────────────────┤
 | 0x00000000000022fa | 29          | 30          | 1 0 1 1 0 1 1 0 1 1 0 1 1 0 1 1 0 1 1 0 1 1 0 1 1 0 1 1 0 1 1 0  |
 ├────────────────────┼─────────────┼─────────────┼──────────────────────────────────────────────────────────────────┤
 | 0x000000000000a0aa | 2           | 1           | 1 1 1 1 1 1 1 1 1 1 1 1 1 1 1 1 1 0 0 1 1 0 0 1 1 1 1 0 0 0 1 1  |
 ├────────────────────┼─────────────┼─────────────┼──────────────────────────────────────────────────────────────────┤
 | 0x0000000000000306 | 20          | 19          | 0 0 0 0 0 0 0 0 0 0 0 0 0 0 0 0 0 0 0 1 1 0 0 0 0 0 0 0 0 0 0 0  |
 ├────────────────────┼─────────────┼─────────────┼──────────────────────────────────────────────────────────────────┤
 | 0x00000000000022ff | 31          | 30          | 0 0 0 0 0 1 0 1 1 0 1 1 1 1 1 1 1 1 1 1 1 1 0 1 1 1 1 1 1 1 1 1  |
 ├────────────────────┼─────────────┼─────────────┼──────────────────────────────────────────────────────────────────┤
 | 0x0000000000009d45 | 22          | 21          | 0 0 0 0 0 0 0 0 0 0 0 0 0 0 0 0 0 0 0 0 1 1 1 0 0 0 0 0 0 0 0 0  |
 ├────────────────────┼─────────────┼─────────────┼──────────────────────────────────────────────────────────────────┤
 | 0x000000000000620d | 28          | 27          | 0 0 0 0 0 0 0 0 0 0 0 0 0 0 0 0 0 0 0 0 0 0 0 0 0 0 1 1 1 0 0 0  |
 ├────────────────────┼─────────────┼─────────────┼──────────────────────────────────────────────────────────────────┤
 | 0x00000000000002f2 | 2           | 1           | 0 1 1 0 0 0 0 0 0 0 0 0 0 0 0 0 1 1 1 0 0 0 0 0 0 0 0 0 0 0 0 0  |
 ├────────────────────┼─────────────┼─────────────┼──────────────────────────────────────────────────────────────────┤
 | 0x000000000000a0ac | 0           | 2           | 1 1 1 1 1 1 1 0 1 1 1 0 0 0 0 0 0 0 0 0 0 0 0 0 0 0 0 0 0 0 0 0  |
 ├────────────────────┼─────────────┼─────────────┼──────────────────────────────────────────────────────────────────┤
 | 0x0000000000009933 | 20          | 19          | 0 0 0 0 0 0 0 0 0 0 0 0 0 0 0 0 0 0 1 1 1 0 0 0 0 0 0 0 0 0 0 0  |
 ├────────────────────┼─────────────┼─────────────┼──────────────────────────────────────────────────────────────────┤
 | 0x0000000000009e0b | 26          | 25          | 0 0 0 0 0 0 0 0 0 0 0 0 0 0 0 0 0 0 0 0 0 0 0 0 1 1 1 0 0 0 0 0  |
 ├────────────────────┼─────────────┼─────────────┼──────────────────────────────────────────────────────────────────┤
 | 0x000000000000a081 | 0           | 2           | 1 1 1 1 1 1 1 1 1 0 0 0 0 0 0 0 0 0 0 0 0 0 0 0 0 0 0 0 0 0 0 0  |
 ├────────────────────┼─────────────┼─────────────┼──────────────────────────────────────────────────────────────────┤
 | 0x000000000000a0a9 | 31          | 30          | 0 0 0 0 0 0 0 0 0 0 0 0 0 0 0 0 0 0 0 0 0 0 0 0 0 0 0 0 0 1 1 1  |
 ├────────────────────┼─────────────┼─────────────┼──────────────────────────────────────────────────────────────────┤
 | 0x000000000000a08e | 10          | 9           | 0 0 0 0 1 1 1 1 1 1 1 1 1 1 1 0 0 0 0 0 0 0 0 0 0 0 0 0 0 0 0 0  |
 ├────────────────────┼─────────────┼─────────────┼──────────────────────────────────────────────────────────────────┤
 | 0x0000000000009bbe | 19          | 20          | 0 0 0 0 0 0 0 0 0 0 0 0 0 0 0 0 0 0 1 1 1 0 0 0 0 0 0 0 0 0 0 0  |
 ├────────────────────┼─────────────┼─────────────┼──────────────────────────────────────────────────────────────────┤
 | 0x0000000000009e6f | 31          | 30          | 0 0 0 0 0 0 0 0 0 0 0 0 0 0 0 0 0 0 0 0 0 0 0 0 0 0 0 0 0 0 1 1  |
 ├────────────────────┼─────────────┼─────────────┼──────────────────────────────────────────────────────────────────┤
 | 0x000000000000a09b | 2           | 1           | 1 1 1 1 1 1 1 1 1 1 1 1 1 1 1 1 1 1 1 1 1 1 1 1 1 1 1 1 1 1 1 1  |
 ├────────────────────┼─────────────┼─────────────┼──────────────────────────────────────────────────────────────────┤
 | 0x000000000000a09e | 26          | 25          | 0 0 0 0 0 0 0 0 0 0 0 0 0 0 0 0 0 0 1 1 1 0 1 1 1 1 1 1 1 1 1 0  |
 ├────────────────────┼─────────────┼─────────────┼──────────────────────────────────────────────────────────────────┤
 | 0x00000000000002ed | 22          | 21          | 0 0 0 0 0 0 0 0 0 0 0 0 0 0 0 0 0 0 0 0 1 1 1 0 0 1 1 0 0 0 0 0  |
 ├────────────────────┼─────────────┼─────────────┼──────────────────────────────────────────────────────────────────┤
 | 0x000000000000a0a1 | 0           | 16          | 1 0 0 0 0 0 0 0 0 0 0 0 0 1 1 1 1 0 0 0 0 0 0 0 0 1 1 0 0 1 1 1  |
 ├────────────────────┼─────────────┼─────────────┼──────────────────────────────────────────────────────────────────┤
 | 0x000000000000a0a8 | 0           | 4           | 1 0 0 1 1 0 0 0 0 0 0 0 0 1 1 1 1 0 0 0 0 0 0 0 0 0 0 0 0 1 1 1  |
 ├────────────────────┼─────────────┼─────────────┼──────────────────────────────────────────────────────────────────┤
 | 0x00000000000002d2 | 16          | 15          | 0 0 0 0 0 0 0 0 0 0 0 0 0 0 0 1 1 0 0 0 0 0 0 0 0 0 0 0 0 0 0 0  |
 ├────────────────────┼─────────────┼─────────────┼──────────────────────────────────────────────────────────────────┤
 | 0x00000000000022f4 | 30          | 31          | 1 1 1 0 1 1 1 1 1 1 1 1 1 1 1 1 0 1 1 1 1 1 1 1 1 1 1 1 1 0 1 1  |
 ├────────────────────┼─────────────┼─────────────┼──────────────────────────────────────────────────────────────────┤
 | 0x000000000000a0a4 | 0           | 10          | 1 0 0 0 0 1 1 1 1 1 1 0 0 1 1 1 1 0 0 0 0 0 0 0 0 1 1 0 0 0 0 1  |
 ├────────────────────┼─────────────┼─────────────┼──────────────────────────────────────────────────────────────────┤
 | 0x0000000000009db2 | 4           | 3           | 0 0 1 1 1 0 0 0 0 0 0 0 0 0 0 0 0 0 0 0 0 0 0 0 0 0 0 0 0 0 0 0  |
 ├────────────────────┼─────────────┼─────────────┼──────────────────────────────────────────────────────────────────┤
 | 0x0000000000002303 | 31          | 29          | 0 0 0 0 0 0 0 0 0 0 0 0 0 0 0 0 1 1 0 1 1 0 1 1 0 1 1 0 1 1 0 1  |
 ├────────────────────┼─────────────┼─────────────┼──────────────────────────────────────────────────────────────────┤
 | 0x00000000000022fb | 30          | 31          | 1 1 0 1 1 0 1 1 0 1 1 0 1 1 0 1 1 0 1 1 0 1 1 0 1 1 0 1 1 0 1 1  |
 ├────────────────────┼─────────────┼─────────────┼──────────────────────────────────────────────────────────────────┤
 | 0x000000000000a0ae | 0           | 14          | 1 0 0 0 0 0 0 0 0 0 0 1 1 1 1 0 0 0 0 0 0 0 0 0 0 0 0 0 0 0 0 0  |
 ├────────────────────┼─────────────┼─────────────┼──────────────────────────────────────────────────────────────────┤
 | 0x00000000000002f3 | 16          | 15          | 0 0 0 0 0 0 0 0 0 0 0 0 0 0 1 1 1 0 0 0 0 0 0 0 0 0 0 0 0 0 0 0  |
 ├────────────────────┼─────────────┼─────────────┼──────────────────────────────────────────────────────────────────┤
 | 0x000000000000030b | 24          | 23          | 0 0 0 0 0 0 0 0 0 0 0 0 0 0 0 0 0 0 0 0 0 0 1 1 1 0 0 0 0 0 0 0  |
 └────────────────────┴─────────────┴─────────────┴──────────────────────────────────────────────────────────────────┘
Accumulation table end
Offset pattern table begin
 ┌────────────────────┬─────────────┬──────────────────────────────────────────────────────────────────────────────────────────┐
 | Key                | Second      | Pattern                                                                                  |
 ├────────────────────┼─────────────┼──────────────────────────────────────────────────────────────────────────────────────────┤
 | 0x0000000000000000 | 5           | 21 9 9 9 9 17 18 12 12 11 10 8 9 14 14 15 14 8 8 8 8 9 9 7 7 11 11 4 4 8 9 6             |
 ├────────────────────┼─────────────┼──────────────────────────────────────────────────────────────────────────────────────────┤
 | 0x0000000000000001 | 2           | 23 23 21 2 4 2 2 4 2 2 4 2 2 2 1 2 19 18 18 3 1 1 3 1 1 3 1 1 3 1 1 3                    |
 ├────────────────────┼─────────────┼──────────────────────────────────────────────────────────────────────────────────────────┤
 | 0x0000000000000002 | 1           | 17 16 17 9 9 10 11 9 9 9 9 9 9 5 5 11 12 8 8 7 7 9 9 7 7 7 7 7 7 7 7 9                   |
 ├────────────────────┼─────────────┼──────────────────────────────────────────────────────────────────────────────────────────┤
 | 0x0000000000000003 | 2           | 28 5 18 28 24 6 11 6 5 10 6 5 10 6 4 10 6 5 10 5 3 8 5 3 8 5 3 8 5 3 8 5                 |
 ├────────────────────┼─────────────┼──────────────────────────────────────────────────────────────────────────────────────────┤
 | 0x0000000000000004 | 3           | 30 0 25 29 30 4 4 4 4 4 4 3 3 2 2 3 3 2 2 4 4 3 3 3 3 2 2 3 3 2 3 3                      |
 ├────────────────────┼─────────────┼──────────────────────────────────────────────────────────────────────────────────────────┤
 | 0x0000000000000005 | 6           | 31 2 23 23 8 31 28 3 25 23 3 23 21 2 23 22 2 23 22 2 22 22 2 23 22 2 23 22 2 23 22 2     |
 ├────────────────────┼─────────────┼──────────────────────────────────────────────────────────────────────────────────────────┤
 | 0x0000000000000006 | 5           | 21 5 2 7 10 16 21 4 3 5 4 2 6 7 5 9 7 2 7 5 3 6 4 2 5 5 3 5 3 4 7 5                      |
 ├────────────────────┼─────────────┼──────────────────────────────────────────────────────────────────────────────────────────┤
 | 0x0000000000000007 | 6           | 27 20 16 6 19 17 10 27 20 7 20 14 5 18 14 5 18 13 5 17 14 5 18 14 5 18 14 5 18 14 4 18   |
 ├────────────────────┼─────────────┼──────────────────────────────────────────────────────────────────────────────────────────┤
 | 0x0000000000000008 | 7           | 31 1 8 8 2 9 18 23 31 11 6 9 8 4 11 10 4 8 7 1 7 8 2 9 7 4 10 6 1 10 9 5                 |
 ├────────────────────┼─────────────┼──────────────────────────────────────────────────────────────────────────────────────────┤
 | 0x0000000000000009 | 8           | 24 11 2 13 11 2 14 11 6 24 21 4 15 11 2 13 11 2 13 11 2 13 11 2 13 11 2 13 11 2 13 11    |
 ├────────────────────┼─────────────┼──────────────────────────────────────────────────────────────────────────────────────────┤
 | 0x000000000000000a | 9           | 25 3 2 2 6 6 4 5 10 19 25 8 7 5 3 1 4 3 2 4 3 2 4 3 2 4 3 2 3 3 1 3                      |
 ├────────────────────┼─────────────┼──────────────────────────────────────────────────────────────────────────────────────────┤
 | 0x000000000000000b | 10          | 26 3 21 20 3 21 20 3 21 20 6 26 22 3 22 19 3 21 19 3 21 19 3 21 19 1 21 19 3 21 19 3     |
 ├────────────────────┼─────────────┼──────────────────────────────────────────────────────────────────────────────────────────┤
 | 0x000000000000000c | 11          | 24 2 2 4 4 1 3 2 0 3 16 21 24 6 5 5 4 2 4 3 2 2 2 1 3 2 1 3 2 1 3 2                      |
 ├────────────────────┼─────────────┼──────────────────────────────────────────────────────────────────────────────────────────┤
 | 0x000000000000000d | 12          | 30 21 20 1 21 20 1 21 20 1 22 22 7 30 29 2 21 19 1 20 19 1 20 19 1 20 19 1 20 19 1 20    |
 ├────────────────────┼─────────────┼──────────────────────────────────────────────────────────────────────────────────────────┤
 | 0x000000000000000e | 13          | 17 0 5 5 0 5 5 0 5 5 0 7 9 11 17 7 2 6 6 0 5 5 0 5 5 0 5 5 0 5 5 0                       |
 ├────────────────────┼─────────────┼──────────────────────────────────────────────────────────────────────────────────────────┤
 | 0x000000000000000f | 14          | 23 15 4 16 15 3 17 15 4 17 15 3 17 15 4 23 19 3 15 14 3 16 14 3 16 14 3 16 14 3 16 13    |
 ├────────────────────┼─────────────┼──────────────────────────────────────────────────────────────────────────────────────────┤
 | 0x0000000000000010 | 15          | 17 2 2 1 2 1 0 2 1 0 3 3 2 2 11 14 17 5 4 3 3 2 4 2 1 2 1 0 2 2 0 2                      |
 ├────────────────────┼─────────────┼──────────────────────────────────────────────────────────────────────────────────────────┤
 | 0x0000000000000011 | 16          | 22 1 17 16 1 17 17 1 17 17 1 17 17 1 17 17 4 22 21 1 16 16 1 16 16 1 16 16 1 16 16 1     |
 ├────────────────────┼─────────────┼──────────────────────────────────────────────────────────────────────────────────────────┤
 | 0x0000000000000012 | 17          | 24 3 6 7 5 1 4 2 1 5 7 5 8 3 7 8 13 16 24 11 10 5 3 1 4 3 3 4 2 3 5 3                    |
 ├────────────────────┼─────────────┼──────────────────────────────────────────────────────────────────────────────────────────┤
 | 0x0000000000000013 | 18          | 27 14 12 3 14 10 3 14 12 3 14 12 3 14 12 3 14 12 10 27 24 4 16 13 4 14 11 3 14 12 3 13   |
 ├────────────────────┼─────────────┼──────────────────────────────────────────────────────────────────────────────────────────┤
 | 0x0000000000000014 | 19          | 22 0 0 2 2 0 0 0 0 0 0 0 0 0 0 0 0 0 8 19 22 5 5 0 0 2 2 0 0 0 0 0                       |
 ├────────────────────┼─────────────┼──────────────────────────────────────────────────────────────────────────────────────────┤
 | 0x0000000000000015 | 22          | 18 11 2 12 11 2 12 11 2 12 11 2 12 11 2 12 11 2 12 11 5 18 16 4 14 11 2 12 11 2 12 11    |
 ├────────────────────┼─────────────┼──────────────────────────────────────────────────────────────────────────────────────────┤
 | 0x0000000000000016 | 21          | 16 1 1 0 1 1 0 1 1 0 1 1 0 1 1 0 1 1 1 2 9 14 16 3 2 2 2 0 1 1 0 2                       |
 ├────────────────────┼─────────────┼──────────────────────────────────────────────────────────────────────────────────────────┤
 | 0x0000000000000017 | 24          | 30 5 26 25 5 26 24 5 26 24 5 26 25 4 26 25 5 26 25 4 26 25 7 30 26 7 28 25 5 26 25 5     |
 ├────────────────────┼─────────────┼──────────────────────────────────────────────────────────────────────────────────────────┤
 | 0x0000000000000018 | 23          | 16 3 1 3 3 1 3 3 1 3 3 1 3 3 1 3 3 1 4 5 3 5 9 13 16 6 6 6 6 3 5 5                       |
 ├────────────────────┼─────────────┼──────────────────────────────────────────────────────────────────────────────────────────┤
 | 0x0000000000000019 | 24          | 18 16 16 4 16 16 5 16 16 4 16 15 5 15 16 5 16 15 6 17 17 5 16 17 5 18 15 6 17 15 5 16    |
 ├────────────────────┼─────────────┼──────────────────────────────────────────────────────────────────────────────────────────┤
 | 0x000000000000001a | 25          | 20 0 3 3 0 3 3 0 3 3 0 3 3 0 3 3 0 3 5 3 7 5 3 7 11 16 20 8 5 3 3 1                      |
 ├────────────────────┼─────────────┼──────────────────────────────────────────────────────────────────────────────────────────┤
 | 0x000000000000001b | 28          | 21 17 4 18 17 4 18 16 4 18 16 4 18 17 4 18 17 4 19 18 5 18 17 3 18 17 6 21 18 5 19 18    |
 ├────────────────────┼─────────────┼──────────────────────────────────────────────────────────────────────────────────────────┤
 | 0x000000000000001c | 27          | 25 8 8 1 8 8 2 8 8 2 8 7 2 8 7 2 7 8 2 9 9 2 8 8 1 8 22 18 25 14 11 13                   |
 ├────────────────────┼─────────────┼──────────────────────────────────────────────────────────────────────────────────────────┤
 | 0x000000000000001d | 30          | 16 1 15 15 1 15 15 1 15 15 1 15 15 1 15 15 1 15 15 1 15 15 1 15 15 1 15 15 1 16 15 1     |
 ├────────────────────┼─────────────┼──────────────────────────────────────────────────────────────────────────────────────────┤
 | 0x000000000000001e | 31          | 21 11 4 11 11 3 12 11 3 12 10 4 12 10 4 12 10 4 11 11 4 11 11 4 13 11 5 13 16 12 21 12   |
 ├────────────────────┼─────────────┼──────────────────────────────────────────────────────────────────────────────────────────┤
 | 0x000000000000001f | 27          | 26 14 15 8 14 16 7 15 16 8 15 14 7 16 15 8 16 14 9 16 16 9 18 16 9 15 19 11 18 16 15 26  |
 └────────────────────┴─────────────┴──────────────────────────────────────────────────────────────────────────────────────────┘
Offset pattern table end
PC pattern table begin
 ┌────────────────────┬─────────────┬──────────────────────────────────────────────────┐
 | Key                | Second      | Pattern                                          |
 ├────────────────────┼─────────────┼──────────────────────────────────────────────────┤
 | 0x0000000000000000 | 15          | 30 0 0 0 0 0 0 30 30 0 0 0 0 0 0 0               |
 ├────────────────────┼─────────────┼──────────────────────────────────────────────────┤
 | 0x0000000000000003 | 29          | 21 19 19 19 19 19 19 19 19 19 19 19 18 18 18 18  |
 ├────────────────────┼─────────────┼──────────────────────────────────────────────────┤
 | 0x0000000000000008 | 3           | 31 4 7 6 6 6 5 3 3 3 4 5 5 5 6 3                 |
 ├────────────────────┼─────────────┼──────────────────────────────────────────────────┤
 | 0x000000000000000b | 26          | 24 1 0 0 1 1 1 4 6 10 9 4 1 2 1 1                |
 ├────────────────────┼─────────────┼──────────────────────────────────────────────────┤
 | 0x000000000000000f | 0           | 18 2 0 0 1 0 1 2 2 4 9 8 9 9 1 1                 |
 ├────────────────────┼─────────────┼──────────────────────────────────────────────────┤
 | 0x0000000000000010 | 24          | 31 12 2 0 0 4 4 2 12 17 11 4 1 0 0 0             |
 ├────────────────────┼─────────────┼──────────────────────────────────────────────────┤
 | 0x0000000000000011 | 7           | 19 5 8 7 6 5 7 7 6 7 10 10 8 10 9 8              |
 ├────────────────────┼─────────────┼──────────────────────────────────────────────────┤
 | 0x0000000000000012 | 11          | 26 19 19 19 18 18 18 19 18 19 22 21 21 21 18 19  |
 ├────────────────────┼─────────────┼──────────────────────────────────────────────────┤
 | 0x0000000000000014 | 15          | 5 0 0 0 0 0 0 5 5 0 0 0 0 0 0 0                  |
 ├────────────────────┼─────────────┼──────────────────────────────────────────────────┤
 | 0x0000000000000017 | 30          | 31 29 30 30 30 30 30 30 30 30 30 30 30 30 30 30  |
 ├────────────────────┼─────────────┼──────────────────────────────────────────────────┤
 | 0x0000000000000019 | 2           | 22 3 1 1 1 2 3 4 5 11 10 3 2 3 3 2               |
 ├────────────────────┼─────────────┼──────────────────────────────────────────────────┤
 | 0x000000000000001b | 2           | 30 29 29 29 29 29 29 29 29 29 29 29 29 29 29 29  |
 ├────────────────────┼─────────────┼──────────────────────────────────────────────────┤
 | 0x000000000000001c | 27          | 26 0 0 0 0 0 0 0 0 3 4 5 3 8 10 25               |
 ├────────────────────┼─────────────┼──────────────────────────────────────────────────┤
 | 0x000000000000001e | 9           | 29 28 26 24 22 21 18 16 14 12 11 9 8 6 4 2       |
 ├────────────────────┼─────────────┼──────────────────────────────────────────────────┤
 | 0x000000000000001f | 30          | 26 25 25 25 25 25 25 25 25 25 25 25 25 25 25 25  |
 └────────────────────┴─────────────┴──────────────────────────────────────────────────┘
PC pattern table end
Prefetch buffer begin
 ┌────────────────────┬──────────────────────────────────────────────────────────────────┐
 | Region             | Pattern                                                          |
 ├────────────────────┼──────────────────────────────────────────────────────────────────┤
 | 0x0000000000002263 | 0 2 0 0 2 0 0 2 0 0 2 0 0 2 0 0 2 0 0 2 0 0 2 0 0 2 0 0 2 0 0 1  |
 ├────────────────────┼──────────────────────────────────────────────────────────────────┤
 | 0x0000000000002269 | 0 2 0 0 2 0 0 2 0 0 2 0 0 2 0 0 2 0 0 2 0 0 2 0 0 2 0 0 2 0 0 1  |
 ├────────────────────┼──────────────────────────────────────────────────────────────────┤
 | 0x00000000000049a7 | 0 0 1 0 0 2 0 0 1 0 0 2 0 0 2 0 0 1 0 0 2 0 0 2 0 0 2 0 0 2 0 0  |
 ├────────────────────┼──────────────────────────────────────────────────────────────────┤
 | 0x000000000000225f | 1 0 0 1 0 0 1 0 0 1 0 0 1 0 0 1 0 0 1 0 0 1 0 0 1 0 0 1 0 0 1 0  |
 ├────────────────────┼──────────────────────────────────────────────────────────────────┤
 | 0x000000000000225a | 0 0 0 0 2 0 0 0 0 0 0 0 0 0 0 0 0 1 0 0 0 0 0 0 0 0 0 0 0 0 2 0  |
 ├────────────────────┼──────────────────────────────────────────────────────────────────┤
 | 0x0000000000002266 | 0 0 0 0 0 0 0 1 0 0 0 0 1 0 0 0 0 0 0 0 2 0 0 0 0 1 0 0 0 0 0 0  |
 ├────────────────────┼──────────────────────────────────────────────────────────────────┤
 | 0x0000000000002283 | 1 0 0 1 0 0 1 0 0 1 0 0 1 0 0 1 0 0 1 0 0 1 0 0 1 0 0 1 0 0 1 0  |
 ├────────────────────┼──────────────────────────────────────────────────────────────────┤
 | 0x0000000000009e47 | 2 2 2 2 2 2 2 2 2 2 2 2 2 2 2 2 2 2 2 2 2 0 0 2 2 2 2 2 2 2 2 2  |
 ├────────────────────┼──────────────────────────────────────────────────────────────────┤
 | 0x0000000000009ea9 | 2 2 2 2 2 2 2 2 2 2 2 2 2 2 2 2 2 2 2 2 2 2 2 0 0 2 2 2 2 2 2 2  |
 ├────────────────────┼──────────────────────────────────────────────────────────────────┤
 | 0x000000000000226d | 0 0 1 0 0 1 0 0 1 0 0 1 0 0 1 0 0 1 0 0 1 0 0 1 0 0 1 0 0 1 0 0  |
 ├────────────────────┼──────────────────────────────────────────────────────────────────┤
 | 0x0000000000009ea3 | 2 2 2 2 2 2 2 2 2 2 2 1 2 2 2 2 2 2 2 2 0 0 0 2 2 2 2 2 2 2 2 2  |
 ├────────────────────┼──────────────────────────────────────────────────────────────────┤
 | 0x0000000000002261 | 0 0 0 0 0 0 0 0 0 0 1 0 0 0 0 0 0 0 0 0 0 0 0 1 0 0 0 0 0 0 0 0  |
 ├────────────────────┼──────────────────────────────────────────────────────────────────┤
 | 0x0000000000007d3e | 1 0 0 0 0 0 0 0 1 0 0 0 0 1 0 0 0 0 0 0 0 1 0 0 0 0 2 0 0 0 0 0  |
 ├────────────────────┼──────────────────────────────────────────────────────────────────┤
 | 0x0000000000002285 | 0 2 0 0 2 0 0 2 0 0 2 0 0 2 0 0 2 0 0 2 0 0 2 0 0 1 0 0 1 0 0 1  |
 ├────────────────────┼──────────────────────────────────────────────────────────────────┤
 | 0x0000000000009d71 | 2 2 2 2 2 2 2 2 2 2 1 1 2 2 2 2 2 2 2 2 2 2 2 0 0 2 2 2 2 2 2 2  |
 ├────────────────────┼──────────────────────────────────────────────────────────────────┤
 | 0x0000000000007d43 | 0 1 0 0 1 0 0 1 0 0 1 0 0 1 0 0 1 0 0 1 0 0 1 0 0 1 0 0 1 0 0 1  |
 ├────────────────────┼──────────────────────────────────────────────────────────────────┤
 | 0x0000000000002270 | 0 0 1 0 0 1 0 0 1 0 0 1 0 0 1 0 0 1 0 0 1 0 0 1 0 0 1 0 0 1 0 0  |
 ├────────────────────┼──────────────────────────────────────────────────────────────────┤
 | 0x0000000000002264 | 0 0 1 0 0 1 0 0 1 0 0 1 0 0 1 0 0 1 0 0 1 0 0 1 0 0 1 0 0 2 0 0  |
 ├────────────────────┼──────────────────────────────────────────────────────────────────┤
 | 0x0000000000009e45 | 2 2 2 2 2 2 2 1 2 2 2 2 2 2 2 2 2 2 2 0 0 2 2 2 2 2 2 2 2 2 2 2  |
 ├────────────────────┼──────────────────────────────────────────────────────────────────┤
 | 0x000000000000810f | 1 2 2 2 2 2 2 2 2 2 2 2 2 2 2 2 2 2 2 2 2 2 2 2 2 2 2 2 2 1 0 0  |
 ├────────────────────┼──────────────────────────────────────────────────────────────────┤
 | 0x0000000000009db6 | 2 2 2 2 2 2 2 0 0 2 2 2 2 2 2 2 2 2 2 2 2 2 2 2 2 2 2 2 2 2 2 2  |
 ├────────────────────┼──────────────────────────────────────────────────────────────────┤
 | 0x0000000000009d7f | 2 2 2 2 2 2 2 2 2 2 2 2 2 2 1 2 1 1 2 1 2 2 2 2 2 2 2 2 0 0 0 1  |
 ├────────────────────┼──────────────────────────────────────────────────────────────────┤
 | 0x0000000000007d42 | 1 0 0 1 0 0 1 0 0 1 0 0 1 0 0 1 0 0 1 0 0 1 0 0 1 0 0 1 0 0 1 0  |
 ├────────────────────┼──────────────────────────────────────────────────────────────────┤
 | 0x0000000000002265 | 1 0 0 1 0 0 1 0 0 1 0 0 1 0 0 1 0 0 1 0 0 1 0 0 1 0 0 1 0 0 1 0  |
 └────────────────────┴──────────────────────────────────────────────────────────────────┘
Prefetch buffer end
Filter by PPT: 0
cpu3_L2C
Num Con Filled: 0
Num Con Useful: 0 Useless:0 Accuracy: -nan
cpu2_L2C
Num Con Filled: 0
Num Con Useful: 0 Useless:0 Accuracy: -nan
cpu1_L2C
Num Con Filled: 0
Num Con Useful: 0 Useless:0 Accuracy: -nan
cpu0_L2C
Num Con Filled: 0
Num Con Useful: 0 Useless:0 Accuracy: -nan
LLC
