41 41 41
Available num physical pages: 35184372088576
WARNING: physical memory size is smaller than virtual memory size

*** ChampSim Multicore Out-of-Order Simulator ***

Warmup Instructions: 20000000
Simulation Instructions: 25000000
Number of CPUs: 4
Page size: 4096

Basic BTB sets: 1024 ways: 8 indirect buffer size: 4096 RAS size: 64
Basic BTB sets: 1024 ways: 8 indirect buffer size: 4096 RAS size: 64
Basic BTB sets: 1024 ways: 8 indirect buffer size: 4096 RAS size: 64
Basic BTB sets: 1024 ways: 8 indirect buffer size: 4096 RAS size: 64
cpu0_L1D PMP Adaptive prefetcher CLIP Filter
cpu1_L1D PMP Adaptive prefetcher CLIP Filter
cpu2_L1D PMP Adaptive prefetcher CLIP Filter
cpu3_L1D PMP Adaptive prefetcher CLIP Filter
Off-chip DRAM Size: 8 GiB Channels: 1 Width: 64-bit Data Rate: 3200 MT/s
Heartbeat CPU 3 instructions: 10000002 cycles: 2500125 heartbeat IPC: 3.99981 cumulative IPC: 3.99981 (Simulation time: 0 hr 1 min 24 sec) 
Heartbeat CPU 1 instructions: 10000001 cycles: 2500153 heartbeat IPC: 3.99976 cumulative IPC: 3.99976 (Simulation time: 0 hr 1 min 24 sec) 
Heartbeat CPU 0 instructions: 10000000 cycles: 2538874 heartbeat IPC: 3.93876 cumulative IPC: 3.93876 (Simulation time: 0 hr 1 min 25 sec) 
Heartbeat CPU 2 instructions: 10000001 cycles: 2642331 heartbeat IPC: 3.78454 cumulative IPC: 3.78454 (Simulation time: 0 hr 1 min 29 sec) 
Heartbeat CPU 3 instructions: 20000002 cycles: 5000125 heartbeat IPC: 4 cumulative IPC: 3.99991 (Simulation time: 0 hr 2 min 55 sec) 
Max paddr 45M
Warmup finished CPU 3 instructions: 20000002 cycles: 5000126 cumulative IPC: 3.9999 (Simulation time: 0 hr 2 min 55 sec) 
Heartbeat CPU 1 instructions: 20000001 cycles: 5000153 heartbeat IPC: 4 cumulative IPC: 3.99988 (Simulation time: 0 hr 2 min 55 sec) 
Max paddr 45M
Warmup finished CPU 1 instructions: 20000001 cycles: 5000154 cumulative IPC: 3.99988 (Simulation time: 0 hr 2 min 55 sec) 
Heartbeat CPU 2 instructions: 20000002 cycles: 5251180 heartbeat IPC: 3.83311 cumulative IPC: 3.80867 (Simulation time: 0 hr 3 min 4 sec) 
Max paddr 46M
Warmup finished CPU 2 instructions: 20000002 cycles: 5251181 cumulative IPC: 3.80867 (Simulation time: 0 hr 3 min 4 sec) 
Heartbeat CPU 0 instructions: 20000000 cycles: 5480343 heartbeat IPC: 3.39967 cumulative IPC: 3.64941 (Simulation time: 0 hr 3 min 12 sec) 
Max paddr 47M
Warmup finished CPU 0 instructions: 20000000 cycles: 5480344 cumulative IPC: 3.64941 (Simulation time: 0 hr 3 min 12 sec) 

Warmup complete CPU 0 instructions: 20000000 cycles: 5480344 (Simulation time: 0 hr 3 min 12 sec) 


Warmup complete CPU 1 instructions: 21920761 cycles: 5480344 (Simulation time: 0 hr 3 min 12 sec) 


Warmup complete CPU 2 instructions: 20888733 cycles: 5480344 (Simulation time: 0 hr 3 min 12 sec) 


Warmup complete CPU 3 instructions: 21920874 cycles: 5480344 (Simulation time: 0 hr 3 min 12 sec) 

Heartbeat CPU 1 instructions: 30000003 cycles: 8038827 heartbeat IPC: 3.29091 cumulative IPC: 3.15783 (Simulation time: 0 hr 4 min 14 sec) 
Heartbeat CPU 3 instructions: 30000001 cycles: 8816221 heartbeat IPC: 2.62048 cumulative IPC: 2.42189 (Simulation time: 0 hr 4 min 32 sec) 
Heartbeat CPU 1 instructions: 40000002 cycles: 10998066 heartbeat IPC: 3.37925 cumulative IPC: 3.27658 (Simulation time: 0 hr 5 min 27 sec) 
Heartbeat CPU 0 instructions: 30000000 cycles: 11432791 heartbeat IPC: 1.67999 cumulative IPC: 1.67999 (Simulation time: 0 hr 5 min 39 sec) 
Heartbeat CPU 3 instructions: 40000000 cycles: 12831934 heartbeat IPC: 2.49022 cumulative IPC: 2.45922 (Simulation time: 0 hr 6 min 13 sec) 
Max paddr 52M
Simulation finished CPU 1 instructions: 25000004 cycles: 7613216 cumulative IPC: 3.28377 (Simulation time: 0 hr 6 min 18 sec) 
Heartbeat CPU 1 instructions: 50000003 cycles: 14100323 heartbeat IPC: 3.22346 cumulative IPC: 3.25747 (Simulation time: 0 hr 6 min 38 sec) 
Max paddr 53M
Simulation finished CPU 3 instructions: 25000002 cycles: 10352211 cumulative IPC: 2.41495 (Simulation time: 0 hr 7 min 15 sec) 
Heartbeat CPU 3 instructions: 50000004 cycles: 17136198 heartbeat IPC: 2.32328 cumulative IPC: 2.40902 (Simulation time: 0 hr 7 min 41 sec) 
Heartbeat CPU 1 instructions: 60000002 cycles: 17326863 heartbeat IPC: 3.0993 cumulative IPC: 3.21439 (Simulation time: 0 hr 7 min 46 sec) 
Heartbeat CPU 1 instructions: 70000001 cycles: 20702500 heartbeat IPC: 2.96241 cumulative IPC: 3.15851 (Simulation time: 0 hr 9 min 2 sec) 
Heartbeat CPU 3 instructions: 60000002 cycles: 20971262 heartbeat IPC: 2.60752 cumulative IPC: 2.45816 (Simulation time: 0 hr 9 min 10 sec) 
Heartbeat CPU 0 instructions: 40000003 cycles: 21958506 heartbeat IPC: 0.950055 cumulative IPC: 1.21373 (Simulation time: 0 hr 9 min 35 sec) 
Heartbeat CPU 1 instructions: 80000002 cycles: 24025893 heartbeat IPC: 3.00898 cumulative IPC: 3.13171 (Simulation time: 0 hr 10 min 27 sec) 
Heartbeat CPU 3 instructions: 70000003 cycles: 25122326 heartbeat IPC: 2.40903 cumulative IPC: 2.44778 (Simulation time: 0 hr 10 min 50 sec) 
Heartbeat CPU 1 instructions: 90000001 cycles: 27698677 heartbeat IPC: 2.72273 cumulative IPC: 3.06411 (Simulation time: 0 hr 11 min 45 sec) 
Heartbeat CPU 3 instructions: 80000001 cycles: 29787792 heartbeat IPC: 2.14341 cumulative IPC: 2.38936 (Simulation time: 0 hr 12 min 30 sec) 
Max paddr 60M
Simulation finished CPU 0 instructions: 25000002 cycles: 24741082 cumulative IPC: 1.01047 (Simulation time: 0 hr 12 min 39 sec) 
Heartbeat CPU 1 instructions: 100000000 cycles: 31612060 heartbeat IPC: 2.55534 cumulative IPC: 2.98792 (Simulation time: 0 hr 13 min 12 sec) 
Heartbeat CPU 3 instructions: 90000000 cycles: 33575766 heartbeat IPC: 2.63994 cumulative IPC: 2.42314 (Simulation time: 0 hr 13 min 57 sec) 
Heartbeat CPU 2 instructions: 30000004 cycles: 33750997 heartbeat IPC: 0.35088 cumulative IPC: 0.322288 (Simulation time: 0 hr 14 min 1 sec) 
Heartbeat CPU 1 instructions: 110000002 cycles: 34846083 heartbeat IPC: 3.09213 cumulative IPC: 2.99939 (Simulation time: 0 hr 14 min 25 sec) 
Heartbeat CPU 0 instructions: 50000000 cycles: 37197434 heartbeat IPC: 0.656214 cumulative IPC: 0.945863 (Simulation time: 0 hr 15 min 21 sec) 
Heartbeat CPU 3 instructions: 100000003 cycles: 37673867 heartbeat IPC: 2.44016 cumulative IPC: 2.42531 (Simulation time: 0 hr 15 min 35 sec) 
Heartbeat CPU 1 instructions: 120000002 cycles: 38133976 heartbeat IPC: 3.04147 cumulative IPC: 3.00363 (Simulation time: 0 hr 15 min 48 sec) 
Heartbeat CPU 1 instructions: 130000000 cycles: 41115636 heartbeat IPC: 3.35384 cumulative IPC: 3.03293 (Simulation time: 0 hr 17 min 5 sec) 
Heartbeat CPU 3 instructions: 110000002 cycles: 41739204 heartbeat IPC: 2.45983 cumulative IPC: 2.42918 (Simulation time: 0 hr 17 min 18 sec) 
Heartbeat CPU 0 instructions: 60000003 cycles: 43904115 heartbeat IPC: 1.49106 cumulative IPC: 1.04103 (Simulation time: 0 hr 18 min 14 sec) 
Heartbeat CPU 1 instructions: 140000004 cycles: 44397095 heartbeat IPC: 3.04743 cumulative IPC: 3.03415 (Simulation time: 0 hr 18 min 26 sec) 
Heartbeat CPU 3 instructions: 120000001 cycles: 45921477 heartbeat IPC: 2.39105 cumulative IPC: 2.42524 (Simulation time: 0 hr 19 min 1 sec) 
Heartbeat CPU 1 instructions: 150000001 cycles: 47565129 heartbeat IPC: 3.15654 cumulative IPC: 3.04337 (Simulation time: 0 hr 19 min 41 sec) 
Heartbeat CPU 3 instructions: 130000003 cycles: 49894234 heartbeat IPC: 2.51715 cumulative IPC: 2.43346 (Simulation time: 0 hr 20 min 33 sec) 
Heartbeat CPU 1 instructions: 160000004 cycles: 51132963 heartbeat IPC: 2.80283 cumulative IPC: 3.02457 (Simulation time: 0 hr 21 min 1 sec) 
Heartbeat CPU 3 instructions: 140000002 cycles: 53991425 heartbeat IPC: 2.4407 cumulative IPC: 2.43407 (Simulation time: 0 hr 22 min 3 sec) 
Heartbeat CPU 1 instructions: 170000004 cycles: 54252035 heartbeat IPC: 3.20609 cumulative IPC: 3.03618 (Simulation time: 0 hr 22 min 9 sec) 
Heartbeat CPU 3 instructions: 150000001 cycles: 58160583 heartbeat IPC: 2.39857 cumulative IPC: 2.43126 (Simulation time: 0 hr 23 min 39 sec) 
Heartbeat CPU 1 instructions: 180000002 cycles: 58458186 heartbeat IPC: 2.37748 cumulative IPC: 2.98388 (Simulation time: 0 hr 23 min 48 sec) 
Heartbeat CPU 0 instructions: 70000001 cycles: 58565415 heartbeat IPC: 0.682068 cumulative IPC: 0.941885 (Simulation time: 0 hr 23 min 50 sec) 
Heartbeat CPU 1 instructions: 190000002 cycles: 61904329 heartbeat IPC: 2.9018 cumulative IPC: 2.97887 (Simulation time: 0 hr 25 min 18 sec) 
Heartbeat CPU 3 instructions: 160000000 cycles: 62160101 heartbeat IPC: 2.50031 cumulative IPC: 2.43613 (Simulation time: 0 hr 25 min 24 sec) 
Heartbeat CPU 2 instructions: 40000000 cycles: 64538621 heartbeat IPC: 0.324806 cumulative IPC: 0.323601 (Simulation time: 0 hr 26 min 17 sec) 
Heartbeat CPU 1 instructions: 200000003 cycles: 65065199 heartbeat IPC: 3.16369 cumulative IPC: 2.98867 (Simulation time: 0 hr 26 min 29 sec) 
Heartbeat CPU 3 instructions: 170000001 cycles: 66564527 heartbeat IPC: 2.27045 cumulative IPC: 2.42419 (Simulation time: 0 hr 26 min 58 sec) 
Heartbeat CPU 0 instructions: 80000002 cycles: 67984343 heartbeat IPC: 1.0617 cumulative IPC: 0.959939 (Simulation time: 0 hr 27 min 27 sec) 
Heartbeat CPU 1 instructions: 210000000 cycles: 68373563 heartbeat IPC: 3.02265 cumulative IPC: 2.99046 (Simulation time: 0 hr 27 min 36 sec) 
Heartbeat CPU 3 instructions: 180000001 cycles: 71262996 heartbeat IPC: 2.12836 cumulative IPC: 2.40306 (Simulation time: 0 hr 28 min 35 sec) 
Heartbeat CPU 1 instructions: 220000000 cycles: 71446537 heartbeat IPC: 3.25418 cumulative IPC: 3.00274 (Simulation time: 0 hr 28 min 39 sec) 
Heartbeat CPU 1 instructions: 230000002 cycles: 74623453 heartbeat IPC: 3.14771 cumulative IPC: 3.0094 (Simulation time: 0 hr 29 min 57 sec) 
Heartbeat CPU 0 instructions: 90000003 cycles: 75045907 heartbeat IPC: 1.41612 cumulative IPC: 1.00625 (Simulation time: 0 hr 30 min 5 sec) 
Heartbeat CPU 3 instructions: 190000001 cycles: 75083962 heartbeat IPC: 2.61714 cumulative IPC: 2.41481 (Simulation time: 0 hr 30 min 6 sec) 
Heartbeat CPU 1 instructions: 240000002 cycles: 78034900 heartbeat IPC: 2.93131 cumulative IPC: 3.00573 (Simulation time: 0 hr 31 min 5 sec) 
Heartbeat CPU 3 instructions: 200000002 cycles: 79320167 heartbeat IPC: 2.36061 cumulative IPC: 2.4117 (Simulation time: 0 hr 31 min 30 sec) 
Heartbeat CPU 1 instructions: 250000002 cycles: 81670595 heartbeat IPC: 2.75051 cumulative IPC: 2.99355 (Simulation time: 0 hr 32 min 25 sec) 
Max paddr 81M
Simulation finished CPU 2 instructions: 25000004 cycles: 77673641 cumulative IPC: 0.32186 (Simulation time: 0 hr 33 min 0 sec) 

Simulation complete CPU 0 instructions: 75249017 cycles: 77673641 (Simulation time: 0 hr 33 min 0 sec) 


Simulation complete CPU 1 instructions: 232355507 cycles: 77673641 (Simulation time: 0 hr 33 min 0 sec) 


Simulation complete CPU 2 instructions: 25000004 cycles: 77673641 (Simulation time: 0 hr 33 min 0 sec) 


Simulation complete CPU 3 instructions: 187345557 cycles: 77673641 (Simulation time: 0 hr 33 min 0 sec) 


ChampSim completed all CPUs

[
  {
    "name": "Simulation",
    "traces": [
      "../../traces/429.mcf-217B.champsimtrace.xz",
      "../../traces/403.gcc-48B.champsimtrace.xz",
      "../../traces/450.soplex-247B.champsimtrace.xz",
      "../../traces/400.perlbench-50B.champsimtrace.xz"
    ],
    "roi": {
      "cores": [
        {
          "instructions": 25000002,
          "cycles": 24741082,
          "Avg ROB occupancy at mispredict": 79.3109, 
          "mispredict": {
            "BRANCH_DIRECT_JUMP": 0,
            "BRANCH_INDIRECT": 0,
            "BRANCH_CONDITIONAL": 64230,
            "BRANCH_DIRECT_CALL": 0,
            "BRANCH_INDIRECT_CALL": 0,
            "BRANCH_RETURN": 0
          }
        },
        {
          "instructions": 25000004,
          "cycles": 7613216,
          "Avg ROB occupancy at mispredict": 61.9719, 
          "mispredict": {
            "BRANCH_DIRECT_JUMP": 12,
            "BRANCH_INDIRECT": 0,
            "BRANCH_CONDITIONAL": 21874,
            "BRANCH_DIRECT_CALL": 98,
            "BRANCH_INDIRECT_CALL": 2,
            "BRANCH_RETURN": 101
          }
        },
        {
          "instructions": 25000004,
          "cycles": 77673641,
          "Avg ROB occupancy at mispredict": 11.2407, 
          "mispredict": {
            "BRANCH_DIRECT_JUMP": 19,
            "BRANCH_INDIRECT": 6,
            "BRANCH_CONDITIONAL": 846739,
            "BRANCH_DIRECT_CALL": 3,
            "BRANCH_INDIRECT_CALL": 18,
            "BRANCH_RETURN": 23
          }
        },
        {
          "instructions": 25000002,
          "cycles": 10352211,
          "Avg ROB occupancy at mispredict": 37.283, 
          "mispredict": {
            "BRANCH_DIRECT_JUMP": 44,
            "BRANCH_INDIRECT": 128,
            "BRANCH_CONDITIONAL": 228145,
            "BRANCH_DIRECT_CALL": 20,
            "BRANCH_INDIRECT_CALL": 139,
            "BRANCH_RETURN": 50
          }
        }
      ],
      "cpu3_L1I": {
        "LOAD": {
          "hit":30059,
          "miss":3608
        },
        "RFO": {
          "hit":0,
          "miss":0
        },
        "PREFETCH": {
          "hit":0,
          "miss":0
        },
        "WRITE": {
          "hit":0,
          "miss":0
        },
        "TRANSLATION": {
          "hit":0,
          "miss":0
        },
        "mshr full": 0,
        "prefetch requested": 0,
        "prefetch issued": 0,
        "prefetch filled": 0,
        "prefetch useful": 0,
        "prefetch useless": 0,
        "prefetch late": 0,
        "pf_useful_at_l2_from_l1":          0,
        "pf_late_at_l2_from_l1":          0,
        "pf_useless_at_l2_from_l1":          0,
        "pf_at_l2_to_l1":          0,
        "pf_fill_this_level":          0,
        "miss latency": 3.94753,
        "cache queues": {
          "PQ_ACCESS": 0,
          "PQ_FULL": 0,
          "PQ_TO_CACHE": 0,
          "PQ_MERGED": 0,
          "RQ_ACCESS": 291494,
          "RQ_MERGED": 636,
          "RQ_FULL": 0,
          "WQ_ACCESS": 0,
          "WQ_MERGED": 0,
          "WQ_FULL": 0
        }
      },
      "cpu3_ITLB": {
        "LOAD": {
          "hit":33357,
          "miss":5
        },
        "RFO": {
          "hit":0,
          "miss":0
        },
        "PREFETCH": {
          "hit":0,
          "miss":0
        },
        "WRITE": {
          "hit":0,
          "miss":0
        },
        "TRANSLATION": {
          "hit":0,
          "miss":0
        },
        "mshr full": 0,
        "prefetch requested": 0,
        "prefetch issued": 0,
        "prefetch filled": 0,
        "prefetch useful": 0,
        "prefetch useless": 0,
        "prefetch late": 0,
        "pf_useful_at_l2_from_l1":          0,
        "pf_late_at_l2_from_l1":          0,
        "pf_useless_at_l2_from_l1":          0,
        "pf_at_l2_to_l1":          0,
        "pf_fill_this_level":          0,
        "miss latency": 9.77501,
        "cache queues": {
          "PQ_ACCESS": 0,
          "PQ_FULL": 0,
          "PQ_TO_CACHE": 0,
          "PQ_MERGED": 0,
          "RQ_ACCESS": 288916,
          "RQ_MERGED": 0,
          "RQ_FULL": 0,
          "WQ_ACCESS": 0,
          "WQ_MERGED": 0,
          "WQ_FULL": 0
        }
      },
      "cpu3_DTLB": {
        "LOAD": {
          "hit":8383322,
          "miss":4868
        },
        "RFO": {
          "hit":0,
          "miss":0
        },
        "PREFETCH": {
          "hit":0,
          "miss":0
        },
        "WRITE": {
          "hit":0,
          "miss":0
        },
        "TRANSLATION": {
          "hit":0,
          "miss":0
        },
        "mshr full": 0,
        "prefetch requested": 0,
        "prefetch issued": 0,
        "prefetch filled": 0,
        "prefetch useful": 0,
        "prefetch useless": 0,
        "prefetch late": 0,
        "pf_useful_at_l2_from_l1":          0,
        "pf_late_at_l2_from_l1":          0,
        "pf_useless_at_l2_from_l1":          0,
        "pf_at_l2_to_l1":          0,
        "pf_fill_this_level":          0,
        "miss latency": 7.12067,
        "cache queues": {
          "PQ_ACCESS": 0,
          "PQ_FULL": 0,
          "PQ_TO_CACHE": 0,
          "PQ_MERGED": 0,
          "RQ_ACCESS": 65607193,
          "RQ_MERGED": 0,
          "RQ_FULL": 45065,
          "WQ_ACCESS": 0,
          "WQ_MERGED": 0,
          "WQ_FULL": 0
        }
      },
      "cpu2_L1I": {
        "LOAD": {
          "hit":1799,
          "miss":147
        },
        "RFO": {
          "hit":0,
          "miss":0
        },
        "PREFETCH": {
          "hit":0,
          "miss":0
        },
        "WRITE": {
          "hit":0,
          "miss":0
        },
        "TRANSLATION": {
          "hit":0,
          "miss":0
        },
        "mshr full": 0,
        "prefetch requested": 0,
        "prefetch issued": 0,
        "prefetch filled": 0,
        "prefetch useful": 0,
        "prefetch useless": 0,
        "prefetch late": 0,
        "pf_useful_at_l2_from_l1":          0,
        "pf_late_at_l2_from_l1":          0,
        "pf_useless_at_l2_from_l1":          0,
        "pf_at_l2_to_l1":          0,
        "pf_fill_this_level":          0,
        "miss latency": 12.1523,
        "cache queues": {
          "PQ_ACCESS": 0,
          "PQ_FULL": 0,
          "PQ_TO_CACHE": 0,
          "PQ_MERGED": 0,
          "RQ_ACCESS": 1978,
          "RQ_MERGED": 32,
          "RQ_FULL": 0,
          "WQ_ACCESS": 0,
          "WQ_MERGED": 0,
          "WQ_FULL": 0
        }
      },
      "cpu2_ITLB": {
        "LOAD": {
          "hit":1880,
          "miss":0
        },
        "RFO": {
          "hit":0,
          "miss":0
        },
        "PREFETCH": {
          "hit":0,
          "miss":0
        },
        "WRITE": {
          "hit":0,
          "miss":0
        },
        "TRANSLATION": {
          "hit":0,
          "miss":0
        },
        "mshr full": 0,
        "prefetch requested": 0,
        "prefetch issued": 0,
        "prefetch filled": 0,
        "prefetch useful": 0,
        "prefetch useless": 0,
        "prefetch late": 0,
        "pf_useful_at_l2_from_l1":          0,
        "pf_late_at_l2_from_l1":          0,
        "pf_useless_at_l2_from_l1":          0,
        "pf_at_l2_to_l1":          0,
        "pf_fill_this_level":          0,
        "miss latency": null,
        "cache queues": {
          "PQ_ACCESS": 0,
          "PQ_FULL": 0,
          "PQ_TO_CACHE": 0,
          "PQ_MERGED": 0,
          "RQ_ACCESS": 1880,
          "RQ_MERGED": 0,
          "RQ_FULL": 0,
          "WQ_ACCESS": 0,
          "WQ_MERGED": 0,
          "WQ_FULL": 0
        }
      },
      "cpu2_DTLB": {
        "LOAD": {
          "hit":7643267,
          "miss":335900
        },
        "RFO": {
          "hit":0,
          "miss":0
        },
        "PREFETCH": {
          "hit":0,
          "miss":0
        },
        "WRITE": {
          "hit":0,
          "miss":0
        },
        "TRANSLATION": {
          "hit":0,
          "miss":0
        },
        "mshr full": 18107,
        "prefetch requested": 0,
        "prefetch issued": 0,
        "prefetch filled": 0,
        "prefetch useful": 0,
        "prefetch useless": 0,
        "prefetch late": 0,
        "pf_useful_at_l2_from_l1":          0,
        "pf_late_at_l2_from_l1":          0,
        "pf_useless_at_l2_from_l1":          0,
        "pf_at_l2_to_l1":          0,
        "pf_fill_this_level":          0,
        "miss latency": 0.726726,
        "cache queues": {
          "PQ_ACCESS": 0,
          "PQ_FULL": 0,
          "PQ_TO_CACHE": 0,
          "PQ_MERGED": 0,
          "RQ_ACCESS": 8647176,
          "RQ_MERGED": 0,
          "RQ_FULL": 668009,
          "WQ_ACCESS": 0,
          "WQ_MERGED": 0,
          "WQ_FULL": 0
        }
      },
      "cpu1_L1I": {
        "LOAD": {
          "hit":1782,
          "miss":0
        },
        "RFO": {
          "hit":0,
          "miss":0
        },
        "PREFETCH": {
          "hit":0,
          "miss":0
        },
        "WRITE": {
          "hit":0,
          "miss":0
        },
        "TRANSLATION": {
          "hit":0,
          "miss":0
        },
        "mshr full": 0,
        "prefetch requested": 0,
        "prefetch issued": 0,
        "prefetch filled": 0,
        "prefetch useful": 0,
        "prefetch useless": 0,
        "prefetch late": 0,
        "pf_useful_at_l2_from_l1":          0,
        "pf_late_at_l2_from_l1":          0,
        "pf_useless_at_l2_from_l1":          0,
        "pf_at_l2_to_l1":          0,
        "pf_fill_this_level":          0,
        "miss latency": null,
        "cache queues": {
          "PQ_ACCESS": 0,
          "PQ_FULL": 0,
          "PQ_TO_CACHE": 0,
          "PQ_MERGED": 0,
          "RQ_ACCESS": 18596,
          "RQ_MERGED": 37,
          "RQ_FULL": 0,
          "WQ_ACCESS": 0,
          "WQ_MERGED": 0,
          "WQ_FULL": 0
        }
      },
      "cpu1_ITLB": {
        "LOAD": {
          "hit":1753,
          "miss":0
        },
        "RFO": {
          "hit":0,
          "miss":0
        },
        "PREFETCH": {
          "hit":0,
          "miss":0
        },
        "WRITE": {
          "hit":0,
          "miss":0
        },
        "TRANSLATION": {
          "hit":0,
          "miss":0
        },
        "mshr full": 0,
        "prefetch requested": 0,
        "prefetch issued": 0,
        "prefetch filled": 0,
        "prefetch useful": 0,
        "prefetch useless": 0,
        "prefetch late": 0,
        "pf_useful_at_l2_from_l1":          0,
        "pf_late_at_l2_from_l1":          0,
        "pf_useless_at_l2_from_l1":          0,
        "pf_at_l2_to_l1":          0,
        "pf_fill_this_level":          0,
        "miss latency": null,
        "cache queues": {
          "PQ_ACCESS": 0,
          "PQ_FULL": 0,
          "PQ_TO_CACHE": 0,
          "PQ_MERGED": 0,
          "RQ_ACCESS": 18272,
          "RQ_MERGED": 0,
          "RQ_FULL": 0,
          "WQ_ACCESS": 0,
          "WQ_MERGED": 0,
          "WQ_FULL": 0
        }
      },
      "cpu1_DTLB": {
        "LOAD": {
          "hit":7891189,
          "miss":6551
        },
        "RFO": {
          "hit":0,
          "miss":0
        },
        "PREFETCH": {
          "hit":0,
          "miss":0
        },
        "WRITE": {
          "hit":0,
          "miss":0
        },
        "TRANSLATION": {
          "hit":0,
          "miss":0
        },
        "mshr full": 0,
        "prefetch requested": 0,
        "prefetch issued": 0,
        "prefetch filled": 0,
        "prefetch useful": 0,
        "prefetch useless": 0,
        "prefetch late": 0,
        "pf_useful_at_l2_from_l1":          0,
        "pf_late_at_l2_from_l1":          0,
        "pf_useless_at_l2_from_l1":          0,
        "pf_at_l2_to_l1":          0,
        "pf_fill_this_level":          0,
        "miss latency": 18.1783,
        "cache queues": {
          "PQ_ACCESS": 0,
          "PQ_FULL": 0,
          "PQ_TO_CACHE": 0,
          "PQ_MERGED": 0,
          "RQ_ACCESS": 73345400,
          "RQ_MERGED": 0,
          "RQ_FULL": 0,
          "WQ_ACCESS": 0,
          "WQ_MERGED": 0,
          "WQ_FULL": 0
        }
      },
      "cpu0_L1I": {
        "LOAD": {
          "hit":0,
          "miss":0
        },
        "RFO": {
          "hit":0,
          "miss":0
        },
        "PREFETCH": {
          "hit":0,
          "miss":0
        },
        "WRITE": {
          "hit":0,
          "miss":0
        },
        "TRANSLATION": {
          "hit":0,
          "miss":0
        },
        "mshr full": 0,
        "prefetch requested": 0,
        "prefetch issued": 0,
        "prefetch filled": 0,
        "prefetch useful": 0,
        "prefetch useless": 0,
        "prefetch late": 0,
        "pf_useful_at_l2_from_l1":          0,
        "pf_late_at_l2_from_l1":          0,
        "pf_useless_at_l2_from_l1":          0,
        "pf_at_l2_to_l1":          0,
        "pf_fill_this_level":          0,
        "miss latency": null,
        "cache queues": {
          "PQ_ACCESS": 0,
          "PQ_FULL": 0,
          "PQ_TO_CACHE": 0,
          "PQ_MERGED": 0,
          "RQ_ACCESS": 0,
          "RQ_MERGED": 0,
          "RQ_FULL": 0,
          "WQ_ACCESS": 0,
          "WQ_MERGED": 0,
          "WQ_FULL": 0
        }
      },
      "cpu0_ITLB": {
        "LOAD": {
          "hit":0,
          "miss":0
        },
        "RFO": {
          "hit":0,
          "miss":0
        },
        "PREFETCH": {
          "hit":0,
          "miss":0
        },
        "WRITE": {
          "hit":0,
          "miss":0
        },
        "TRANSLATION": {
          "hit":0,
          "miss":0
        },
        "mshr full": 0,
        "prefetch requested": 0,
        "prefetch issued": 0,
        "prefetch filled": 0,
        "prefetch useful": 0,
        "prefetch useless": 0,
        "prefetch late": 0,
        "pf_useful_at_l2_from_l1":          0,
        "pf_late_at_l2_from_l1":          0,
        "pf_useless_at_l2_from_l1":          0,
        "pf_at_l2_to_l1":          0,
        "pf_fill_this_level":          0,
        "miss latency": null,
        "cache queues": {
          "PQ_ACCESS": 0,
          "PQ_FULL": 0,
          "PQ_TO_CACHE": 0,
          "PQ_MERGED": 0,
          "RQ_ACCESS": 0,
          "RQ_MERGED": 0,
          "RQ_FULL": 0,
          "WQ_ACCESS": 0,
          "WQ_MERGED": 0,
          "WQ_FULL": 0
        }
      },
      "cpu0_DTLB": {
        "LOAD": {
          "hit":11290690,
          "miss":195073
        },
        "RFO": {
          "hit":0,
          "miss":0
        },
        "PREFETCH": {
          "hit":0,
          "miss":0
        },
        "WRITE": {
          "hit":0,
          "miss":0
        },
        "TRANSLATION": {
          "hit":0,
          "miss":0
        },
        "mshr full": 0,
        "prefetch requested": 0,
        "prefetch issued": 0,
        "prefetch filled": 0,
        "prefetch useful": 0,
        "prefetch useless": 0,
        "prefetch late": 0,
        "pf_useful_at_l2_from_l1":          0,
        "pf_late_at_l2_from_l1":          0,
        "pf_useless_at_l2_from_l1":          0,
        "pf_at_l2_to_l1":          0,
        "pf_fill_this_level":          0,
        "miss latency": 1.55762,
        "cache queues": {
          "PQ_ACCESS": 0,
          "PQ_FULL": 0,
          "PQ_TO_CACHE": 0,
          "PQ_MERGED": 0,
          "RQ_ACCESS": 35504382,
          "RQ_MERGED": 0,
          "RQ_FULL": 666845,
          "WQ_ACCESS": 0,
          "WQ_MERGED": 0,
          "WQ_FULL": 0
        }
      },
      "cpu3_STLB": {
        "LOAD": {
          "hit":2122,
          "miss":256
        },
        "RFO": {
          "hit":0,
          "miss":0
        },
        "PREFETCH": {
          "hit":0,
          "miss":0
        },
        "WRITE": {
          "hit":0,
          "miss":0
        },
        "TRANSLATION": {
          "hit":0,
          "miss":0
        },
        "mshr full": 0,
        "prefetch requested": 0,
        "prefetch issued": 0,
        "prefetch filled": 0,
        "prefetch useful": 0,
        "prefetch useless": 0,
        "prefetch late": 0,
        "pf_useful_at_l2_from_l1":          0,
        "pf_late_at_l2_from_l1":          0,
        "pf_useless_at_l2_from_l1":          0,
        "pf_at_l2_to_l1":          0,
        "pf_fill_this_level":          0,
        "miss latency": 110.785,
        "cache queues": {
          "PQ_ACCESS": 0,
          "PQ_FULL": 0,
          "PQ_TO_CACHE": 0,
          "PQ_MERGED": 0,
          "RQ_ACCESS": 13016,
          "RQ_MERGED": 0,
          "RQ_FULL": 0,
          "WQ_ACCESS": 0,
          "WQ_MERGED": 0,
          "WQ_FULL": 0
        }
      },
      "cpu2_STLB": {
        "LOAD": {
          "hit":112649,
          "miss":19865
        },
        "RFO": {
          "hit":0,
          "miss":0
        },
        "PREFETCH": {
          "hit":0,
          "miss":0
        },
        "WRITE": {
          "hit":0,
          "miss":0
        },
        "TRANSLATION": {
          "hit":0,
          "miss":0
        },
        "mshr full": 0,
        "prefetch requested": 0,
        "prefetch issued": 0,
        "prefetch filled": 0,
        "prefetch useful": 0,
        "prefetch useless": 0,
        "prefetch late": 0,
        "pf_useful_at_l2_from_l1":          0,
        "pf_late_at_l2_from_l1":          0,
        "pf_useless_at_l2_from_l1":          0,
        "pf_at_l2_to_l1":          0,
        "pf_fill_this_level":          0,
        "miss latency": 8.86307,
        "cache queues": {
          "PQ_ACCESS": 0,
          "PQ_FULL": 0,
          "PQ_TO_CACHE": 0,
          "PQ_MERGED": 0,
          "RQ_ACCESS": 132514,
          "RQ_MERGED": 0,
          "RQ_FULL": 0,
          "WQ_ACCESS": 0,
          "WQ_MERGED": 0,
          "WQ_FULL": 0
        }
      },
      "cpu1_STLB": {
        "LOAD": {
          "hit":3996,
          "miss":567
        },
        "RFO": {
          "hit":0,
          "miss":0
        },
        "PREFETCH": {
          "hit":0,
          "miss":0
        },
        "WRITE": {
          "hit":0,
          "miss":0
        },
        "TRANSLATION": {
          "hit":0,
          "miss":0
        },
        "mshr full": 0,
        "prefetch requested": 0,
        "prefetch issued": 0,
        "prefetch filled": 0,
        "prefetch useful": 0,
        "prefetch useless": 0,
        "prefetch late": 0,
        "pf_useful_at_l2_from_l1":          0,
        "pf_late_at_l2_from_l1":          0,
        "pf_useless_at_l2_from_l1":          0,
        "pf_at_l2_to_l1":          0,
        "pf_fill_this_level":          0,
        "miss latency": 168.198,
        "cache queues": {
          "PQ_ACCESS": 0,
          "PQ_FULL": 0,
          "PQ_TO_CACHE": 0,
          "PQ_MERGED": 0,
          "RQ_ACCESS": 47398,
          "RQ_MERGED": 0,
          "RQ_FULL": 0,
          "WQ_ACCESS": 0,
          "WQ_MERGED": 0,
          "WQ_FULL": 0
        }
      },
      "cpu0_STLB": {
        "LOAD": {
          "hit":16581,
          "miss":17193
        },
        "RFO": {
          "hit":0,
          "miss":0
        },
        "PREFETCH": {
          "hit":0,
          "miss":0
        },
        "WRITE": {
          "hit":0,
          "miss":0
        },
        "TRANSLATION": {
          "hit":0,
          "miss":0
        },
        "mshr full": 0,
        "prefetch requested": 0,
        "prefetch issued": 0,
        "prefetch filled": 0,
        "prefetch useful": 0,
        "prefetch useless": 0,
        "prefetch late": 0,
        "pf_useful_at_l2_from_l1":          0,
        "pf_late_at_l2_from_l1":          0,
        "pf_useless_at_l2_from_l1":          0,
        "pf_at_l2_to_l1":          0,
        "pf_fill_this_level":          0,
        "miss latency": 10.7941,
        "cache queues": {
          "PQ_ACCESS": 0,
          "PQ_FULL": 0,
          "PQ_TO_CACHE": 0,
          "PQ_MERGED": 0,
          "RQ_ACCESS": 238211,
          "RQ_MERGED": 0,
          "RQ_FULL": 0,
          "WQ_ACCESS": 0,
          "WQ_MERGED": 0,
          "WQ_FULL": 0
        }
      },
      "cpu3_L1D": {
        "LOAD": {
          "hit":5410639,
          "miss":7224
        },
        "RFO": {
          "hit":0,
          "miss":0
        },
        "PREFETCH": {
          "hit":67,
          "miss":2
        },
        "WRITE": {
          "hit":3183369,
          "miss":579
        },
        "TRANSLATION": {
          "hit":23,
          "miss":234
        },
        "mshr full": 212,
        "prefetch requested": 539,
        "prefetch issued": 539,
        "prefetch filled": 1,
        "prefetch useful": 0,
        "prefetch useless": 1,
        "prefetch late": 0,
        "pf_useful_at_l2_from_l1":          0,
        "pf_late_at_l2_from_l1":          0,
        "pf_useless_at_l2_from_l1":          0,
        "pf_at_l2_to_l1":          0,
        "pf_fill_this_level":          1,
        "miss latency": 85.5842,
        "cache queues": {
          "PQ_ACCESS": 539,
          "PQ_FULL": 0,
          "PQ_TO_CACHE": 539,
          "PQ_MERGED": 0,
          "RQ_ACCESS": 42760130,
          "RQ_MERGED": 1216173,
          "RQ_FULL": 0,
          "WQ_ACCESS": 25920700,
          "WQ_MERGED": 141678,
          "WQ_FULL": 0
        }
      },
      "cpu2_L1D": {
        "LOAD": {
          "hit":4455693,
          "miss":2256305
        },
        "RFO": {
          "hit":0,
          "miss":0
        },
        "PREFETCH": {
          "hit":32710,
          "miss":2064
        },
        "WRITE": {
          "hit":916297,
          "miss":560725
        },
        "TRANSLATION": {
          "hit":7588,
          "miss":12044
        },
        "mshr full": 9711909,
        "prefetch requested": 34799,
        "prefetch issued": 34799,
        "prefetch filled": 108,
        "prefetch useful": 100,
        "prefetch useless": 9,
        "prefetch late": 1,
        "pf_useful_at_l2_from_l1":          0,
        "pf_late_at_l2_from_l1":          0,
        "pf_useless_at_l2_from_l1":          0,
        "pf_at_l2_to_l1":          0,
        "pf_fill_this_level":        108,
        "miss latency": 9.33642,
        "cache queues": {
          "PQ_ACCESS": 34799,
          "PQ_FULL": 0,
          "PQ_TO_CACHE": 34799,
          "PQ_MERGED": 22,
          "RQ_ACCESS": 90950623,
          "RQ_MERGED": 751954,
          "RQ_FULL": 83486638,
          "WQ_ACCESS": 3068985,
          "WQ_MERGED": 357,
          "WQ_FULL": 1591606
        }
      },
      "cpu1_L1D": {
        "LOAD": {
          "hit":3685895,
          "miss":26316
        },
        "RFO": {
          "hit":0,
          "miss":0
        },
        "PREFETCH": {
          "hit":1619,
          "miss":2129
        },
        "WRITE": {
          "hit":4512071,
          "miss":3595
        },
        "TRANSLATION": {
          "hit":27,
          "miss":540
        },
        "mshr full": 0,
        "prefetch requested": 38504,
        "prefetch issued": 38504,
        "prefetch filled": 153,
        "prefetch useful": 4,
        "prefetch useless": 148,
        "prefetch late": 0,
        "pf_useful_at_l2_from_l1":          0,
        "pf_late_at_l2_from_l1":          0,
        "pf_useless_at_l2_from_l1":          0,
        "pf_at_l2_to_l1":          0,
        "pf_fill_this_level":        153,
        "miss latency": 70.259,
        "cache queues": {
          "PQ_ACCESS": 38504,
          "PQ_FULL": 0,
          "PQ_TO_CACHE": 38504,
          "PQ_MERGED": 0,
          "RQ_ACCESS": 34784718,
          "RQ_MERGED": 312965,
          "RQ_FULL": 0,
          "WQ_ACCESS": 42248170,
          "WQ_MERGED": 284670,
          "WQ_FULL": 0
        }
      },
      "cpu0_L1D": {
        "LOAD": {
          "hit":5220574,
          "miss":1256712
        },
        "RFO": {
          "hit":0,
          "miss":0
        },
        "PREFETCH": {
          "hit":10615,
          "miss":975
        },
        "WRITE": {
          "hit":5406283,
          "miss":1743
        },
        "TRANSLATION": {
          "hit":12925,
          "miss":4273
        },
        "mshr full": 19372571,
        "prefetch requested": 35800,
        "prefetch issued": 35800,
        "prefetch filled": 86,
        "prefetch useful": 51,
        "prefetch useless": 37,
        "prefetch late": 2,
        "pf_useful_at_l2_from_l1":          0,
        "pf_late_at_l2_from_l1":          0,
        "pf_useless_at_l2_from_l1":          0,
        "pf_at_l2_to_l1":          0,
        "pf_fill_this_level":         86,
        "miss latency": 25.4645,
        "cache queues": {
          "PQ_ACCESS": 35800,
          "PQ_FULL": 0,
          "PQ_TO_CACHE": 35800,
          "PQ_MERGED": 0,
          "RQ_ACCESS": 531728923,
          "RQ_MERGED": 1023276,
          "RQ_FULL": 509681351,
          "WQ_ACCESS": 15308049,
          "WQ_MERGED": 395574,
          "WQ_FULL": 0
        }
      },
      "cpu3_L2C": {
        "LOAD": {
          "hit":2513,
          "miss":2886
        },
        "RFO": {
          "hit":93,
          "miss":94
        },
        "PREFETCH": {
          "hit":0,
          "miss":2
        },
        "WRITE": {
          "hit":293,
          "miss":0
        },
        "TRANSLATION": {
          "hit":102,
          "miss":132
        },
        "mshr full": 0,
        "prefetch requested": 0,
        "prefetch issued": 0,
        "prefetch filled": 11,
        "prefetch useful": 0,
        "prefetch useless": 0,
        "prefetch late": 0,
        "pf_useful_at_l2_from_l1":          5,
        "pf_late_at_l2_from_l1":          0,
        "pf_useless_at_l2_from_l1":          1,
        "pf_at_l2_to_l1":          0,
        "pf_fill_this_level":         10,
        "miss latency": 210.663,
        "cache queues": {
          "PQ_ACCESS": 26,
          "PQ_FULL": 0,
          "PQ_TO_CACHE": 26,
          "PQ_MERGED": 0,
          "RQ_ACCESS": 31403,
          "RQ_MERGED": 0,
          "RQ_FULL": 0,
          "WQ_ACCESS": 1560,
          "WQ_MERGED": 0,
          "WQ_FULL": 0
        }
      },
      "cpu2_L2C": {
        "LOAD": {
          "hit":215137,
          "miss":843128
        },
        "RFO": {
          "hit":20072,
          "miss":140414
        },
        "PREFETCH": {
          "hit":1399,
          "miss":589
        },
        "WRITE": {
          "hit":485905,
          "miss":0
        },
        "TRANSLATION": {
          "hit":5147,
          "miss":6897
        },
        "mshr full": 0,
        "prefetch requested": 0,
        "prefetch issued": 0,
        "prefetch filled": 571,
        "prefetch useful": 0,
        "prefetch useless": 0,
        "prefetch late": 0,
        "pf_useful_at_l2_from_l1":        273,
        "pf_late_at_l2_from_l1":         17,
        "pf_useless_at_l2_from_l1":        207,
        "pf_at_l2_to_l1":          0,
        "pf_fill_this_level":        463,
        "miss latency": 22.857,
        "cache queues": {
          "PQ_ACCESS": 1990,
          "PQ_FULL": 0,
          "PQ_TO_CACHE": 1990,
          "PQ_MERGED": 2,
          "RQ_ACCESS": 1230876,
          "RQ_MERGED": 0,
          "RQ_FULL": 0,
          "WQ_ACCESS": 485913,
          "WQ_MERGED": 0,
          "WQ_FULL": 0
        }
      },
      "cpu1_L2C": {
        "LOAD": {
          "hit":15447,
          "miss":5071
        },
        "RFO": {
          "hit":65,
          "miss":726
        },
        "PREFETCH": {
          "hit":1633,
          "miss":495
        },
        "WRITE": {
          "hit":2053,
          "miss":0
        },
        "TRANSLATION": {
          "hit":365,
          "miss":175
        },
        "mshr full": 0,
        "prefetch requested": 0,
        "prefetch issued": 0,
        "prefetch filled": 2923,
        "prefetch useful": 0,
        "prefetch useless": 0,
        "prefetch late": 0,
        "pf_useful_at_l2_from_l1":        113,
        "pf_late_at_l2_from_l1":          4,
        "pf_useless_at_l2_from_l1":       2221,
        "pf_at_l2_to_l1":         37,
        "pf_fill_this_level":       2880,
        "miss latency": 337.013,
        "cache queues": {
          "PQ_ACCESS": 22090,
          "PQ_FULL": 0,
          "PQ_TO_CACHE": 22090,
          "PQ_MERGED": 0,
          "RQ_ACCESS": 211201,
          "RQ_MERGED": 0,
          "RQ_FULL": 0,
          "WQ_ACCESS": 20258,
          "WQ_MERGED": 0,
          "WQ_FULL": 0
        }
      },
      "cpu0_L2C": {
        "LOAD": {
          "hit":7649,
          "miss":938724
        },
        "RFO": {
          "hit":464,
          "miss":55
        },
        "PREFETCH": {
          "hit":479,
          "miss":484
        },
        "WRITE": {
          "hit":21364,
          "miss":0
        },
        "TRANSLATION": {
          "hit":2783,
          "miss":1490
        },
        "mshr full": 0,
        "prefetch requested": 0,
        "prefetch issued": 0,
        "prefetch filled": 1376,
        "prefetch useful": 0,
        "prefetch useless": 0,
        "prefetch late": 0,
        "pf_useful_at_l2_from_l1":        916,
        "pf_late_at_l2_from_l1":          3,
        "pf_useless_at_l2_from_l1":        364,
        "pf_at_l2_to_l1":          1,
        "pf_fill_this_level":       1296,
        "miss latency": 31.1085,
        "cache queues": {
          "PQ_ACCESS": 2820,
          "PQ_FULL": 0,
          "PQ_TO_CACHE": 2820,
          "PQ_MERGED": 0,
          "RQ_ACCESS": 4320832,
          "RQ_MERGED": 0,
          "RQ_FULL": 0,
          "WQ_ACCESS": 76893,
          "WQ_MERGED": 0,
          "WQ_FULL": 0
        }
      },
      "LLC": {
        "LOAD": {
          "hit": [685609, 3, 214463, 0],
          "miss": [253121, 5068, 628643, 2886]
        },
        "RFO": {
          "hit": [44, 0, 82864, 0],
          "miss": [11, 726, 57550, 94]
        },
        "PREFETCH": {
          "hit": [22, 2, 196, 0],
          "miss": [462, 493, 392, 2]
        },
        "WRITE": {
          "hit": [14615, 62, 357367, 0],
          "miss": [0, 0, 0, 0]
        },
        "TRANSLATION": {
          "hit": [1036, 0, 2521, 0],
          "miss": [454, 175, 4376, 132]
        },
        "mshr full": 0,
        "prefetch requested": 0,
        "prefetch issued": 0,
        "prefetch filled": 4625,
        "prefetch useful": 0,
        "prefetch useless": 0,
        "prefetch late": 0,
        "pf_useful_at_l2_from_l1":          0,
        "pf_late_at_l2_from_l1":          0,
        "pf_useless_at_l2_from_l1":          0,
        "pf_at_l2_to_l1":          0,
        "pf_fill_this_level":          0,
        "miss latency": 49.9788,
        "cache queues": {
          "PQ_ACCESS": 4905,
          "PQ_FULL": 0,
          "PQ_TO_CACHE": 4905,
          "PQ_MERGED": 0,
          "RQ_ACCESS": 5346003,
          "RQ_MERGED": 0,
          "RQ_FULL": 0,
          "WQ_ACCESS": 428299,
          "WQ_MERGED": 0,
          "WQ_FULL": 0
        }
      },
      "DRAM": [
        {
          "RQ ROW_BUFFER_HIT": 651289,
          "RQ ROW_BUFFER_MISS": 937202,
          "PQ FULL": 0,
          "WQ ROW_BUFFER_HIT": 23547,
          "WQ ROW_BUFFER_MISS": 221892,
          "WQ FULL": 0,
          "AVG DBUS CONGESTED CYCLE": 3.94565
        }
      ]

    },
    "sim": {
      "cores": [
        {
          "instructions": 75249017,
          "cycles": 77673641,
          "Avg ROB occupancy at mispredict": 77.2226, 
          "mispredict": {
            "BRANCH_DIRECT_JUMP": 0,
            "BRANCH_INDIRECT": 0,
            "BRANCH_CONDITIONAL": 196130,
            "BRANCH_DIRECT_CALL": 0,
            "BRANCH_INDIRECT_CALL": 0,
            "BRANCH_RETURN": 0
          }
        },
        {
          "instructions": 232355507,
          "cycles": 77673641,
          "Avg ROB occupancy at mispredict": 63.2021, 
          "mispredict": {
            "BRANCH_DIRECT_JUMP": 89,
            "BRANCH_INDIRECT": 1,
            "BRANCH_CONDITIONAL": 206463,
            "BRANCH_DIRECT_CALL": 854,
            "BRANCH_INDIRECT_CALL": 17,
            "BRANCH_RETURN": 847
          }
        },
        {
          "instructions": 25000004,
          "cycles": 77673641,
          "Avg ROB occupancy at mispredict": 11.2407, 
          "mispredict": {
            "BRANCH_DIRECT_JUMP": 19,
            "BRANCH_INDIRECT": 6,
            "BRANCH_CONDITIONAL": 846739,
            "BRANCH_DIRECT_CALL": 3,
            "BRANCH_INDIRECT_CALL": 18,
            "BRANCH_RETURN": 23
          }
        },
        {
          "instructions": 187345557,
          "cycles": 77673641,
          "Avg ROB occupancy at mispredict": 38.5389, 
          "mispredict": {
            "BRANCH_DIRECT_JUMP": 398,
            "BRANCH_INDIRECT": 61585,
            "BRANCH_CONDITIONAL": 1536259,
            "BRANCH_DIRECT_CALL": 773,
            "BRANCH_INDIRECT_CALL": 776,
            "BRANCH_RETURN": 219
          }
        }
      ],
      "cpu3_L1I": {
        "LOAD": {
          "hit":270928,
          "miss":19930
        },
        "RFO": {
          "hit":0,
          "miss":0
        },
        "PREFETCH": {
          "hit":0,
          "miss":0
        },
        "WRITE": {
          "hit":0,
          "miss":0
        },
        "TRANSLATION": {
          "hit":0,
          "miss":0
        },
        "mshr full": 0,
        "prefetch requested": 0,
        "prefetch issued": 0,
        "prefetch filled": 0,
        "prefetch useful": 0,
        "prefetch useless": 0,
        "prefetch late": 0,
        "pf_useful_at_l2_from_l1":          0,
        "pf_late_at_l2_from_l1":          0,
        "pf_useless_at_l2_from_l1":          0,
        "pf_at_l2_to_l1":          0,
        "pf_fill_this_level":          0,
        "miss latency": 0.714636,
        "cache queues": {
          "PQ_ACCESS": 0,
          "PQ_FULL": 0,
          "PQ_TO_CACHE": 0,
          "PQ_MERGED": 0,
          "RQ_ACCESS": 291494,
          "RQ_MERGED": 636,
          "RQ_FULL": 0,
          "WQ_ACCESS": 0,
          "WQ_MERGED": 0,
          "WQ_FULL": 0
        }
      },
      "cpu3_ITLB": {
        "LOAD": {
          "hit":288911,
          "miss":5
        },
        "RFO": {
          "hit":0,
          "miss":0
        },
        "PREFETCH": {
          "hit":0,
          "miss":0
        },
        "WRITE": {
          "hit":0,
          "miss":0
        },
        "TRANSLATION": {
          "hit":0,
          "miss":0
        },
        "mshr full": 0,
        "prefetch requested": 0,
        "prefetch issued": 0,
        "prefetch filled": 0,
        "prefetch useful": 0,
        "prefetch useless": 0,
        "prefetch late": 0,
        "pf_useful_at_l2_from_l1":          0,
        "pf_late_at_l2_from_l1":          0,
        "pf_useless_at_l2_from_l1":          0,
        "pf_at_l2_to_l1":          0,
        "pf_fill_this_level":          0,
        "miss latency": 9.77501,
        "cache queues": {
          "PQ_ACCESS": 0,
          "PQ_FULL": 0,
          "PQ_TO_CACHE": 0,
          "PQ_MERGED": 0,
          "RQ_ACCESS": 288916,
          "RQ_MERGED": 0,
          "RQ_FULL": 0,
          "WQ_ACCESS": 0,
          "WQ_MERGED": 0,
          "WQ_FULL": 0
        }
      },
      "cpu3_DTLB": {
        "LOAD": {
          "hit":65535387,
          "miss":26741
        },
        "RFO": {
          "hit":0,
          "miss":0
        },
        "PREFETCH": {
          "hit":0,
          "miss":0
        },
        "WRITE": {
          "hit":0,
          "miss":0
        },
        "TRANSLATION": {
          "hit":0,
          "miss":0
        },
        "mshr full": 0,
        "prefetch requested": 0,
        "prefetch issued": 0,
        "prefetch filled": 0,
        "prefetch useful": 0,
        "prefetch useless": 0,
        "prefetch late": 0,
        "pf_useful_at_l2_from_l1":          0,
        "pf_late_at_l2_from_l1":          0,
        "pf_useless_at_l2_from_l1":          0,
        "pf_at_l2_to_l1":          0,
        "pf_fill_this_level":          0,
        "miss latency": 1.29627,
        "cache queues": {
          "PQ_ACCESS": 0,
          "PQ_FULL": 0,
          "PQ_TO_CACHE": 0,
          "PQ_MERGED": 0,
          "RQ_ACCESS": 65607193,
          "RQ_MERGED": 0,
          "RQ_FULL": 45065,
          "WQ_ACCESS": 0,
          "WQ_MERGED": 0,
          "WQ_FULL": 0
        }
      },
      "cpu2_L1I": {
        "LOAD": {
          "hit":1799,
          "miss":147
        },
        "RFO": {
          "hit":0,
          "miss":0
        },
        "PREFETCH": {
          "hit":0,
          "miss":0
        },
        "WRITE": {
          "hit":0,
          "miss":0
        },
        "TRANSLATION": {
          "hit":0,
          "miss":0
        },
        "mshr full": 0,
        "prefetch requested": 0,
        "prefetch issued": 0,
        "prefetch filled": 0,
        "prefetch useful": 0,
        "prefetch useless": 0,
        "prefetch late": 0,
        "pf_useful_at_l2_from_l1":          0,
        "pf_late_at_l2_from_l1":          0,
        "pf_useless_at_l2_from_l1":          0,
        "pf_at_l2_to_l1":          0,
        "pf_fill_this_level":          0,
        "miss latency": 12.1523,
        "cache queues": {
          "PQ_ACCESS": 0,
          "PQ_FULL": 0,
          "PQ_TO_CACHE": 0,
          "PQ_MERGED": 0,
          "RQ_ACCESS": 1978,
          "RQ_MERGED": 32,
          "RQ_FULL": 0,
          "WQ_ACCESS": 0,
          "WQ_MERGED": 0,
          "WQ_FULL": 0
        }
      },
      "cpu2_ITLB": {
        "LOAD": {
          "hit":1880,
          "miss":0
        },
        "RFO": {
          "hit":0,
          "miss":0
        },
        "PREFETCH": {
          "hit":0,
          "miss":0
        },
        "WRITE": {
          "hit":0,
          "miss":0
        },
        "TRANSLATION": {
          "hit":0,
          "miss":0
        },
        "mshr full": 0,
        "prefetch requested": 0,
        "prefetch issued": 0,
        "prefetch filled": 0,
        "prefetch useful": 0,
        "prefetch useless": 0,
        "prefetch late": 0,
        "pf_useful_at_l2_from_l1":          0,
        "pf_late_at_l2_from_l1":          0,
        "pf_useless_at_l2_from_l1":          0,
        "pf_at_l2_to_l1":          0,
        "pf_fill_this_level":          0,
        "miss latency": null,
        "cache queues": {
          "PQ_ACCESS": 0,
          "PQ_FULL": 0,
          "PQ_TO_CACHE": 0,
          "PQ_MERGED": 0,
          "RQ_ACCESS": 1880,
          "RQ_MERGED": 0,
          "RQ_FULL": 0,
          "WQ_ACCESS": 0,
          "WQ_MERGED": 0,
          "WQ_FULL": 0
        }
      },
      "cpu2_DTLB": {
        "LOAD": {
          "hit":7643267,
          "miss":335900
        },
        "RFO": {
          "hit":0,
          "miss":0
        },
        "PREFETCH": {
          "hit":0,
          "miss":0
        },
        "WRITE": {
          "hit":0,
          "miss":0
        },
        "TRANSLATION": {
          "hit":0,
          "miss":0
        },
        "mshr full": 18107,
        "prefetch requested": 0,
        "prefetch issued": 0,
        "prefetch filled": 0,
        "prefetch useful": 0,
        "prefetch useless": 0,
        "prefetch late": 0,
        "pf_useful_at_l2_from_l1":          0,
        "pf_late_at_l2_from_l1":          0,
        "pf_useless_at_l2_from_l1":          0,
        "pf_at_l2_to_l1":          0,
        "pf_fill_this_level":          0,
        "miss latency": 0.726726,
        "cache queues": {
          "PQ_ACCESS": 0,
          "PQ_FULL": 0,
          "PQ_TO_CACHE": 0,
          "PQ_MERGED": 0,
          "RQ_ACCESS": 8647176,
          "RQ_MERGED": 0,
          "RQ_FULL": 668009,
          "WQ_ACCESS": 0,
          "WQ_MERGED": 0,
          "WQ_FULL": 0
        }
      },
      "cpu1_L1I": {
        "LOAD": {
          "hit":18557,
          "miss":2
        },
        "RFO": {
          "hit":0,
          "miss":0
        },
        "PREFETCH": {
          "hit":0,
          "miss":0
        },
        "WRITE": {
          "hit":0,
          "miss":0
        },
        "TRANSLATION": {
          "hit":0,
          "miss":0
        },
        "mshr full": 0,
        "prefetch requested": 0,
        "prefetch issued": 0,
        "prefetch filled": 0,
        "prefetch useful": 0,
        "prefetch useless": 0,
        "prefetch late": 0,
        "pf_useful_at_l2_from_l1":          0,
        "pf_late_at_l2_from_l1":          0,
        "pf_useless_at_l2_from_l1":          0,
        "pf_at_l2_to_l1":          0,
        "pf_fill_this_level":          0,
        "miss latency": 43.625,
        "cache queues": {
          "PQ_ACCESS": 0,
          "PQ_FULL": 0,
          "PQ_TO_CACHE": 0,
          "PQ_MERGED": 0,
          "RQ_ACCESS": 18596,
          "RQ_MERGED": 37,
          "RQ_FULL": 0,
          "WQ_ACCESS": 0,
          "WQ_MERGED": 0,
          "WQ_FULL": 0
        }
      },
      "cpu1_ITLB": {
        "LOAD": {
          "hit":18272,
          "miss":0
        },
        "RFO": {
          "hit":0,
          "miss":0
        },
        "PREFETCH": {
          "hit":0,
          "miss":0
        },
        "WRITE": {
          "hit":0,
          "miss":0
        },
        "TRANSLATION": {
          "hit":0,
          "miss":0
        },
        "mshr full": 0,
        "prefetch requested": 0,
        "prefetch issued": 0,
        "prefetch filled": 0,
        "prefetch useful": 0,
        "prefetch useless": 0,
        "prefetch late": 0,
        "pf_useful_at_l2_from_l1":          0,
        "pf_late_at_l2_from_l1":          0,
        "pf_useless_at_l2_from_l1":          0,
        "pf_at_l2_to_l1":          0,
        "pf_fill_this_level":          0,
        "miss latency": null,
        "cache queues": {
          "PQ_ACCESS": 0,
          "PQ_FULL": 0,
          "PQ_TO_CACHE": 0,
          "PQ_MERGED": 0,
          "RQ_ACCESS": 18272,
          "RQ_MERGED": 0,
          "RQ_FULL": 0,
          "WQ_ACCESS": 0,
          "WQ_MERGED": 0,
          "WQ_FULL": 0
        }
      },
      "cpu1_DTLB": {
        "LOAD": {
          "hit":73280315,
          "miss":65086
        },
        "RFO": {
          "hit":0,
          "miss":0
        },
        "PREFETCH": {
          "hit":0,
          "miss":0
        },
        "WRITE": {
          "hit":0,
          "miss":0
        },
        "TRANSLATION": {
          "hit":0,
          "miss":0
        },
        "mshr full": 0,
        "prefetch requested": 0,
        "prefetch issued": 0,
        "prefetch filled": 0,
        "prefetch useful": 0,
        "prefetch useless": 0,
        "prefetch late": 0,
        "pf_useful_at_l2_from_l1":          0,
        "pf_late_at_l2_from_l1":          0,
        "pf_useless_at_l2_from_l1":          0,
        "pf_at_l2_to_l1":          0,
        "pf_fill_this_level":          0,
        "miss latency": 1.82968,
        "cache queues": {
          "PQ_ACCESS": 0,
          "PQ_FULL": 0,
          "PQ_TO_CACHE": 0,
          "PQ_MERGED": 0,
          "RQ_ACCESS": 73345400,
          "RQ_MERGED": 0,
          "RQ_FULL": 0,
          "WQ_ACCESS": 0,
          "WQ_MERGED": 0,
          "WQ_FULL": 0
        }
      },
      "cpu0_L1I": {
        "LOAD": {
          "hit":0,
          "miss":0
        },
        "RFO": {
          "hit":0,
          "miss":0
        },
        "PREFETCH": {
          "hit":0,
          "miss":0
        },
        "WRITE": {
          "hit":0,
          "miss":0
        },
        "TRANSLATION": {
          "hit":0,
          "miss":0
        },
        "mshr full": 0,
        "prefetch requested": 0,
        "prefetch issued": 0,
        "prefetch filled": 0,
        "prefetch useful": 0,
        "prefetch useless": 0,
        "prefetch late": 0,
        "pf_useful_at_l2_from_l1":          0,
        "pf_late_at_l2_from_l1":          0,
        "pf_useless_at_l2_from_l1":          0,
        "pf_at_l2_to_l1":          0,
        "pf_fill_this_level":          0,
        "miss latency": null,
        "cache queues": {
          "PQ_ACCESS": 0,
          "PQ_FULL": 0,
          "PQ_TO_CACHE": 0,
          "PQ_MERGED": 0,
          "RQ_ACCESS": 0,
          "RQ_MERGED": 0,
          "RQ_FULL": 0,
          "WQ_ACCESS": 0,
          "WQ_MERGED": 0,
          "WQ_FULL": 0
        }
      },
      "cpu0_ITLB": {
        "LOAD": {
          "hit":0,
          "miss":0
        },
        "RFO": {
          "hit":0,
          "miss":0
        },
        "PREFETCH": {
          "hit":0,
          "miss":0
        },
        "WRITE": {
          "hit":0,
          "miss":0
        },
        "TRANSLATION": {
          "hit":0,
          "miss":0
        },
        "mshr full": 0,
        "prefetch requested": 0,
        "prefetch issued": 0,
        "prefetch filled": 0,
        "prefetch useful": 0,
        "prefetch useless": 0,
        "prefetch late": 0,
        "pf_useful_at_l2_from_l1":          0,
        "pf_late_at_l2_from_l1":          0,
        "pf_useless_at_l2_from_l1":          0,
        "pf_at_l2_to_l1":          0,
        "pf_fill_this_level":          0,
        "miss latency": null,
        "cache queues": {
          "PQ_ACCESS": 0,
          "PQ_FULL": 0,
          "PQ_TO_CACHE": 0,
          "PQ_MERGED": 0,
          "RQ_ACCESS": 0,
          "RQ_MERGED": 0,
          "RQ_FULL": 0,
          "WQ_ACCESS": 0,
          "WQ_MERGED": 0,
          "WQ_FULL": 0
        }
      },
      "cpu0_DTLB": {
        "LOAD": {
          "hit":33276453,
          "miss":1561087
        },
        "RFO": {
          "hit":0,
          "miss":0
        },
        "PREFETCH": {
          "hit":0,
          "miss":0
        },
        "WRITE": {
          "hit":0,
          "miss":0
        },
        "TRANSLATION": {
          "hit":0,
          "miss":0
        },
        "mshr full": 0,
        "prefetch requested": 0,
        "prefetch issued": 0,
        "prefetch filled": 0,
        "prefetch useful": 0,
        "prefetch useless": 0,
        "prefetch late": 0,
        "pf_useful_at_l2_from_l1":          0,
        "pf_late_at_l2_from_l1":          0,
        "pf_useless_at_l2_from_l1":          0,
        "pf_at_l2_to_l1":          0,
        "pf_fill_this_level":          0,
        "miss latency": 0.194639,
        "cache queues": {
          "PQ_ACCESS": 0,
          "PQ_FULL": 0,
          "PQ_TO_CACHE": 0,
          "PQ_MERGED": 0,
          "RQ_ACCESS": 35504382,
          "RQ_MERGED": 0,
          "RQ_FULL": 666845,
          "WQ_ACCESS": 0,
          "WQ_MERGED": 0,
          "WQ_FULL": 0
        }
      },
      "cpu3_STLB": {
        "LOAD": {
          "hit":12063,
          "miss":953
        },
        "RFO": {
          "hit":0,
          "miss":0
        },
        "PREFETCH": {
          "hit":0,
          "miss":0
        },
        "WRITE": {
          "hit":0,
          "miss":0
        },
        "TRANSLATION": {
          "hit":0,
          "miss":0
        },
        "mshr full": 0,
        "prefetch requested": 0,
        "prefetch issued": 0,
        "prefetch filled": 0,
        "prefetch useful": 0,
        "prefetch useless": 0,
        "prefetch late": 0,
        "pf_useful_at_l2_from_l1":          0,
        "pf_late_at_l2_from_l1":          0,
        "pf_useless_at_l2_from_l1":          0,
        "pf_at_l2_to_l1":          0,
        "pf_fill_this_level":          0,
        "miss latency": 29.7596,
        "cache queues": {
          "PQ_ACCESS": 0,
          "PQ_FULL": 0,
          "PQ_TO_CACHE": 0,
          "PQ_MERGED": 0,
          "RQ_ACCESS": 13016,
          "RQ_MERGED": 0,
          "RQ_FULL": 0,
          "WQ_ACCESS": 0,
          "WQ_MERGED": 0,
          "WQ_FULL": 0
        }
      },
      "cpu2_STLB": {
        "LOAD": {
          "hit":112649,
          "miss":19865
        },
        "RFO": {
          "hit":0,
          "miss":0
        },
        "PREFETCH": {
          "hit":0,
          "miss":0
        },
        "WRITE": {
          "hit":0,
          "miss":0
        },
        "TRANSLATION": {
          "hit":0,
          "miss":0
        },
        "mshr full": 0,
        "prefetch requested": 0,
        "prefetch issued": 0,
        "prefetch filled": 0,
        "prefetch useful": 0,
        "prefetch useless": 0,
        "prefetch late": 0,
        "pf_useful_at_l2_from_l1":          0,
        "pf_late_at_l2_from_l1":          0,
        "pf_useless_at_l2_from_l1":          0,
        "pf_at_l2_to_l1":          0,
        "pf_fill_this_level":          0,
        "miss latency": 8.86307,
        "cache queues": {
          "PQ_ACCESS": 0,
          "PQ_FULL": 0,
          "PQ_TO_CACHE": 0,
          "PQ_MERGED": 0,
          "RQ_ACCESS": 132514,
          "RQ_MERGED": 0,
          "RQ_FULL": 0,
          "WQ_ACCESS": 0,
          "WQ_MERGED": 0,
          "WQ_FULL": 0
        }
      },
      "cpu1_STLB": {
        "LOAD": {
          "hit":42770,
          "miss":4628
        },
        "RFO": {
          "hit":0,
          "miss":0
        },
        "PREFETCH": {
          "hit":0,
          "miss":0
        },
        "WRITE": {
          "hit":0,
          "miss":0
        },
        "TRANSLATION": {
          "hit":0,
          "miss":0
        },
        "mshr full": 0,
        "prefetch requested": 0,
        "prefetch issued": 0,
        "prefetch filled": 0,
        "prefetch useful": 0,
        "prefetch useless": 0,
        "prefetch late": 0,
        "pf_useful_at_l2_from_l1":          0,
        "pf_late_at_l2_from_l1":          0,
        "pf_useless_at_l2_from_l1":          0,
        "pf_at_l2_to_l1":          0,
        "pf_fill_this_level":          0,
        "miss latency": 20.6068,
        "cache queues": {
          "PQ_ACCESS": 0,
          "PQ_FULL": 0,
          "PQ_TO_CACHE": 0,
          "PQ_MERGED": 0,
          "RQ_ACCESS": 47398,
          "RQ_MERGED": 0,
          "RQ_FULL": 0,
          "WQ_ACCESS": 0,
          "WQ_MERGED": 0,
          "WQ_FULL": 0
        }
      },
      "cpu0_STLB": {
        "LOAD": {
          "hit":164174,
          "miss":74037
        },
        "RFO": {
          "hit":0,
          "miss":0
        },
        "PREFETCH": {
          "hit":0,
          "miss":0
        },
        "WRITE": {
          "hit":0,
          "miss":0
        },
        "TRANSLATION": {
          "hit":0,
          "miss":0
        },
        "mshr full": 0,
        "prefetch requested": 0,
        "prefetch issued": 0,
        "prefetch filled": 0,
        "prefetch useful": 0,
        "prefetch useless": 0,
        "prefetch late": 0,
        "pf_useful_at_l2_from_l1":          0,
        "pf_late_at_l2_from_l1":          0,
        "pf_useless_at_l2_from_l1":          0,
        "pf_at_l2_to_l1":          0,
        "pf_fill_this_level":          0,
        "miss latency": 2.50661,
        "cache queues": {
          "PQ_ACCESS": 0,
          "PQ_FULL": 0,
          "PQ_TO_CACHE": 0,
          "PQ_MERGED": 0,
          "RQ_ACCESS": 238211,
          "RQ_MERGED": 0,
          "RQ_FULL": 0,
          "WQ_ACCESS": 0,
          "WQ_MERGED": 0,
          "WQ_FULL": 0
        }
      },
      "cpu3_L1D": {
        "LOAD": {
          "hit":41453646,
          "miss":38684
        },
        "RFO": {
          "hit":0,
          "miss":0
        },
        "PREFETCH": {
          "hit":513,
          "miss":26
        },
        "WRITE": {
          "hit":25775831,
          "miss":3191
        },
        "TRANSLATION": {
          "hit":57,
          "miss":896
        },
        "mshr full": 212,
        "prefetch requested": 539,
        "prefetch issued": 539,
        "prefetch filled": 1,
        "prefetch useful": 0,
        "prefetch useless": 1,
        "prefetch late": 0,
        "pf_useful_at_l2_from_l1":          0,
        "pf_late_at_l2_from_l1":          0,
        "pf_useless_at_l2_from_l1":          0,
        "pf_at_l2_to_l1":          0,
        "pf_fill_this_level":          1,
        "miss latency": 15.9853,
        "cache queues": {
          "PQ_ACCESS": 539,
          "PQ_FULL": 0,
          "PQ_TO_CACHE": 539,
          "PQ_MERGED": 0,
          "RQ_ACCESS": 42760130,
          "RQ_MERGED": 1216173,
          "RQ_FULL": 0,
          "WQ_ACCESS": 25920700,
          "WQ_MERGED": 141678,
          "WQ_FULL": 0
        }
      },
      "cpu2_L1D": {
        "LOAD": {
          "hit":4455693,
          "miss":2256305
        },
        "RFO": {
          "hit":0,
          "miss":0
        },
        "PREFETCH": {
          "hit":32710,
          "miss":2064
        },
        "WRITE": {
          "hit":916297,
          "miss":560725
        },
        "TRANSLATION": {
          "hit":7588,
          "miss":12044
        },
        "mshr full": 9711909,
        "prefetch requested": 34799,
        "prefetch issued": 34799,
        "prefetch filled": 108,
        "prefetch useful": 100,
        "prefetch useless": 9,
        "prefetch late": 1,
        "pf_useful_at_l2_from_l1":          0,
        "pf_late_at_l2_from_l1":          0,
        "pf_useless_at_l2_from_l1":          0,
        "pf_at_l2_to_l1":          0,
        "pf_fill_this_level":        108,
        "miss latency": 9.33642,
        "cache queues": {
          "PQ_ACCESS": 34799,
          "PQ_FULL": 0,
          "PQ_TO_CACHE": 34799,
          "PQ_MERGED": 22,
          "RQ_ACCESS": 90950623,
          "RQ_MERGED": 751954,
          "RQ_FULL": 83486638,
          "WQ_ACCESS": 3068985,
          "WQ_MERGED": 357,
          "WQ_FULL": 1591606
        }
      },
      "cpu1_L1D": {
        "LOAD": {
          "hit":34207693,
          "miss":255081
        },
        "RFO": {
          "hit":0,
          "miss":0
        },
        "PREFETCH": {
          "hit":16392,
          "miss":22112
        },
        "WRITE": {
          "hit":41926513,
          "miss":36984
        },
        "TRANSLATION": {
          "hit":280,
          "miss":4355
        },
        "mshr full": 0,
        "prefetch requested": 38504,
        "prefetch issued": 38504,
        "prefetch filled": 153,
        "prefetch useful": 4,
        "prefetch useless": 148,
        "prefetch late": 0,
        "pf_useful_at_l2_from_l1":          0,
        "pf_late_at_l2_from_l1":          0,
        "pf_useless_at_l2_from_l1":          0,
        "pf_at_l2_to_l1":          0,
        "pf_fill_this_level":        153,
        "miss latency": 7.23256,
        "cache queues": {
          "PQ_ACCESS": 38504,
          "PQ_FULL": 0,
          "PQ_TO_CACHE": 38504,
          "PQ_MERGED": 0,
          "RQ_ACCESS": 34784718,
          "RQ_MERGED": 312965,
          "RQ_FULL": 0,
          "WQ_ACCESS": 42248170,
          "WQ_MERGED": 284670,
          "WQ_FULL": 0
        }
      },
      "cpu0_L1D": {
        "LOAD": {
          "hit":15320369,
          "miss":5703934
        },
        "RFO": {
          "hit":0,
          "miss":0
        },
        "PREFETCH": {
          "hit":32936,
          "miss":2864
        },
        "WRITE": {
          "hit":14905794,
          "miss":6681
        },
        "TRANSLATION": {
          "hit":56830,
          "miss":17234
        },
        "mshr full": 19372571,
        "prefetch requested": 35800,
        "prefetch issued": 35800,
        "prefetch filled": 86,
        "prefetch useful": 51,
        "prefetch useless": 37,
        "prefetch late": 2,
        "pf_useful_at_l2_from_l1":          0,
        "pf_late_at_l2_from_l1":          0,
        "pf_useless_at_l2_from_l1":          0,
        "pf_at_l2_to_l1":          0,
        "pf_fill_this_level":         86,
        "miss latency": 5.6111,
        "cache queues": {
          "PQ_ACCESS": 35800,
          "PQ_FULL": 0,
          "PQ_TO_CACHE": 35800,
          "PQ_MERGED": 0,
          "RQ_ACCESS": 531728923,
          "RQ_MERGED": 1023276,
          "RQ_FULL": 509681351,
          "WQ_ACCESS": 15308049,
          "WQ_MERGED": 395574,
          "WQ_FULL": 0
        }
      },
      "cpu3_L2C": {
        "LOAD": {
          "hit":13962,
          "miss":15507
        },
        "RFO": {
          "hit":522,
          "miss":516
        },
        "PREFETCH": {
          "hit":15,
          "miss":11
        },
        "WRITE": {
          "hit":1556,
          "miss":0
        },
        "TRANSLATION": {
          "hit":491,
          "miss":405
        },
        "mshr full": 0,
        "prefetch requested": 0,
        "prefetch issued": 0,
        "prefetch filled": 11,
        "prefetch useful": 0,
        "prefetch useless": 0,
        "prefetch late": 0,
        "pf_useful_at_l2_from_l1":          5,
        "pf_late_at_l2_from_l1":          0,
        "pf_useless_at_l2_from_l1":          1,
        "pf_at_l2_to_l1":          0,
        "pf_fill_this_level":         10,
        "miss latency": 39.2398,
        "cache queues": {
          "PQ_ACCESS": 26,
          "PQ_FULL": 0,
          "PQ_TO_CACHE": 26,
          "PQ_MERGED": 0,
          "RQ_ACCESS": 31403,
          "RQ_MERGED": 0,
          "RQ_FULL": 0,
          "WQ_ACCESS": 1560,
          "WQ_MERGED": 0,
          "WQ_FULL": 0
        }
      },
      "cpu2_L2C": {
        "LOAD": {
          "hit":215137,
          "miss":843128
        },
        "RFO": {
          "hit":20072,
          "miss":140414
        },
        "PREFETCH": {
          "hit":1399,
          "miss":589
        },
        "WRITE": {
          "hit":485905,
          "miss":0
        },
        "TRANSLATION": {
          "hit":5147,
          "miss":6897
        },
        "mshr full": 0,
        "prefetch requested": 0,
        "prefetch issued": 0,
        "prefetch filled": 571,
        "prefetch useful": 0,
        "prefetch useless": 0,
        "prefetch late": 0,
        "pf_useful_at_l2_from_l1":        273,
        "pf_late_at_l2_from_l1":         17,
        "pf_useless_at_l2_from_l1":        207,
        "pf_at_l2_to_l1":          0,
        "pf_fill_this_level":        463,
        "miss latency": 22.857,
        "cache queues": {
          "PQ_ACCESS": 1990,
          "PQ_FULL": 0,
          "PQ_TO_CACHE": 1990,
          "PQ_MERGED": 2,
          "RQ_ACCESS": 1230876,
          "RQ_MERGED": 0,
          "RQ_FULL": 0,
          "WQ_ACCESS": 485913,
          "WQ_MERGED": 0,
          "WQ_FULL": 0
        }
      },
      "cpu1_L2C": {
        "LOAD": {
          "hit":149100,
          "miss":49858
        },
        "RFO": {
          "hit":673,
          "miss":7213
        },
        "PREFETCH": {
          "hit":19163,
          "miss":2927
        },
        "WRITE": {
          "hit":20234,
          "miss":0
        },
        "TRANSLATION": {
          "hit":2470,
          "miss":1885
        },
        "mshr full": 0,
        "prefetch requested": 0,
        "prefetch issued": 0,
        "prefetch filled": 2923,
        "prefetch useful": 0,
        "prefetch useless": 0,
        "prefetch late": 0,
        "pf_useful_at_l2_from_l1":        113,
        "pf_late_at_l2_from_l1":          4,
        "pf_useless_at_l2_from_l1":       2221,
        "pf_at_l2_to_l1":         37,
        "pf_fill_this_level":       2880,
        "miss latency": 34.5531,
        "cache queues": {
          "PQ_ACCESS": 22090,
          "PQ_FULL": 0,
          "PQ_TO_CACHE": 22090,
          "PQ_MERGED": 0,
          "RQ_ACCESS": 211201,
          "RQ_MERGED": 0,
          "RQ_FULL": 0,
          "WQ_ACCESS": 20258,
          "WQ_MERGED": 0,
          "WQ_FULL": 0
        }
      },
      "cpu0_L2C": {
        "LOAD": {
          "hit":28120,
          "miss":4273584
        },
        "RFO": {
          "hit":1606,
          "miss":244
        },
        "PREFETCH": {
          "hit":1440,
          "miss":1380
        },
        "WRITE": {
          "hit":76252,
          "miss":0
        },
        "TRANSLATION": {
          "hit":10858,
          "miss":6376
        },
        "mshr full": 0,
        "prefetch requested": 0,
        "prefetch issued": 0,
        "prefetch filled": 1376,
        "prefetch useful": 0,
        "prefetch useless": 0,
        "prefetch late": 0,
        "pf_useful_at_l2_from_l1":        916,
        "pf_late_at_l2_from_l1":          3,
        "pf_useless_at_l2_from_l1":        364,
        "pf_at_l2_to_l1":          1,
        "pf_fill_this_level":       1296,
        "miss latency": 6.83357,
        "cache queues": {
          "PQ_ACCESS": 2820,
          "PQ_FULL": 0,
          "PQ_TO_CACHE": 2820,
          "PQ_MERGED": 0,
          "RQ_ACCESS": 4320832,
          "RQ_MERGED": 0,
          "RQ_FULL": 0,
          "WQ_ACCESS": 76893,
          "WQ_MERGED": 0,
          "WQ_FULL": 0
        }
      },
      "LLC": {
        "LOAD": {
          "hit": [3457183, 98, 214463, 0],
          "miss": [816406, 49756, 628643, 15507]
        },
        "RFO": {
          "hit": [190, 1, 82864, 1],
          "miss": [54, 7212, 57550, 515]
        },
        "PREFETCH": {
          "hit": [58, 26, 196, 0],
          "miss": [1321, 2901, 392, 11]
        },
        "WRITE": {
          "hit": [53607, 1287, 357367, 1],
          "miss": [0, 0, 0, 0]
        },
        "TRANSLATION": {
          "hit": [4549, 6, 2521, 0],
          "miss": [1827, 1879, 4376, 405]
        },
        "mshr full": 0,
        "prefetch requested": 0,
        "prefetch issued": 0,
        "prefetch filled": 4625,
        "prefetch useful": 0,
        "prefetch useless": 0,
        "prefetch late": 0,
        "pf_useful_at_l2_from_l1":          0,
        "pf_late_at_l2_from_l1":          0,
        "pf_useless_at_l2_from_l1":          0,
        "pf_at_l2_to_l1":          0,
        "pf_fill_this_level":          0,
        "miss latency": 29.7533,
        "cache queues": {
          "PQ_ACCESS": 4905,
          "PQ_FULL": 0,
          "PQ_TO_CACHE": 4905,
          "PQ_MERGED": 0,
          "RQ_ACCESS": 5346003,
          "RQ_MERGED": 0,
          "RQ_FULL": 0,
          "WQ_ACCESS": 428299,
          "WQ_MERGED": 0,
          "WQ_FULL": 0
        }
      },
      "DRAM": [
        {
          "RQ ROW_BUFFER_HIT": 651289,
          "RQ ROW_BUFFER_MISS": 937202,
          "PQ FULL": 0,
          "WQ ROW_BUFFER_HIT": 23547,
          "WQ ROW_BUFFER_MISS": 221892,
          "WQ FULL": 0,
          "AVG DBUS CONGESTED CYCLE": 3.94565
        }
      ]

    }
  }
]
cpu3_ITLB
cpu3_DTLB
cpu2_ITLB
cpu2_DTLB
cpu1_ITLB
cpu1_DTLB
cpu0_ITLB
cpu0_DTLB
cpu3_STLB
cpu2_STLB
cpu1_STLB
cpu0_STLB
Prefetch Request to L1: 1980, Prefetch Request to L2: 107662
Invalid by Eviction: 995
Invalid by Max: 6153
Final L1D Threshold: 0.500
Final Demand Reserve: 25.0%

╔═══════════════════════════════════════╗
║       CLIP Filter Statistics         ║
╚═══════════════════════════════════════╝
[CLIP CPU3 Stats]
  Total candidates:        282925
  Prefetches issued:       539 (0.2%)
  Dropped (not critical):  205535 (72.7%)
  Dropped (low accuracy):  76851 (27.2%)
  Critical loads detected: 38896
  Phase changes:           0

Filter table begin
 ┌────────────────────┬─────────────┐
 | Region             | Offset      |
 ├────────────────────┼─────────────┤
 | 0x00000000000005d7 | 24          |
 ├────────────────────┼─────────────┤
 | 0x0000000000000642 | 11          |
 ├────────────────────┼─────────────┤
 | 0x0000000000000603 | 2           |
 ├────────────────────┼─────────────┤
 | 0x0000000000000666 | 17          |
 ├────────────────────┼─────────────┤
 | 0x00000000000005fa | 3           |
 ├────────────────────┼─────────────┤
 | 0x00000000000005f3 | 26          |
 ├────────────────────┼─────────────┤
 | 0x000000000000066f | 18          |
 ├────────────────────┼─────────────┤
 | 0x0000000000000667 | 27          |
 ├────────────────────┼─────────────┤
 | 0x00000000000005fb | 1           |
 ├────────────────────┼─────────────┤
 | 0x0000000000000546 | 17          |
 ├────────────────────┼─────────────┤
 | 0x0000000000000b6c | 31          |
 ├────────────────────┼─────────────┤
 | 0x00000000000005e9 | 0           |
 ├────────────────────┼─────────────┤
 | 0x0000000000000683 | 9           |
 ├────────────────────┼─────────────┤
 | 0x0000000000008a06 | 1           |
 ├────────────────────┼─────────────┤
 | 0x0000000000009f83 | 6           |
 ├────────────────────┼─────────────┤
 | 0x0000000000000601 | 14          |
 ├────────────────────┼─────────────┤
 | 0x00000000000005d5 | 16          |
 ├────────────────────┼─────────────┤
 | 0x000000000000063e | 1           |
 ├────────────────────┼─────────────┤
 | 0x0000000000000640 | 10          |
 ├────────────────────┼─────────────┤
 | 0x0000000000000698 | 2           |
 ├────────────────────┼─────────────┤
 | 0x00000000000005f9 | 24          |
 ├────────────────────┼─────────────┤
 | 0x0000000000007685 | 20          |
 ├────────────────────┼─────────────┤
 | 0x00000000000063bd | 19          |
 ├────────────────────┼─────────────┤
 | 0x0000000000009fc4 | 0           |
 ├────────────────────┼─────────────┤
 | 0x00000000000068d7 | 14          |
 ├────────────────────┼─────────────┤
 | 0x0000000000000543 | 30          |
 ├────────────────────┼─────────────┤
 | 0x000000000000062a | 13          |
 ├────────────────────┼─────────────┤
 | 0x00000000000005ec | 12          |
 ├────────────────────┼─────────────┤
 | 0x00000000000005e5 | 6           |
 ├────────────────────┼─────────────┤
 | 0x000000000000068c | 11          |
 ├────────────────────┼─────────────┤
 | 0x000000000000028f | 0           |
 ├────────────────────┼─────────────┤
 | 0x000000000000064e | 9           |
 ├────────────────────┼─────────────┤
 | 0x00000000000071cc | 2           |
 ├────────────────────┼─────────────┤
 | 0x0000000000000684 | 27          |
 ├────────────────────┼─────────────┤
 | 0x000000000000065c | 13          |
 ├────────────────────┼─────────────┤
 | 0x0000000000007436 | 28          |
 ├────────────────────┼─────────────┤
 | 0x000000000000063a | 13          |
 ├────────────────────┼─────────────┤
 | 0x0000000000000672 | 15          |
 ├────────────────────┼─────────────┤
 | 0x000000000000060c | 7           |
 ├────────────────────┼─────────────┤
 | 0x00000000000005f5 | 7           |
 ├────────────────────┼─────────────┤
 | 0x0000000000000644 | 2           |
 ├────────────────────┼─────────────┤
 | 0x0000000000000669 | 7           |
 ├────────────────────┼─────────────┤
 | 0x000000000000067b | 18          |
 ├────────────────────┼─────────────┤
 | 0x000000000000053e | 20          |
 ├────────────────────┼─────────────┤
 | 0x0000000000000686 | 29          |
 ├────────────────────┼─────────────┤
 | 0x0000000000000513 | 9           |
 ├────────────────────┼─────────────┤
 | 0x000000000000069d | 1           |
 ├────────────────────┼─────────────┤
 | 0x000000000000052c | 26          |
 ├────────────────────┼─────────────┤
 | 0x0000000000000616 | 17          |
 ├────────────────────┼─────────────┤
 | 0x000000000000051a | 20          |
 └────────────────────┴─────────────┘
Filter table end
Accumulation table begin
 ┌────────────────────┬─────────────┬─────────────┬──────────────────────────────────────────────────────────────────┐
 | Region             | Offset      | Second      | Pattern                                                          |
 ├────────────────────┼─────────────┼─────────────┼──────────────────────────────────────────────────────────────────┤
 | 0x0000000000009fd2 | 19          | 2           | 1 1 1 0 1 1 1 0 0 0 0 0 0 0 1 1 0 0 0 1 1 1 1 1 1 1 0 0 0 0 0 0  |
 ├────────────────────┼─────────────┼─────────────┼──────────────────────────────────────────────────────────────────┤
 | 0x0000000000000555 | 20          | 21          | 0 0 0 0 0 0 0 0 0 0 0 0 0 0 0 0 0 0 0 0 1 1 0 0 0 0 0 0 0 0 0 0  |
 ├────────────────────┼─────────────┼─────────────┼──────────────────────────────────────────────────────────────────┤
 | 0x0000000000009fd4 | 27          | 29          | 0 0 0 0 0 0 0 0 0 0 0 0 1 0 0 1 0 1 1 1 1 0 0 1 0 0 0 1 0 1 0 0  |
 ├────────────────────┼─────────────┼─────────────┼──────────────────────────────────────────────────────────────────┤
 | 0x00000000000006a0 | 4           | 5           | 0 0 0 0 1 1 1 1 1 1 1 1 1 1 1 1 1 1 1 1 1 1 1 1 1 1 1 1 1 1 1 1  |
 ├────────────────────┼─────────────┼─────────────┼──────────────────────────────────────────────────────────────────┤
 | 0x000000000000053a | 8           | 9           | 0 0 0 0 0 0 0 0 1 1 1 0 0 0 0 0 0 0 0 1 1 0 0 0 0 0 0 0 0 0 0 0  |
 ├────────────────────┼─────────────┼─────────────┼──────────────────────────────────────────────────────────────────┤
 | 0x0000000000000757 | 0           | 1           | 1 1 1 1 1 1 1 1 1 1 1 1 1 1 1 1 1 1 1 1 1 1 0 0 0 0 0 0 0 0 0 0  |
 ├────────────────────┼─────────────┼─────────────┼──────────────────────────────────────────────────────────────────┤
 | 0x0000000000000699 | 15          | 16          | 0 0 0 0 0 0 0 0 0 0 0 0 0 0 1 1 1 0 0 0 0 0 0 0 0 0 0 0 0 0 0 0  |
 ├────────────────────┼─────────────┼─────────────┼──────────────────────────────────────────────────────────────────┤
 | 0x000000000000055a | 26          | 27          | 0 0 0 0 0 0 0 0 0 0 0 0 0 0 0 0 0 0 0 0 0 0 0 0 0 0 1 1 1 1 1 1  |
 ├────────────────────┼─────────────┼─────────────┼──────────────────────────────────────────────────────────────────┤
 | 0x0000000000009fc9 | 31          | 28          | 0 0 0 0 0 0 0 0 0 0 0 0 0 0 0 0 0 0 0 0 0 0 0 0 0 0 0 1 1 0 1 1  |
 ├────────────────────┼─────────────┼─────────────┼──────────────────────────────────────────────────────────────────┤
 | 0x00000000000002cb | 3           | 0           | 1 1 1 1 0 1 1 1 1 1 0 0 0 0 0 0 0 0 0 0 0 0 0 0 0 0 0 0 0 0 0 0  |
 ├────────────────────┼─────────────┼─────────────┼──────────────────────────────────────────────────────────────────┤
 | 0x00000000000005f0 | 12          | 11          | 0 0 0 0 0 0 0 0 0 0 1 1 1 1 1 0 0 0 0 0 0 0 0 0 0 0 0 0 0 0 0 0  |
 ├────────────────────┼─────────────┼─────────────┼──────────────────────────────────────────────────────────────────┤
 | 0x00000000000002d9 | 4           | 5           | 0 0 0 0 1 1 0 0 0 0 0 0 0 0 0 0 0 0 0 0 0 0 0 0 0 0 0 0 0 0 0 0  |
 ├────────────────────┼─────────────┼─────────────┼──────────────────────────────────────────────────────────────────┤
 | 0x0000000000000518 | 21          | 20          | 0 0 0 0 0 0 0 0 0 0 0 0 0 0 0 0 0 0 0 0 1 1 0 0 0 0 0 0 0 0 0 0  |
 ├────────────────────┼─────────────┼─────────────┼──────────────────────────────────────────────────────────────────┤
 | 0x0000000000009fca | 1           | 0           | 1 1 0 0 1 1 1 0 0 0 0 0 0 0 0 0 0 0 0 0 0 0 0 0 0 0 0 0 0 0 0 0  |
 ├────────────────────┼─────────────┼─────────────┼──────────────────────────────────────────────────────────────────┤
 | 0x0000000000009fc3 | 28          | 27          | 0 0 0 0 1 1 1 1 1 1 1 1 1 1 1 1 1 0 1 1 0 1 1 0 0 0 1 1 1 0 0 0  |
 ├────────────────────┼─────────────┼─────────────┼──────────────────────────────────────────────────────────────────┤
 | 0x0000000000009efe | 2           | 5           | 0 0 1 0 1 1 0 0 0 0 0 0 0 0 0 0 0 0 0 0 0 0 0 0 0 0 0 0 0 0 0 0  |
 ├────────────────────┼─────────────┼─────────────┼──────────────────────────────────────────────────────────────────┤
 | 0x00000000000005d6 | 17          | 16          | 0 1 0 1 1 1 0 0 0 0 0 0 0 0 0 0 1 1 1 1 0 1 0 0 0 0 0 0 0 0 0 0  |
 ├────────────────────┼─────────────┼─────────────┼──────────────────────────────────────────────────────────────────┤
 | 0x0000000000000756 | 21          | 22          | 0 0 0 0 0 0 0 0 0 0 0 0 0 0 0 0 0 0 0 0 0 1 1 1 1 1 1 1 1 1 1 1  |
 ├────────────────────┼─────────────┼─────────────┼──────────────────────────────────────────────────────────────────┤
 | 0x000000000000641d | 26          | 30          | 0 0 0 0 0 0 0 0 0 0 0 0 0 0 0 0 0 0 0 0 0 0 0 0 0 0 1 1 1 1 1 1  |
 ├────────────────────┼─────────────┼─────────────┼──────────────────────────────────────────────────────────────────┤
 | 0x000000000000027b | 22          | 19          | 0 0 0 0 0 0 0 0 0 0 0 0 0 0 0 0 0 0 0 1 0 0 1 0 0 0 0 0 0 0 0 0  |
 ├────────────────────┼─────────────┼─────────────┼──────────────────────────────────────────────────────────────────┤
 | 0x000000000000051f | 26          | 28          | 0 0 0 0 0 0 0 0 0 0 0 0 0 0 0 0 0 0 0 0 0 0 0 1 0 0 1 1 1 1 1 0  |
 ├────────────────────┼─────────────┼─────────────┼──────────────────────────────────────────────────────────────────┤
 | 0x00000000000002ca | 28          | 27          | 0 0 0 0 0 0 0 0 0 0 0 0 0 0 0 0 0 0 0 0 0 0 0 0 0 1 1 1 1 1 0 0  |
 ├────────────────────┼─────────────┼─────────────┼──────────────────────────────────────────────────────────────────┤
 | 0x000000000000055b | 0           | 1           | 1 1 1 1 1 1 1 1 1 1 1 0 0 0 0 0 0 0 0 0 0 0 0 0 0 0 0 0 0 0 0 0  |
 ├────────────────────┼─────────────┼─────────────┼──────────────────────────────────────────────────────────────────┤
 | 0x0000000000000520 | 20          | 21          | 0 0 0 0 0 0 0 0 0 0 0 0 0 0 0 0 0 0 0 0 1 1 0 0 0 0 0 0 0 0 0 0  |
 ├────────────────────┼─────────────┼─────────────┼──────────────────────────────────────────────────────────────────┤
 | 0x000000000000054c | 23          | 25          | 0 0 0 0 0 0 0 0 0 0 0 0 0 0 0 0 0 0 0 0 0 0 0 1 0 1 0 0 0 0 0 0  |
 ├────────────────────┼─────────────┼─────────────┼──────────────────────────────────────────────────────────────────┤
 | 0x000000000000062f | 12          | 14          | 0 0 0 0 0 0 0 0 0 0 0 0 1 0 1 0 0 0 0 0 0 0 0 0 0 0 0 0 0 0 0 0  |
 ├────────────────────┼─────────────┼─────────────┼──────────────────────────────────────────────────────────────────┤
 | 0x00000000000006a1 | 0           | 1           | 1 1 1 1 1 0 0 0 0 0 0 0 0 0 0 0 0 0 0 0 0 0 0 0 0 0 0 0 0 0 0 0  |
 ├────────────────────┼─────────────┼─────────────┼──────────────────────────────────────────────────────────────────┤
 | 0x00000000000008ac | 0           | 1           | 1 1 1 1 1 1 1 1 1 1 1 1 1 1 1 1 1 1 1 1 1 1 1 1 1 1 1 1 1 1 0 0  |
 ├────────────────────┼─────────────┼─────────────┼──────────────────────────────────────────────────────────────────┤
 | 0x000000000000028b | 31          | 23          | 0 0 0 0 1 0 0 0 0 0 1 1 0 1 1 1 1 1 0 0 1 0 0 1 1 1 1 1 0 1 1 1  |
 ├────────────────────┼─────────────┼─────────────┼──────────────────────────────────────────────────────────────────┤
 | 0x000000000000028e | 20          | 19          | 1 1 0 1 0 0 1 0 0 0 0 0 1 0 0 0 0 0 0 1 1 0 0 0 0 0 0 0 0 1 1 0  |
 ├────────────────────┼─────────────┼─────────────┼──────────────────────────────────────────────────────────────────┤
 | 0x0000000000009fd3 | 1           | 2           | 0 1 1 0 0 0 0 1 1 0 0 0 0 0 0 0 0 0 0 0 0 0 0 0 0 0 0 0 0 0 0 0  |
 ├────────────────────┼─────────────┼─────────────┼──────────────────────────────────────────────────────────────────┤
 | 0x000000000000085f | 29          | 30          | 0 0 0 0 0 0 0 0 0 0 0 0 0 0 0 0 0 0 0 0 0 0 0 0 0 0 0 0 0 1 1 1  |
 └────────────────────┴─────────────┴─────────────┴──────────────────────────────────────────────────────────────────┘
Accumulation table end
Offset pattern table begin
 ┌────────────────────┬─────────────┬───────────────────────────────────────────────────────────────────────────────────────────────┐
 | Key                | Second      | Pattern                                                                                       |
 ├────────────────────┼─────────────┼───────────────────────────────────────────────────────────────────────────────────────────────┤
 | 0x0000000000000000 | 1           | 26 24 24 20 20 16 16 16 15 15 15 15 15 15 15 15 16 15 16 15 15 15 12 12 12 12 12 13 13 7 4 4  |
 ├────────────────────┼─────────────┼───────────────────────────────────────────────────────────────────────────────────────────────┤
 | 0x0000000000000001 | 0           | 26 26 12 9 6 5 6 4 5 3 3 5 5 3 2 2 2 2 1 3 3 1 1 1 2 0 1 0 1 1 2 0                            |
 ├────────────────────┼─────────────┼───────────────────────────────────────────────────────────────────────────────────────────────┤
 | 0x0000000000000002 | 4           | 29 10 29 18 6 6 6 4 1 1 1 3 2 1 1 1 2 1 0 2 2 2 2 1 1 2 1 2 1 1 1 0                           |
 ├────────────────────┼─────────────┼───────────────────────────────────────────────────────────────────────────────────────────────┤
 | 0x0000000000000003 | 4           | 23 6 6 23 6 3 6 2 3 2 1 0 2 1 1 1 0 0 1 3 3 1 2 2 1 1 3 1 3 3 4 1                             |
 ├────────────────────┼─────────────┼───────────────────────────────────────────────────────────────────────────────────────────────┤
 | 0x0000000000000004 | 5           | 23 1 0 3 23 20 15 15 15 15 14 15 15 15 15 15 16 16 17 16 14 15 14 14 14 14 14 15 14 14 14 14  |
 ├────────────────────┼─────────────┼───────────────────────────────────────────────────────────────────────────────────────────────┤
 | 0x0000000000000005 | 4           | 27 5 4 7 17 27 10 7 8 8 5 3 3 3 2 3 4 4 4 2 4 4 2 3 4 3 2 2 4 4 4 1                           |
 ├────────────────────┼─────────────┼───────────────────────────────────────────────────────────────────────────────────────────────┤
 | 0x0000000000000006 | 7           | 29 6 4 5 3 9 29 21 6 7 3 2 3 2 1 1 2 2 1 3 3 1 1 1 2 2 1 1 2 2 4 2                            |
 ├────────────────────┼─────────────┼───────────────────────────────────────────────────────────────────────────────────────────────┤
 | 0x0000000000000007 | 25          | 16 2 2 2 0 2 6 16 5 2 2 1 1 0 0 0 1 1 0 5 0 0 5 1 0 5 1 0 0 0 0 0                             |
 ├────────────────────┼─────────────┼───────────────────────────────────────────────────────────────────────────────────────────────┤
 | 0x0000000000000008 | 28          | 25 3 3 3 2 3 6 7 25 9 7 5 4 4 5 4 2 3 3 2 1 2 2 2 1 1 3 2 12 1 1 3                            |
 ├────────────────────┼─────────────┼───────────────────────────────────────────────────────────────────────────────────────────────┤
 | 0x0000000000000009 | 10          | 26 5 6 5 5 8 6 7 11 26 11 5 6 4 2 4 2 1 1 2 2 1 0 0 1 1 0 0 0 0 0 0                           |
 ├────────────────────┼─────────────┼───────────────────────────────────────────────────────────────────────────────────────────────┤
 | 0x000000000000000a | 7           | 20 0 0 0 0 0 0 14 1 1 20 3 1 2 2 1 2 2 1 1 1 1 1 1 1 1 1 1 1 1 0 0                            |
 ├────────────────────┼─────────────┼───────────────────────────────────────────────────────────────────────────────────────────────┤
 | 0x000000000000000b | 10          | 31 4 5 5 3 4 6 7 6 8 12 31 15 11 9 7 6 8 6 5 5 5 4 5 6 4 3 6 4 4 3 5                          |
 ├────────────────────┼─────────────┼───────────────────────────────────────────────────────────────────────────────────────────────┤
 | 0x000000000000000c | 11          | 24 2 1 2 1 1 1 1 1 0 12 13 24 4 7 2 1 2 2 2 2 1 1 1 1 1 0 0 2 2 1 1                           |
 ├────────────────────┼─────────────┼───────────────────────────────────────────────────────────────────────────────────────────────┤
 | 0x000000000000000d | 12          | 22 3 2 3 4 2 2 2 3 2 5 5 8 22 12 7 8 5 3 2 3 2 1 4 3 3 4 3 1 3 2 3                            |
 ├────────────────────┼─────────────┼───────────────────────────────────────────────────────────────────────────────────────────────┤
 | 0x000000000000000e | 13          | 27 15 0 0 1 1 2 3 3 1 4 3 4 6 27 6 6 6 17 17 4 3 2 4 3 4 4 4 2 4 3 3                          |
 ├────────────────────┼─────────────┼───────────────────────────────────────────────────────────────────────────────────────────────┤
 | 0x000000000000000f | 16          | 27 2 3 1 1 2 2 2 2 2 3 2 2 3 21 27 22 3 2 1 1 1 1 1 1 1 1 1 1 0 0 1                           |
 ├────────────────────┼─────────────┼───────────────────────────────────────────────────────────────────────────────────────────────┤
 | 0x0000000000000010 | 14          | 23 3 3 4 4 3 3 3 3 2 3 4 3 3 5 8 23 11 7 5 6 4 2 2 3 2 2 3 3 3 1 1                            |
 ├────────────────────┼─────────────┼───────────────────────────────────────────────────────────────────────────────────────────────┤
 | 0x0000000000000011 | 16          | 18 13 2 12 13 12 1 0 0 0 0 0 2 1 1 2 14 18 13 14 2 13 1 1 1 1 0 1 1 1 0 0                     |
 ├────────────────────┼─────────────┼───────────────────────────────────────────────────────────────────────────────────────────────┤
 | 0x0000000000000012 | 17          | 24 17 1 1 1 1 2 1 1 1 1 1 2 1 17 1 1 4 24 21 3 2 3 3 2 2 2 2 1 1 2 1                          |
 ├────────────────────┼─────────────┼───────────────────────────────────────────────────────────────────────────────────────────────┤
 | 0x0000000000000013 | 18          | 17 6 3 4 3 3 4 3 1 3 3 3 2 3 4 1 1 5 9 17 6 3 4 3 2 4 3 3 3 2 2 2                             |
 ├────────────────────┼─────────────┼───────────────────────────────────────────────────────────────────────────────────────────────┤
 | 0x0000000000000014 | 21          | 28 10 2 14 3 0 18 2 8 2 2 2 16 2 1 2 3 1 1 21 28 5 2 1 1 1 1 1 1 18 18 1                      |
 ├────────────────────┼─────────────┼───────────────────────────────────────────────────────────────────────────────────────────────┤
 | 0x0000000000000015 | 22          | 23 0 0 0 0 1 1 0 0 1 1 1 0 0 0 0 0 2 2 2 6 23 17 16 17 17 15 15 15 15 15 16                   |
 ├────────────────────┼─────────────┼───────────────────────────────────────────────────────────────────────────────────────────────┤
 | 0x0000000000000016 | 19          | 16 2 2 2 2 2 2 2 3 2 2 0 1 1 1 2 2 2 2 3 5 8 16 7 6 4 4 3 3 3 2 3                             |
 ├────────────────────┼─────────────┼───────────────────────────────────────────────────────────────────────────────────────────────┤
 | 0x0000000000000017 | 26          | 23 1 1 2 6 2 2 2 1 2 6 5 1 7 7 6 6 6 4 3 7 6 6 23 15 10 8 10 5 10 6 9                         |
 ├────────────────────┼─────────────┼───────────────────────────────────────────────────────────────────────────────────────────────┤
 | 0x0000000000000018 | 31          | 28 1 1 1 1 1 2 1 2 2 1 2 1 1 2 2 1 2 1 1 1 0 3 10 28 4 8 1 1 7 7 22                           |
 ├────────────────────┼─────────────┼───────────────────────────────────────────────────────────────────────────────────────────────┤
 | 0x0000000000000019 | 24          | 31 1 1 1 10 1 1 3 3 5 10 10 3 10 11 12 12 10 3 4 13 3 3 15 19 31 14 16 6 14 13 12             |
 ├────────────────────┼─────────────┼───────────────────────────────────────────────────────────────────────────────────────────────┤
 | 0x000000000000001a | 27          | 17 0 0 0 0 0 0 0 0 0 0 0 0 0 0 0 0 0 0 0 0 0 0 0 0 1 17 15 7 7 6 6                            |
 ├────────────────────┼─────────────┼───────────────────────────────────────────────────────────────────────────────────────────────┤
 | 0x000000000000001b | 26          | 24 0 1 4 3 2 2 2 2 3 3 3 3 2 4 3 4 4 4 2 4 3 4 3 3 5 9 24 13 7 5 4                            |
 ├────────────────────┼─────────────┼───────────────────────────────────────────────────────────────────────────────────────────────┤
 | 0x000000000000001c | 27          | 17 0 0 0 0 0 0 0 0 0 0 0 0 0 0 1 0 1 0 1 1 2 2 2 2 4 4 8 17 11 5 4                            |
 ├────────────────────┼─────────────┼───────────────────────────────────────────────────────────────────────────────────────────────┤
 | 0x000000000000001d | 28          | 22 0 0 0 0 0 0 0 0 0 0 0 0 0 0 0 0 0 0 0 0 0 0 0 0 0 0 0 7 22 14 14                           |
 ├────────────────────┼─────────────┼───────────────────────────────────────────────────────────────────────────────────────────────┤
 | 0x000000000000001e | 28          | 31 1 1 2 1 0 0 1 1 0 2 2 4 2 5 3 1 6 4 6 4 7 7 6 6 9 14 3 6 13 31 18                          |
 ├────────────────────┼─────────────┼───────────────────────────────────────────────────────────────────────────────────────────────┤
 | 0x000000000000001f | 30          | 21 1 1 1 1 0 0 0 1 2 2 3 2 3 3 3 4 5 3 3 3 3 6 6 7 5 11 7 5 12 14 21                          |
 └────────────────────┴─────────────┴───────────────────────────────────────────────────────────────────────────────────────────────┘
Offset pattern table end
PC pattern table begin
 ┌────────────────────┬─────────────┬──────────────────────────────────────────────────┐
 | Key                | Second      | Pattern                                          |
 ├────────────────────┼─────────────┼──────────────────────────────────────────────────┤
 | 0x0000000000000000 | 13          | 30 4 5 4 5 4 5 3 3 4 3 2 2 3 3 2                 |
 ├────────────────────┼─────────────┼──────────────────────────────────────────────────┤
 | 0x0000000000000001 | 31          | 28 4 5 4 4 1 1 1 0 0 0 1 20 3 3 20               |
 ├────────────────────┼─────────────┼──────────────────────────────────────────────────┤
 | 0x0000000000000002 | 1           | 26 5 3 5 5 6 4 3 2 2 4 3 2 3 2 1                 |
 ├────────────────────┼─────────────┼──────────────────────────────────────────────────┤
 | 0x0000000000000003 | 17          | 28 10 11 9 9 9 9 9 10 9 11 9 12 16 14 13         |
 ├────────────────────┼─────────────┼──────────────────────────────────────────────────┤
 | 0x0000000000000004 | 22          | 31 11 10 10 11 11 10 12 12 11 11 12 13 14 19 11  |
 ├────────────────────┼─────────────┼──────────────────────────────────────────────────┤
 | 0x0000000000000005 | 7           | 26 6 10 6 9 10 10 10 9 7 11 12 11 12 13 9        |
 ├────────────────────┼─────────────┼──────────────────────────────────────────────────┤
 | 0x0000000000000006 | 10          | 24 9 9 5 9 9 8 8 9 6 10 10 11 10 12 10           |
 ├────────────────────┼─────────────┼──────────────────────────────────────────────────┤
 | 0x0000000000000007 | 18          | 27 1 1 2 3 2 2 3 0 4 16 0 0 0 1 1                |
 ├────────────────────┼─────────────┼──────────────────────────────────────────────────┤
 | 0x0000000000000008 | 16          | 29 0 0 1 0 2 3 22 22 0 0 1 1 1 0 0               |
 ├────────────────────┼─────────────┼──────────────────────────────────────────────────┤
 | 0x0000000000000009 | 11          | 26 0 0 0 0 15 24 9 0 0 0 1 1 1 1 1               |
 ├────────────────────┼─────────────┼──────────────────────────────────────────────────┤
 | 0x000000000000000a | 21          | 27 11 10 12 10 9 6 9 11 10 9 10 12 12 11 10      |
 ├────────────────────┼─────────────┼──────────────────────────────────────────────────┤
 | 0x000000000000000b | 20          | 11 8 5 8 7 4 4 2 2 8 8 3 3 2 4 4                 |
 ├────────────────────┼─────────────┼──────────────────────────────────────────────────┤
 | 0x000000000000000c | 19          | 23 20 20 2 2 2 2 2 20 20 20 3 2 2 2 1            |
 ├────────────────────┼─────────────┼──────────────────────────────────────────────────┤
 | 0x000000000000000d | 2           | 30 13 7 12 8 2 6 4 4 5 6 2 1 3 7 5               |
 ├────────────────────┼─────────────┼──────────────────────────────────────────────────┤
 | 0x000000000000000e | 5           | 16 5 10 1 0 0 0 0 0 1 1 0 0 1 1 2                |
 ├────────────────────┼─────────────┼──────────────────────────────────────────────────┤
 | 0x000000000000000f | 19          | 27 14 1 18 5 2 16 0 1 17 17 1 1 3 19 18          |
 ├────────────────────┼─────────────┼──────────────────────────────────────────────────┤
 | 0x0000000000000010 | 27          | 26 13 13 12 12 11 11 11 12 11 13 11 11 13 18 13  |
 ├────────────────────┼─────────────┼──────────────────────────────────────────────────┤
 | 0x0000000000000011 | 5           | 20 13 0 14 5 0 10 0 0 14 14 0 1 1 15 15          |
 ├────────────────────┼─────────────┼──────────────────────────────────────────────────┤
 | 0x0000000000000012 | 10          | 26 2 13 1 2 13 11 14 14 2 15 23 15 24 24 23      |
 ├────────────────────┼─────────────┼──────────────────────────────────────────────────┤
 | 0x0000000000000013 | 30          | 18 2 2 1 1 1 1 1 1 1 2 2 2 2 16 2                |
 ├────────────────────┼─────────────┼──────────────────────────────────────────────────┤
 | 0x0000000000000014 | 14          | 27 12 12 12 12 2 6 4 4 6 4 2 2 2 6 7             |
 ├────────────────────┼─────────────┼──────────────────────────────────────────────────┤
 | 0x0000000000000015 | 7           | 18 3 2 14 1 14 1 1 1 1 1 0 0 0 1 1               |
 ├────────────────────┼─────────────┼──────────────────────────────────────────────────┤
 | 0x0000000000000016 | 13          | 27 0 0 0 0 0 0 26 0 26 0 0 0 0 0 0               |
 ├────────────────────┼─────────────┼──────────────────────────────────────────────────┤
 | 0x0000000000000017 | 25          | 19 1 2 5 5 2 1 4 3 4 1 6 5 2 6 1                 |
 ├────────────────────┼─────────────┼──────────────────────────────────────────────────┤
 | 0x0000000000000018 | 28          | 30 3 5 4 3 4 2 2 4 3 2 1 1 5 5 2                 |
 ├────────────────────┼─────────────┼──────────────────────────────────────────────────┤
 | 0x0000000000000019 | 26          | 29 15 13 13 16 16 14 16 16 15 16 13 12 13 14 13  |
 ├────────────────────┼─────────────┼──────────────────────────────────────────────────┤
 | 0x000000000000001a | 27          | 25 2 1 7 1 1 0 2 3 2 1 7 7 6 7 6                 |
 ├────────────────────┼─────────────┼──────────────────────────────────────────────────┤
 | 0x000000000000001b | 21          | 17 10 8 11 7 1 3 2 1 3 8 2 1 1 3 4               |
 ├────────────────────┼─────────────┼──────────────────────────────────────────────────┤
 | 0x000000000000001c | 26          | 17 7 2 7 1 3 10 2 2 7 10 2 3 3 9 10              |
 ├────────────────────┼─────────────┼──────────────────────────────────────────────────┤
 | 0x000000000000001d | 7           | 17 1 2 4 4 2 3 1 1 3 2 2 1 1 3 1                 |
 ├────────────────────┼─────────────┼──────────────────────────────────────────────────┤
 | 0x000000000000001e | 24          | 29 4 4 4 5 4 5 6 5 3 7 4 3 5 4 3                 |
 ├────────────────────┼─────────────┼──────────────────────────────────────────────────┤
 | 0x000000000000001f | 24          | 26 2 13 3 5 1 4 1 2 5 5 4 4 4 6 5                |
 └────────────────────┴─────────────┴──────────────────────────────────────────────────┘
PC pattern table end
Prefetch buffer begin
 ┌────────────────────┬──────────────────────────────────────────────────────────────────┐
 | Region             | Pattern                                                          |
 ├────────────────────┼──────────────────────────────────────────────────────────────────┤
 | 0x000000000000951a | 0 1 0 2 1 1 2 2 2 2 2 2 1 1 1 1 1 1 2 2 1 1 1 1 1 1 2 2 1 2 2 2  |
 ├────────────────────┼──────────────────────────────────────────────────────────────────┤
 | 0x000000000000927a | 2 2 2 2 2 2 2 2 2 2 2 2 2 2 2 2 2 2 0 1 2 2 2 0 0 0 2 0 2 2 2 2  |
 └────────────────────┴──────────────────────────────────────────────────────────────────┘
Prefetch buffer end
Filter by PPT: 0
Prefetch Request to L1: 1980, Prefetch Request to L2: 107662
Invalid by Eviction: 119523
Invalid by Max: 134033
Final L1D Threshold: 0.901
Final Demand Reserve: 25.0%

╔═══════════════════════════════════════╗
║       CLIP Filter Statistics         ║
╚═══════════════════════════════════════╝
[CLIP CPU2 Stats]
  Total candidates:        8722553
  Prefetches issued:       34799 (0.4%)
  Dropped (not critical):  5019730 (57.6%)
  Dropped (low accuracy):  3668024 (42.1%)
  Critical loads detected: 9745069
  Phase changes:           0

Filter table begin
 ┌────────────────────┬─────────────┐
 | Region             | Offset      |
 ├────────────────────┼─────────────┤
 | 0x000000000000297a | 8           |
 ├────────────────────┼─────────────┤
 | 0x00000000000002c5 | 25          |
 └────────────────────┴─────────────┘
Filter table end
Accumulation table begin
 ┌────────────────────┬─────────────┬─────────────┬──────────────────────────────────────────────────────────────────┐
 | Region             | Offset      | Second      | Pattern                                                          |
 ├────────────────────┼─────────────┼─────────────┼──────────────────────────────────────────────────────────────────┤
 | 0x0000000000002fb5 | 31          | 29          | 1 1 1 1 1 0 1 1 0 0 1 1 1 0 1 1 1 0 1 1 0 1 1 0 1 0 0 1 1 1 0 1  |
 ├────────────────────┼─────────────┼─────────────┼──────────────────────────────────────────────────────────────────┤
 | 0x0000000000002fa8 | 31          | 30          | 0 0 0 0 1 1 1 0 0 0 0 0 0 0 0 1 0 1 1 0 0 0 0 0 0 0 0 1 0 1 1 1  |
 ├────────────────────┼─────────────┼─────────────┼──────────────────────────────────────────────────────────────────┤
 | 0x0000000000002fb9 | 30          | 29          | 1 0 1 1 1 1 1 0 1 0 1 0 1 1 1 1 1 0 1 0 1 1 0 0 0 1 1 0 0 1 1 0  |
 ├────────────────────┼─────────────┼─────────────┼──────────────────────────────────────────────────────────────────┤
 | 0x0000000000002881 | 31          | 30          | 1 1 1 1 1 1 1 1 1 1 1 1 1 1 1 1 1 1 1 1 1 1 1 1 1 1 1 1 1 1 1 1  |
 ├────────────────────┼─────────────┼─────────────┼──────────────────────────────────────────────────────────────────┤
 | 0x0000000000002fb3 | 29          | 28          | 1 0 1 0 0 1 1 1 0 1 1 0 1 1 1 0 0 1 1 0 0 1 1 0 1 1 1 0 1 1 0 0  |
 ├────────────────────┼─────────────┼─────────────┼──────────────────────────────────────────────────────────────────┤
 | 0x0000000000002fae | 30          | 29          | 0 1 0 1 0 1 1 0 1 1 1 0 0 1 0 0 1 1 1 1 1 1 0 0 0 1 0 1 1 1 1 0  |
 ├────────────────────┼─────────────┼─────────────┼──────────────────────────────────────────────────────────────────┤
 | 0x000000000000288d | 31          | 30          | 1 1 1 1 1 1 1 1 1 1 1 1 1 1 1 1 1 1 1 1 1 1 1 1 1 1 1 1 1 1 1 1  |
 ├────────────────────┼─────────────┼─────────────┼──────────────────────────────────────────────────────────────────┤
 | 0x0000000000002fab | 28          | 27          | 0 0 1 1 1 1 0 0 0 1 0 0 0 0 1 1 1 0 0 0 0 0 0 0 0 1 0 1 1 0 0 0  |
 ├────────────────────┼─────────────┼─────────────┼──────────────────────────────────────────────────────────────────┤
 | 0x0000000000002fad | 31          | 27          | 0 1 1 1 1 0 0 0 0 0 0 0 0 1 1 1 0 0 0 0 0 0 0 0 1 1 1 1 0 0 0 1  |
 ├────────────────────┼─────────────┼─────────────┼──────────────────────────────────────────────────────────────────┤
 | 0x0000000000002878 | 31          | 30          | 1 1 1 1 1 1 1 1 1 1 1 1 1 1 1 1 1 1 1 1 1 1 1 1 1 1 1 1 1 1 1 1  |
 ├────────────────────┼─────────────┼─────────────┼──────────────────────────────────────────────────────────────────┤
 | 0x0000000000002fb0 | 31          | 30          | 1 0 1 1 1 0 0 1 1 0 0 1 1 0 1 1 1 0 1 1 0 0 0 1 0 1 0 1 1 0 1 1  |
 ├────────────────────┼─────────────┼─────────────┼──────────────────────────────────────────────────────────────────┤
 | 0x0000000000002887 | 31          | 30          | 1 1 1 1 1 1 1 1 1 1 1 1 1 1 1 1 1 1 1 1 1 1 1 1 1 1 1 1 1 1 1 1  |
 ├────────────────────┼─────────────┼─────────────┼──────────────────────────────────────────────────────────────────┤
 | 0x0000000000002fb6 | 31          | 30          | 1 0 1 1 0 0 0 0 1 1 1 0 1 1 1 1 1 0 1 0 1 0 1 1 1 1 1 0 1 0 1 1  |
 ├────────────────────┼─────────────┼─────────────┼──────────────────────────────────────────────────────────────────┤
 | 0x0000000000002fa7 | 27          | 25          | 1 0 1 0 0 0 0 0 0 0 0 1 1 1 1 0 1 0 0 0 0 0 0 0 1 1 0 1 0 0 0 0  |
 ├────────────────────┼─────────────┼─────────────┼──────────────────────────────────────────────────────────────────┤
 | 0x000000000000288c | 31          | 30          | 0 0 0 0 0 0 1 1 1 1 1 1 1 1 1 1 1 1 1 1 1 1 1 1 1 1 1 1 1 1 1 1  |
 ├────────────────────┼─────────────┼─────────────┼──────────────────────────────────────────────────────────────────┤
 | 0x0000000000002faa | 25          | 24          | 0 1 1 1 0 0 0 0 0 0 0 1 1 1 1 0 0 0 0 0 0 0 0 1 1 1 0 0 0 0 0 0  |
 ├────────────────────┼─────────────┼─────────────┼──────────────────────────────────────────────────────────────────┤
 | 0x0000000000002879 | 31          | 30          | 1 1 1 1 1 1 1 1 1 1 1 1 1 1 1 1 1 1 1 1 1 1 1 1 1 1 1 1 1 1 1 1  |
 ├────────────────────┼─────────────┼─────────────┼──────────────────────────────────────────────────────────────────┤
 | 0x0000000000002fac | 25          | 24          | 1 1 1 1 0 1 1 1 0 1 1 1 1 1 0 1 0 0 0 0 0 1 0 1 1 1 0 0 0 0 0 0  |
 ├────────────────────┼─────────────┼─────────────┼──────────────────────────────────────────────────────────────────┤
 | 0x0000000000002fb2 | 31          | 29          | 1 1 0 1 0 1 0 1 0 1 1 1 1 1 1 0 1 1 0 0 1 1 1 0 1 1 1 0 1 1 0 1  |
 ├────────────────────┼─────────────┼─────────────┼──────────────────────────────────────────────────────────────────┤
 | 0x0000000000002fb1 | 31          | 27          | 1 0 0 1 0 0 1 1 1 1 1 1 0 0 0 1 0 1 1 1 1 0 1 1 0 0 0 1 0 0 0 1  |
 ├────────────────────┼─────────────┼─────────────┼──────────────────────────────────────────────────────────────────┤
 | 0x0000000000002fb7 | 30          | 28          | 0 0 0 1 1 0 0 1 1 0 0 1 1 0 1 0 0 0 1 1 1 1 0 1 1 0 0 1 1 0 1 0  |
 ├────────────────────┼─────────────┼─────────────┼──────────────────────────────────────────────────────────────────┤
 | 0x0000000000002880 | 31          | 30          | 1 1 1 1 1 1 1 1 1 1 1 1 1 1 1 1 1 1 1 1 1 1 1 1 1 1 1 1 1 1 1 1  |
 ├────────────────────┼─────────────┼─────────────┼──────────────────────────────────────────────────────────────────┤
 | 0x0000000000002fb4 | 31          | 29          | 0 1 1 0 1 0 0 0 1 1 1 1 0 1 1 0 0 1 1 0 1 0 1 1 0 1 0 1 0 1 0 1  |
 ├────────────────────┼─────────────┼─────────────┼──────────────────────────────────────────────────────────────────┤
 | 0x0000000000002fbb | 29          | 28          | 0 0 0 0 0 0 0 0 0 0 0 0 0 0 0 0 0 0 0 0 0 0 0 0 0 0 0 0 1 1 0 0  |
 ├────────────────────┼─────────────┼─────────────┼──────────────────────────────────────────────────────────────────┤
 | 0x0000000000002886 | 31          | 30          | 1 1 1 1 1 1 1 1 1 1 1 1 1 1 1 1 1 1 1 1 1 1 1 1 1 1 1 1 1 1 1 1  |
 ├────────────────────┼─────────────┼─────────────┼──────────────────────────────────────────────────────────────────┤
 | 0x0000000000002fb8 | 31          | 30          | 0 0 0 0 0 0 0 0 0 0 0 0 0 0 0 0 0 0 1 1 0 0 1 0 1 1 0 0 0 0 1 1  |
 ├────────────────────┼─────────────┼─────────────┼──────────────────────────────────────────────────────────────────┤
 | 0x0000000000002873 | 31          | 30          | 1 1 1 1 1 1 1 1 1 1 1 1 1 1 1 1 1 1 1 1 1 1 1 1 1 1 1 1 1 1 1 1  |
 ├────────────────────┼─────────────┼─────────────┼──────────────────────────────────────────────────────────────────┤
 | 0x0000000000002faf | 31          | 25          | 1 1 0 0 0 1 0 0 0 1 1 1 1 1 0 1 1 1 0 1 1 1 1 1 0 1 0 0 0 0 0 1  |
 ├────────────────────┼─────────────┼─────────────┼──────────────────────────────────────────────────────────────────┤
 | 0x0000000000002fa9 | 24          | 22          | 0 0 0 0 0 0 0 1 1 1 1 0 0 0 0 0 0 0 0 0 1 1 1 0 1 0 0 0 0 0 0 0  |
 ├────────────────────┼─────────────┼─────────────┼──────────────────────────────────────────────────────────────────┤
 | 0x0000000000002fa6 | 31          | 30          | 0 0 0 0 0 1 0 1 1 1 0 0 0 0 0 0 0 1 1 1 1 0 0 0 0 0 0 0 0 0 1 1  |
 └────────────────────┴─────────────┴─────────────┴──────────────────────────────────────────────────────────────────┘
Accumulation table end
Offset pattern table begin
 ┌────────────────────┬─────────────┬──────────────────────────────────────────────────────────────────────────────────────────────────┐
 | Key                | Second      | Pattern                                                                                          |
 ├────────────────────┼─────────────┼──────────────────────────────────────────────────────────────────────────────────────────────────┤
 | 0x0000000000000000 | 5           | 29 28 28 28 28 28 28 28 28 28 28 28 28 28 28 28 28 28 28 28 28 28 28 27 27 27 27 27 27 27 27 27  |
 ├────────────────────┼─────────────┼──────────────────────────────────────────────────────────────────────────────────────────────────┤
 | 0x0000000000000001 | 7           | 16 16 5 6 6 4 5 3 6 4 3 3 5 5 7 3 5 4 4 4 5 4 4 5 5 4 5 4 4 2 4 5                                |
 ├────────────────────┼─────────────┼──────────────────────────────────────────────────────────────────────────────────────────────────┤
 | 0x0000000000000002 | 14          | 24 4 24 12 9 10 9 11 8 7 8 9 7 9 9 9 10 11 11 10 8 7 7 6 8 5 5 10 8 7 5 7                        |
 ├────────────────────┼─────────────┼──────────────────────────────────────────────────────────────────────────────────────────────────┤
 | 0x0000000000000003 | 4           | 31 8 5 31 11 13 7 11 10 9 9 8 9 9 10 8 11 9 10 9 8 10 6 9 10 10 10 10 8 12 11 10                 |
 ├────────────────────┼─────────────┼──────────────────────────────────────────────────────────────────────────────────────────────────┤
 | 0x0000000000000004 | 5           | 29 4 5 8 29 16 13 12 11 12 14 12 10 13 10 14 15 14 12 14 14 11 9 15 10 10 10 13 12 12 11 13      |
 ├────────────────────┼─────────────┼──────────────────────────────────────────────────────────────────────────────────────────────────┤
 | 0x0000000000000005 | 12          | 16 3 2 2 2 16 4 6 5 5 5 5 6 4 5 5 6 5 6 6 5 4 5 4 4 7 4 5 3 4 5 6                                |
 ├────────────────────┼─────────────┼──────────────────────────────────────────────────────────────────────────────────────────────────┤
 | 0x0000000000000006 | 7           | 24 4 6 3 5 5 24 9 7 9 6 6 8 9 6 9 9 11 9 10 8 8 9 8 9 9 7 8 7 7 10 9                             |
 ├────────────────────┼─────────────┼──────────────────────────────────────────────────────────────────────────────────────────────────┤
 | 0x0000000000000007 | 18          | 30 3 3 2 5 4 4 30 13 12 11 8 9 11 11 11 8 8 10 11 15 7 11 12 9 11 11 10 9 9 11 11                |
 ├────────────────────┼─────────────┼──────────────────────────────────────────────────────────────────────────────────────────────────┤
 | 0x0000000000000008 | 21          | 23 1 1 2 2 3 1 3 23 8 4 3 5 3 3 5 2 3 6 3 4 6 6 6 4 6 5 3 4 3 3 2                                |
 ├────────────────────┼─────────────┼──────────────────────────────────────────────────────────────────────────────────────────────────┤
 | 0x0000000000000009 | 10          | 20 1 2 1 2 3 3 2 4 20 8 9 5 8 5 5 5 6 5 7 7 7 7 6 6 6 7 7 6 7 6 5                                |
 ├────────────────────┼─────────────┼──────────────────────────────────────────────────────────────────────────────────────────────────┤
 | 0x000000000000000a | 11          | 31 5 1 7 4 5 4 3 9 6 31 7 6 3 6 2 5 6 4 4 4 5 7 7 6 5 7 3 4 4 6 5                                |
 ├────────────────────┼─────────────┼──────────────────────────────────────────────────────────────────────────────────────────────────┤
 | 0x000000000000000b | 12          | 19 3 1 1 2 2 1 2 2 3 4 19 4 3 2 4 5 2 3 2 4 2 3 2 4 5 2 5 2 2 2 1                                |
 ├────────────────────┼─────────────┼──────────────────────────────────────────────────────────────────────────────────────────────────┤
 | 0x000000000000000c | 13          | 19 2 1 3 1 3 1 1 1 2 2 3 19 3 3 3 3 2 2 2 2 4 3 2 2 3 3 3 1 2 4 2                                |
 ├────────────────────┼─────────────┼──────────────────────────────────────────────────────────────────────────────────────────────────┤
 | 0x000000000000000d | 14          | 17 3 2 1 1 2 2 1 2 2 2 5 2 17 5 3 4 2 1 3 2 2 2 1 2 3 3 5 3 2 4 6                                |
 ├────────────────────┼─────────────┼──────────────────────────────────────────────────────────────────────────────────────────────────┤
 | 0x000000000000000e | 13          | 28 2 4 5 1 2 1 3 3 7 4 4 2 5 28 11 8 4 9 6 6 5 3 5 2 4 8 4 4 4 4 4                               |
 ├────────────────────┼─────────────┼──────────────────────────────────────────────────────────────────────────────────────────────────┤
 | 0x000000000000000f | 16          | 20 0 0 6 4 1 1 1 1 2 0 0 2 1 3 20 7 5 3 3 3 3 4 3 4 2 2 5 4 2 2 2                                |
 ├────────────────────┼─────────────┼──────────────────────────────────────────────────────────────────────────────────────────────────┤
 | 0x0000000000000010 | 28          | 30 2 4 3 4 3 1 3 3 2 2 1 3 6 4 7 30 5 2 5 8 6 8 8 5 3 10 5 5 7 4 6                               |
 ├────────────────────┼─────────────┼──────────────────────────────────────────────────────────────────────────────────────────────────┤
 | 0x0000000000000011 | 18          | 18 1 1 1 1 2 1 1 1 1 1 1 1 2 3 1 3 18 8 5 3 3 3 4 6 3 4 2 3 2 3 3                                |
 ├────────────────────┼─────────────┼──────────────────────────────────────────────────────────────────────────────────────────────────┤
 | 0x0000000000000012 | 12          | 18 1 1 1 2 1 3 1 2 1 2 1 1 1 2 1 2 2 18 6 4 3 3 3 2 2 3 2 2 2 3 1                                |
 ├────────────────────┼─────────────┼──────────────────────────────────────────────────────────────────────────────────────────────────┤
 | 0x0000000000000013 | 17          | 19 0 2 1 2 2 3 3 1 1 1 1 1 1 1 3 4 3 4 19 4 2 3 2 1 0 1 1 2 0 0 4                                |
 ├────────────────────┼─────────────┼──────────────────────────────────────────────────────────────────────────────────────────────────┤
 | 0x0000000000000014 | 21          | 18 1 1 1 0 0 1 3 4 2 0 1 0 1 1 0 2 1 1 1 18 4 3 2 1 3 3 2 1 1 2 1                                |
 ├────────────────────┼─────────────┼──────────────────────────────────────────────────────────────────────────────────────────────────┤
 | 0x0000000000000015 | 23          | 21 1 1 1 1 0 2 1 2 2 2 1 2 1 2 1 1 3 2 1 2 21 7 3 4 6 3 2 2 4 2 2                                |
 ├────────────────────┼─────────────┼──────────────────────────────────────────────────────────────────────────────────────────────────┤
 | 0x0000000000000016 | 7           | 30 2 1 1 3 2 1 4 4 5 6 1 1 2 2 1 3 1 0 3 2 4 30 6 5 4 5 4 2 2 1 3                                |
 ├────────────────────┼─────────────┼──────────────────────────────────────────────────────────────────────────────────────────────────┤
 | 0x0000000000000017 | 16          | 24 1 3 1 2 3 2 2 1 3 3 4 5 1 1 3 4 1 2 2 2 4 4 24 4 5 2 3 3 2 1 1                                |
 ├────────────────────┼─────────────┼──────────────────────────────────────────────────────────────────────────────────────────────────┤
 | 0x0000000000000018 | 12          | 19 1 1 1 2 1 1 2 2 3 2 5 2 0 2 0 2 2 0 1 3 2 3 6 19 2 3 2 2 1 2 1                                |
 ├────────────────────┼─────────────┼──────────────────────────────────────────────────────────────────────────────────────────────────┤
 | 0x0000000000000019 | 26          | 30 5 4 4 3 3 7 1 4 4 6 6 10 10 5 3 3 3 3 3 4 5 5 6 8 30 4 3 3 2 2 2                              |
 ├────────────────────┼─────────────┼──────────────────────────────────────────────────────────────────────────────────────────────────┤
 | 0x000000000000001a | 27          | 19 3 4 3 2 1 1 3 2 3 5 4 3 5 3 2 2 1 2 2 4 2 4 5 3 4 19 3 3 0 1 1                                |
 ├────────────────────┼─────────────┼──────────────────────────────────────────────────────────────────────────────────────────────────┤
 | 0x000000000000001b | 5           | 20 4 3 2 5 2 3 4 4 4 2 4 3 7 5 5 2 3 2 3 4 4 3 4 5 4 7 20 3 2 1 1                                |
 ├────────────────────┼─────────────┼──────────────────────────────────────────────────────────────────────────────────────────────────┤
 | 0x000000000000001c | 29          | 22 6 8 7 3 7 5 6 4 4 6 7 9 8 4 6 6 5 6 5 3 4 8 5 6 5 5 9 22 2 1 2                                |
 ├────────────────────┼─────────────┼──────────────────────────────────────────────────────────────────────────────────────────────────┤
 | 0x000000000000001d | 30          | 18 6 4 5 4 3 4 3 3 4 5 4 2 5 6 4 7 3 3 2 5 5 3 4 3 4 5 4 6 18 2 2                                |
 ├────────────────────┼─────────────┼──────────────────────────────────────────────────────────────────────────────────────────────────┤
 | 0x000000000000001e | 31          | 19 6 6 7 7 10 7 6 7 6 8 4 7 7 7 8 7 8 6 7 7 6 5 6 6 4 8 7 8 6 19 2                               |
 ├────────────────────┼─────────────┼──────────────────────────────────────────────────────────────────────────────────────────────────┤
 | 0x000000000000001f | 30          | 23 18 18 17 19 19 19 19 19 18 19 19 17 17 19 18 19 18 18 20 20 20 18 19 18 17 17 18 17 19 20 23  |
 └────────────────────┴─────────────┴──────────────────────────────────────────────────────────────────────────────────────────────────┘
Offset pattern table end
PC pattern table begin
 ┌────────────────────┬─────────────┬──────────────────────────────────────────────────┐
 | Key                | Second      | Pattern                                          |
 ├────────────────────┼─────────────┼──────────────────────────────────────────────────┤
 | 0x0000000000000000 | 9           | 29 28 27 27 28 28 28 28 28 28 28 28 27 27 27 27  |
 ├────────────────────┼─────────────┼──────────────────────────────────────────────────┤
 | 0x0000000000000001 | 4           | 28 6 5 9 8 3 8 6 5 8 6 6 9 8 6 7                 |
 ├────────────────────┼─────────────┼──────────────────────────────────────────────────┤
 | 0x0000000000000002 | 5           | 17 10 10 8 8 8 8 9 9 9 9 8 9 9 9 9               |
 ├────────────────────┼─────────────┼──────────────────────────────────────────────────┤
 | 0x0000000000000003 | 4           | 28 1 3 1 5 3 4 6 3 5 7 3 1 4 2 0                 |
 ├────────────────────┼─────────────┼──────────────────────────────────────────────────┤
 | 0x0000000000000004 | 27          | 23 5 2 4 5 5 6 5 3 7 4 7 6 4 3 8                 |
 ├────────────────────┼─────────────┼──────────────────────────────────────────────────┤
 | 0x0000000000000005 | 12          | 20 2 2 3 4 3 2 6 5 5 5 6 6 4 4 3                 |
 ├────────────────────┼─────────────┼──────────────────────────────────────────────────┤
 | 0x0000000000000006 | 19          | 29 17 19 16 13 20 15 18 16 16 20 19 16 16 17 17  |
 ├────────────────────┼─────────────┼──────────────────────────────────────────────────┤
 | 0x0000000000000007 | 27          | 26 8 10 10 9 11 12 11 12 12 11 9 8 9 11 8        |
 ├────────────────────┼─────────────┼──────────────────────────────────────────────────┤
 | 0x0000000000000008 | 21          | 29 8 6 8 5 6 5 11 6 15 6 7 8 3 8 6               |
 ├────────────────────┼─────────────┼──────────────────────────────────────────────────┤
 | 0x0000000000000009 | 18          | 31 20 21 20 20 20 20 19 21 21 20 20 21 19 19 20  |
 ├────────────────────┼─────────────┼──────────────────────────────────────────────────┤
 | 0x000000000000000a | 8           | 22 0 0 0 0 0 0 0 1 4 5 6 6 7 9 6                 |
 ├────────────────────┼─────────────┼──────────────────────────────────────────────────┤
 | 0x000000000000000b | 31          | 26 2 1 1 4 4 3 2 5 5 5 4 4 2 5 2                 |
 ├────────────────────┼─────────────┼──────────────────────────────────────────────────┤
 | 0x000000000000000c | 26          | 20 5 8 6 6 6 4 5 7 7 8 8 8 6 3 5                 |
 ├────────────────────┼─────────────┼──────────────────────────────────────────────────┤
 | 0x000000000000000d | 19          | 26 6 3 5 6 6 10 7 3 6 4 6 3 5 1 3                |
 ├────────────────────┼─────────────┼──────────────────────────────────────────────────┤
 | 0x000000000000000e | 0           | 25 12 10 12 12 12 10 12 11 9 11 9 10 10 8 11     |
 ├────────────────────┼─────────────┼──────────────────────────────────────────────────┤
 | 0x000000000000000f | 0           | 18 5 5 4 3 2 2 5 3 3 5 2 1 4 4 4                 |
 ├────────────────────┼─────────────┼──────────────────────────────────────────────────┤
 | 0x0000000000000010 | 30          | 21 6 8 8 9 10 9 7 9 8 12 8 9 8 8 9               |
 ├────────────────────┼─────────────┼──────────────────────────────────────────────────┤
 | 0x0000000000000011 | 1           | 18 7 6 6 6 6 6 6 6 7 7 7 7 8 10 9                |
 ├────────────────────┼─────────────┼──────────────────────────────────────────────────┤
 | 0x0000000000000012 | 12          | 30 8 14 9 10 9 8 10 11 11 12 14 11 9 6 10        |
 ├────────────────────┼─────────────┼──────────────────────────────────────────────────┤
 | 0x0000000000000013 | 30          | 22 14 14 13 16 16 15 16 15 15 14 14 14 15 13 13  |
 ├────────────────────┼─────────────┼──────────────────────────────────────────────────┤
 | 0x0000000000000014 | 15          | 23 5 7 7 8 7 10 10 6 10 8 7 8 8 8 9              |
 ├────────────────────┼─────────────┼──────────────────────────────────────────────────┤
 | 0x0000000000000015 | 22          | 19 7 6 4 4 3 6 5 3 2 5 3 6 6 4 4                 |
 ├────────────────────┼─────────────┼──────────────────────────────────────────────────┤
 | 0x0000000000000016 | 10          | 29 4 6 4 4 7 5 6 7 5 6 8 7 9 6 5                 |
 ├────────────────────┼─────────────┼──────────────────────────────────────────────────┤
 | 0x0000000000000017 | 17          | 31 9 9 14 12 9 9 11 12 13 10 11 9 9 8 8          |
 ├────────────────────┼─────────────┼──────────────────────────────────────────────────┤
 | 0x0000000000000018 | 11          | 16 3 3 4 5 3 5 5 3 5 3 2 5 3 2 5                 |
 ├────────────────────┼─────────────┼──────────────────────────────────────────────────┤
 | 0x0000000000000019 | 19          | 23 9 10 9 10 10 10 9 12 11 10 9 10 8 9 9         |
 ├────────────────────┼─────────────┼──────────────────────────────────────────────────┤
 | 0x000000000000001a | 26          | 16 4 4 3 5 2 3 5 6 4 4 5 4 3 4 2                 |
 ├────────────────────┼─────────────┼──────────────────────────────────────────────────┤
 | 0x000000000000001b | 21          | 30 16 20 17 16 20 18 16 17 17 17 16 17 19 16 13  |
 ├────────────────────┼─────────────┼──────────────────────────────────────────────────┤
 | 0x000000000000001c | 20          | 23 17 17 16 17 17 16 17 16 16 17 17 17 17 15 15  |
 ├────────────────────┼─────────────┼──────────────────────────────────────────────────┤
 | 0x000000000000001d | 6           | 22 7 8 7 8 8 9 5 5 9 6 7 8 7 9 7                 |
 ├────────────────────┼─────────────┼──────────────────────────────────────────────────┤
 | 0x000000000000001e | 7           | 17 16 16 16 16 16 16 16 16 16 16 16 16 16 16 16  |
 ├────────────────────┼─────────────┼──────────────────────────────────────────────────┤
 | 0x000000000000001f | 20          | 19 7 7 5 6 5 9 6 8 7 7 5 6 6 6 7                 |
 └────────────────────┴─────────────┴──────────────────────────────────────────────────┘
PC pattern table end
Prefetch buffer begin
 ┌────────────────────┬──────────────────────────────────────────────────────────────────┐
 | Region             | Pattern                                                          |
 ├────────────────────┼──────────────────────────────────────────────────────────────────┤
 | 0x0000000000002a6e | 2 2 2 2 2 2 2 2 2 2 2 2 2 2 2 2 2 2 2 2 2 2 2 2 2 2 2 2 2 0 2 2  |
 ├────────────────────┼──────────────────────────────────────────────────────────────────┤
 | 0x0000000000002aad | 2 0 1 0 2 2 2 2 2 2 2 2 2 2 2 2 2 2 2 2 2 2 2 2 2 2 2 2 2 2 2 2  |
 ├────────────────────┼──────────────────────────────────────────────────────────────────┤
 | 0x0000000000005588 | 2 2 2 2 0 0 2 2 2 0 2 2 2 2 2 2 0 0 2 2 0 2 2 2 2 2 2 2 2 2 2 2  |
 ├────────────────────┼──────────────────────────────────────────────────────────────────┤
 | 0x0000000000002af2 | 2 2 2 0 2 2 2 2 2 2 2 2 0 2 2 2 2 2 2 2 2 2 2 2 2 2 2 2 2 2 2 2  |
 ├────────────────────┼──────────────────────────────────────────────────────────────────┤
 | 0x0000000000002b06 | 2 2 2 2 1 2 2 2 2 2 2 2 2 2 2 2 2 2 0 2 2 2 2 2 2 2 2 2 2 2 2 2  |
 ├────────────────────┼──────────────────────────────────────────────────────────────────┤
 | 0x0000000000002a70 | 2 0 2 2 2 0 0 2 2 2 2 2 2 0 0 2 2 0 2 2 2 2 2 2 2 2 2 2 2 2 2 2  |
 ├────────────────────┼──────────────────────────────────────────────────────────────────┤
 | 0x0000000000002976 | 2 2 2 2 2 2 2 2 2 2 0 2 2 2 2 2 2 2 2 2 2 2 2 2 2 2 2 2 2 2 2 2  |
 ├────────────────────┼──────────────────────────────────────────────────────────────────┤
 | 0x000000000000297d | 2 2 2 0 2 2 1 2 2 2 2 2 2 2 2 2 2 2 2 2 2 2 2 2 2 2 2 2 2 2 2 2  |
 ├────────────────────┼──────────────────────────────────────────────────────────────────┤
 | 0x0000000000002a3a | 2 2 2 0 2 2 2 2 2 2 2 2 2 2 2 2 2 2 2 2 2 2 2 2 2 2 2 2 2 2 2 2  |
 ├────────────────────┼──────────────────────────────────────────────────────────────────┤
 | 0x0000000000002b08 | 2 0 0 2 2 0 2 2 2 2 2 2 2 2 2 2 2 2 2 2 2 2 2 2 2 2 0 2 2 2 2 2  |
 ├────────────────────┼──────────────────────────────────────────────────────────────────┤
 | 0x0000000000002ade | 0 2 2 2 2 2 2 2 2 2 2 2 2 2 2 2 2 2 2 2 2 2 2 2 2 2 2 2 2 2 2 2  |
 ├────────────────────┼──────────────────────────────────────────────────────────────────┤
 | 0x0000000000002a55 | 2 2 2 2 2 2 2 2 2 2 2 2 2 0 2 2 2 2 2 2 2 2 2 2 2 2 2 2 2 2 2 2  |
 ├────────────────────┼──────────────────────────────────────────────────────────────────┤
 | 0x0000000000003001 | 2 2 2 2 2 2 2 2 2 2 2 2 2 2 2 2 2 2 2 2 2 2 2 2 2 2 2 2 2 2 0 2  |
 ├────────────────────┼──────────────────────────────────────────────────────────────────┤
 | 0x000000000000029c | 2 2 2 2 2 2 2 2 2 2 2 2 2 2 2 2 2 2 0 2 2 2 2 2 2 2 2 2 2 2 2 2  |
 ├────────────────────┼──────────────────────────────────────────────────────────────────┤
 | 0x0000000000002a93 | 2 2 2 2 2 2 2 0 0 2 2 0 0 2 2 2 2 2 2 0 0 2 2 0 2 2 2 2 2 2 2 2  |
 ├────────────────────┼──────────────────────────────────────────────────────────────────┤
 | 0x0000000000002a78 | 2 0 2 2 2 2 2 2 2 2 0 2 2 2 2 2 2 2 2 2 2 2 0 2 0 0 0 2 2 0 2 2  |
 ├────────────────────┼──────────────────────────────────────────────────────────────────┤
 | 0x0000000000009ea5 | 2 0 1 2 2 2 2 2 2 2 2 2 2 2 2 2 2 2 2 2 2 2 2 2 2 2 2 2 2 2 2 2  |
 ├────────────────────┼──────────────────────────────────────────────────────────────────┤
 | 0x0000000000002a77 | 0 2 2 2 2 0 0 0 0 2 2 0 0 0 2 0 0 2 2 0 2 2 0 2 0 2 2 0 0 2 2 0  |
 ├────────────────────┼──────────────────────────────────────────────────────────────────┤
 | 0x0000000000002aae | 2 0 2 2 2 2 2 2 2 2 2 0 0 2 2 2 2 2 2 2 2 2 2 2 0 0 2 2 2 2 2 2  |
 ├────────────────────┼──────────────────────────────────────────────────────────────────┤
 | 0x0000000000002a45 | 2 2 2 2 2 2 2 2 2 2 2 0 2 2 2 0 2 2 2 2 2 2 2 2 2 2 2 2 2 0 2 0  |
 ├────────────────────┼──────────────────────────────────────────────────────────────────┤
 | 0x0000000000002a6d | 2 2 2 2 2 2 2 2 2 2 2 2 2 2 2 2 2 2 2 2 2 2 2 2 2 2 2 0 2 2 2 2  |
 ├────────────────────┼──────────────────────────────────────────────────────────────────┤
 | 0x0000000000002ab5 | 2 2 2 2 2 2 2 2 0 0 2 2 0 0 2 2 2 2 0 0 0 0 2 2 0 2 2 2 2 2 2 2  |
 ├────────────────────┼──────────────────────────────────────────────────────────────────┤
 | 0x0000000000002a67 | 2 2 2 2 2 0 2 2 2 2 2 2 0 2 2 2 2 2 2 2 2 2 2 0 2 2 2 2 2 2 0 2  |
 ├────────────────────┼──────────────────────────────────────────────────────────────────┤
 | 0x0000000000002ab0 | 2 2 0 0 0 0 2 2 0 2 2 2 2 2 2 2 2 2 2 2 0 2 0 2 0 0 2 2 0 0 2 2  |
 └────────────────────┴──────────────────────────────────────────────────────────────────┘
Prefetch buffer end
Filter by PPT: 0
Prefetch Request to L1: 1980, Prefetch Request to L2: 107662
Invalid by Eviction: 26721
Invalid by Max: 577897
Final L1D Threshold: 0.500
Final Demand Reserve: 25.0%

╔═══════════════════════════════════════╗
║       CLIP Filter Statistics         ║
╚═══════════════════════════════════════╝
[CLIP CPU1 Stats]
  Total candidates:        18898473
  Prefetches issued:       38504 (0.3%)
  Dropped (not critical):  1978946 (10.5%)
  Dropped (low accuracy):  16881023 (89.4%)
  Critical loads detected: 255081
  Phase changes:           0

Filter table begin
 ┌────────────────────┬─────────────┐
 | Region             | Offset      |
 ├────────────────────┼─────────────┤
 | 0x0000000000000584 | 0           |
 ├────────────────────┼─────────────┤
 | 0x0000000000006c24 | 25          |
 ├────────────────────┼─────────────┤
 | 0x000000000000273a | 9           |
 ├────────────────────┼─────────────┤
 | 0x000000000000026d | 15          |
 ├────────────────────┼─────────────┤
 | 0x0000000000009820 | 13          |
 ├────────────────────┼─────────────┤
 | 0x00000000000058f4 | 13          |
 ├────────────────────┼─────────────┤
 | 0x000000000000a23d | 31          |
 ├────────────────────┼─────────────┤
 | 0x0000000000000361 | 9           |
 ├────────────────────┼─────────────┤
 | 0x000000000000a080 | 17          |
 ├────────────────────┼─────────────┤
 | 0x00000000000049b8 | 7           |
 ├────────────────────┼─────────────┤
 | 0x0000000000004cff | 12          |
 ├────────────────────┼─────────────┤
 | 0x0000000000006230 | 23          |
 ├────────────────────┼─────────────┤
 | 0x0000000000002745 | 24          |
 ├────────────────────┼─────────────┤
 | 0x0000000000009f6d | 24          |
 ├────────────────────┼─────────────┤
 | 0x000000000000027d | 7           |
 ├────────────────────┼─────────────┤
 | 0x000000000000a0a7 | 16          |
 ├────────────────────┼─────────────┤
 | 0x0000000000005efc | 17          |
 ├────────────────────┼─────────────┤
 | 0x000000000000a241 | 30          |
 ├────────────────────┼─────────────┤
 | 0x00000000000003c4 | 24          |
 ├────────────────────┼─────────────┤
 | 0x0000000000009f6c | 24          |
 ├────────────────────┼─────────────┤
 | 0x0000000000009544 | 19          |
 ├────────────────────┼─────────────┤
 | 0x000000000000772e | 5           |
 ├────────────────────┼─────────────┤
 | 0x000000000000250e | 26          |
 ├────────────────────┼─────────────┤
 | 0x00000000000003ae | 26          |
 ├────────────────────┼─────────────┤
 | 0x0000000000009f6b | 7           |
 ├────────────────────┼─────────────┤
 | 0x0000000000009086 | 11          |
 ├────────────────────┼─────────────┤
 | 0x0000000000009f6a | 29          |
 ├────────────────────┼─────────────┤
 | 0x000000000000101f | 0           |
 ├────────────────────┼─────────────┤
 | 0x00000000000063a9 | 23          |
 ├────────────────────┼─────────────┤
 | 0x0000000000005f18 | 30          |
 ├────────────────────┼─────────────┤
 | 0x000000000000a15b | 12          |
 ├────────────────────┼─────────────┤
 | 0x00000000000079ef | 29          |
 ├────────────────────┼─────────────┤
 | 0x000000000000a060 | 26          |
 ├────────────────────┼─────────────┤
 | 0x00000000000099e1 | 16          |
 ├────────────────────┼─────────────┤
 | 0x0000000000008fab | 17          |
 ├────────────────────┼─────────────┤
 | 0x0000000000009f60 | 5           |
 ├────────────────────┼─────────────┤
 | 0x0000000000006b24 | 3           |
 ├────────────────────┼─────────────┤
 | 0x0000000000000874 | 24          |
 ├────────────────────┼─────────────┤
 | 0x00000000000069b5 | 15          |
 ├────────────────────┼─────────────┤
 | 0x000000000000a061 | 0           |
 └────────────────────┴─────────────┘
Filter table end
Accumulation table begin
 ┌────────────────────┬─────────────┬─────────────┬──────────────────────────────────────────────────────────────────┐
 | Region             | Offset      | Second      | Pattern                                                          |
 ├────────────────────┼─────────────┼─────────────┼──────────────────────────────────────────────────────────────────┤
 | 0x000000000000045e | 31          | 17          | 0 0 0 0 0 0 0 0 0 0 0 0 0 0 0 0 0 1 0 0 0 0 0 0 0 0 0 0 0 0 0 1  |
 ├────────────────────┼─────────────┼─────────────┼──────────────────────────────────────────────────────────────────┤
 | 0x0000000000000415 | 29          | 28          | 1 1 0 0 0 0 1 1 1 1 0 0 0 0 1 1 0 0 0 0 0 1 1 0 0 0 0 0 1 1 0 0  |
 ├────────────────────┼─────────────┼─────────────┼──────────────────────────────────────────────────────────────────┤
 | 0x000000000000043d | 28          | 20          | 0 0 1 1 0 0 0 0 0 0 1 1 0 0 0 0 0 0 0 0 1 0 0 0 0 0 0 0 1 0 0 0  |
 ├────────────────────┼─────────────┼─────────────┼──────────────────────────────────────────────────────────────────┤
 | 0x0000000000000420 | 28          | 21          | 0 0 0 0 1 0 0 0 0 0 0 0 1 1 0 0 0 0 0 0 0 1 1 0 0 0 0 0 1 0 0 0  |
 ├────────────────────┼─────────────┼─────────────┼──────────────────────────────────────────────────────────────────┤
 | 0x0000000000000399 | 29          | 9           | 0 0 0 0 0 0 0 0 0 1 1 0 0 0 0 0 0 0 0 0 0 0 0 0 0 0 0 0 0 1 1 0  |
 ├────────────────────┼─────────────┼─────────────┼──────────────────────────────────────────────────────────────────┤
 | 0x0000000000000454 | 20          | 11          | 0 0 1 0 0 0 0 0 0 0 0 1 0 0 0 0 0 0 0 0 1 0 0 0 0 0 0 0 0 0 0 0  |
 ├────────────────────┼─────────────┼─────────────┼──────────────────────────────────────────────────────────────────┤
 | 0x00000000000002bc | 18          | 19          | 0 0 0 0 0 0 0 0 0 0 0 0 0 0 0 0 1 1 1 1 1 1 0 0 1 0 0 0 0 0 0 0  |
 ├────────────────────┼─────────────┼─────────────┼──────────────────────────────────────────────────────────────────┤
 | 0x0000000000000384 | 4           | 3           | 0 0 0 1 1 0 0 0 0 0 0 0 0 0 0 0 0 0 0 0 0 0 0 0 0 0 0 0 0 0 0 0  |
 ├────────────────────┼─────────────┼─────────────┼──────────────────────────────────────────────────────────────────┤
 | 0x00000000000003c5 | 17          | 16          | 0 0 0 0 0 0 0 0 0 0 0 0 0 0 0 0 1 1 0 0 0 0 0 0 0 0 0 0 0 0 0 0  |
 ├────────────────────┼─────────────┼─────────────┼──────────────────────────────────────────────────────────────────┤
 | 0x0000000000000461 | 30          | 13          | 1 1 0 0 0 0 0 0 0 0 0 0 0 1 1 0 0 0 0 0 0 0 0 0 0 0 0 0 0 0 1 1  |
 ├────────────────────┼─────────────┼─────────────┼──────────────────────────────────────────────────────────────────┤
 | 0x0000000000000432 | 29          | 20          | 0 0 0 1 0 0 0 0 0 0 0 1 1 0 0 0 0 0 0 0 1 0 0 0 0 0 0 0 0 1 1 0  |
 ├────────────────────┼─────────────┼─────────────┼──────────────────────────────────────────────────────────────────┤
 | 0x000000000000032d | 25          | 14          | 0 0 0 0 0 0 0 0 0 0 0 0 0 0 1 0 0 0 0 0 0 0 0 0 0 1 0 0 0 0 0 0  |
 ├────────────────────┼─────────────┼─────────────┼──────────────────────────────────────────────────────────────────┤
 | 0x000000000000044f | 31          | 22          | 0 0 0 0 1 1 0 0 0 0 0 0 0 1 1 0 0 0 0 0 0 0 1 1 0 0 0 0 0 0 0 1  |
 ├────────────────────┼─────────────┼─────────────┼──────────────────────────────────────────────────────────────────┤
 | 0x000000000000041f | 27          | 26          | 0 0 0 0 1 1 0 0 0 0 1 1 1 0 0 0 0 0 1 1 1 0 0 0 0 0 1 1 1 0 0 0  |
 ├────────────────────┼─────────────┼─────────────┼──────────────────────────────────────────────────────────────────┤
 | 0x0000000000000425 | 27          | 26          | 0 0 0 1 1 1 0 0 0 0 0 1 1 0 0 0 0 0 1 1 1 0 0 0 0 0 1 1 0 0 0 0  |
 ├────────────────────┼─────────────┼─────────────┼──────────────────────────────────────────────────────────────────┤
 | 0x000000000000026e | 27          | 14          | 0 0 0 0 0 0 0 0 0 0 0 0 0 0 1 1 0 0 0 0 0 0 0 0 0 0 0 1 0 0 0 0  |
 ├────────────────────┼─────────────┼─────────────┼──────────────────────────────────────────────────────────────────┤
 | 0x0000000000000422 | 28          | 29          | 0 0 0 0 0 0 0 0 0 0 0 0 0 0 0 0 0 0 0 0 0 0 0 0 0 0 0 0 1 1 0 0  |
 ├────────────────────┼─────────────┼─────────────┼──────────────────────────────────────────────────────────────────┤
 | 0x0000000000000460 | 14          | 4           | 0 0 0 1 1 0 0 0 0 0 0 0 0 0 1 0 0 0 0 0 0 0 0 0 0 0 0 0 0 0 0 0  |
 ├────────────────────┼─────────────┼─────────────┼──────────────────────────────────────────────────────────────────┤
 | 0x0000000000000453 | 24          | 9           | 0 0 0 0 0 0 0 0 0 1 0 0 0 0 0 0 0 0 0 0 0 0 0 0 1 0 0 0 0 0 0 0  |
 ├────────────────────┼─────────────┼─────────────┼──────────────────────────────────────────────────────────────────┤
 | 0x0000000000000398 | 21          | 20          | 0 0 0 0 1 0 0 0 0 0 0 0 0 0 0 0 0 0 0 0 1 1 0 0 0 0 0 0 0 0 0 0  |
 ├────────────────────┼─────────────┼─────────────┼──────────────────────────────────────────────────────────────────┤
 | 0x0000000000000271 | 12          | 13          | 0 0 0 0 0 0 0 0 0 0 0 0 1 1 0 0 0 0 0 0 0 0 0 0 0 0 0 0 1 0 0 0  |
 ├────────────────────┼─────────────┼─────────────┼──────────────────────────────────────────────────────────────────┤
 | 0x0000000000000421 | 27          | 19          | 0 1 1 0 0 0 0 0 0 0 1 1 0 0 0 0 0 0 0 1 0 0 0 0 0 0 0 1 0 0 0 0  |
 ├────────────────────┼─────────────┼─────────────┼──────────────────────────────────────────────────────────────────┤
 | 0x000000000000037c | 21          | 0           | 1 0 0 0 0 0 0 0 0 0 0 0 0 0 0 0 0 0 0 0 0 1 0 0 0 0 0 0 0 0 0 0  |
 ├────────────────────┼─────────────┼─────────────┼──────────────────────────────────────────────────────────────────┤
 | 0x0000000000000424 | 26          | 27          | 1 0 0 0 0 0 0 0 1 1 0 0 0 0 0 0 1 1 1 0 0 0 0 0 0 0 1 1 1 0 0 0  |
 ├────────────────────┼─────────────┼─────────────┼──────────────────────────────────────────────────────────────────┤
 | 0x000000000000026f | 14          | 15          | 0 0 0 0 0 0 0 0 0 0 0 0 0 0 1 1 0 0 0 0 0 0 0 0 0 0 0 0 0 0 0 0  |
 ├────────────────────┼─────────────┼─────────────┼──────────────────────────────────────────────────────────────────┤
 | 0x000000000000045f | 23          | 0           | 1 0 0 0 0 0 0 0 0 0 0 0 0 0 0 0 0 0 0 0 0 0 0 1 0 0 0 0 0 0 0 0  |
 ├────────────────────┼─────────────┼─────────────┼──────────────────────────────────────────────────────────────────┤
 | 0x000000000000041e | 29          | 21          | 1 1 1 0 0 0 0 0 0 0 0 1 1 0 0 0 0 0 0 0 0 1 1 0 0 0 0 0 0 1 0 0  |
 ├────────────────────┼─────────────┼─────────────┼──────────────────────────────────────────────────────────────────┤
 | 0x000000000000032c | 26          | 22          | 0 1 0 0 0 0 0 0 0 0 0 0 0 0 0 0 0 0 0 0 0 1 1 0 0 0 1 0 0 0 0 0  |
 ├────────────────────┼─────────────┼─────────────┼──────────────────────────────────────────────────────────────────┤
 | 0x000000000000043c | 29          | 30          | 1 0 0 0 0 0 0 0 1 0 0 0 0 0 0 0 1 0 0 0 0 0 0 0 1 1 0 0 0 1 1 0  |
 ├────────────────────┼─────────────┼─────────────┼──────────────────────────────────────────────────────────────────┤
 | 0x0000000000000385 | 14          | 3           | 0 0 0 1 1 0 0 0 0 0 0 0 0 0 1 0 0 0 0 0 0 0 0 0 0 0 0 0 0 0 0 0  |
 ├────────────────────┼─────────────┼─────────────┼──────────────────────────────────────────────────────────────────┤
 | 0x0000000000000450 | 24          | 8           | 0 0 0 0 0 0 0 1 1 0 0 0 0 0 0 0 0 0 0 0 0 0 0 0 1 1 0 0 0 0 0 0  |
 ├────────────────────┼─────────────┼─────────────┼──────────────────────────────────────────────────────────────────┤
 | 0x0000000000000433 | 23          | 24          | 0 0 0 0 0 1 1 0 0 0 0 0 0 0 1 1 0 0 0 0 0 0 0 1 1 0 0 0 0 0 0 0  |
 └────────────────────┴─────────────┴─────────────┴──────────────────────────────────────────────────────────────────┘
Accumulation table end
Offset pattern table begin
 ┌────────────────────┬─────────────┬─────────────────────────────────────────────────────────────────────────────────┐
 | Key                | Second      | Pattern                                                                         |
 ├────────────────────┼─────────────┼─────────────────────────────────────────────────────────────────────────────────┤
 | 0x0000000000000000 | 27          | 22 2 0 17 18 18 2 3 2 17 17 17 2 1 18 18 17 16 0 2 2 3 18 17 0 0 2 20 18 1 0 1  |
 ├────────────────────┼─────────────┼─────────────────────────────────────────────────────────────────────────────────┤
 | 0x0000000000000001 | 27          | 20 20 7 0 0 0 5 0 5 5 11 5 5 0 5 5 10 5 5 5 5 5 5 0 0 5 5 0 0 0 0 0             |
 ├────────────────────┼─────────────┼─────────────────────────────────────────────────────────────────────────────────┤
 | 0x0000000000000002 | 1           | 16 8 16 7 1 0 0 2 4 3 5 5 0 0 0 3 3 2 2 8 6 2 0 0 0 2 3 6 4 0 2 3               |
 ├────────────────────┼─────────────┼─────────────────────────────────────────────────────────────────────────────────┤
 | 0x0000000000000003 | 27          | 29 1 25 29 1 1 0 20 23 2 5 2 20 21 20 2 2 0 2 2 4 22 23 2 0 0 0 23 25 23 2 0    |
 ├────────────────────┼─────────────┼─────────────────────────────────────────────────────────────────────────────────┤
 | 0x0000000000000004 | 3           | 26 0 0 24 26 3 2 9 9 12 12 1 1 0 0 2 0 1 1 1 3 2 2 0 1 0 0 1 3 2 0 1            |
 ├────────────────────┼─────────────┼─────────────────────────────────────────────────────────────────────────────────┤
 | 0x0000000000000005 | 4           | 17 0 6 13 12 17 0 0 5 6 5 4 10 5 6 0 5 5 4 10 10 0 0 5 5 0 4 10 0 0 0 5         |
 ├────────────────────┼─────────────┼─────────────────────────────────────────────────────────────────────────────────┤
 | 0x0000000000000006 | 7           | 19 0 0 0 2 1 19 15 0 0 0 0 0 0 0 1 0 0 0 0 0 1 0 0 0 0 0 0 0 1 0 0              |
 ├────────────────────┼─────────────┼─────────────────────────────────────────────────────────────────────────────────┤
 | 0x0000000000000007 | 6           | 17 0 0 0 0 4 5 17 5 0 0 0 0 0 0 0 0 0 0 0 0 0 0 0 2 0 0 0 0 0 0 0               |
 ├────────────────────┼─────────────┼─────────────────────────────────────────────────────────────────────────────────┤
 | 0x0000000000000008 | 0           | 19 8 0 0 0 0 6 9 19 15 5 0 0 0 13 13 4 0 0 4 4 9 8 0 0 0 4 4 8 8 0 4            |
 ├────────────────────┼─────────────┼─────────────────────────────────────────────────────────────────────────────────┤
 | 0x0000000000000009 | 8           | 28 0 0 21 6 0 0 16 24 28 15 0 0 7 6 0 0 0 6 6 0 0 0 0 0 0 0 6 6 0 0 0           |
 ├────────────────────┼─────────────┼─────────────────────────────────────────────────────────────────────────────────┤
 | 0x000000000000000a | 8           | 30 2 8 5 0 0 1 2 5 7 30 11 0 0 1 0 0 0 3 3 3 0 0 0 0 0 0 3 3 0 0 0              |
 ├────────────────────┼─────────────┼─────────────────────────────────────────────────────────────────────────────────┤
 | 0x000000000000000b | 3           | 31 6 13 10 0 0 0 0 0 3 22 31 3 1 0 0 0 0 15 15 15 0 0 1 0 0 0 15 15 0 0 0       |
 ├────────────────────┼─────────────┼─────────────────────────────────────────────────────────────────────────────────┤
 | 0x000000000000000c | 6           | 26 0 0 11 11 24 24 0 0 0 0 11 26 13 0 0 0 0 11 12 0 0 0 0 0 12 12 0 0 0 0 0     |
 ├────────────────────┼─────────────┼─────────────────────────────────────────────────────────────────────────────────┤
 | 0x000000000000000d | 10          | 28 0 0 0 0 0 0 0 1 0 0 1 2 28 2 16 15 1 0 1 0 0 0 2 0 0 0 1 0 0 0 0             |
 ├────────────────────┼─────────────┼─────────────────────────────────────────────────────────────────────────────────┤
 | 0x000000000000000e | 15          | 22 2 3 11 11 0 0 2 3 3 1 0 0 7 22 7 1 0 1 3 3 3 0 0 0 1 2 0 1 1 3 1             |
 ├────────────────────┼─────────────┼─────────────────────────────────────────────────────────────────────────────────┤
 | 0x000000000000000f | 16          | 26 0 0 0 0 0 0 0 0 0 0 0 1 10 7 26 8 3 0 0 0 0 0 0 0 0 0 0 0 0 0 0              |
 ├────────────────────┼─────────────┼─────────────────────────────────────────────────────────────────────────────────┤
 | 0x0000000000000010 | 14          | 27 0 0 0 0 0 0 0 1 0 0 0 0 3 8 9 27 6 3 0 0 0 0 0 0 0 0 0 0 0 0 0               |
 ├────────────────────┼─────────────┼─────────────────────────────────────────────────────────────────────────────────┤
 | 0x0000000000000011 | 9           | 30 0 13 0 0 0 0 0 14 13 0 0 0 0 1 0 14 30 0 0 0 0 0 0 0 0 0 0 0 0 0 0           |
 ├────────────────────┼─────────────┼─────────────────────────────────────────────────────────────────────────────────┤
 | 0x0000000000000012 | 12          | 30 0 0 0 13 13 12 0 1 0 0 13 13 0 1 1 3 5 30 18 12 4 0 0 4 0 0 0 0 0 0 0        |
 ├────────────────────┼─────────────┼─────────────────────────────────────────────────────────────────────────────────┤
 | 0x0000000000000013 | 14          | 26 9 0 14 14 9 9 9 10 0 0 14 24 9 0 9 0 0 1 26 9 0 0 0 0 0 0 0 0 0 0 0          |
 ├────────────────────┼─────────────┼─────────────────────────────────────────────────────────────────────────────────┤
 | 0x0000000000000014 | 11          | 25 6 22 0 0 6 6 6 5 0 0 22 6 6 0 6 0 0 0 6 25 0 0 0 0 0 0 0 0 0 0 0             |
 ├────────────────────┼─────────────┼─────────────────────────────────────────────────────────────────────────────────┤
 | 0x0000000000000015 | 22          | 28 10 10 1 9 0 10 0 0 1 11 10 9 0 0 1 10 10 10 0 9 28 12 0 0 0 0 1 1 0 0 0      |
 ├────────────────────┼─────────────┼─────────────────────────────────────────────────────────────────────────────────┤
 | 0x0000000000000016 | 21          | 28 0 0 0 0 0 0 0 0 0 0 1 0 0 0 0 0 0 0 1 5 8 28 6 5 0 1 0 1 0 0 1               |
 ├────────────────────┼─────────────┼─────────────────────────────────────────────────────────────────────────────────┤
 | 0x0000000000000017 | 22          | 25 0 5 6 6 5 5 0 0 6 6 0 0 0 5 5 6 0 0 0 0 0 7 25 6 0 0 0 0 0 0 0               |
 ├────────────────────┼─────────────┼─────────────────────────────────────────────────────────────────────────────────┤
 | 0x0000000000000018 | 25          | 24 2 6 6 6 7 0 6 10 7 4 2 6 4 3 2 6 7 0 6 6 0 0 4 24 16 0 7 2 0 0 6             |
 ├────────────────────┼─────────────┼─────────────────────────────────────────────────────────────────────────────────┤
 | 0x0000000000000019 | 26          | 24 5 0 0 2 2 2 2 5 5 5 0 0 0 12 7 7 0 0 7 7 9 9 0 5 24 16 9 0 0 0 2             |
 ├────────────────────┼─────────────┼─────────────────────────────────────────────────────────────────────────────────┤
 | 0x000000000000001a | 25          | 27 6 0 0 8 15 15 6 6 6 2 8 15 7 7 0 6 6 12 15 9 13 6 0 0 7 27 16 8 0 0 2        |
 ├────────────────────┼─────────────┼─────────────────────────────────────────────────────────────────────────────────┤
 | 0x000000000000001b | 28          | 29 8 6 10 9 5 3 3 12 5 9 11 5 7 10 6 1 0 11 16 16 3 0 0 0 1 14 29 19 3 0 0      |
 ├────────────────────┼─────────────┼─────────────────────────────────────────────────────────────────────────────────┤
 | 0x000000000000001c | 27          | 16 3 4 6 5 3 1 3 6 4 6 2 2 3 5 5 1 1 1 2 7 9 6 1 0 0 0 6 16 8 1 1               |
 ├────────────────────┼─────────────┼─────────────────────────────────────────────────────────────────────────────────┤
 | 0x000000000000001d | 28          | 28 9 9 9 0 0 4 9 14 12 8 9 9 0 4 9 10 0 0 0 4 9 14 5 4 4 0 0 9 28 18 0          |
 ├────────────────────┼─────────────┼─────────────────────────────────────────────────────────────────────────────────┤
 | 0x000000000000001e | 29          | 27 18 11 4 0 0 0 4 15 15 10 0 0 7 7 15 15 6 0 8 8 8 6 0 0 4 8 3 0 15 27 11      |
 ├────────────────────┼─────────────┼─────────────────────────────────────────────────────────────────────────────────┤
 | 0x000000000000001f | 27          | 24 2 1 6 20 20 5 2 2 3 10 12 11 4 9 4 6 13 8 7 7 6 7 10 12 11 11 8 3 0 0 24     |
 └────────────────────┴─────────────┴─────────────────────────────────────────────────────────────────────────────────┘
Offset pattern table end
PC pattern table begin
 ┌────────────────────┬─────────────┬────────────────────────────────────────────────┐
 | Key                | Second      | Pattern                                        |
 ├────────────────────┼─────────────┼────────────────────────────────────────────────┤
 | 0x0000000000000000 | 23          | 30 2 2 3 8 2 4 2 4 3 2 2 3 3 2 1               |
 ├────────────────────┼─────────────┼────────────────────────────────────────────────┤
 | 0x0000000000000001 | 1           | 24 7 7 8 10 12 5 9 6 7 10 7 4 11 10 5          |
 ├────────────────────┼─────────────┼────────────────────────────────────────────────┤
 | 0x0000000000000002 | 24          | 28 2 2 3 2 2 2 1 2 2 2 2 1 1 2 1               |
 ├────────────────────┼─────────────┼────────────────────────────────────────────────┤
 | 0x0000000000000004 | 14          | 17 1 2 2 2 2 2 2 3 3 2 1 1 0 0 0               |
 ├────────────────────┼─────────────┼────────────────────────────────────────────────┤
 | 0x0000000000000005 | 11          | 17 0 0 0 0 0 0 0 13 13 13 2 14 0 0 0           |
 ├────────────────────┼─────────────┼────────────────────────────────────────────────┤
 | 0x0000000000000006 | 1           | 22 4 2 0 0 1 1 1 0 2 1 1 2 3 4 1               |
 ├────────────────────┼─────────────┼────────────────────────────────────────────────┤
 | 0x0000000000000007 | 18          | 1 0 0 0 0 0 0 0 1 1 1 0 1 0 0 0                |
 ├────────────────────┼─────────────┼────────────────────────────────────────────────┤
 | 0x0000000000000008 | 31          | 16 4 4 3 4 4 4 4 2 6 13 7 9 9 2 1              |
 ├────────────────────┼─────────────┼────────────────────────────────────────────────┤
 | 0x0000000000000009 | 13          | 25 10 2 4 4 10 2 2 1 2 22 12 15 14 1 1         |
 ├────────────────────┼─────────────┼────────────────────────────────────────────────┤
 | 0x000000000000000a | 25          | 17 4 0 0 0 3 9 0 0 2 2 0 2 2 6 0               |
 ├────────────────────┼─────────────┼────────────────────────────────────────────────┤
 | 0x000000000000000b | 14          | 16 8 7 6 8 7 5 7 5 5 7 6 3 7 7 4               |
 ├────────────────────┼─────────────┼────────────────────────────────────────────────┤
 | 0x000000000000000c | 27          | 24 0 11 11 9 21 11 9 9 21 21 0 0 21 14 23      |
 ├────────────────────┼─────────────┼────────────────────────────────────────────────┤
 | 0x000000000000000d | 29          | 3 0 0 0 0 0 0 0 2 2 2 0 2 0 1 1                |
 ├────────────────────┼─────────────┼────────────────────────────────────────────────┤
 | 0x000000000000000e | 24          | 16 0 0 0 0 0 0 0 0 0 0 0 15 0 0 0              |
 ├────────────────────┼─────────────┼────────────────────────────────────────────────┤
 | 0x0000000000000010 | 26          | 21 0 0 0 0 0 6 6 7 0 0 6 6 5 13 1              |
 ├────────────────────┼─────────────┼────────────────────────────────────────────────┤
 | 0x0000000000000011 | 4           | 17 0 0 0 0 0 0 0 0 3 3 0 12 3 0 0              |
 ├────────────────────┼─────────────┼────────────────────────────────────────────────┤
 | 0x0000000000000012 | 17          | 26 5 5 0 23 24 5 23 24 24 24 0 0 23 5 24       |
 ├────────────────────┼─────────────┼────────────────────────────────────────────────┤
 | 0x0000000000000013 | 27          | 24 22 0 0 0 22 0 0 0 21 21 0 1 21 21 0         |
 ├────────────────────┼─────────────┼────────────────────────────────────────────────┤
 | 0x0000000000000014 | 18          | 28 5 4 4 4 2 4 3 4 3 4 4 3 4 3 2               |
 ├────────────────────┼─────────────┼────────────────────────────────────────────────┤
 | 0x0000000000000015 | 20          | 30 0 0 0 0 0 0 6 28 29 26 0 26 0 0 0           |
 ├────────────────────┼─────────────┼────────────────────────────────────────────────┤
 | 0x0000000000000016 | 13          | 31 11 11 0 11 12 16 12 13 12 16 16 17 19 8 14  |
 ├────────────────────┼─────────────┼────────────────────────────────────────────────┤
 | 0x0000000000000017 | 22          | 28 9 9 5 8 10 8 7 8 9 11 7 7 11 12 9           |
 ├────────────────────┼─────────────┼────────────────────────────────────────────────┤
 | 0x0000000000000018 | 3           | 26 0 0 0 0 0 0 0 24 0 0 24 24 24 0 0           |
 ├────────────────────┼─────────────┼────────────────────────────────────────────────┤
 | 0x0000000000000019 | 20          | 29 2 2 4 3 4 3 4 2 5 2 3 2 1 3 1               |
 ├────────────────────┼─────────────┼────────────────────────────────────────────────┤
 | 0x000000000000001a | 3           | 20 2 0 0 0 5 1 0 2 4 4 1 10 4 3 2              |
 ├────────────────────┼─────────────┼────────────────────────────────────────────────┤
 | 0x000000000000001b | 16          | 27 0 1 2 1 1 0 0 3 1 4 2 4 2 6 10              |
 ├────────────────────┼─────────────┼────────────────────────────────────────────────┤
 | 0x000000000000001c | 5           | 27 3 3 1 3 4 1 3 4 4 3 3 2 5 16 12             |
 ├────────────────────┼─────────────┼────────────────────────────────────────────────┤
 | 0x000000000000001d | 27          | 20 18 18 0 18 18 19 18 18 18 18 0 0 19 18 18   |
 ├────────────────────┼─────────────┼────────────────────────────────────────────────┤
 | 0x000000000000001e | 20          | 18 1 0 0 0 0 0 1 4 3 3 0 3 0 4 11              |
 ├────────────────────┼─────────────┼────────────────────────────────────────────────┤
 | 0x000000000000001f | 19          | 6 0 0 0 0 0 0 0 6 6 6 0 6 0 0 0                |
 └────────────────────┴─────────────┴────────────────────────────────────────────────┘
PC pattern table end
Prefetch buffer begin
 ┌────────┬─────────┐
 | Region | Pattern |
 └────────┴─────────┘
Prefetch buffer end
Filter by PPT: 0
Prefetch Request to L1: 1980, Prefetch Request to L2: 107662
Invalid by Eviction: 205106
Invalid by Max: 84919
Final L1D Threshold: 0.901
Final Demand Reserve: 25.0%

╔═══════════════════════════════════════╗
║       CLIP Filter Statistics         ║
╚═══════════════════════════════════════╝
[CLIP CPU0 Stats]
  Total candidates:        3802038
  Prefetches issued:       35800 (1.0%)
  Dropped (not critical):  766052 (20.2%)
  Dropped (low accuracy):  3000186 (79.0%)
  Critical loads detected: 24914017
  Phase changes:           0

Filter table begin
 ┌────────────────────┬─────────────┐
 | Region             | Offset      |
 ├────────────────────┼─────────────┤
 | 0x000000000000a234 | 0           |
 ├────────────────────┼─────────────┤
 | 0x000000000000a227 | 0           |
 ├────────────────────┼─────────────┤
 | 0x000000000000a230 | 0           |
 ├────────────────────┼─────────────┤
 | 0x000000000000a097 | 31          |
 ├────────────────────┼─────────────┤
 | 0x000000000000842b | 12          |
 ├────────────────────┼─────────────┤
 | 0x0000000000000297 | 1           |
 ├────────────────────┼─────────────┤
 | 0x000000000000a233 | 31          |
 └────────────────────┴─────────────┘
Filter table end
Accumulation table begin
 ┌────────────────────┬─────────────┬─────────────┬──────────────────────────────────────────────────────────────────┐
 | Region             | Offset      | Second      | Pattern                                                          |
 ├────────────────────┼─────────────┼─────────────┼──────────────────────────────────────────────────────────────────┤
 | 0x000000000000a225 | 0           | 2           | 1 1 1 0 0 0 0 0 0 0 0 0 0 0 0 0 0 0 0 0 0 0 0 0 0 0 0 0 0 0 0 0  |
 ├────────────────────┼─────────────┼─────────────┼──────────────────────────────────────────────────────────────────┤
 | 0x0000000000009da8 | 8           | 7           | 0 0 0 0 0 0 1 1 1 0 0 0 0 0 0 0 0 0 0 0 0 0 0 0 0 0 0 0 0 0 0 0  |
 ├────────────────────┼─────────────┼─────────────┼──────────────────────────────────────────────────────────────────┤
 | 0x0000000000000306 | 20          | 19          | 0 0 0 0 0 0 0 0 0 0 0 0 0 0 0 0 0 0 0 1 1 0 0 0 0 0 0 0 0 0 0 0  |
 ├────────────────────┼─────────────┼─────────────┼──────────────────────────────────────────────────────────────────┤
 | 0x00000000000002f2 | 18          | 17          | 0 1 1 0 0 0 0 0 0 0 0 0 0 0 0 0 1 1 1 0 0 0 0 0 0 0 0 0 0 0 0 0  |
 ├────────────────────┼─────────────┼─────────────┼──────────────────────────────────────────────────────────────────┤
 | 0x000000000000a243 | 14          | 13          | 0 0 0 0 0 0 0 0 0 0 0 0 0 1 1 0 0 0 0 0 0 0 0 0 0 0 0 0 0 0 0 0  |
 ├────────────────────┼─────────────┼─────────────┼──────────────────────────────────────────────────────────────────┤
 | 0x000000000000a238 | 0           | 20          | 1 0 0 0 0 0 0 0 0 0 0 0 0 0 0 0 0 0 0 1 1 0 0 0 0 0 0 1 1 1 1 1  |
 ├────────────────────┼─────────────┼─────────────┼──────────────────────────────────────────────────────────────────┤
 | 0x0000000000000309 | 22          | 21          | 0 0 0 0 0 0 0 0 0 0 0 0 0 0 0 0 0 0 0 0 1 1 1 0 0 0 0 0 0 0 0 0  |
 ├────────────────────┼─────────────┼─────────────┼──────────────────────────────────────────────────────────────────┤
 | 0x000000000000a23e | 0           | 2           | 1 1 1 1 1 1 1 1 1 1 1 1 1 1 1 1 1 0 0 0 0 0 0 0 0 0 0 0 0 0 0 0  |
 ├────────────────────┼─────────────┼─────────────┼──────────────────────────────────────────────────────────────────┤
 | 0x0000000000000da8 | 31          | 29          | 0 0 0 0 0 0 0 0 0 0 0 0 0 0 0 0 1 1 0 1 1 0 1 1 0 1 1 0 1 1 0 1  |
 ├────────────────────┼─────────────┼─────────────┼──────────────────────────────────────────────────────────────────┤
 | 0x00000000000002fb | 12          | 11          | 0 0 0 0 0 0 0 0 0 0 1 1 1 0 0 0 0 0 0 0 0 0 0 0 0 0 0 0 0 0 0 0  |
 ├────────────────────┼─────────────┼─────────────┼──────────────────────────────────────────────────────────────────┤
 | 0x000000000000a110 | 26          | 25          | 0 0 0 0 0 0 0 0 0 0 0 0 0 0 0 0 0 0 0 0 0 0 0 0 1 1 1 0 0 0 0 0  |
 ├────────────────────┼─────────────┼─────────────┼──────────────────────────────────────────────────────────────────┤
 | 0x0000000000000303 | 4           | 3           | 0 0 1 1 1 0 0 0 0 0 0 0 0 0 0 0 0 0 0 0 0 0 0 0 0 0 0 0 0 0 0 0  |
 ├────────────────────┼─────────────┼─────────────┼──────────────────────────────────────────────────────────────────┤
 | 0x0000000000000d79 | 31          | 29          | 0 1 1 0 1 1 0 1 1 0 1 1 0 1 1 0 1 1 0 1 1 0 1 1 0 1 1 0 1 1 0 1  |
 ├────────────────────┼─────────────┼─────────────┼──────────────────────────────────────────────────────────────────┤
 | 0x000000000000a223 | 0           | 2           | 1 1 1 1 1 1 1 1 1 1 1 1 1 1 1 1 1 1 1 1 1 1 1 1 1 0 1 1 1 1 1 1  |
 ├────────────────────┼─────────────┼─────────────┼──────────────────────────────────────────────────────────────────┤
 | 0x000000000000a23b | 0           | 2           | 1 1 1 1 1 1 1 1 1 1 1 0 0 0 0 0 0 0 0 0 0 0 0 0 0 0 0 0 0 0 0 0  |
 ├────────────────────┼─────────────┼─────────────┼──────────────────────────────────────────────────────────────────┤
 | 0x0000000000000d75 | 31          | 29          | 1 1 1 1 1 1 1 1 1 1 1 1 0 1 1 1 1 1 1 1 1 1 1 1 1 0 1 1 1 1 1 1  |
 ├────────────────────┼─────────────┼─────────────┼──────────────────────────────────────────────────────────────────┤
 | 0x0000000000000d78 | 30          | 31          | 1 1 0 1 1 0 1 1 0 1 1 0 1 1 0 1 1 0 1 1 0 1 1 0 1 1 0 1 1 0 1 1  |
 ├────────────────────┼─────────────┼─────────────┼──────────────────────────────────────────────────────────────────┤
 | 0x00000000000002f3 | 16          | 15          | 0 0 0 0 0 0 0 0 0 0 0 0 0 0 1 1 1 0 0 0 0 0 0 0 0 0 0 0 0 0 0 0  |
 ├────────────────────┼─────────────┼─────────────┼──────────────────────────────────────────────────────────────────┤
 | 0x0000000000009bb4 | 28          | 27          | 0 0 0 0 0 0 0 0 0 0 0 0 0 0 0 0 0 0 0 0 0 0 0 0 0 0 0 1 1 0 0 0  |
 ├────────────────────┼─────────────┼─────────────┼──────────────────────────────────────────────────────────────────┤
 | 0x000000000000a244 | 12          | 11          | 0 0 0 0 0 0 0 0 0 0 0 1 1 1 1 0 0 1 1 1 1 1 1 1 1 1 1 1 1 1 1 0  |
 ├────────────────────┼─────────────┼─────────────┼──────────────────────────────────────────────────────────────────┤
 | 0x000000000000a224 | 26          | 25          | 0 0 0 0 0 0 0 0 0 0 0 0 0 0 0 0 0 0 1 1 1 0 1 1 1 1 1 1 1 1 1 1  |
 ├────────────────────┼─────────────┼─────────────┼──────────────────────────────────────────────────────────────────┤
 | 0x000000000000620f | 30          | 29          | 0 0 0 0 0 0 0 0 0 0 0 0 0 0 0 0 0 0 0 0 0 0 0 0 0 0 0 0 1 1 1 0  |
 ├────────────────────┼─────────────┼─────────────┼──────────────────────────────────────────────────────────────────┤
 | 0x000000000000a20f | 0           | 2           | 1 1 1 1 1 1 1 1 1 1 1 0 0 0 0 0 0 0 0 0 0 0 0 0 0 0 0 0 0 0 0 0  |
 ├────────────────────┼─────────────┼─────────────┼──────────────────────────────────────────────────────────────────┤
 | 0x0000000000000da9 | 29          | 30          | 1 0 1 1 0 1 1 0 1 1 0 1 1 0 1 1 0 1 1 0 1 1 0 1 1 0 1 1 0 1 1 0  |
 ├────────────────────┼─────────────┼─────────────┼──────────────────────────────────────────────────────────────────┤
 | 0x0000000000000d74 | 30          | 29          | 0 1 0 1 1 0 1 1 1 1 1 1 1 1 1 1 1 1 0 1 1 1 1 1 1 1 1 1 1 1 1 0  |
 ├────────────────────┼─────────────┼─────────────┼──────────────────────────────────────────────────────────────────┤
 | 0x000000000000a1b8 | 6           | 5           | 0 0 0 0 0 1 1 0 0 0 0 0 0 0 0 0 0 0 0 0 0 0 0 0 0 0 0 0 0 0 0 0  |
 ├────────────────────┼─────────────┼─────────────┼──────────────────────────────────────────────────────────────────┤
 | 0x000000000000030b | 24          | 23          | 0 0 0 0 0 0 0 0 0 0 0 0 0 0 0 0 0 0 0 0 0 0 0 1 1 0 0 0 0 0 0 0  |
 ├────────────────────┼─────────────┼─────────────┼──────────────────────────────────────────────────────────────────┤
 | 0x00000000000002d2 | 16          | 15          | 0 0 0 0 0 0 0 0 0 0 0 0 0 0 0 1 1 0 0 0 0 0 0 0 0 0 0 0 0 0 0 0  |
 ├────────────────────┼─────────────┼─────────────┼──────────────────────────────────────────────────────────────────┤
 | 0x00000000000002ed | 21          | 22          | 0 0 0 0 0 0 0 0 0 0 0 0 0 0 0 0 0 0 0 0 1 1 1 0 0 1 1 0 0 0 0 0  |
 ├────────────────────┼─────────────┼─────────────┼──────────────────────────────────────────────────────────────────┤
 | 0x000000000000a23a | 4           | 3           | 0 0 1 1 1 1 1 1 1 1 1 1 1 1 1 1 1 1 1 0 0 0 0 0 0 0 0 0 0 0 1 1  |
 ├────────────────────┼─────────────┼─────────────┼──────────────────────────────────────────────────────────────────┤
 | 0x000000000000a248 | 10          | 9           | 0 0 0 0 0 0 0 0 0 1 1 0 0 0 0 0 0 0 0 0 0 0 0 0 0 0 0 0 0 0 0 0  |
 ├────────────────────┼─────────────┼─────────────┼──────────────────────────────────────────────────────────────────┤
 | 0x000000000000a218 | 14          | 13          | 0 0 0 0 0 0 0 0 0 0 0 0 0 1 1 0 0 0 0 0 0 0 0 0 0 0 0 0 0 0 0 0  |
 └────────────────────┴─────────────┴─────────────┴──────────────────────────────────────────────────────────────────┘
Accumulation table end
Offset pattern table begin
 ┌────────────────────┬─────────────┬──────────────────────────────────────────────────────────────────────────────────────────────────┐
 | Key                | Second      | Pattern                                                                                          |
 ├────────────────────┼─────────────┼──────────────────────────────────────────────────────────────────────────────────────────────────┤
 | 0x0000000000000000 | 5           | 19 13 15 14 15 13 14 14 14 13 15 13 13 12 12 12 13 11 12 11 11 9 11 10 11 10 11 8 8 8 9 7        |
 ├────────────────────┼─────────────┼──────────────────────────────────────────────────────────────────────────────────────────────────┤
 | 0x0000000000000001 | 2           | 19 19 18 1 2 2 1 2 2 1 2 2 1 1 2 1 15 15 14 2 2 1 2 2 1 2 1 1 2 2 1 2                            |
 ├────────────────────┼─────────────┼──────────────────────────────────────────────────────────────────────────────────────────────────┤
 | 0x0000000000000002 | 1           | 20 19 20 7 7 9 9 7 7 12 14 5 6 8 9 8 8 12 13 6 6 7 7 4 5 10 10 4 5 7 7 5                         |
 ├────────────────────┼─────────────┼──────────────────────────────────────────────────────────────────────────────────────────────────┤
 | 0x0000000000000003 | 2           | 23 6 12 23 19 3 8 5 3 7 5 3 7 5 3 7 5 3 7 5 3 7 5 3 7 4 3 7 5 3 7 5                              |
 ├────────────────────┼─────────────┼──────────────────────────────────────────────────────────────────────────────────────────────────┤
 | 0x0000000000000004 | 3           | 24 0 11 23 24 9 9 4 4 2 5 5 6 3 4 4 4 2 3 4 4 2 5 5 5 1 3 5 6 1 2 3                              |
 ├────────────────────┼─────────────┼──────────────────────────────────────────────────────────────────────────────────────────────────┤
 | 0x0000000000000005 | 6           | 22 2 12 12 8 22 20 1 13 12 2 12 12 2 12 10 2 12 11 2 11 11 2 12 11 2 12 10 1 11 10 1             |
 ├────────────────────┼─────────────┼──────────────────────────────────────────────────────────────────────────────────────────────────┤
 | 0x0000000000000006 | 5           | 26 1 4 8 12 25 26 6 6 5 5 2 3 9 9 7 7 5 6 7 6 8 8 4 5 8 7 3 3 6 7 7                              |
 ├────────────────────┼─────────────┼──────────────────────────────────────────────────────────────────────────────────────────────────┤
 | 0x0000000000000007 | 6           | 31 16 13 5 16 13 15 31 23 7 16 11 5 13 10 4 13 9 4 13 10 4 13 10 4 13 10 4 13 10 3 13            |
 ├────────────────────┼─────────────┼──────────────────────────────────────────────────────────────────────────────────────────────────┤
 | 0x0000000000000008 | 7           | 17 0 2 4 3 1 8 16 17 5 4 2 2 1 3 3 2 2 2 1 2 2 1 3 3 1 2 3 2 3 3 3                               |
 ├────────────────────┼─────────────┼──────────────────────────────────────────────────────────────────────────────────────────────────┤
 | 0x0000000000000009 | 8           | 17 8 2 11 9 2 12 9 4 17 14 3 12 8 2 11 8 2 11 8 2 11 8 2 11 8 2 11 8 2 11 8                      |
 ├────────────────────┼─────────────┼──────────────────────────────────────────────────────────────────────────────────────────────────┤
 | 0x000000000000000a | 9           | 17 1 2 2 4 4 4 6 8 15 17 6 4 4 4 2 3 3 1 2 2 1 2 2 1 4 3 0 1 3 2 3                               |
 ├────────────────────┼─────────────┼──────────────────────────────────────────────────────────────────────────────────────────────────┤
 | 0x000000000000000b | 10          | 27 5 16 11 5 15 12 5 14 12 13 27 22 6 16 12 5 15 12 5 15 11 5 15 11 5 15 11 5 15 11 5            |
 ├────────────────────┼─────────────┼──────────────────────────────────────────────────────────────────────────────────────────────────┤
 | 0x000000000000000c | 11          | 27 2 1 4 6 1 4 3 1 2 14 24 27 8 5 5 5 0 2 3 1 2 2 1 3 4 2 4 4 1 3 2                              |
 ├────────────────────┼─────────────┼──────────────────────────────────────────────────────────────────────────────────────────────────┤
 | 0x000000000000000d | 12          | 23 18 16 2 18 16 2 18 16 2 18 17 6 23 21 2 17 15 2 17 15 2 17 15 2 15 15 2 17 15 2 17            |
 ├────────────────────┼─────────────┼──────────────────────────────────────────────────────────────────────────────────────────────────┤
 | 0x000000000000000e | 13          | 20 0 1 2 1 1 1 0 1 1 2 5 10 18 20 8 6 3 3 0 2 2 1 1 1 1 2 1 0 1 2 0                              |
 ├────────────────────┼─────────────┼──────────────────────────────────────────────────────────────────────────────────────────────────┤
 | 0x000000000000000f | 14          | 16 8 1 10 9 0 9 8 0 9 9 1 10 9 2 16 15 2 11 8 0 9 8 0 9 8 0 9 8 0 9 8                            |
 ├────────────────────┼─────────────┼──────────────────────────────────────────────────────────────────────────────────────────────────┤
 | 0x0000000000000010 | 15          | 21 0 1 1 2 0 1 0 0 0 2 2 2 0 11 20 21 6 6 1 1 2 3 1 1 1 2 1 1 0 0 0                              |
 ├────────────────────┼─────────────┼──────────────────────────────────────────────────────────────────────────────────────────────────┤
 | 0x0000000000000011 | 16          | 24 1 18 18 2 17 17 1 17 17 1 18 17 1 18 18 5 24 23 1 17 16 1 17 17 1 17 17 1 17 17 1             |
 ├────────────────────┼─────────────┼──────────────────────────────────────────────────────────────────────────────────────────────────┤
 | 0x0000000000000012 | 17          | 17 0 1 2 3 1 2 1 0 1 3 3 4 1 4 4 8 13 17 7 7 3 3 1 1 1 0 1 1 0 0 0                               |
 ├────────────────────┼─────────────┼──────────────────────────────────────────────────────────────────────────────────────────────────┤
 | 0x0000000000000013 | 18          | 26 8 6 3 8 7 3 8 5 3 8 7 3 8 7 2 8 7 16 26 23 2 9 6 3 8 8 4 9 7 3 8                              |
 ├────────────────────┼─────────────┼──────────────────────────────────────────────────────────────────────────────────────────────────┤
 | 0x0000000000000014 | 19          | 27 1 1 0 0 0 0 0 0 0 0 0 0 0 0 0 0 0 9 25 27 7 7 0 0 1 2 1 1 0 0 1                               |
 ├────────────────────┼─────────────┼──────────────────────────────────────────────────────────────────────────────────────────────────┤
 | 0x0000000000000015 | 22          | 31 7 3 9 7 3 9 7 3 9 7 3 9 7 3 9 7 3 11 9 22 31 28 7 13 18 14 10 7 4 10 7                        |
 ├────────────────────┼─────────────┼──────────────────────────────────────────────────────────────────────────────────────────────────┤
 | 0x0000000000000016 | 21          | 28 0 0 0 0 0 0 0 0 0 0 0 0 0 0 0 0 0 5 6 18 27 28 7 7 7 8 3 3 1 1 1                              |
 ├────────────────────┼─────────────┼──────────────────────────────────────────────────────────────────────────────────────────────────┤
 | 0x0000000000000017 | 24          | 24 2 18 16 2 18 16 2 18 16 2 18 17 2 18 16 2 18 16 2 18 16 7 24 22 4 20 16 2 18 16 2             |
 ├────────────────────┼─────────────┼──────────────────────────────────────────────────────────────────────────────────────────────────┤
 | 0x0000000000000018 | 23          | 30 0 1 1 1 0 0 0 0 1 1 0 0 0 0 0 0 0 0 0 0 1 18 29 30 7 8 2 2 1 1 2                              |
 ├────────────────────┼─────────────┼──────────────────────────────────────────────────────────────────────────────────────────────────┤
 | 0x0000000000000019 | 24          | 27 24 24 6 24 24 6 24 23 7 24 22 7 24 24 7 24 24 7 24 25 6 25 24 7 27 24 8 25 22 5 23            |
 ├────────────────────┼─────────────┼──────────────────────────────────────────────────────────────────────────────────────────────────┤
 | 0x000000000000001a | 25          | 28 0 0 0 0 0 0 0 0 0 0 0 0 0 0 0 0 0 5 6 7 0 6 6 15 26 28 8 8 4 4 1                              |
 ├────────────────────┼─────────────┼──────────────────────────────────────────────────────────────────────────────────────────────────┤
 | 0x000000000000001b | 28          | 20 14 3 15 14 4 15 14 3 15 14 3 15 13 4 14 14 4 16 15 5 14 14 3 14 14 7 20 18 5 17 15            |
 ├────────────────────┼─────────────┼──────────────────────────────────────────────────────────────────────────────────────────────────┤
 | 0x000000000000001c | 27          | 31 0 0 0 0 0 0 0 0 0 0 0 0 0 0 0 0 0 2 2 2 0 0 0 0 1 19 30 31 6 6 1                              |
 ├────────────────────┼─────────────┼──────────────────────────────────────────────────────────────────────────────────────────────────┤
 | 0x000000000000001d | 30          | 21 0 20 20 0 20 20 0 20 20 0 20 20 0 20 20 0 20 20 0 20 20 0 20 20 0 20 20 0 21 20 0             |
 ├────────────────────┼─────────────┼──────────────────────────────────────────────────────────────────────────────────────────────────┤
 | 0x000000000000001e | 31          | 27 12 7 13 12 6 14 12 5 14 12 7 14 10 7 14 11 7 13 12 7 12 12 7 14 12 7 16 18 19 27 15           |
 ├────────────────────┼─────────────┼──────────────────────────────────────────────────────────────────────────────────────────────────┤
 | 0x000000000000001f | 27          | 31 18 15 12 19 16 11 18 16 11 19 15 12 19 15 11 19 15 13 19 16 12 19 15 12 19 18 14 21 16 22 31  |
 └────────────────────┴─────────────┴──────────────────────────────────────────────────────────────────────────────────────────────────┘
Offset pattern table end
PC pattern table begin
 ┌────────────────────┬─────────────┬──────────────────────────────────────────────────┐
 | Key                | Second      | Pattern                                          |
 ├────────────────────┼─────────────┼──────────────────────────────────────────────────┤
 | 0x0000000000000000 | 15          | 17 0 0 0 0 0 0 17 17 0 0 0 0 0 0 0               |
 ├────────────────────┼─────────────┼──────────────────────────────────────────────────┤
 | 0x0000000000000003 | 29          | 27 26 26 26 26 26 26 26 26 26 26 26 26 26 26 26  |
 ├────────────────────┼─────────────┼──────────────────────────────────────────────────┤
 | 0x0000000000000008 | 3           | 31 4 7 6 6 6 5 3 3 3 4 5 5 5 6 3                 |
 ├────────────────────┼─────────────┼──────────────────────────────────────────────────┤
 | 0x000000000000000b | 26          | 24 2 2 0 0 0 0 1 2 10 10 6 4 6 5 1               |
 ├────────────────────┼─────────────┼──────────────────────────────────────────────────┤
 | 0x000000000000000f | 0           | 22 0 0 0 0 0 0 1 1 7 17 12 10 10 0 1             |
 ├────────────────────┼─────────────┼──────────────────────────────────────────────────┤
 | 0x0000000000000010 | 24          | 17 7 1 0 0 1 1 0 6 11 6 2 0 0 0 0                |
 ├────────────────────┼─────────────┼──────────────────────────────────────────────────┤
 | 0x0000000000000011 | 7           | 20 5 5 6 6 6 6 5 4 3 5 6 8 10 7 5                |
 ├────────────────────┼─────────────┼──────────────────────────────────────────────────┤
 | 0x0000000000000012 | 11          | 16 6 6 5 5 5 5 6 6 5 14 14 14 13 5 5             |
 ├────────────────────┼─────────────┼──────────────────────────────────────────────────┤
 | 0x0000000000000014 | 15          | 11 0 0 0 0 0 0 11 11 0 0 0 0 0 0 0               |
 ├────────────────────┼─────────────┼──────────────────────────────────────────────────┤
 | 0x0000000000000017 | 30          | 30 29 29 29 29 29 29 29 29 29 29 29 29 29 29 29  |
 ├────────────────────┼─────────────┼──────────────────────────────────────────────────┤
 | 0x0000000000000019 | 2           | 16 2 2 1 1 1 1 1 1 6 7 6 3 3 2 2                 |
 ├────────────────────┼─────────────┼──────────────────────────────────────────────────┤
 | 0x000000000000001b | 2           | 22 21 21 21 21 21 21 21 21 21 21 21 21 21 21 21  |
 ├────────────────────┼─────────────┼──────────────────────────────────────────────────┤
 | 0x000000000000001c | 27          | 19 0 0 0 0 0 0 0 0 3 3 0 0 5 6 18                |
 ├────────────────────┼─────────────┼──────────────────────────────────────────────────┤
 | 0x000000000000001e | 9           | 29 28 26 24 22 21 18 16 14 12 11 9 8 6 4 2       |
 ├────────────────────┼─────────────┼──────────────────────────────────────────────────┤
 | 0x000000000000001f | 30          | 28 26 26 26 26 26 26 26 26 26 26 27 27 27 27 27  |
 └────────────────────┴─────────────┴──────────────────────────────────────────────────┘
PC pattern table end
Prefetch buffer begin
 ┌────────────────────┬──────────────────────────────────────────────────────────────────┐
 | Region             | Pattern                                                          |
 ├────────────────────┼──────────────────────────────────────────────────────────────────┤
 | 0x0000000000007d36 | 1 0 0 0 0 0 0 0 2 0 0 0 0 1 0 0 0 0 0 0 0 2 0 0 0 0 2 0 0 0 0 0  |
 ├────────────────────┼──────────────────────────────────────────────────────────────────┤
 | 0x0000000000009f59 | 2 2 2 2 2 2 2 2 2 2 2 2 2 2 2 2 2 2 2 2 2 0 0 2 2 2 2 2 2 2 2 2  |
 ├────────────────────┼──────────────────────────────────────────────────────────────────┤
 | 0x0000000000002266 | 0 0 0 0 0 0 0 2 0 0 0 0 2 0 0 0 0 0 0 0 2 0 0 0 0 2 0 0 0 0 0 0  |
 ├────────────────────┼──────────────────────────────────────────────────────────────────┤
 | 0x0000000000009e94 | 2 2 0 2 2 2 2 2 0 2 2 2 2 2 2 2 2 2 2 0 0 2 2 2 2 2 2 2 2 2 2 2  |
 ├────────────────────┼──────────────────────────────────────────────────────────────────┤
 | 0x000000000000a093 | 2 2 2 2 2 2 2 2 2 2 2 2 2 2 2 2 0 2 2 2 1 2 0 2 2 0 0 2 2 2 0 2  |
 ├────────────────────┼──────────────────────────────────────────────────────────────────┤
 | 0x00000000000049a7 | 0 0 2 0 0 2 0 0 2 0 0 2 0 0 2 0 0 2 0 0 2 0 0 2 0 0 2 0 0 2 0 0  |
 ├────────────────────┼──────────────────────────────────────────────────────────────────┤
 | 0x0000000000002269 | 0 2 0 0 1 0 0 1 0 0 1 0 0 2 0 0 1 0 0 1 0 0 2 0 0 2 0 0 2 0 0 2  |
 ├────────────────────┼──────────────────────────────────────────────────────────────────┤
 | 0x0000000000002283 | 2 0 0 2 0 0 1 0 0 1 0 0 1 0 0 1 0 0 2 0 0 2 0 0 2 0 0 1 0 0 1 0  |
 ├────────────────────┼──────────────────────────────────────────────────────────────────┤
 | 0x000000000000226d | 0 0 1 0 0 1 0 0 2 0 0 2 0 0 2 0 0 1 0 0 1 0 0 1 0 0 1 0 0 2 0 0  |
 ├────────────────────┼──────────────────────────────────────────────────────────────────┤
 | 0x0000000000002267 | 0 1 0 0 0 0 1 0 0 0 0 0 0 0 2 0 0 0 0 1 0 0 0 0 0 0 0 1 0 0 0 0  |
 ├────────────────────┼──────────────────────────────────────────────────────────────────┤
 | 0x000000000000a00b | 2 2 0 2 2 2 0 2 2 2 0 2 0 2 0 2 0 2 2 2 0 0 0 2 2 2 2 2 0 2 2 2  |
 ├────────────────────┼──────────────────────────────────────────────────────────────────┤
 | 0x0000000000008113 | 2 2 2 2 2 2 2 2 2 2 2 2 2 2 2 2 2 2 2 2 2 2 2 2 2 2 2 2 2 2 0 0  |
 ├────────────────────┼──────────────────────────────────────────────────────────────────┤
 | 0x0000000000002270 | 0 0 1 0 0 1 0 0 2 0 0 2 0 0 2 0 0 1 0 0 1 0 0 1 0 0 1 0 0 2 0 0  |
 ├────────────────────┼──────────────────────────────────────────────────────────────────┤
 | 0x0000000000007d49 | 0 2 0 0 1 0 0 1 0 0 1 0 0 2 0 0 1 0 0 1 0 0 2 0 0 2 0 0 2 0 0 2  |
 ├────────────────────┼──────────────────────────────────────────────────────────────────┤
 | 0x0000000000002264 | 0 0 2 0 0 2 0 0 2 0 0 2 0 0 2 0 0 2 0 0 2 0 0 2 0 0 2 0 0 2 0 0  |
 ├────────────────────┼──────────────────────────────────────────────────────────────────┤
 | 0x0000000000002285 | 0 2 0 0 2 0 0 2 0 0 2 0 0 2 0 0 2 0 0 2 0 0 2 0 0 2 0 0 2 0 0 2  |
 ├────────────────────┼──────────────────────────────────────────────────────────────────┤
 | 0x0000000000002261 | 0 0 0 0 0 0 0 0 0 0 2 0 0 0 0 0 0 0 0 0 0 0 0 2 0 0 0 0 0 0 0 0  |
 ├────────────────────┼──────────────────────────────────────────────────────────────────┤
 | 0x0000000000009e9d | 2 2 2 2 2 2 2 2 2 2 2 2 2 2 2 2 2 2 2 2 2 2 2 0 0 2 2 2 2 2 2 2  |
 ├────────────────────┼──────────────────────────────────────────────────────────────────┤
 | 0x0000000000002260 | 2 2 1 2 1 1 2 1 2 2 1 2 2 1 2 2 2 0 0 0 0 0 0 0 0 0 0 0 0 2 0 0  |
 ├────────────────────┼──────────────────────────────────────────────────────────────────┤
 | 0x0000000000007d48 | 1 0 0 1 0 0 1 0 0 1 0 0 2 0 0 1 0 0 1 0 0 1 0 0 1 0 0 1 0 0 1 0  |
 ├────────────────────┼──────────────────────────────────────────────────────────────────┤
 | 0x000000000000225c | 0 2 0 0 2 0 0 2 0 0 2 0 0 2 0 0 2 0 0 2 0 0 2 0 0 2 0 0 2 0 0 1  |
 ├────────────────────┼──────────────────────────────────────────────────────────────────┤
 | 0x0000000000002265 | 1 0 0 1 0 0 1 0 0 1 0 0 1 0 0 1 0 0 1 0 0 1 0 0 1 0 0 1 0 0 1 0  |
 ├────────────────────┼──────────────────────────────────────────────────────────────────┤
 | 0x0000000000009f66 | 2 0 2 2 2 2 2 2 2 2 0 2 2 0 2 2 0 2 2 0 0 2 2 2 0 2 2 0 2 2 0 2  |
 └────────────────────┴──────────────────────────────────────────────────────────────────┘
Prefetch buffer end
Filter by PPT: 0
cpu3_L2C
Num Con Filled: 0
Num Con Useful: 0 Useless:0 Accuracy: -nan
cpu2_L2C
Num Con Filled: 0
Num Con Useful: 0 Useless:0 Accuracy: -nan
cpu1_L2C
Num Con Filled: 0
Num Con Useful: 0 Useless:0 Accuracy: -nan
cpu0_L2C
Num Con Filled: 0
Num Con Useful: 0 Useless:0 Accuracy: -nan
LLC
