41 41 41
Available num physical pages: 35184372088576
WARNING: physical memory size is smaller than virtual memory size

*** ChampSim Multicore Out-of-Order Simulator ***

Warmup Instructions: 20000000
Simulation Instructions: 25000000
Number of CPUs: 4
Page size: 4096

Basic BTB sets: 1024 ways: 8 indirect buffer size: 4096 RAS size: 64
Basic BTB sets: 1024 ways: 8 indirect buffer size: 4096 RAS size: 64
Basic BTB sets: 1024 ways: 8 indirect buffer size: 4096 RAS size: 64
Basic BTB sets: 1024 ways: 8 indirect buffer size: 4096 RAS size: 64
cpu0_L1D PMP Adaptive prefetcher CLIP Filter
cpu1_L1D PMP Adaptive prefetcher CLIP Filter
cpu2_L1D PMP Adaptive prefetcher CLIP Filter
cpu3_L1D PMP Adaptive prefetcher CLIP Filter
Off-chip DRAM Size: 8 GiB Channels: 1 Width: 64-bit Data Rate: 3200 MT/s
Heartbeat CPU 0 instructions: 10000002 cycles: 2672410 heartbeat IPC: 3.74195 cumulative IPC: 3.74195 (Simulation time: 0 hr 1 min 25 sec) 
Heartbeat CPU 1 instructions: 10000003 cycles: 2674076 heartbeat IPC: 3.73962 cumulative IPC: 3.73962 (Simulation time: 0 hr 1 min 25 sec) 
Heartbeat CPU 2 instructions: 10000000 cycles: 2674469 heartbeat IPC: 3.73906 cumulative IPC: 3.73906 (Simulation time: 0 hr 1 min 25 sec) 
Heartbeat CPU 3 instructions: 10000002 cycles: 2675254 heartbeat IPC: 3.73797 cumulative IPC: 3.73797 (Simulation time: 0 hr 1 min 25 sec) 
Heartbeat CPU 0 instructions: 20000001 cycles: 8384509 heartbeat IPC: 1.75067 cumulative IPC: 2.38536 (Simulation time: 0 hr 4 min 30 sec) 
Max paddr 46M
Warmup finished CPU 0 instructions: 20000001 cycles: 8384510 cumulative IPC: 2.38536 (Simulation time: 0 hr 4 min 30 sec) 
Heartbeat CPU 1 instructions: 20000000 cycles: 8393774 heartbeat IPC: 1.74835 cumulative IPC: 2.38272 (Simulation time: 0 hr 4 min 30 sec) 
Max paddr 46M
Warmup finished CPU 1 instructions: 20000000 cycles: 8393775 cumulative IPC: 2.38272 (Simulation time: 0 hr 4 min 30 sec) 
Heartbeat CPU 2 instructions: 20000000 cycles: 8400917 heartbeat IPC: 1.74629 cumulative IPC: 2.3807 (Simulation time: 0 hr 4 min 30 sec) 
Max paddr 46M
Warmup finished CPU 2 instructions: 20000000 cycles: 8400918 cumulative IPC: 2.3807 (Simulation time: 0 hr 4 min 30 sec) 
Heartbeat CPU 3 instructions: 20000003 cycles: 8404195 heartbeat IPC: 1.74553 cumulative IPC: 2.37977 (Simulation time: 0 hr 4 min 31 sec) 
Max paddr 46M
Warmup finished CPU 3 instructions: 20000003 cycles: 8404196 cumulative IPC: 2.37977 (Simulation time: 0 hr 4 min 31 sec) 

Warmup complete CPU 0 instructions: 20016795 cycles: 8404196 (Simulation time: 0 hr 4 min 31 sec) 


Warmup complete CPU 1 instructions: 20008933 cycles: 8404196 (Simulation time: 0 hr 4 min 31 sec) 


Warmup complete CPU 2 instructions: 20002816 cycles: 8404196 (Simulation time: 0 hr 4 min 31 sec) 


Warmup complete CPU 3 instructions: 20000003 cycles: 8404196 (Simulation time: 0 hr 4 min 31 sec) 

Heartbeat CPU 1 instructions: 30000000 cycles: 83959388 heartbeat IPC: 0.132336 cumulative IPC: 0.132236 (Simulation time: 0 hr 25 min 29 sec) 
Heartbeat CPU 2 instructions: 30000000 cycles: 83965741 heartbeat IPC: 0.132337 cumulative IPC: 0.132306 (Simulation time: 0 hr 25 min 29 sec) 
Heartbeat CPU 0 instructions: 30000000 cycles: 83992914 heartbeat IPC: 0.132261 cumulative IPC: 0.132073 (Simulation time: 0 hr 25 min 29 sec) 
Heartbeat CPU 3 instructions: 30000000 cycles: 84084518 heartbeat IPC: 0.132135 cumulative IPC: 0.132135 (Simulation time: 0 hr 25 min 31 sec) 
Heartbeat CPU 1 instructions: 40000003 cycles: 106982462 heartbeat IPC: 0.434347 cumulative IPC: 0.202794 (Simulation time: 0 hr 31 min 15 sec) 
Heartbeat CPU 2 instructions: 40000003 cycles: 106997507 heartbeat IPC: 0.434184 cumulative IPC: 0.202825 (Simulation time: 0 hr 31 min 15 sec) 
Heartbeat CPU 0 instructions: 40000003 cycles: 107135144 heartbeat IPC: 0.432111 cumulative IPC: 0.202401 (Simulation time: 0 hr 31 min 17 sec) 
Heartbeat CPU 3 instructions: 40000003 cycles: 107172744 heartbeat IPC: 0.433122 cumulative IPC: 0.202494 (Simulation time: 0 hr 31 min 17 sec) 
Max paddr 69M
Simulation finished CPU 1 instructions: 25000002 cycles: 110196734 cumulative IPC: 0.226867 (Simulation time: 0 hr 33 min 57 sec) 
Max paddr 69M
Simulation finished CPU 2 instructions: 25000000 cycles: 110233824 cumulative IPC: 0.226791 (Simulation time: 0 hr 33 min 57 sec) 
Max paddr 70M
Simulation finished CPU 3 instructions: 25000004 cycles: 110406178 cumulative IPC: 0.226437 (Simulation time: 0 hr 33 min 59 sec) 
Max paddr 70M
Simulation finished CPU 0 instructions: 25000003 cycles: 110413950 cumulative IPC: 0.226421 (Simulation time: 0 hr 33 min 59 sec) 

Simulation complete CPU 0 instructions: 25000003 cycles: 110413950 (Simulation time: 0 hr 33 min 59 sec) 


Simulation complete CPU 1 instructions: 25176935 cycles: 110413950 (Simulation time: 0 hr 33 min 59 sec) 


Simulation complete CPU 2 instructions: 25135991 cycles: 110413950 (Simulation time: 0 hr 33 min 59 sec) 


Simulation complete CPU 3 instructions: 25004973 cycles: 110413950 (Simulation time: 0 hr 33 min 59 sec) 


ChampSim completed all CPUs

[
  {
    "name": "Simulation",
    "traces": [
      "../../traces/429.mcf-217B.champsimtrace.xz",
      "../../traces/429.mcf-217B.champsimtrace.xz",
      "../../traces/429.mcf-217B.champsimtrace.xz",
      "../../traces/429.mcf-217B.champsimtrace.xz"
    ],
    "roi": {
      "cores": [
        {
          "instructions": 25000003,
          "cycles": 110413950,
          "Avg ROB occupancy at mispredict": 79.3435, 
          "mispredict": {
            "BRANCH_DIRECT_JUMP": 0,
            "BRANCH_INDIRECT": 0,
            "BRANCH_CONDITIONAL": 64266,
            "BRANCH_DIRECT_CALL": 0,
            "BRANCH_INDIRECT_CALL": 0,
            "BRANCH_RETURN": 0
          }
        },
        {
          "instructions": 25000002,
          "cycles": 110196734,
          "Avg ROB occupancy at mispredict": 79.5001, 
          "mispredict": {
            "BRANCH_DIRECT_JUMP": 0,
            "BRANCH_INDIRECT": 0,
            "BRANCH_CONDITIONAL": 64250,
            "BRANCH_DIRECT_CALL": 0,
            "BRANCH_INDIRECT_CALL": 0,
            "BRANCH_RETURN": 0
          }
        },
        {
          "instructions": 25000000,
          "cycles": 110233824,
          "Avg ROB occupancy at mispredict": 79.1974, 
          "mispredict": {
            "BRANCH_DIRECT_JUMP": 0,
            "BRANCH_INDIRECT": 0,
            "BRANCH_CONDITIONAL": 64238,
            "BRANCH_DIRECT_CALL": 0,
            "BRANCH_INDIRECT_CALL": 0,
            "BRANCH_RETURN": 0
          }
        },
        {
          "instructions": 25000004,
          "cycles": 110406178,
          "Avg ROB occupancy at mispredict": 79.3183, 
          "mispredict": {
            "BRANCH_DIRECT_JUMP": 0,
            "BRANCH_INDIRECT": 0,
            "BRANCH_CONDITIONAL": 64230,
            "BRANCH_DIRECT_CALL": 0,
            "BRANCH_INDIRECT_CALL": 0,
            "BRANCH_RETURN": 0
          }
        }
      ],
      "cpu3_L1I": {
        "LOAD": {
          "hit":0,
          "miss":0
        },
        "RFO": {
          "hit":0,
          "miss":0
        },
        "PREFETCH": {
          "hit":0,
          "miss":0
        },
        "WRITE": {
          "hit":0,
          "miss":0
        },
        "TRANSLATION": {
          "hit":0,
          "miss":0
        },
        "mshr full": 0,
        "prefetch requested": 0,
        "prefetch issued": 0,
        "prefetch filled": 0,
        "prefetch useful": 0,
        "prefetch useless": 0,
        "prefetch late": 0,
        "pf_useful_at_l2_from_l1":          0,
        "pf_late_at_l2_from_l1":          0,
        "pf_useless_at_l2_from_l1":          0,
        "pf_at_l2_to_l1":          0,
        "pf_fill_this_level":          0,
        "miss latency": null,
        "cache queues": {
          "PQ_ACCESS": 0,
          "PQ_FULL": 0,
          "PQ_TO_CACHE": 0,
          "PQ_MERGED": 0,
          "RQ_ACCESS": 0,
          "RQ_MERGED": 0,
          "RQ_FULL": 0,
          "WQ_ACCESS": 0,
          "WQ_MERGED": 0,
          "WQ_FULL": 0
        }
      },
      "cpu3_ITLB": {
        "LOAD": {
          "hit":0,
          "miss":0
        },
        "RFO": {
          "hit":0,
          "miss":0
        },
        "PREFETCH": {
          "hit":0,
          "miss":0
        },
        "WRITE": {
          "hit":0,
          "miss":0
        },
        "TRANSLATION": {
          "hit":0,
          "miss":0
        },
        "mshr full": 0,
        "prefetch requested": 0,
        "prefetch issued": 0,
        "prefetch filled": 0,
        "prefetch useful": 0,
        "prefetch useless": 0,
        "prefetch late": 0,
        "pf_useful_at_l2_from_l1":          0,
        "pf_late_at_l2_from_l1":          0,
        "pf_useless_at_l2_from_l1":          0,
        "pf_at_l2_to_l1":          0,
        "pf_fill_this_level":          0,
        "miss latency": null,
        "cache queues": {
          "PQ_ACCESS": 0,
          "PQ_FULL": 0,
          "PQ_TO_CACHE": 0,
          "PQ_MERGED": 0,
          "RQ_ACCESS": 0,
          "RQ_MERGED": 0,
          "RQ_FULL": 0,
          "WQ_ACCESS": 0,
          "WQ_MERGED": 0,
          "WQ_FULL": 0
        }
      },
      "cpu3_DTLB": {
        "LOAD": {
          "hit":9761788,
          "miss":153510
        },
        "RFO": {
          "hit":0,
          "miss":0
        },
        "PREFETCH": {
          "hit":0,
          "miss":0
        },
        "WRITE": {
          "hit":0,
          "miss":0
        },
        "TRANSLATION": {
          "hit":0,
          "miss":0
        },
        "mshr full": 0,
        "prefetch requested": 0,
        "prefetch issued": 0,
        "prefetch filled": 0,
        "prefetch useful": 0,
        "prefetch useless": 0,
        "prefetch late": 0,
        "pf_useful_at_l2_from_l1":          0,
        "pf_late_at_l2_from_l1":          0,
        "pf_useless_at_l2_from_l1":          0,
        "pf_at_l2_to_l1":          0,
        "pf_fill_this_level":          0,
        "miss latency": 1.23038,
        "cache queues": {
          "PQ_ACCESS": 0,
          "PQ_FULL": 0,
          "PQ_TO_CACHE": 0,
          "PQ_MERGED": 0,
          "RQ_ACCESS": 10062920,
          "RQ_MERGED": 0,
          "RQ_FULL": 145682,
          "WQ_ACCESS": 0,
          "WQ_MERGED": 0,
          "WQ_FULL": 0
        }
      },
      "cpu2_L1I": {
        "LOAD": {
          "hit":0,
          "miss":0
        },
        "RFO": {
          "hit":0,
          "miss":0
        },
        "PREFETCH": {
          "hit":0,
          "miss":0
        },
        "WRITE": {
          "hit":0,
          "miss":0
        },
        "TRANSLATION": {
          "hit":0,
          "miss":0
        },
        "mshr full": 0,
        "prefetch requested": 0,
        "prefetch issued": 0,
        "prefetch filled": 0,
        "prefetch useful": 0,
        "prefetch useless": 0,
        "prefetch late": 0,
        "pf_useful_at_l2_from_l1":          0,
        "pf_late_at_l2_from_l1":          0,
        "pf_useless_at_l2_from_l1":          0,
        "pf_at_l2_to_l1":          0,
        "pf_fill_this_level":          0,
        "miss latency": null,
        "cache queues": {
          "PQ_ACCESS": 0,
          "PQ_FULL": 0,
          "PQ_TO_CACHE": 0,
          "PQ_MERGED": 0,
          "RQ_ACCESS": 0,
          "RQ_MERGED": 0,
          "RQ_FULL": 0,
          "WQ_ACCESS": 0,
          "WQ_MERGED": 0,
          "WQ_FULL": 0
        }
      },
      "cpu2_ITLB": {
        "LOAD": {
          "hit":0,
          "miss":0
        },
        "RFO": {
          "hit":0,
          "miss":0
        },
        "PREFETCH": {
          "hit":0,
          "miss":0
        },
        "WRITE": {
          "hit":0,
          "miss":0
        },
        "TRANSLATION": {
          "hit":0,
          "miss":0
        },
        "mshr full": 0,
        "prefetch requested": 0,
        "prefetch issued": 0,
        "prefetch filled": 0,
        "prefetch useful": 0,
        "prefetch useless": 0,
        "prefetch late": 0,
        "pf_useful_at_l2_from_l1":          0,
        "pf_late_at_l2_from_l1":          0,
        "pf_useless_at_l2_from_l1":          0,
        "pf_at_l2_to_l1":          0,
        "pf_fill_this_level":          0,
        "miss latency": null,
        "cache queues": {
          "PQ_ACCESS": 0,
          "PQ_FULL": 0,
          "PQ_TO_CACHE": 0,
          "PQ_MERGED": 0,
          "RQ_ACCESS": 0,
          "RQ_MERGED": 0,
          "RQ_FULL": 0,
          "WQ_ACCESS": 0,
          "WQ_MERGED": 0,
          "WQ_FULL": 0
        }
      },
      "cpu2_DTLB": {
        "LOAD": {
          "hit":11984947,
          "miss":152145
        },
        "RFO": {
          "hit":0,
          "miss":0
        },
        "PREFETCH": {
          "hit":0,
          "miss":0
        },
        "WRITE": {
          "hit":0,
          "miss":0
        },
        "TRANSLATION": {
          "hit":0,
          "miss":0
        },
        "mshr full": 0,
        "prefetch requested": 0,
        "prefetch issued": 0,
        "prefetch filled": 0,
        "prefetch useful": 0,
        "prefetch useless": 0,
        "prefetch late": 0,
        "pf_useful_at_l2_from_l1":          0,
        "pf_late_at_l2_from_l1":          0,
        "pf_useless_at_l2_from_l1":          0,
        "pf_at_l2_to_l1":          0,
        "pf_fill_this_level":          0,
        "miss latency": 1.32946,
        "cache queues": {
          "PQ_ACCESS": 0,
          "PQ_FULL": 0,
          "PQ_TO_CACHE": 0,
          "PQ_MERGED": 0,
          "RQ_ACCESS": 12565935,
          "RQ_MERGED": 0,
          "RQ_FULL": 363154,
          "WQ_ACCESS": 0,
          "WQ_MERGED": 0,
          "WQ_FULL": 0
        }
      },
      "cpu1_L1I": {
        "LOAD": {
          "hit":0,
          "miss":0
        },
        "RFO": {
          "hit":0,
          "miss":0
        },
        "PREFETCH": {
          "hit":0,
          "miss":0
        },
        "WRITE": {
          "hit":0,
          "miss":0
        },
        "TRANSLATION": {
          "hit":0,
          "miss":0
        },
        "mshr full": 0,
        "prefetch requested": 0,
        "prefetch issued": 0,
        "prefetch filled": 0,
        "prefetch useful": 0,
        "prefetch useless": 0,
        "prefetch late": 0,
        "pf_useful_at_l2_from_l1":          0,
        "pf_late_at_l2_from_l1":          0,
        "pf_useless_at_l2_from_l1":          0,
        "pf_at_l2_to_l1":          0,
        "pf_fill_this_level":          0,
        "miss latency": null,
        "cache queues": {
          "PQ_ACCESS": 0,
          "PQ_FULL": 0,
          "PQ_TO_CACHE": 0,
          "PQ_MERGED": 0,
          "RQ_ACCESS": 0,
          "RQ_MERGED": 0,
          "RQ_FULL": 0,
          "WQ_ACCESS": 0,
          "WQ_MERGED": 0,
          "WQ_FULL": 0
        }
      },
      "cpu1_ITLB": {
        "LOAD": {
          "hit":0,
          "miss":0
        },
        "RFO": {
          "hit":0,
          "miss":0
        },
        "PREFETCH": {
          "hit":0,
          "miss":0
        },
        "WRITE": {
          "hit":0,
          "miss":0
        },
        "TRANSLATION": {
          "hit":0,
          "miss":0
        },
        "mshr full": 0,
        "prefetch requested": 0,
        "prefetch issued": 0,
        "prefetch filled": 0,
        "prefetch useful": 0,
        "prefetch useless": 0,
        "prefetch late": 0,
        "pf_useful_at_l2_from_l1":          0,
        "pf_late_at_l2_from_l1":          0,
        "pf_useless_at_l2_from_l1":          0,
        "pf_at_l2_to_l1":          0,
        "pf_fill_this_level":          0,
        "miss latency": null,
        "cache queues": {
          "PQ_ACCESS": 0,
          "PQ_FULL": 0,
          "PQ_TO_CACHE": 0,
          "PQ_MERGED": 0,
          "RQ_ACCESS": 0,
          "RQ_MERGED": 0,
          "RQ_FULL": 0,
          "WQ_ACCESS": 0,
          "WQ_MERGED": 0,
          "WQ_FULL": 0
        }
      },
      "cpu1_DTLB": {
        "LOAD": {
          "hit":10459835,
          "miss":154963
        },
        "RFO": {
          "hit":0,
          "miss":0
        },
        "PREFETCH": {
          "hit":0,
          "miss":0
        },
        "WRITE": {
          "hit":0,
          "miss":0
        },
        "TRANSLATION": {
          "hit":0,
          "miss":0
        },
        "mshr full": 0,
        "prefetch requested": 0,
        "prefetch issued": 0,
        "prefetch filled": 0,
        "prefetch useful": 0,
        "prefetch useless": 0,
        "prefetch late": 0,
        "pf_useful_at_l2_from_l1":          0,
        "pf_late_at_l2_from_l1":          0,
        "pf_useless_at_l2_from_l1":          0,
        "pf_at_l2_to_l1":          0,
        "pf_fill_this_level":          0,
        "miss latency": 1.25266,
        "cache queues": {
          "PQ_ACCESS": 0,
          "PQ_FULL": 0,
          "PQ_TO_CACHE": 0,
          "PQ_MERGED": 0,
          "RQ_ACCESS": 10845751,
          "RQ_MERGED": 0,
          "RQ_FULL": 156633,
          "WQ_ACCESS": 0,
          "WQ_MERGED": 0,
          "WQ_FULL": 0
        }
      },
      "cpu0_L1I": {
        "LOAD": {
          "hit":0,
          "miss":0
        },
        "RFO": {
          "hit":0,
          "miss":0
        },
        "PREFETCH": {
          "hit":0,
          "miss":0
        },
        "WRITE": {
          "hit":0,
          "miss":0
        },
        "TRANSLATION": {
          "hit":0,
          "miss":0
        },
        "mshr full": 0,
        "prefetch requested": 0,
        "prefetch issued": 0,
        "prefetch filled": 0,
        "prefetch useful": 0,
        "prefetch useless": 0,
        "prefetch late": 0,
        "pf_useful_at_l2_from_l1":          0,
        "pf_late_at_l2_from_l1":          0,
        "pf_useless_at_l2_from_l1":          0,
        "pf_at_l2_to_l1":          0,
        "pf_fill_this_level":          0,
        "miss latency": null,
        "cache queues": {
          "PQ_ACCESS": 0,
          "PQ_FULL": 0,
          "PQ_TO_CACHE": 0,
          "PQ_MERGED": 0,
          "RQ_ACCESS": 0,
          "RQ_MERGED": 0,
          "RQ_FULL": 0,
          "WQ_ACCESS": 0,
          "WQ_MERGED": 0,
          "WQ_FULL": 0
        }
      },
      "cpu0_ITLB": {
        "LOAD": {
          "hit":0,
          "miss":0
        },
        "RFO": {
          "hit":0,
          "miss":0
        },
        "PREFETCH": {
          "hit":0,
          "miss":0
        },
        "WRITE": {
          "hit":0,
          "miss":0
        },
        "TRANSLATION": {
          "hit":0,
          "miss":0
        },
        "mshr full": 0,
        "prefetch requested": 0,
        "prefetch issued": 0,
        "prefetch filled": 0,
        "prefetch useful": 0,
        "prefetch useless": 0,
        "prefetch late": 0,
        "pf_useful_at_l2_from_l1":          0,
        "pf_late_at_l2_from_l1":          0,
        "pf_useless_at_l2_from_l1":          0,
        "pf_at_l2_to_l1":          0,
        "pf_fill_this_level":          0,
        "miss latency": null,
        "cache queues": {
          "PQ_ACCESS": 0,
          "PQ_FULL": 0,
          "PQ_TO_CACHE": 0,
          "PQ_MERGED": 0,
          "RQ_ACCESS": 0,
          "RQ_MERGED": 0,
          "RQ_FULL": 0,
          "WQ_ACCESS": 0,
          "WQ_MERGED": 0,
          "WQ_FULL": 0
        }
      },
      "cpu0_DTLB": {
        "LOAD": {
          "hit":11385951,
          "miss":152149
        },
        "RFO": {
          "hit":0,
          "miss":0
        },
        "PREFETCH": {
          "hit":0,
          "miss":0
        },
        "WRITE": {
          "hit":0,
          "miss":0
        },
        "TRANSLATION": {
          "hit":0,
          "miss":0
        },
        "mshr full": 0,
        "prefetch requested": 0,
        "prefetch issued": 0,
        "prefetch filled": 0,
        "prefetch useful": 0,
        "prefetch useless": 0,
        "prefetch late": 0,
        "pf_useful_at_l2_from_l1":          0,
        "pf_late_at_l2_from_l1":          0,
        "pf_useless_at_l2_from_l1":          0,
        "pf_at_l2_to_l1":          0,
        "pf_fill_this_level":          0,
        "miss latency": 1.33221,
        "cache queues": {
          "PQ_ACCESS": 0,
          "PQ_FULL": 0,
          "PQ_TO_CACHE": 0,
          "PQ_MERGED": 0,
          "RQ_ACCESS": 11832405,
          "RQ_MERGED": 0,
          "RQ_FULL": 294302,
          "WQ_ACCESS": 0,
          "WQ_MERGED": 0,
          "WQ_FULL": 0
        }
      },
      "cpu3_STLB": {
        "LOAD": {
          "hit":16720,
          "miss":17194
        },
        "RFO": {
          "hit":0,
          "miss":0
        },
        "PREFETCH": {
          "hit":0,
          "miss":0
        },
        "WRITE": {
          "hit":0,
          "miss":0
        },
        "TRANSLATION": {
          "hit":0,
          "miss":0
        },
        "mshr full": 0,
        "prefetch requested": 0,
        "prefetch issued": 0,
        "prefetch filled": 0,
        "prefetch useful": 0,
        "prefetch useless": 0,
        "prefetch late": 0,
        "pf_useful_at_l2_from_l1":          0,
        "pf_late_at_l2_from_l1":          0,
        "pf_useless_at_l2_from_l1":          0,
        "pf_at_l2_to_l1":          0,
        "pf_fill_this_level":          0,
        "miss latency": 10.0138,
        "cache queues": {
          "PQ_ACCESS": 0,
          "PQ_FULL": 0,
          "PQ_TO_CACHE": 0,
          "PQ_MERGED": 0,
          "RQ_ACCESS": 33917,
          "RQ_MERGED": 0,
          "RQ_FULL": 0,
          "WQ_ACCESS": 0,
          "WQ_MERGED": 0,
          "WQ_FULL": 0
        }
      },
      "cpu2_STLB": {
        "LOAD": {
          "hit":16690,
          "miss":17183
        },
        "RFO": {
          "hit":0,
          "miss":0
        },
        "PREFETCH": {
          "hit":0,
          "miss":0
        },
        "WRITE": {
          "hit":0,
          "miss":0
        },
        "TRANSLATION": {
          "hit":0,
          "miss":0
        },
        "mshr full": 0,
        "prefetch requested": 0,
        "prefetch issued": 0,
        "prefetch filled": 0,
        "prefetch useful": 0,
        "prefetch useless": 0,
        "prefetch late": 0,
        "pf_useful_at_l2_from_l1":          0,
        "pf_late_at_l2_from_l1":          0,
        "pf_useless_at_l2_from_l1":          0,
        "pf_at_l2_to_l1":          0,
        "pf_fill_this_level":          0,
        "miss latency": 10.7311,
        "cache queues": {
          "PQ_ACCESS": 0,
          "PQ_FULL": 0,
          "PQ_TO_CACHE": 0,
          "PQ_MERGED": 0,
          "RQ_ACCESS": 33995,
          "RQ_MERGED": 0,
          "RQ_FULL": 0,
          "WQ_ACCESS": 0,
          "WQ_MERGED": 0,
          "WQ_FULL": 0
        }
      },
      "cpu1_STLB": {
        "LOAD": {
          "hit":16663,
          "miss":17150
        },
        "RFO": {
          "hit":0,
          "miss":0
        },
        "PREFETCH": {
          "hit":0,
          "miss":0
        },
        "WRITE": {
          "hit":0,
          "miss":0
        },
        "TRANSLATION": {
          "hit":0,
          "miss":0
        },
        "mshr full": 0,
        "prefetch requested": 0,
        "prefetch issued": 0,
        "prefetch filled": 0,
        "prefetch useful": 0,
        "prefetch useless": 0,
        "prefetch late": 0,
        "pf_useful_at_l2_from_l1":          0,
        "pf_late_at_l2_from_l1":          0,
        "pf_useless_at_l2_from_l1":          0,
        "pf_at_l2_to_l1":          0,
        "pf_fill_this_level":          0,
        "miss latency": 10.3173,
        "cache queues": {
          "PQ_ACCESS": 0,
          "PQ_FULL": 0,
          "PQ_TO_CACHE": 0,
          "PQ_MERGED": 0,
          "RQ_ACCESS": 33941,
          "RQ_MERGED": 0,
          "RQ_FULL": 0,
          "WQ_ACCESS": 0,
          "WQ_MERGED": 0,
          "WQ_FULL": 0
        }
      },
      "cpu0_STLB": {
        "LOAD": {
          "hit":16706,
          "miss":17107
        },
        "RFO": {
          "hit":0,
          "miss":0
        },
        "PREFETCH": {
          "hit":0,
          "miss":0
        },
        "WRITE": {
          "hit":0,
          "miss":0
        },
        "TRANSLATION": {
          "hit":0,
          "miss":0
        },
        "mshr full": 0,
        "prefetch requested": 0,
        "prefetch issued": 0,
        "prefetch filled": 0,
        "prefetch useful": 0,
        "prefetch useless": 0,
        "prefetch late": 0,
        "pf_useful_at_l2_from_l1":          0,
        "pf_late_at_l2_from_l1":          0,
        "pf_useless_at_l2_from_l1":          0,
        "pf_at_l2_to_l1":          0,
        "pf_fill_this_level":          0,
        "miss latency": 10.8283,
        "cache queues": {
          "PQ_ACCESS": 0,
          "PQ_FULL": 0,
          "PQ_TO_CACHE": 0,
          "PQ_MERGED": 0,
          "RQ_ACCESS": 33813,
          "RQ_MERGED": 0,
          "RQ_FULL": 0,
          "WQ_ACCESS": 0,
          "WQ_MERGED": 0,
          "WQ_FULL": 0
        }
      },
      "cpu3_L1D": {
        "LOAD": {
          "hit":4674061,
          "miss":1241889
        },
        "RFO": {
          "hit":0,
          "miss":0
        },
        "PREFETCH": {
          "hit":14689,
          "miss":1355
        },
        "WRITE": {
          "hit":5122884,
          "miss":1756
        },
        "TRANSLATION": {
          "hit":12441,
          "miss":4758
        },
        "mshr full": 71615431,
        "prefetch requested": 16044,
        "prefetch issued": 16044,
        "prefetch filled": 29,
        "prefetch useful": 15,
        "prefetch useless": 15,
        "prefetch late": 1,
        "pf_useful_at_l2_from_l1":          0,
        "pf_late_at_l2_from_l1":          0,
        "pf_useless_at_l2_from_l1":          0,
        "pf_at_l2_to_l1":          0,
        "pf_fill_this_level":         29,
        "miss latency": 66.9319,
        "cache queues": {
          "PQ_ACCESS": 16044,
          "PQ_FULL": 0,
          "PQ_TO_CACHE": 16044,
          "PQ_MERGED": 0,
          "RQ_ACCESS": 2052682837,
          "RQ_MERGED": 905289,
          "RQ_FULL": 2045860618,
          "WQ_ACCESS": 5550743,
          "WQ_MERGED": 424911,
          "WQ_FULL": 0
        }
      },
      "cpu2_L1D": {
        "LOAD": {
          "hit":5421863,
          "miss":1297482
        },
        "RFO": {
          "hit":0,
          "miss":0
        },
        "PREFETCH": {
          "hit":12461,
          "miss":884
        },
        "WRITE": {
          "hit":5510570,
          "miss":1785
        },
        "TRANSLATION": {
          "hit":12437,
          "miss":4751
        },
        "mshr full": 72706761,
        "prefetch requested": 13448,
        "prefetch issued": 13448,
        "prefetch filled": 26,
        "prefetch useful": 15,
        "prefetch useless": 11,
        "prefetch late": 0,
        "pf_useful_at_l2_from_l1":          0,
        "pf_late_at_l2_from_l1":          0,
        "pf_useless_at_l2_from_l1":          0,
        "pf_at_l2_to_l1":          0,
        "pf_fill_this_level":         26,
        "miss latency": 64.3823,
        "cache queues": {
          "PQ_ACCESS": 13448,
          "PQ_FULL": 0,
          "PQ_TO_CACHE": 13448,
          "PQ_MERGED": 0,
          "RQ_ACCESS": 2128547322,
          "RQ_MERGED": 101497,
          "RQ_FULL": 2121694291,
          "WQ_ACCESS": 5584324,
          "WQ_MERGED": 38022,
          "WQ_FULL": 0
        }
      },
      "cpu1_L1D": {
        "LOAD": {
          "hit":4715341,
          "miss":1247564
        },
        "RFO": {
          "hit":0,
          "miss":0
        },
        "PREFETCH": {
          "hit":11283,
          "miss":978
        },
        "WRITE": {
          "hit":5304489,
          "miss":1788
        },
        "TRANSLATION": {
          "hit":12390,
          "miss":4765
        },
        "mshr full": 72443132,
        "prefetch requested": 12361,
        "prefetch issued": 12361,
        "prefetch filled": 26,
        "prefetch useful": 16,
        "prefetch useless": 10,
        "prefetch late": 0,
        "pf_useful_at_l2_from_l1":          0,
        "pf_late_at_l2_from_l1":          0,
        "pf_useless_at_l2_from_l1":          0,
        "pf_at_l2_to_l1":          0,
        "pf_fill_this_level":         26,
        "miss latency": 66.8452,
        "cache queues": {
          "PQ_ACCESS": 12361,
          "PQ_FULL": 0,
          "PQ_TO_CACHE": 12361,
          "PQ_MERGED": 0,
          "RQ_ACCESS": 2107603794,
          "RQ_MERGED": 862397,
          "RQ_FULL": 2100742384,
          "WQ_ACCESS": 5596146,
          "WQ_MERGED": 247030,
          "WQ_FULL": 0
        }
      },
      "cpu0_L1D": {
        "LOAD": {
          "hit":5215024,
          "miss":1277369
        },
        "RFO": {
          "hit":0,
          "miss":0
        },
        "PREFETCH": {
          "hit":10672,
          "miss":838
        },
        "WRITE": {
          "hit":5415917,
          "miss":1747
        },
        "TRANSLATION": {
          "hit":12337,
          "miss":4776
        },
        "mshr full": 72100055,
        "prefetch requested": 11510,
        "prefetch issued": 11510,
        "prefetch filled": 27,
        "prefetch useful": 17,
        "prefetch useless": 10,
        "prefetch late": 0,
        "pf_useful_at_l2_from_l1":          0,
        "pf_late_at_l2_from_l1":          0,
        "pf_useless_at_l2_from_l1":          0,
        "pf_at_l2_to_l1":          0,
        "pf_fill_this_level":         27,
        "miss latency": 65.1508,
        "cache queues": {
          "PQ_ACCESS": 11510,
          "PQ_FULL": 0,
          "PQ_TO_CACHE": 11510,
          "PQ_MERGED": 0,
          "RQ_ACCESS": 2105079587,
          "RQ_MERGED": 324286,
          "RQ_FULL": 2098262927,
          "WQ_ACCESS": 5553681,
          "WQ_MERGED": 136015,
          "WQ_FULL": 0
        }
      },
      "cpu3_L2C": {
        "LOAD": {
          "hit":7668,
          "miss":938722
        },
        "RFO": {
          "hit":455,
          "miss":66
        },
        "PREFETCH": {
          "hit":752,
          "miss":586
        },
        "WRITE": {
          "hit":21092,
          "miss":0
        },
        "TRANSLATION": {
          "hit":2979,
          "miss":1779
        },
        "mshr full": 0,
        "prefetch requested": 0,
        "prefetch issued": 0,
        "prefetch filled": 585,
        "prefetch useful": 0,
        "prefetch useless": 0,
        "prefetch late": 0,
        "pf_useful_at_l2_from_l1":        450,
        "pf_late_at_l2_from_l1":          1,
        "pf_useless_at_l2_from_l1":         95,
        "pf_at_l2_to_l1":          1,
        "pf_fill_this_level":        557,
        "miss latency": 87.9024,
        "cache queues": {
          "PQ_ACCESS": 1338,
          "PQ_FULL": 0,
          "PQ_TO_CACHE": 1338,
          "PQ_MERGED": 0,
          "RQ_ACCESS": 951745,
          "RQ_MERGED": 0,
          "RQ_FULL": 0,
          "WQ_ACCESS": 21365,
          "WQ_MERGED": 0,
          "WQ_FULL": 0
        }
      },
      "cpu2_L2C": {
        "LOAD": {
          "hit":7331,
          "miss":938247
        },
        "RFO": {
          "hit":453,
          "miss":68
        },
        "PREFETCH": {
          "hit":501,
          "miss":376
        },
        "WRITE": {
          "hit":21156,
          "miss":0
        },
        "TRANSLATION": {
          "hit":2899,
          "miss":1852
        },
        "mshr full": 0,
        "prefetch requested": 0,
        "prefetch issued": 0,
        "prefetch filled": 381,
        "prefetch useful": 0,
        "prefetch useless": 0,
        "prefetch late": 0,
        "pf_useful_at_l2_from_l1":        275,
        "pf_late_at_l2_from_l1":          1,
        "pf_useless_at_l2_from_l1":         77,
        "pf_at_l2_to_l1":          0,
        "pf_fill_this_level":        356,
        "miss latency": 88.4066,
        "cache queues": {
          "PQ_ACCESS": 887,
          "PQ_FULL": 0,
          "PQ_TO_CACHE": 887,
          "PQ_MERGED": 0,
          "RQ_ACCESS": 952283,
          "RQ_MERGED": 0,
          "RQ_FULL": 0,
          "WQ_ACCESS": 21922,
          "WQ_MERGED": 0,
          "WQ_FULL": 0
        }
      },
      "cpu1_L2C": {
        "LOAD": {
          "hit":7345,
          "miss":936606
        },
        "RFO": {
          "hit":461,
          "miss":62
        },
        "PREFETCH": {
          "hit":535,
          "miss":434
        },
        "WRITE": {
          "hit":21338,
          "miss":0
        },
        "TRANSLATION": {
          "hit":2998,
          "miss":1767
        },
        "mshr full": 0,
        "prefetch requested": 0,
        "prefetch issued": 0,
        "prefetch filled": 436,
        "prefetch useful": 0,
        "prefetch useless": 0,
        "prefetch late": 0,
        "pf_useful_at_l2_from_l1":        330,
        "pf_late_at_l2_from_l1":          0,
        "pf_useless_at_l2_from_l1":         75,
        "pf_at_l2_to_l1":          0,
        "pf_fill_this_level":        415,
        "miss latency": 88.3795,
        "cache queues": {
          "PQ_ACCESS": 975,
          "PQ_FULL": 0,
          "PQ_TO_CACHE": 975,
          "PQ_MERGED": 0,
          "RQ_ACCESS": 950923,
          "RQ_MERGED": 0,
          "RQ_FULL": 0,
          "WQ_ACCESS": 22187,
          "WQ_MERGED": 0,
          "WQ_FULL": 0
        }
      },
      "cpu0_L2C": {
        "LOAD": {
          "hit":7730,
          "miss":933957
        },
        "RFO": {
          "hit":471,
          "miss":52
        },
        "PREFETCH": {
          "hit":460,
          "miss":372
        },
        "WRITE": {
          "hit":21469,
          "miss":0
        },
        "TRANSLATION": {
          "hit":2887,
          "miss":1889
        },
        "mshr full": 0,
        "prefetch requested": 0,
        "prefetch issued": 0,
        "prefetch filled": 372,
        "prefetch useful": 0,
        "prefetch useless": 0,
        "prefetch late": 0,
        "pf_useful_at_l2_from_l1":        299,
        "pf_late_at_l2_from_l1":          0,
        "pf_useless_at_l2_from_l1":         39,
        "pf_at_l2_to_l1":          0,
        "pf_fill_this_level":        349,
        "miss latency": 88.4436,
        "cache queues": {
          "PQ_ACCESS": 832,
          "PQ_FULL": 0,
          "PQ_TO_CACHE": 832,
          "PQ_MERGED": 0,
          "RQ_ACCESS": 946993,
          "RQ_MERGED": 0,
          "RQ_FULL": 0,
          "WQ_ACCESS": 21652,
          "WQ_MERGED": 0,
          "WQ_FULL": 0
        }
      },
      "LLC": {
        "LOAD": {
          "hit": [828, 1243, 1245, 1097],
          "miss": [933144, 935378, 937016, 937639]
        },
        "RFO": {
          "hit": [17, 22, 33, 30],
          "miss": [35, 40, 35, 36]
        },
        "PREFETCH": {
          "hit": [0, 8, 3, 2],
          "miss": [372, 426, 373, 584]
        },
        "WRITE": {
          "hit": [14195, 14834, 14570, 14360],
          "miss": [0, 0, 0, 0]
        },
        "TRANSLATION": {
          "hit": [684, 578, 632, 581],
          "miss": [1205, 1189, 1220, 1198]
        },
        "mshr full": 0,
        "prefetch requested": 0,
        "prefetch issued": 0,
        "prefetch filled": 1763,
        "prefetch useful": 0,
        "prefetch useless": 0,
        "prefetch late": 0,
        "pf_useful_at_l2_from_l1":          0,
        "pf_late_at_l2_from_l1":          0,
        "pf_useless_at_l2_from_l1":          0,
        "pf_at_l2_to_l1":          0,
        "pf_fill_this_level":          0,
        "miss latency": 87.0919,
        "cache queues": {
          "PQ_ACCESS": 1776,
          "PQ_FULL": 0,
          "PQ_TO_CACHE": 1776,
          "PQ_MERGED": 0,
          "RQ_ACCESS": 3758112,
          "RQ_MERGED": 0,
          "RQ_FULL": 0,
          "WQ_ACCESS": 59121,
          "WQ_MERGED": 0,
          "WQ_FULL": 0
        }
      },
      "DRAM": [
        {
          "RQ ROW_BUFFER_HIT": 1619825,
          "RQ ROW_BUFFER_MISS": 2132599,
          "PQ FULL": 4530,
          "WQ ROW_BUFFER_HIT": 3060,
          "WQ ROW_BUFFER_MISS": 52232,
          "WQ FULL": 0,
          "AVG DBUS CONGESTED CYCLE": 3.9433
        }
      ]

    },
    "sim": {
      "cores": [
        {
          "instructions": 25000003,
          "cycles": 110413950,
          "Avg ROB occupancy at mispredict": 79.3435, 
          "mispredict": {
            "BRANCH_DIRECT_JUMP": 0,
            "BRANCH_INDIRECT": 0,
            "BRANCH_CONDITIONAL": 64266,
            "BRANCH_DIRECT_CALL": 0,
            "BRANCH_INDIRECT_CALL": 0,
            "BRANCH_RETURN": 0
          }
        },
        {
          "instructions": 25176935,
          "cycles": 110413950,
          "Avg ROB occupancy at mispredict": 79.6387, 
          "mispredict": {
            "BRANCH_DIRECT_JUMP": 0,
            "BRANCH_INDIRECT": 0,
            "BRANCH_CONDITIONAL": 64636,
            "BRANCH_DIRECT_CALL": 0,
            "BRANCH_INDIRECT_CALL": 0,
            "BRANCH_RETURN": 0
          }
        },
        {
          "instructions": 25135991,
          "cycles": 110413950,
          "Avg ROB occupancy at mispredict": 79.3039, 
          "mispredict": {
            "BRANCH_DIRECT_JUMP": 0,
            "BRANCH_INDIRECT": 0,
            "BRANCH_CONDITIONAL": 64536,
            "BRANCH_DIRECT_CALL": 0,
            "BRANCH_INDIRECT_CALL": 0,
            "BRANCH_RETURN": 0
          }
        },
        {
          "instructions": 25004973,
          "cycles": 110413950,
          "Avg ROB occupancy at mispredict": 79.3213, 
          "mispredict": {
            "BRANCH_DIRECT_JUMP": 0,
            "BRANCH_INDIRECT": 0,
            "BRANCH_CONDITIONAL": 64243,
            "BRANCH_DIRECT_CALL": 0,
            "BRANCH_INDIRECT_CALL": 0,
            "BRANCH_RETURN": 0
          }
        }
      ],
      "cpu3_L1I": {
        "LOAD": {
          "hit":0,
          "miss":0
        },
        "RFO": {
          "hit":0,
          "miss":0
        },
        "PREFETCH": {
          "hit":0,
          "miss":0
        },
        "WRITE": {
          "hit":0,
          "miss":0
        },
        "TRANSLATION": {
          "hit":0,
          "miss":0
        },
        "mshr full": 0,
        "prefetch requested": 0,
        "prefetch issued": 0,
        "prefetch filled": 0,
        "prefetch useful": 0,
        "prefetch useless": 0,
        "prefetch late": 0,
        "pf_useful_at_l2_from_l1":          0,
        "pf_late_at_l2_from_l1":          0,
        "pf_useless_at_l2_from_l1":          0,
        "pf_at_l2_to_l1":          0,
        "pf_fill_this_level":          0,
        "miss latency": null,
        "cache queues": {
          "PQ_ACCESS": 0,
          "PQ_FULL": 0,
          "PQ_TO_CACHE": 0,
          "PQ_MERGED": 0,
          "RQ_ACCESS": 0,
          "RQ_MERGED": 0,
          "RQ_FULL": 0,
          "WQ_ACCESS": 0,
          "WQ_MERGED": 0,
          "WQ_FULL": 0
        }
      },
      "cpu3_ITLB": {
        "LOAD": {
          "hit":0,
          "miss":0
        },
        "RFO": {
          "hit":0,
          "miss":0
        },
        "PREFETCH": {
          "hit":0,
          "miss":0
        },
        "WRITE": {
          "hit":0,
          "miss":0
        },
        "TRANSLATION": {
          "hit":0,
          "miss":0
        },
        "mshr full": 0,
        "prefetch requested": 0,
        "prefetch issued": 0,
        "prefetch filled": 0,
        "prefetch useful": 0,
        "prefetch useless": 0,
        "prefetch late": 0,
        "pf_useful_at_l2_from_l1":          0,
        "pf_late_at_l2_from_l1":          0,
        "pf_useless_at_l2_from_l1":          0,
        "pf_at_l2_to_l1":          0,
        "pf_fill_this_level":          0,
        "miss latency": null,
        "cache queues": {
          "PQ_ACCESS": 0,
          "PQ_FULL": 0,
          "PQ_TO_CACHE": 0,
          "PQ_MERGED": 0,
          "RQ_ACCESS": 0,
          "RQ_MERGED": 0,
          "RQ_FULL": 0,
          "WQ_ACCESS": 0,
          "WQ_MERGED": 0,
          "WQ_FULL": 0
        }
      },
      "cpu3_DTLB": {
        "LOAD": {
          "hit":9763722,
          "miss":153518
        },
        "RFO": {
          "hit":0,
          "miss":0
        },
        "PREFETCH": {
          "hit":0,
          "miss":0
        },
        "WRITE": {
          "hit":0,
          "miss":0
        },
        "TRANSLATION": {
          "hit":0,
          "miss":0
        },
        "mshr full": 0,
        "prefetch requested": 0,
        "prefetch issued": 0,
        "prefetch filled": 0,
        "prefetch useful": 0,
        "prefetch useless": 0,
        "prefetch late": 0,
        "pf_useful_at_l2_from_l1":          0,
        "pf_late_at_l2_from_l1":          0,
        "pf_useless_at_l2_from_l1":          0,
        "pf_at_l2_to_l1":          0,
        "pf_fill_this_level":          0,
        "miss latency": 1.23031,
        "cache queues": {
          "PQ_ACCESS": 0,
          "PQ_FULL": 0,
          "PQ_TO_CACHE": 0,
          "PQ_MERGED": 0,
          "RQ_ACCESS": 10062920,
          "RQ_MERGED": 0,
          "RQ_FULL": 145682,
          "WQ_ACCESS": 0,
          "WQ_MERGED": 0,
          "WQ_FULL": 0
        }
      },
      "cpu2_L1I": {
        "LOAD": {
          "hit":0,
          "miss":0
        },
        "RFO": {
          "hit":0,
          "miss":0
        },
        "PREFETCH": {
          "hit":0,
          "miss":0
        },
        "WRITE": {
          "hit":0,
          "miss":0
        },
        "TRANSLATION": {
          "hit":0,
          "miss":0
        },
        "mshr full": 0,
        "prefetch requested": 0,
        "prefetch issued": 0,
        "prefetch filled": 0,
        "prefetch useful": 0,
        "prefetch useless": 0,
        "prefetch late": 0,
        "pf_useful_at_l2_from_l1":          0,
        "pf_late_at_l2_from_l1":          0,
        "pf_useless_at_l2_from_l1":          0,
        "pf_at_l2_to_l1":          0,
        "pf_fill_this_level":          0,
        "miss latency": null,
        "cache queues": {
          "PQ_ACCESS": 0,
          "PQ_FULL": 0,
          "PQ_TO_CACHE": 0,
          "PQ_MERGED": 0,
          "RQ_ACCESS": 0,
          "RQ_MERGED": 0,
          "RQ_FULL": 0,
          "WQ_ACCESS": 0,
          "WQ_MERGED": 0,
          "WQ_FULL": 0
        }
      },
      "cpu2_ITLB": {
        "LOAD": {
          "hit":0,
          "miss":0
        },
        "RFO": {
          "hit":0,
          "miss":0
        },
        "PREFETCH": {
          "hit":0,
          "miss":0
        },
        "WRITE": {
          "hit":0,
          "miss":0
        },
        "TRANSLATION": {
          "hit":0,
          "miss":0
        },
        "mshr full": 0,
        "prefetch requested": 0,
        "prefetch issued": 0,
        "prefetch filled": 0,
        "prefetch useful": 0,
        "prefetch useless": 0,
        "prefetch late": 0,
        "pf_useful_at_l2_from_l1":          0,
        "pf_late_at_l2_from_l1":          0,
        "pf_useless_at_l2_from_l1":          0,
        "pf_at_l2_to_l1":          0,
        "pf_fill_this_level":          0,
        "miss latency": null,
        "cache queues": {
          "PQ_ACCESS": 0,
          "PQ_FULL": 0,
          "PQ_TO_CACHE": 0,
          "PQ_MERGED": 0,
          "RQ_ACCESS": 0,
          "RQ_MERGED": 0,
          "RQ_FULL": 0,
          "WQ_ACCESS": 0,
          "WQ_MERGED": 0,
          "WQ_FULL": 0
        }
      },
      "cpu2_DTLB": {
        "LOAD": {
          "hit":12050151,
          "miss":152629
        },
        "RFO": {
          "hit":0,
          "miss":0
        },
        "PREFETCH": {
          "hit":0,
          "miss":0
        },
        "WRITE": {
          "hit":0,
          "miss":0
        },
        "TRANSLATION": {
          "hit":0,
          "miss":0
        },
        "mshr full": 0,
        "prefetch requested": 0,
        "prefetch issued": 0,
        "prefetch filled": 0,
        "prefetch useful": 0,
        "prefetch useless": 0,
        "prefetch late": 0,
        "pf_useful_at_l2_from_l1":          0,
        "pf_late_at_l2_from_l1":          0,
        "pf_useless_at_l2_from_l1":          0,
        "pf_at_l2_to_l1":          0,
        "pf_fill_this_level":          0,
        "miss latency": 1.32525,
        "cache queues": {
          "PQ_ACCESS": 0,
          "PQ_FULL": 0,
          "PQ_TO_CACHE": 0,
          "PQ_MERGED": 0,
          "RQ_ACCESS": 12565935,
          "RQ_MERGED": 0,
          "RQ_FULL": 363154,
          "WQ_ACCESS": 0,
          "WQ_MERGED": 0,
          "WQ_FULL": 0
        }
      },
      "cpu1_L1I": {
        "LOAD": {
          "hit":0,
          "miss":0
        },
        "RFO": {
          "hit":0,
          "miss":0
        },
        "PREFETCH": {
          "hit":0,
          "miss":0
        },
        "WRITE": {
          "hit":0,
          "miss":0
        },
        "TRANSLATION": {
          "hit":0,
          "miss":0
        },
        "mshr full": 0,
        "prefetch requested": 0,
        "prefetch issued": 0,
        "prefetch filled": 0,
        "prefetch useful": 0,
        "prefetch useless": 0,
        "prefetch late": 0,
        "pf_useful_at_l2_from_l1":          0,
        "pf_late_at_l2_from_l1":          0,
        "pf_useless_at_l2_from_l1":          0,
        "pf_at_l2_to_l1":          0,
        "pf_fill_this_level":          0,
        "miss latency": null,
        "cache queues": {
          "PQ_ACCESS": 0,
          "PQ_FULL": 0,
          "PQ_TO_CACHE": 0,
          "PQ_MERGED": 0,
          "RQ_ACCESS": 0,
          "RQ_MERGED": 0,
          "RQ_FULL": 0,
          "WQ_ACCESS": 0,
          "WQ_MERGED": 0,
          "WQ_FULL": 0
        }
      },
      "cpu1_ITLB": {
        "LOAD": {
          "hit":0,
          "miss":0
        },
        "RFO": {
          "hit":0,
          "miss":0
        },
        "PREFETCH": {
          "hit":0,
          "miss":0
        },
        "WRITE": {
          "hit":0,
          "miss":0
        },
        "TRANSLATION": {
          "hit":0,
          "miss":0
        },
        "mshr full": 0,
        "prefetch requested": 0,
        "prefetch issued": 0,
        "prefetch filled": 0,
        "prefetch useful": 0,
        "prefetch useless": 0,
        "prefetch late": 0,
        "pf_useful_at_l2_from_l1":          0,
        "pf_late_at_l2_from_l1":          0,
        "pf_useless_at_l2_from_l1":          0,
        "pf_at_l2_to_l1":          0,
        "pf_fill_this_level":          0,
        "miss latency": null,
        "cache queues": {
          "PQ_ACCESS": 0,
          "PQ_FULL": 0,
          "PQ_TO_CACHE": 0,
          "PQ_MERGED": 0,
          "RQ_ACCESS": 0,
          "RQ_MERGED": 0,
          "RQ_FULL": 0,
          "WQ_ACCESS": 0,
          "WQ_MERGED": 0,
          "WQ_FULL": 0
        }
      },
      "cpu1_DTLB": {
        "LOAD": {
          "hit":10533663,
          "miss":155456
        },
        "RFO": {
          "hit":0,
          "miss":0
        },
        "PREFETCH": {
          "hit":0,
          "miss":0
        },
        "WRITE": {
          "hit":0,
          "miss":0
        },
        "TRANSLATION": {
          "hit":0,
          "miss":0
        },
        "mshr full": 0,
        "prefetch requested": 0,
        "prefetch issued": 0,
        "prefetch filled": 0,
        "prefetch useful": 0,
        "prefetch useless": 0,
        "prefetch late": 0,
        "pf_useful_at_l2_from_l1":          0,
        "pf_late_at_l2_from_l1":          0,
        "pf_useless_at_l2_from_l1":          0,
        "pf_at_l2_to_l1":          0,
        "pf_fill_this_level":          0,
        "miss latency": 1.24869,
        "cache queues": {
          "PQ_ACCESS": 0,
          "PQ_FULL": 0,
          "PQ_TO_CACHE": 0,
          "PQ_MERGED": 0,
          "RQ_ACCESS": 10845751,
          "RQ_MERGED": 0,
          "RQ_FULL": 156633,
          "WQ_ACCESS": 0,
          "WQ_MERGED": 0,
          "WQ_FULL": 0
        }
      },
      "cpu0_L1I": {
        "LOAD": {
          "hit":0,
          "miss":0
        },
        "RFO": {
          "hit":0,
          "miss":0
        },
        "PREFETCH": {
          "hit":0,
          "miss":0
        },
        "WRITE": {
          "hit":0,
          "miss":0
        },
        "TRANSLATION": {
          "hit":0,
          "miss":0
        },
        "mshr full": 0,
        "prefetch requested": 0,
        "prefetch issued": 0,
        "prefetch filled": 0,
        "prefetch useful": 0,
        "prefetch useless": 0,
        "prefetch late": 0,
        "pf_useful_at_l2_from_l1":          0,
        "pf_late_at_l2_from_l1":          0,
        "pf_useless_at_l2_from_l1":          0,
        "pf_at_l2_to_l1":          0,
        "pf_fill_this_level":          0,
        "miss latency": null,
        "cache queues": {
          "PQ_ACCESS": 0,
          "PQ_FULL": 0,
          "PQ_TO_CACHE": 0,
          "PQ_MERGED": 0,
          "RQ_ACCESS": 0,
          "RQ_MERGED": 0,
          "RQ_FULL": 0,
          "WQ_ACCESS": 0,
          "WQ_MERGED": 0,
          "WQ_FULL": 0
        }
      },
      "cpu0_ITLB": {
        "LOAD": {
          "hit":0,
          "miss":0
        },
        "RFO": {
          "hit":0,
          "miss":0
        },
        "PREFETCH": {
          "hit":0,
          "miss":0
        },
        "WRITE": {
          "hit":0,
          "miss":0
        },
        "TRANSLATION": {
          "hit":0,
          "miss":0
        },
        "mshr full": 0,
        "prefetch requested": 0,
        "prefetch issued": 0,
        "prefetch filled": 0,
        "prefetch useful": 0,
        "prefetch useless": 0,
        "prefetch late": 0,
        "pf_useful_at_l2_from_l1":          0,
        "pf_late_at_l2_from_l1":          0,
        "pf_useless_at_l2_from_l1":          0,
        "pf_at_l2_to_l1":          0,
        "pf_fill_this_level":          0,
        "miss latency": null,
        "cache queues": {
          "PQ_ACCESS": 0,
          "PQ_FULL": 0,
          "PQ_TO_CACHE": 0,
          "PQ_MERGED": 0,
          "RQ_ACCESS": 0,
          "RQ_MERGED": 0,
          "RQ_FULL": 0,
          "WQ_ACCESS": 0,
          "WQ_MERGED": 0,
          "WQ_FULL": 0
        }
      },
      "cpu0_DTLB": {
        "LOAD": {
          "hit":11385951,
          "miss":152149
        },
        "RFO": {
          "hit":0,
          "miss":0
        },
        "PREFETCH": {
          "hit":0,
          "miss":0
        },
        "WRITE": {
          "hit":0,
          "miss":0
        },
        "TRANSLATION": {
          "hit":0,
          "miss":0
        },
        "mshr full": 0,
        "prefetch requested": 0,
        "prefetch issued": 0,
        "prefetch filled": 0,
        "prefetch useful": 0,
        "prefetch useless": 0,
        "prefetch late": 0,
        "pf_useful_at_l2_from_l1":          0,
        "pf_late_at_l2_from_l1":          0,
        "pf_useless_at_l2_from_l1":          0,
        "pf_at_l2_to_l1":          0,
        "pf_fill_this_level":          0,
        "miss latency": 1.33221,
        "cache queues": {
          "PQ_ACCESS": 0,
          "PQ_FULL": 0,
          "PQ_TO_CACHE": 0,
          "PQ_MERGED": 0,
          "RQ_ACCESS": 11832405,
          "RQ_MERGED": 0,
          "RQ_FULL": 294302,
          "WQ_ACCESS": 0,
          "WQ_MERGED": 0,
          "WQ_FULL": 0
        }
      },
      "cpu3_STLB": {
        "LOAD": {
          "hit":16720,
          "miss":17197
        },
        "RFO": {
          "hit":0,
          "miss":0
        },
        "PREFETCH": {
          "hit":0,
          "miss":0
        },
        "WRITE": {
          "hit":0,
          "miss":0
        },
        "TRANSLATION": {
          "hit":0,
          "miss":0
        },
        "mshr full": 0,
        "prefetch requested": 0,
        "prefetch issued": 0,
        "prefetch filled": 0,
        "prefetch useful": 0,
        "prefetch useless": 0,
        "prefetch late": 0,
        "pf_useful_at_l2_from_l1":          0,
        "pf_late_at_l2_from_l1":          0,
        "pf_useless_at_l2_from_l1":          0,
        "pf_at_l2_to_l1":          0,
        "pf_fill_this_level":          0,
        "miss latency": 10.0121,
        "cache queues": {
          "PQ_ACCESS": 0,
          "PQ_FULL": 0,
          "PQ_TO_CACHE": 0,
          "PQ_MERGED": 0,
          "RQ_ACCESS": 33917,
          "RQ_MERGED": 0,
          "RQ_FULL": 0,
          "WQ_ACCESS": 0,
          "WQ_MERGED": 0,
          "WQ_FULL": 0
        }
      },
      "cpu2_STLB": {
        "LOAD": {
          "hit":16752,
          "miss":17243
        },
        "RFO": {
          "hit":0,
          "miss":0
        },
        "PREFETCH": {
          "hit":0,
          "miss":0
        },
        "WRITE": {
          "hit":0,
          "miss":0
        },
        "TRANSLATION": {
          "hit":0,
          "miss":0
        },
        "mshr full": 0,
        "prefetch requested": 0,
        "prefetch issued": 0,
        "prefetch filled": 0,
        "prefetch useful": 0,
        "prefetch useless": 0,
        "prefetch late": 0,
        "pf_useful_at_l2_from_l1":          0,
        "pf_late_at_l2_from_l1":          0,
        "pf_useless_at_l2_from_l1":          0,
        "pf_at_l2_to_l1":          0,
        "pf_fill_this_level":          0,
        "miss latency": 10.6938,
        "cache queues": {
          "PQ_ACCESS": 0,
          "PQ_FULL": 0,
          "PQ_TO_CACHE": 0,
          "PQ_MERGED": 0,
          "RQ_ACCESS": 33995,
          "RQ_MERGED": 0,
          "RQ_FULL": 0,
          "WQ_ACCESS": 0,
          "WQ_MERGED": 0,
          "WQ_FULL": 0
        }
      },
      "cpu1_STLB": {
        "LOAD": {
          "hit":16727,
          "miss":17214
        },
        "RFO": {
          "hit":0,
          "miss":0
        },
        "PREFETCH": {
          "hit":0,
          "miss":0
        },
        "WRITE": {
          "hit":0,
          "miss":0
        },
        "TRANSLATION": {
          "hit":0,
          "miss":0
        },
        "mshr full": 0,
        "prefetch requested": 0,
        "prefetch issued": 0,
        "prefetch filled": 0,
        "prefetch useful": 0,
        "prefetch useless": 0,
        "prefetch late": 0,
        "pf_useful_at_l2_from_l1":          0,
        "pf_late_at_l2_from_l1":          0,
        "pf_useless_at_l2_from_l1":          0,
        "pf_at_l2_to_l1":          0,
        "pf_fill_this_level":          0,
        "miss latency": 10.279,
        "cache queues": {
          "PQ_ACCESS": 0,
          "PQ_FULL": 0,
          "PQ_TO_CACHE": 0,
          "PQ_MERGED": 0,
          "RQ_ACCESS": 33941,
          "RQ_MERGED": 0,
          "RQ_FULL": 0,
          "WQ_ACCESS": 0,
          "WQ_MERGED": 0,
          "WQ_FULL": 0
        }
      },
      "cpu0_STLB": {
        "LOAD": {
          "hit":16706,
          "miss":17107
        },
        "RFO": {
          "hit":0,
          "miss":0
        },
        "PREFETCH": {
          "hit":0,
          "miss":0
        },
        "WRITE": {
          "hit":0,
          "miss":0
        },
        "TRANSLATION": {
          "hit":0,
          "miss":0
        },
        "mshr full": 0,
        "prefetch requested": 0,
        "prefetch issued": 0,
        "prefetch filled": 0,
        "prefetch useful": 0,
        "prefetch useless": 0,
        "prefetch late": 0,
        "pf_useful_at_l2_from_l1":          0,
        "pf_late_at_l2_from_l1":          0,
        "pf_useless_at_l2_from_l1":          0,
        "pf_at_l2_to_l1":          0,
        "pf_fill_this_level":          0,
        "miss latency": 10.8283,
        "cache queues": {
          "PQ_ACCESS": 0,
          "PQ_FULL": 0,
          "PQ_TO_CACHE": 0,
          "PQ_MERGED": 0,
          "RQ_ACCESS": 33813,
          "RQ_MERGED": 0,
          "RQ_FULL": 0,
          "WQ_ACCESS": 0,
          "WQ_MERGED": 0,
          "WQ_FULL": 0
        }
      },
      "cpu3_L1D": {
        "LOAD": {
          "hit":4674977,
          "miss":1242004
        },
        "RFO": {
          "hit":0,
          "miss":0
        },
        "PREFETCH": {
          "hit":14689,
          "miss":1355
        },
        "WRITE": {
          "hit":5124076,
          "miss":1756
        },
        "TRANSLATION": {
          "hit":12443,
          "miss":4759
        },
        "mshr full": 71615431,
        "prefetch requested": 16044,
        "prefetch issued": 16044,
        "prefetch filled": 29,
        "prefetch useful": 15,
        "prefetch useless": 15,
        "prefetch late": 1,
        "pf_useful_at_l2_from_l1":          0,
        "pf_late_at_l2_from_l1":          0,
        "pf_useless_at_l2_from_l1":          0,
        "pf_at_l2_to_l1":          0,
        "pf_fill_this_level":         29,
        "miss latency": 66.9257,
        "cache queues": {
          "PQ_ACCESS": 16044,
          "PQ_FULL": 0,
          "PQ_TO_CACHE": 16044,
          "PQ_MERGED": 0,
          "RQ_ACCESS": 2052682837,
          "RQ_MERGED": 905289,
          "RQ_FULL": 2045860618,
          "WQ_ACCESS": 5550743,
          "WQ_MERGED": 424911,
          "WQ_FULL": 0
        }
      },
      "cpu2_L1D": {
        "LOAD": {
          "hit":5451525,
          "miss":1300023
        },
        "RFO": {
          "hit":0,
          "miss":0
        },
        "PREFETCH": {
          "hit":12554,
          "miss":894
        },
        "WRITE": {
          "hit":5544506,
          "miss":1794
        },
        "TRANSLATION": {
          "hit":12459,
          "miss":4790
        },
        "mshr full": 72706761,
        "prefetch requested": 13448,
        "prefetch issued": 13448,
        "prefetch filled": 26,
        "prefetch useful": 15,
        "prefetch useless": 11,
        "prefetch late": 0,
        "pf_useful_at_l2_from_l1":          0,
        "pf_late_at_l2_from_l1":          0,
        "pf_useless_at_l2_from_l1":          0,
        "pf_at_l2_to_l1":          0,
        "pf_fill_this_level":         26,
        "miss latency": 64.2562,
        "cache queues": {
          "PQ_ACCESS": 13448,
          "PQ_FULL": 0,
          "PQ_TO_CACHE": 13448,
          "PQ_MERGED": 0,
          "RQ_ACCESS": 2128547322,
          "RQ_MERGED": 101497,
          "RQ_FULL": 2121694291,
          "WQ_ACCESS": 5584324,
          "WQ_MERGED": 38022,
          "WQ_FULL": 0
        }
      },
      "cpu1_L1D": {
        "LOAD": {
          "hit":4748950,
          "miss":1250124
        },
        "RFO": {
          "hit":0,
          "miss":0
        },
        "PREFETCH": {
          "hit":11376,
          "miss":985
        },
        "WRITE": {
          "hit":5347319,
          "miss":1797
        },
        "TRANSLATION": {
          "hit":12413,
          "miss":4807
        },
        "mshr full": 72443132,
        "prefetch requested": 12361,
        "prefetch issued": 12361,
        "prefetch filled": 26,
        "prefetch useful": 16,
        "prefetch useless": 10,
        "prefetch late": 0,
        "pf_useful_at_l2_from_l1":          0,
        "pf_late_at_l2_from_l1":          0,
        "pf_useless_at_l2_from_l1":          0,
        "pf_at_l2_to_l1":          0,
        "pf_fill_this_level":         26,
        "miss latency": 66.7081,
        "cache queues": {
          "PQ_ACCESS": 12361,
          "PQ_FULL": 0,
          "PQ_TO_CACHE": 12361,
          "PQ_MERGED": 0,
          "RQ_ACCESS": 2107603794,
          "RQ_MERGED": 862397,
          "RQ_FULL": 2100742384,
          "WQ_ACCESS": 5596146,
          "WQ_MERGED": 247030,
          "WQ_FULL": 0
        }
      },
      "cpu0_L1D": {
        "LOAD": {
          "hit":5215024,
          "miss":1277369
        },
        "RFO": {
          "hit":0,
          "miss":0
        },
        "PREFETCH": {
          "hit":10672,
          "miss":838
        },
        "WRITE": {
          "hit":5415917,
          "miss":1747
        },
        "TRANSLATION": {
          "hit":12337,
          "miss":4776
        },
        "mshr full": 72100055,
        "prefetch requested": 11510,
        "prefetch issued": 11510,
        "prefetch filled": 27,
        "prefetch useful": 17,
        "prefetch useless": 10,
        "prefetch late": 0,
        "pf_useful_at_l2_from_l1":          0,
        "pf_late_at_l2_from_l1":          0,
        "pf_useless_at_l2_from_l1":          0,
        "pf_at_l2_to_l1":          0,
        "pf_fill_this_level":         27,
        "miss latency": 65.1508,
        "cache queues": {
          "PQ_ACCESS": 11510,
          "PQ_FULL": 0,
          "PQ_TO_CACHE": 11510,
          "PQ_MERGED": 0,
          "RQ_ACCESS": 2105079587,
          "RQ_MERGED": 324286,
          "RQ_FULL": 2098262927,
          "WQ_ACCESS": 5553681,
          "WQ_MERGED": 136015,
          "WQ_FULL": 0
        }
      },
      "cpu3_L2C": {
        "LOAD": {
          "hit":7668,
          "miss":938791
        },
        "RFO": {
          "hit":455,
          "miss":66
        },
        "PREFETCH": {
          "hit":752,
          "miss":586
        },
        "WRITE": {
          "hit":21107,
          "miss":0
        },
        "TRANSLATION": {
          "hit":2979,
          "miss":1780
        },
        "mshr full": 0,
        "prefetch requested": 0,
        "prefetch issued": 0,
        "prefetch filled": 585,
        "prefetch useful": 0,
        "prefetch useless": 0,
        "prefetch late": 0,
        "pf_useful_at_l2_from_l1":        450,
        "pf_late_at_l2_from_l1":          1,
        "pf_useless_at_l2_from_l1":         95,
        "pf_at_l2_to_l1":          1,
        "pf_fill_this_level":        557,
        "miss latency": 87.896,
        "cache queues": {
          "PQ_ACCESS": 1338,
          "PQ_FULL": 0,
          "PQ_TO_CACHE": 1338,
          "PQ_MERGED": 0,
          "RQ_ACCESS": 951745,
          "RQ_MERGED": 0,
          "RQ_FULL": 0,
          "WQ_ACCESS": 21365,
          "WQ_MERGED": 0,
          "WQ_FULL": 0
        }
      },
      "cpu2_L2C": {
        "LOAD": {
          "hit":7367,
          "miss":939595
        },
        "RFO": {
          "hit":456,
          "miss":68
        },
        "PREFETCH": {
          "hit":505,
          "miss":382
        },
        "WRITE": {
          "hit":21663,
          "miss":0
        },
        "TRANSLATION": {
          "hit":2924,
          "miss":1866
        },
        "mshr full": 0,
        "prefetch requested": 0,
        "prefetch issued": 0,
        "prefetch filled": 381,
        "prefetch useful": 0,
        "prefetch useless": 0,
        "prefetch late": 0,
        "pf_useful_at_l2_from_l1":        275,
        "pf_late_at_l2_from_l1":          1,
        "pf_useless_at_l2_from_l1":         77,
        "pf_at_l2_to_l1":          0,
        "pf_fill_this_level":        356,
        "miss latency": 88.2796,
        "cache queues": {
          "PQ_ACCESS": 887,
          "PQ_FULL": 0,
          "PQ_TO_CACHE": 887,
          "PQ_MERGED": 0,
          "RQ_ACCESS": 952283,
          "RQ_MERGED": 0,
          "RQ_FULL": 0,
          "WQ_ACCESS": 21922,
          "WQ_MERGED": 0,
          "WQ_FULL": 0
        }
      },
      "cpu1_L2C": {
        "LOAD": {
          "hit":7380,
          "miss":938204
        },
        "RFO": {
          "hit":464,
          "miss":62
        },
        "PREFETCH": {
          "hit":539,
          "miss":436
        },
        "WRITE": {
          "hit":21880,
          "miss":0
        },
        "TRANSLATION": {
          "hit":3023,
          "miss":1784
        },
        "mshr full": 0,
        "prefetch requested": 0,
        "prefetch issued": 0,
        "prefetch filled": 436,
        "prefetch useful": 0,
        "prefetch useless": 0,
        "prefetch late": 0,
        "pf_useful_at_l2_from_l1":        330,
        "pf_late_at_l2_from_l1":          0,
        "pf_useless_at_l2_from_l1":         75,
        "pf_at_l2_to_l1":          0,
        "pf_fill_this_level":        415,
        "miss latency": 88.2289,
        "cache queues": {
          "PQ_ACCESS": 975,
          "PQ_FULL": 0,
          "PQ_TO_CACHE": 975,
          "PQ_MERGED": 0,
          "RQ_ACCESS": 950923,
          "RQ_MERGED": 0,
          "RQ_FULL": 0,
          "WQ_ACCESS": 22187,
          "WQ_MERGED": 0,
          "WQ_FULL": 0
        }
      },
      "cpu0_L2C": {
        "LOAD": {
          "hit":7730,
          "miss":933957
        },
        "RFO": {
          "hit":471,
          "miss":52
        },
        "PREFETCH": {
          "hit":460,
          "miss":372
        },
        "WRITE": {
          "hit":21469,
          "miss":0
        },
        "TRANSLATION": {
          "hit":2887,
          "miss":1889
        },
        "mshr full": 0,
        "prefetch requested": 0,
        "prefetch issued": 0,
        "prefetch filled": 372,
        "prefetch useful": 0,
        "prefetch useless": 0,
        "prefetch late": 0,
        "pf_useful_at_l2_from_l1":        299,
        "pf_late_at_l2_from_l1":          0,
        "pf_useless_at_l2_from_l1":         39,
        "pf_at_l2_to_l1":          0,
        "pf_fill_this_level":        349,
        "miss latency": 88.4436,
        "cache queues": {
          "PQ_ACCESS": 832,
          "PQ_FULL": 0,
          "PQ_TO_CACHE": 832,
          "PQ_MERGED": 0,
          "RQ_ACCESS": 946993,
          "RQ_MERGED": 0,
          "RQ_FULL": 0,
          "WQ_ACCESS": 21652,
          "WQ_MERGED": 0,
          "WQ_FULL": 0
        }
      },
      "LLC": {
        "LOAD": {
          "hit": [828, 1243, 1246, 1097],
          "miss": [933144, 936976, 938363, 937708]
        },
        "RFO": {
          "hit": [17, 22, 33, 30],
          "miss": [35, 40, 35, 36]
        },
        "PREFETCH": {
          "hit": [0, 8, 3, 2],
          "miss": [372, 428, 379, 584]
        },
        "WRITE": {
          "hit": [14195, 14921, 14630, 14366],
          "miss": [0, 0, 0, 0]
        },
        "TRANSLATION": {
          "hit": [684, 581, 632, 581],
          "miss": [1205, 1203, 1234, 1199]
        },
        "mshr full": 0,
        "prefetch requested": 0,
        "prefetch issued": 0,
        "prefetch filled": 1763,
        "prefetch useful": 0,
        "prefetch useless": 0,
        "prefetch late": 0,
        "pf_useful_at_l2_from_l1":          0,
        "pf_late_at_l2_from_l1":          0,
        "pf_useless_at_l2_from_l1":          0,
        "pf_at_l2_to_l1":          0,
        "pf_fill_this_level":          0,
        "miss latency": 87.0217,
        "cache queues": {
          "PQ_ACCESS": 1776,
          "PQ_FULL": 0,
          "PQ_TO_CACHE": 1776,
          "PQ_MERGED": 0,
          "RQ_ACCESS": 3758112,
          "RQ_MERGED": 0,
          "RQ_FULL": 0,
          "WQ_ACCESS": 59121,
          "WQ_MERGED": 0,
          "WQ_FULL": 0
        }
      },
      "DRAM": [
        {
          "RQ ROW_BUFFER_HIT": 1619825,
          "RQ ROW_BUFFER_MISS": 2132599,
          "PQ FULL": 4530,
          "WQ ROW_BUFFER_HIT": 3060,
          "WQ ROW_BUFFER_MISS": 52232,
          "WQ FULL": 0,
          "AVG DBUS CONGESTED CYCLE": 3.9433
        }
      ]

    }
  }
]
cpu3_ITLB
cpu3_DTLB
cpu2_ITLB
cpu2_DTLB
cpu1_ITLB
cpu1_DTLB
cpu0_ITLB
cpu0_DTLB
cpu3_STLB
cpu2_STLB
cpu1_STLB
cpu0_STLB
Prefetch Request to L1: 1618, Prefetch Request to L2: 51745
Invalid by Eviction: 79816
Invalid by Max: 45555
Final L1D Threshold: 0.811
Final Demand Reserve: 25.0%

╔═══════════════════════════════════════╗
║       CLIP Filter Statistics         ║
╚═══════════════════════════════════════╝
[CLIP CPU3 Stats]
  Total candidates:        1420165
  Prefetches issued:       16044 (1.2%)
  Dropped (not critical):  457604 (32.3%)
  Dropped (low accuracy):  946517 (66.7%)
  Critical loads detected: 72162591
  Phase changes:           0

Filter table begin
 ┌────────────────────┬─────────────┐
 | Region             | Offset      |
 ├────────────────────┼─────────────┤
 | 0x0000000000008c79 | 0           |
 ├────────────────────┼─────────────┤
 | 0x0000000000008c78 | 31          |
 ├────────────────────┼─────────────┤
 | 0x000000000000031d | 11          |
 ├────────────────────┼─────────────┤
 | 0x0000000000000269 | 1           |
 ├────────────────────┼─────────────┤
 | 0x000000000000033c | 31          |
 ├────────────────────┼─────────────┤
 | 0x0000000000000350 | 31          |
 ├────────────────────┼─────────────┤
 | 0x000000000000033d | 0           |
 └────────────────────┴─────────────┘
Filter table end
Accumulation table begin
 ┌────────────────────┬─────────────┬─────────────┬──────────────────────────────────────────────────────────────────┐
 | Region             | Offset      | Second      | Pattern                                                          |
 ├────────────────────┼─────────────┼─────────────┼──────────────────────────────────────────────────────────────────┤
 | 0x0000000000000348 | 14          | 13          | 0 0 0 0 0 0 0 0 0 0 0 0 0 1 1 0 0 0 0 0 0 0 0 0 0 0 0 0 0 0 0 0  |
 ├────────────────────┼─────────────┼─────────────┼──────────────────────────────────────────────────────────────────┤
 | 0x0000000000008c9e | 12          | 11          | 0 0 0 0 0 0 0 0 0 0 0 1 1 0 0 0 0 0 0 0 0 0 0 0 0 0 0 0 0 0 0 0  |
 ├────────────────────┼─────────────┼─────────────┼──────────────────────────────────────────────────────────────────┤
 | 0x0000000000008c94 | 0           | 10          | 1 0 1 1 1 0 1 1 1 1 1 1 1 0 1 1 1 0 1 1 1 0 1 1 1 0 1 1 1 0 0 0  |
 ├────────────────────┼─────────────┼─────────────┼──────────────────────────────────────────────────────────────────┤
 | 0x0000000000008cbc | 4           | 3           | 0 0 0 1 1 0 0 0 0 0 0 0 0 0 0 0 0 0 0 0 0 0 0 0 0 0 0 0 0 0 0 0  |
 ├────────────────────┼─────────────┼─────────────┼──────────────────────────────────────────────────────────────────┤
 | 0x0000000000008c8a | 4           | 3           | 0 0 0 1 1 0 0 0 0 0 0 1 1 0 0 0 0 0 0 1 1 1 1 0 0 0 0 1 1 0 1 1  |
 ├────────────────────┼─────────────┼─────────────┼──────────────────────────────────────────────────────────────────┤
 | 0x000000000000756b | 6           | 5           | 0 0 1 1 1 1 1 1 1 0 0 0 0 0 0 0 0 0 0 0 0 0 0 0 0 0 0 0 0 0 0 0  |
 ├────────────────────┼─────────────┼─────────────┼──────────────────────────────────────────────────────────────────┤
 | 0x0000000000000309 | 22          | 21          | 0 0 0 0 0 0 0 0 0 0 0 0 0 0 0 0 0 0 0 0 1 1 1 0 0 1 1 0 0 0 0 0  |
 ├────────────────────┼─────────────┼─────────────┼──────────────────────────────────────────────────────────────────┤
 | 0x0000000000008bff | 22          | 21          | 0 0 0 0 0 0 0 0 0 0 0 0 0 0 0 0 0 0 1 1 1 1 1 1 1 1 1 1 1 1 1 0  |
 ├────────────────────┼─────────────┼─────────────┼──────────────────────────────────────────────────────────────────┤
 | 0x000000000000034d | 10          | 9           | 0 0 0 0 0 0 0 0 0 1 1 0 0 0 0 0 0 0 0 0 0 0 0 0 0 0 0 0 0 0 0 0  |
 ├────────────────────┼─────────────┼─────────────┼──────────────────────────────────────────────────────────────────┤
 | 0x0000000000000642 | 31          | 29          | 1 1 1 1 1 1 1 1 1 1 1 1 0 1 1 1 1 1 1 1 1 1 1 1 1 0 1 1 1 1 1 1  |
 ├────────────────────┼─────────────┼─────────────┼──────────────────────────────────────────────────────────────────┤
 | 0x0000000000006192 | 16          | 15          | 0 0 0 0 0 0 0 0 0 0 0 0 0 0 0 1 1 0 0 0 0 0 0 0 0 0 0 0 0 0 0 0  |
 ├────────────────────┼─────────────┼─────────────┼──────────────────────────────────────────────────────────────────┤
 | 0x000000000000030a | 2           | 1           | 1 1 1 0 0 0 0 0 0 0 0 0 0 0 0 1 1 0 0 0 0 0 0 0 0 0 0 0 0 0 0 0  |
 ├────────────────────┼─────────────┼─────────────┼──────────────────────────────────────────────────────────────────┤
 | 0x0000000000008c26 | 22          | 21          | 0 0 0 0 0 0 0 0 0 0 0 0 0 0 0 0 0 0 1 1 1 1 1 1 1 0 0 0 0 0 0 0  |
 ├────────────────────┼─────────────┼─────────────┼──────────────────────────────────────────────────────────────────┤
 | 0x0000000000008c64 | 4           | 3           | 0 0 1 1 1 1 1 0 0 0 0 0 0 0 0 0 0 0 0 0 0 0 0 0 0 0 0 0 0 0 0 0  |
 ├────────────────────┼─────────────┼─────────────┼──────────────────────────────────────────────────────────────────┤
 | 0x000000000000065c | 30          | 31          | 1 1 0 1 1 0 1 1 0 1 1 0 1 1 0 1 1 0 1 1 0 1 1 0 1 1 0 1 1 0 1 1  |
 ├────────────────────┼─────────────┼─────────────┼──────────────────────────────────────────────────────────────────┤
 | 0x0000000000000665 | 30          | 29          | 0 0 0 0 0 0 0 0 0 0 0 0 0 0 0 0 0 1 0 1 1 1 1 1 1 1 1 1 1 1 1 0  |
 ├────────────────────┼─────────────┼─────────────┼──────────────────────────────────────────────────────────────────┤
 | 0x0000000000000304 | 16          | 15          | 0 0 0 0 0 0 0 0 0 0 0 0 0 0 0 1 1 0 0 0 0 0 0 0 0 0 0 0 0 0 0 0  |
 ├────────────────────┼─────────────┼─────────────┼──────────────────────────────────────────────────────────────────┤
 | 0x0000000000008cb7 | 28          | 27          | 0 0 0 0 0 0 0 0 0 0 0 0 0 0 0 0 0 0 0 0 0 0 0 0 0 0 0 1 1 0 0 0  |
 ├────────────────────┼─────────────┼─────────────┼──────────────────────────────────────────────────────────────────┤
 | 0x0000000000004f95 | 14          | 13          | 0 0 0 0 0 0 0 0 0 0 0 0 1 1 1 0 0 0 0 0 0 0 0 0 0 0 0 0 0 0 0 0  |
 ├────────────────────┼─────────────┼─────────────┼──────────────────────────────────────────────────────────────────┤
 | 0x0000000000008876 | 28          | 27          | 0 0 0 0 0 0 0 0 0 0 0 0 0 0 0 0 0 0 0 0 0 0 0 0 0 0 1 1 1 0 0 0  |
 ├────────────────────┼─────────────┼─────────────┼──────────────────────────────────────────────────────────────────┤
 | 0x0000000000008c8d | 6           | 5           | 0 0 0 0 0 1 1 0 0 0 0 0 0 0 0 0 0 0 0 0 0 0 1 1 1 0 0 0 0 0 0 0  |
 ├────────────────────┼─────────────┼─────────────┼──────────────────────────────────────────────────────────────────┤
 | 0x0000000000008c8b | 0           | 12          | 1 0 0 1 1 0 0 0 0 0 1 1 1 0 0 0 0 0 0 1 1 0 0 0 0 0 0 1 1 0 0 0  |
 ├────────────────────┼─────────────┼─────────────┼──────────────────────────────────────────────────────────────────┤
 | 0x0000000000008c9f | 4           | 3           | 0 0 1 1 1 1 1 0 0 0 0 0 0 0 0 0 0 0 0 0 0 1 1 0 0 0 0 0 0 0 0 0  |
 ├────────────────────┼─────────────┼─────────────┼──────────────────────────────────────────────────────────────────┤
 | 0x000000000000030b | 14          | 13          | 0 0 0 0 0 0 0 0 0 0 0 0 0 1 1 0 0 0 0 0 0 0 0 0 0 0 0 0 0 0 0 0  |
 ├────────────────────┼─────────────┼─────────────┼──────────────────────────────────────────────────────────────────┤
 | 0x000000000000032f | 8           | 9           | 0 0 0 0 0 0 0 0 1 1 1 0 0 0 0 0 0 0 0 0 0 0 0 0 0 0 0 0 0 0 0 0  |
 ├────────────────────┼─────────────┼─────────────┼──────────────────────────────────────────────────────────────────┤
 | 0x0000000000008c6f | 28          | 27          | 0 0 0 0 0 0 0 0 0 0 0 0 0 0 0 0 0 0 0 1 1 0 0 0 0 0 1 1 1 0 1 1  |
 ├────────────────────┼─────────────┼─────────────┼──────────────────────────────────────────────────────────────────┤
 | 0x000000000000066d | 29          | 30          | 0 0 0 0 0 0 0 0 0 0 0 0 0 0 1 1 0 1 1 0 1 1 0 1 1 0 1 1 0 1 1 0  |
 ├────────────────────┼─────────────┼─────────────┼──────────────────────────────────────────────────────────────────┤
 | 0x0000000000000351 | 0           | 2           | 1 1 1 0 0 0 0 0 0 0 0 0 0 0 0 0 0 0 0 0 0 0 0 0 0 0 0 0 0 0 0 0  |
 ├────────────────────┼─────────────┼─────────────┼──────────────────────────────────────────────────────────────────┤
 | 0x0000000000008c47 | 4           | 3           | 0 0 1 1 1 0 0 0 0 0 0 0 0 0 0 0 0 0 1 1 1 0 1 1 1 1 1 1 1 1 1 1  |
 ├────────────────────┼─────────────┼─────────────┼──────────────────────────────────────────────────────────────────┤
 | 0x0000000000008caa | 20          | 19          | 0 0 0 0 0 0 0 0 0 0 0 0 0 0 0 0 0 0 0 1 1 0 0 0 0 1 1 0 0 0 0 0  |
 ├────────────────────┼─────────────┼─────────────┼──────────────────────────────────────────────────────────────────┤
 | 0x0000000000008c82 | 2           | 1           | 0 1 1 0 0 0 0 0 0 0 0 0 0 0 0 0 0 0 0 0 0 0 0 0 0 0 0 0 0 0 0 0  |
 ├────────────────────┼─────────────┼─────────────┼──────────────────────────────────────────────────────────────────┤
 | 0x0000000000008ca6 | 2           | 1           | 1 1 1 1 1 1 1 1 1 0 0 0 0 0 0 0 0 0 0 0 0 0 0 0 0 0 0 0 0 0 0 0  |
 └────────────────────┴─────────────┴─────────────┴──────────────────────────────────────────────────────────────────┘
Accumulation table end
Offset pattern table begin
 ┌────────────────────┬─────────────┬──────────────────────────────────────────────────────────────────────────────────────────────────┐
 | Key                | Second      | Pattern                                                                                          |
 ├────────────────────┼─────────────┼──────────────────────────────────────────────────────────────────────────────────────────────────┤
 | 0x0000000000000000 | 6           | 16 10 12 9 9 10 11 8 8 8 9 9 9 8 8 9 9 5 8 6 7 5 6 6 6 6 7 7 8 4 6 6                             |
 ├────────────────────┼─────────────┼──────────────────────────────────────────────────────────────────────────────────────────────────┤
 | 0x0000000000000001 | 2           | 26 26 20 1 2 2 1 2 2 2 3 1 1 2 2 3 4 2 2 1 1 0 2 1 1 2 1 1 2 1 1 2                               |
 ├────────────────────┼─────────────┼──────────────────────────────────────────────────────────────────────────────────────────────────┤
 | 0x0000000000000002 | 1           | 17 16 17 7 7 4 5 7 7 5 6 5 6 4 4 8 8 6 7 4 4 5 6 4 5 4 4 4 4 3 3 5                               |
 ├────────────────────┼─────────────┼──────────────────────────────────────────────────────────────────────────────────────────────────┤
 | 0x0000000000000003 | 4           | 18 4 8 18 11 1 2 1 1 2 1 1 2 1 1 2 1 1 2 1 1 2 1 1 2 1 1 2 1 1 2 1                               |
 ├────────────────────┼─────────────┼──────────────────────────────────────────────────────────────────────────────────────────────────┤
 | 0x0000000000000004 | 3           | 16 0 5 15 16 4 4 3 3 2 3 2 2 1 1 2 2 1 1 2 2 2 2 0 1 1 1 1 1 1 1 0                               |
 ├────────────────────┼─────────────┼──────────────────────────────────────────────────────────────────────────────────────────────────┤
 | 0x0000000000000005 | 4           | 22 2 7 5 5 22 18 0 4 3 0 4 3 0 4 4 1 4 3 0 4 3 0 4 3 0 4 3 0 4 3 0                               |
 ├────────────────────┼─────────────┼──────────────────────────────────────────────────────────────────────────────────────────────────┤
 | 0x0000000000000006 | 5           | 19 0 2 3 6 18 19 5 5 4 5 1 1 3 4 2 2 4 4 1 1 2 2 2 2 1 2 1 1 3 3 2                               |
 ├────────────────────┼─────────────┼──────────────────────────────────────────────────────────────────────────────────────────────────┤
 | 0x0000000000000007 | 8           | 30 11 8 5 14 9 11 30 22 4 8 5 4 7 4 3 7 4 3 7 4 3 7 4 3 7 4 3 7 4 3 7                            |
 ├────────────────────┼─────────────┼──────────────────────────────────────────────────────────────────────────────────────────────────┤
 | 0x0000000000000008 | 7           | 16 0 2 2 1 0 6 15 16 7 6 2 2 1 2 1 0 1 1 0 0 0 0 0 0 1 2 1 1 1 2 2                               |
 ├────────────────────┼─────────────┼──────────────────────────────────────────────────────────────────────────────────────────────────┤
 | 0x0000000000000009 | 10          | 24 5 5 11 7 6 11 8 8 24 16 6 11 6 4 10 6 5 10 5 5 10 6 5 10 6 5 9 5 4 9 5                        |
 ├────────────────────┼─────────────┼──────────────────────────────────────────────────────────────────────────────────────────────────┤
 | 0x000000000000000a | 9           | 26 0 1 3 3 1 5 5 12 25 26 7 7 5 6 5 5 3 3 2 2 3 3 2 2 1 1 3 3 2 2 2                              |
 ├────────────────────┼─────────────┼──────────────────────────────────────────────────────────────────────────────────────────────────┤
 | 0x000000000000000b | 10          | 26 4 13 8 4 13 9 4 14 10 10 26 17 5 13 8 4 13 8 4 13 8 4 13 8 4 13 8 4 13 8 4                    |
 ├────────────────────┼─────────────┼──────────────────────────────────────────────────────────────────────────────────────────────────┤
 | 0x000000000000000c | 11          | 26 1 0 5 5 0 2 1 0 2 17 23 26 9 8 4 4 3 4 4 3 5 4 1 3 2 1 2 1 0 2 2                              |
 ├────────────────────┼─────────────┼──────────────────────────────────────────────────────────────────────────────────────────────────┤
 | 0x000000000000000d | 14          | 22 17 13 5 18 13 5 18 13 5 18 13 7 22 15 5 17 12 5 17 12 5 17 12 5 17 12 5 17 12 5 17            |
 ├────────────────────┼─────────────┼──────────────────────────────────────────────────────────────────────────────────────────────────┤
 | 0x000000000000000e | 13          | 20 0 0 1 1 0 0 0 0 0 2 2 12 19 20 4 4 2 2 2 2 2 2 2 2 2 2 3 2 2 3 2                              |
 ├────────────────────┼─────────────┼──────────────────────────────────────────────────────────────────────────────────────────────────┤
 | 0x000000000000000f | 16          | 17 8 4 12 8 4 12 8 4 12 8 4 12 8 7 17 12 4 11 7 4 11 7 4 11 7 4 11 7 4 11 7                      |
 ├────────────────────┼─────────────┼──────────────────────────────────────────────────────────────────────────────────────────────────┤
 | 0x0000000000000010 | 15          | 24 2 2 2 3 2 2 1 1 0 3 3 3 2 10 22 24 7 6 2 2 2 2 2 2 1 1 1 1 2 1 2                              |
 ├────────────────────┼─────────────┼──────────────────────────────────────────────────────────────────────────────────────────────────┤
 | 0x0000000000000011 | 18          | 21 5 16 11 5 16 11 5 16 11 5 16 11 5 17 11 7 21 14 4 15 11 4 15 11 4 15 11 4 15 11 4             |
 ├────────────────────┼─────────────┼──────────────────────────────────────────────────────────────────────────────────────────────────┤
 | 0x0000000000000012 | 17          | 17 1 1 2 2 0 1 1 0 1 2 2 3 2 3 4 10 15 17 4 3 1 1 0 1 1 0 1 1 1 2 1                              |
 ├────────────────────┼─────────────┼──────────────────────────────────────────────────────────────────────────────────────────────────┤
 | 0x0000000000000013 | 20          | 22 16 13 5 16 13 5 16 13 5 15 13 4 15 13 5 16 13 6 22 18 5 15 12 5 14 12 5 15 12 5 15            |
 ├────────────────────┼─────────────┼──────────────────────────────────────────────────────────────────────────────────────────────────┤
 | 0x0000000000000014 | 19          | 20 0 1 0 0 1 0 0 0 0 0 1 0 0 0 0 0 1 7 17 20 5 5 1 1 2 3 1 0 1 0 0                               |
 ├────────────────────┼─────────────┼──────────────────────────────────────────────────────────────────────────────────────────────────┤
 | 0x0000000000000015 | 22          | 30 10 3 12 10 4 12 10 4 11 9 4 11 10 4 11 10 4 12 10 23 30 27 3 11 23 19 11 8 4 11 9             |
 ├────────────────────┼─────────────┼──────────────────────────────────────────────────────────────────────────────────────────────────┤
 | 0x0000000000000016 | 21          | 25 0 0 0 0 0 0 0 0 0 0 0 0 0 0 0 0 0 1 3 10 24 25 3 3 3 3 1 2 1 1 1                              |
 ├────────────────────┼─────────────┼──────────────────────────────────────────────────────────────────────────────────────────────────┤
 | 0x0000000000000017 | 24          | 24 7 22 18 7 22 19 7 22 19 7 21 19 7 21 19 6 22 19 8 23 19 8 24 19 8 22 18 7 21 19 7             |
 ├────────────────────┼─────────────┼──────────────────────────────────────────────────────────────────────────────────────────────────┤
 | 0x0000000000000018 | 23          | 22 2 1 2 2 1 2 1 1 2 2 1 2 1 1 2 2 1 4 4 3 2 9 21 22 5 7 5 4 2 4 3                               |
 ├────────────────────┼─────────────┼──────────────────────────────────────────────────────────────────────────────────────────────────┤
 | 0x0000000000000019 | 26          | 29 24 18 14 25 18 14 24 17 14 24 17 14 20 18 14 24 18 14 26 20 14 26 19 17 29 17 15 25 18 15 24  |
 ├────────────────────┼─────────────┼──────────────────────────────────────────────────────────────────────────────────────────────────┤
 | 0x000000000000001a | 25          | 28 0 2 2 1 2 2 1 2 2 0 2 2 1 2 2 1 2 5 5 6 2 3 6 11 26 28 7 5 4 4 1                              |
 ├────────────────────┼─────────────┼──────────────────────────────────────────────────────────────────────────────────────────────────┤
 | 0x000000000000001b | 28          | 24 12 15 21 12 16 23 12 16 23 11 15 23 12 16 22 10 16 23 12 16 23 12 15 23 12 16 24 12 14 23 12  |
 ├────────────────────┼─────────────┼──────────────────────────────────────────────────────────────────────────────────────────────────┤
 | 0x000000000000001c | 27          | 28 4 3 2 4 3 2 4 3 2 4 3 2 4 3 2 3 3 4 6 5 2 4 3 2 4 19 26 28 9 9 7                              |
 ├────────────────────┼─────────────┼──────────────────────────────────────────────────────────────────────────────────────────────────┤
 | 0x000000000000001d | 30          | 16 0 15 15 0 15 15 0 15 15 0 15 15 0 15 15 0 15 15 0 15 15 0 15 15 0 15 15 0 16 15 0             |
 ├────────────────────┼─────────────┼──────────────────────────────────────────────────────────────────────────────────────────────────┤
 | 0x000000000000001e | 31          | 27 13 6 14 13 5 15 13 5 15 13 6 15 11 6 15 12 6 15 14 8 14 13 6 15 13 6 17 19 17 27 15           |
 ├────────────────────┼─────────────┼──────────────────────────────────────────────────────────────────────────────────────────────────┤
 | 0x000000000000001f | 28          | 17 11 10 6 11 11 5 11 11 5 11 10 6 12 10 5 12 10 7 13 12 7 12 10 6 12 13 8 14 11 9 17            |
 └────────────────────┴─────────────┴──────────────────────────────────────────────────────────────────────────────────────────────────┘
Offset pattern table end
PC pattern table begin
 ┌────────────────────┬─────────────┬──────────────────────────────────────────────────┐
 | Key                | Second      | Pattern                                          |
 ├────────────────────┼─────────────┼──────────────────────────────────────────────────┤
 | 0x0000000000000000 | 15          | 20 0 0 0 0 0 0 20 20 0 0 0 0 0 0 0               |
 ├────────────────────┼─────────────┼──────────────────────────────────────────────────┤
 | 0x0000000000000003 | 30          | 24 22 22 22 22 22 22 22 22 22 22 22 22 22 22 22  |
 ├────────────────────┼─────────────┼──────────────────────────────────────────────────┤
 | 0x0000000000000008 | 3           | 25 5 6 6 7 5 4 4 3 3 3 4 3 3 3 2                 |
 ├────────────────────┼─────────────┼──────────────────────────────────────────────────┤
 | 0x000000000000000b | 2           | 25 1 1 1 2 3 2 2 1 4 6 6 5 7 7 7                 |
 ├────────────────────┼─────────────┼──────────────────────────────────────────────────┤
 | 0x000000000000000f | 19          | 28 1 1 0 0 0 0 0 0 0 22 23 22 21 0 0             |
 ├────────────────────┼─────────────┼──────────────────────────────────────────────────┤
 | 0x0000000000000010 | 16          | 24 1 0 2 7 5 3 8 7 3 1 1 2 2 2 2                 |
 ├────────────────────┼─────────────┼──────────────────────────────────────────────────┤
 | 0x0000000000000011 | 7           | 25 5 6 7 5 6 7 7 5 8 12 9 7 9 6 3                |
 ├────────────────────┼─────────────┼──────────────────────────────────────────────────┤
 | 0x0000000000000012 | 11          | 20 12 11 11 11 11 11 13 13 11 17 17 17 17 11 11  |
 ├────────────────────┼─────────────┼──────────────────────────────────────────────────┤
 | 0x0000000000000014 | 15          | 5 0 0 0 0 0 0 5 5 0 0 0 0 0 0 0                  |
 ├────────────────────┼─────────────┼──────────────────────────────────────────────────┤
 | 0x0000000000000015 | 11          | 1 1 1 1 1 1 1 1 0 0 0 0 0 0 0 0                  |
 ├────────────────────┼─────────────┼──────────────────────────────────────────────────┤
 | 0x0000000000000017 | 30          | 23 22 22 22 22 22 22 22 22 22 22 22 22 22 22 22  |
 ├────────────────────┼─────────────┼──────────────────────────────────────────────────┤
 | 0x0000000000000019 | 25          | 18 1 1 1 0 1 1 3 3 3 5 4 3 4 2 1                 |
 ├────────────────────┼─────────────┼──────────────────────────────────────────────────┤
 | 0x000000000000001b | 30          | 25 24 24 24 24 24 24 24 24 24 24 24 24 24 24 24  |
 ├────────────────────┼─────────────┼──────────────────────────────────────────────────┤
 | 0x000000000000001c | 28          | 22 0 0 0 0 0 0 0 0 7 8 1 0 9 9 21                |
 ├────────────────────┼─────────────┼──────────────────────────────────────────────────┤
 | 0x000000000000001e | 9           | 20 19 18 17 15 15 13 11 10 9 7 6 5 4 2 2         |
 ├────────────────────┼─────────────┼──────────────────────────────────────────────────┤
 | 0x000000000000001f | 30          | 26 25 25 25 25 25 25 25 25 25 25 25 25 25 25 25  |
 └────────────────────┴─────────────┴──────────────────────────────────────────────────┘
PC pattern table end
Prefetch buffer begin
 ┌────────────────────┬──────────────────────────────────────────────────────────────────┐
 | Region             | Pattern                                                          |
 ├────────────────────┼──────────────────────────────────────────────────────────────────┤
 | 0x0000000000003ff6 | 0 1 1 2 2 2 2 2 2 2 2 2 2 2 2 2 2 2 2 2 2 2 2 2 2 2 2 2 2 2 2 2  |
 ├────────────────────┼──────────────────────────────────────────────────────────────────┤
 | 0x0000000000003f1d | 0 0 0 1 0 0 0 0 0 0 0 2 0 0 0 0 2 0 0 0 0 0 0 0 1 0 0 0 0 1 0 0  |
 ├────────────────────┼──────────────────────────────────────────────────────────────────┤
 | 0x0000000000003f53 | 0 2 0 0 2 0 0 2 0 0 2 0 0 2 0 0 2 0 0 2 0 0 2 0 0 2 0 0 2 0 0 2  |
 ├────────────────────┼──────────────────────────────────────────────────────────────────┤
 | 0x0000000000008bb8 | 2 2 2 2 2 2 2 2 2 2 2 2 2 2 2 2 2 2 2 2 2 0 0 2 2 2 2 2 2 2 2 2  |
 ├────────────────────┼──────────────────────────────────────────────────────────────────┤
 | 0x000000000000405e | 0 1 1 2 2 2 2 2 2 2 2 2 2 2 2 2 2 2 2 2 2 2 2 2 2 2 2 2 2 2 2 2  |
 ├────────────────────┼──────────────────────────────────────────────────────────────────┤
 | 0x00000000000086fe | 2 2 0 2 2 2 2 2 2 0 0 0 0 0 0 0 0 0 0 2 2 0 0 2 2 0 0 2 2 0 0 0  |
 ├────────────────────┼──────────────────────────────────────────────────────────────────┤
 | 0x0000000000003f0d | 2 0 0 2 0 0 2 0 0 2 0 0 1 0 0 2 0 0 2 0 0 2 0 0 2 0 0 2 0 0 2 0  |
 ├────────────────────┼──────────────────────────────────────────────────────────────────┤
 | 0x0000000000006b84 | 2 2 2 2 2 2 2 2 2 2 2 2 2 2 2 2 0 0 0 0 0 2 2 2 2 2 2 2 2 2 2 2  |
 ├────────────────────┼──────────────────────────────────────────────────────────────────┤
 | 0x0000000000003ef6 | 0 0 2 0 0 2 0 0 2 0 0 2 0 0 2 0 0 2 0 0 2 0 0 2 0 0 2 0 0 2 0 0  |
 ├────────────────────┼──────────────────────────────────────────────────────────────────┤
 | 0x0000000000003f07 | 0 2 0 0 2 0 0 2 0 0 2 0 0 2 0 0 2 0 0 2 0 0 2 0 0 2 0 0 2 0 0 1  |
 ├────────────────────┼──────────────────────────────────────────────────────────────────┤
 | 0x0000000000003ef3 | 0 2 0 0 2 0 0 2 0 0 2 0 0 2 0 0 2 0 0 2 0 0 2 0 0 2 0 0 2 0 0 1  |
 ├────────────────────┼──────────────────────────────────────────────────────────────────┤
 | 0x0000000000003f02 | 0 0 0 0 0 0 1 0 0 0 0 2 0 0 0 0 0 0 0 2 0 0 0 0 1 0 0 0 0 0 0 0  |
 ├────────────────────┼──────────────────────────────────────────────────────────────────┤
 | 0x0000000000003ed8 | 0 0 0 0 1 0 0 0 0 0 0 0 0 0 0 0 0 2 0 0 0 0 0 0 0 0 0 0 0 0 1 0  |
 ├────────────────────┼──────────────────────────────────────────────────────────────────┤
 | 0x0000000000008bcd | 2 2 2 2 2 2 2 2 2 2 2 2 2 2 2 2 2 2 2 2 2 0 0 2 2 2 2 2 2 2 0 0  |
 ├────────────────────┼──────────────────────────────────────────────────────────────────┤
 | 0x0000000000003ef0 | 2 1 1 2 1 1 2 1 1 2 1 1 2 1 1 2 1 0 0 0 0 0 0 0 0 0 0 0 0 1 0 0  |
 ├────────────────────┼──────────────────────────────────────────────────────────────────┤
 | 0x0000000000008c12 | 2 2 2 2 2 0 0 2 2 2 2 2 2 2 2 2 2 2 2 2 0 0 0 0 2 2 2 2 2 2 2 2  |
 ├────────────────────┼──────────────────────────────────────────────────────────────────┤
 | 0x0000000000003f1f | 0 0 1 0 0 1 0 0 1 0 0 2 0 0 1 0 0 1 0 0 1 0 0 1 0 0 1 0 0 1 0 0  |
 ├────────────────────┼──────────────────────────────────────────────────────────────────┤
 | 0x0000000000003efa | 0 0 0 0 0 0 0 1 0 0 0 0 1 0 0 0 0 0 0 0 2 0 0 0 0 1 0 0 0 0 0 0  |
 ├────────────────────┼──────────────────────────────────────────────────────────────────┤
 | 0x0000000000003efb | 0 2 0 0 0 0 2 0 0 0 0 0 0 0 2 0 0 0 0 2 0 0 0 0 0 0 0 2 2 2 2 2  |
 ├────────────────────┼──────────────────────────────────────────────────────────────────┤
 | 0x0000000000008735 | 2 2 0 2 2 2 0 0 0 0 0 0 2 2 0 0 0 0 0 2 0 0 0 0 2 2 2 2 0 0 2 2  |
 ├────────────────────┼──────────────────────────────────────────────────────────────────┤
 | 0x0000000000003f1e | 0 2 0 0 1 0 0 2 0 0 2 0 0 2 0 0 2 0 0 2 0 0 2 0 0 2 0 0 2 0 0 2  |
 ├────────────────────┼──────────────────────────────────────────────────────────────────┤
 | 0x00000000000045b6 | 0 2 0 0 2 0 0 2 0 0 2 0 0 2 0 0 2 0 0 2 0 0 2 0 0 2 0 0 2 0 0 1  |
 ├────────────────────┼──────────────────────────────────────────────────────────────────┤
 | 0x0000000000003f44 | 0 2 0 0 2 0 0 2 0 0 2 0 0 2 0 0 2 0 0 2 0 0 2 0 0 2 0 0 2 0 0 2  |
 └────────────────────┴──────────────────────────────────────────────────────────────────┘
Prefetch buffer end
Filter by PPT: 0
Prefetch Request to L1: 1618, Prefetch Request to L2: 51745
Invalid by Eviction: 80090
Invalid by Max: 56795
Final L1D Threshold: 0.711
Final Demand Reserve: 25.0%

╔═══════════════════════════════════════╗
║       CLIP Filter Statistics         ║
╚═══════════════════════════════════════╝
[CLIP CPU2 Stats]
  Total candidates:        1625136
  Prefetches issued:       13448 (0.9%)
  Dropped (not critical):  696737 (42.9%)
  Dropped (low accuracy):  914951 (56.3%)
  Critical loads detected: 73241963
  Phase changes:           0

Filter table begin
 ┌────────────────────┬─────────────┐
 | Region             | Offset      |
 ├────────────────────┼─────────────┤
 | 0x0000000000000317 | 11          |
 ├────────────────────┼─────────────┤
 | 0x0000000000008cba | 0           |
 ├────────────────────┼─────────────┤
 | 0x0000000000008bf7 | 31          |
 ├────────────────────┼─────────────┤
 | 0x000000000000025f | 1           |
 ├────────────────────┼─────────────┤
 | 0x00000000000006f3 | 31          |
 ├────────────────────┼─────────────┤
 | 0x0000000000000335 | 0           |
 ├────────────────────┼─────────────┤
 | 0x0000000000000334 | 31          |
 └────────────────────┴─────────────┘
Filter table end
Accumulation table begin
 ┌────────────────────┬─────────────┬─────────────┬──────────────────────────────────────────────────────────────────┐
 | Region             | Offset      | Second      | Pattern                                                          |
 ├────────────────────┼─────────────┼─────────────┼──────────────────────────────────────────────────────────────────┤
 | 0x0000000000008bc9 | 22          | 21          | 0 0 0 0 0 0 0 0 0 0 0 0 0 0 0 0 0 0 0 1 1 1 1 1 1 1 1 0 0 0 0 0  |
 ├────────────────────┼─────────────┼─────────────┼──────────────────────────────────────────────────────────────────┤
 | 0x0000000000008a91 | 20          | 19          | 0 0 0 0 0 0 0 0 0 0 0 0 0 0 0 0 0 0 0 1 1 0 0 0 0 0 0 0 0 0 0 0  |
 ├────────────────────┼─────────────┼─────────────┼──────────────────────────────────────────────────────────────────┤
 | 0x0000000000004f85 | 14          | 13          | 0 0 0 0 0 0 0 0 0 0 1 1 1 1 1 1 1 0 0 0 0 0 0 0 0 0 0 0 0 0 0 0  |
 ├────────────────────┼─────────────┼─────────────┼──────────────────────────────────────────────────────────────────┤
 | 0x0000000000008b27 | 22          | 21          | 0 0 0 0 0 0 0 0 0 0 0 0 0 0 0 0 0 0 0 0 1 1 1 0 0 0 0 0 0 0 0 0  |
 ├────────────────────┼─────────────┼─────────────┼──────────────────────────────────────────────────────────────────┤
 | 0x00000000000006eb | 31          | 30          | 0 0 0 0 0 1 0 1 1 1 1 1 1 1 0 1 1 1 1 1 1 1 1 1 1 1 1 0 1 1 1 1  |
 ├────────────────────┼─────────────┼─────────────┼──────────────────────────────────────────────────────────────────┤
 | 0x0000000000000344 | 14          | 13          | 0 0 0 0 0 0 0 0 0 0 0 0 0 1 1 0 0 0 0 0 0 0 0 0 0 0 0 0 0 0 0 0  |
 ├────────────────────┼─────────────┼─────────────┼──────────────────────────────────────────────────────────────────┤
 | 0x00000000000002f2 | 2           | 1           | 1 1 1 0 0 0 0 0 0 0 0 0 0 0 0 1 1 0 0 0 0 0 0 0 0 0 0 0 0 0 0 0  |
 ├────────────────────┼─────────────┼─────────────┼──────────────────────────────────────────────────────────────────┤
 | 0x0000000000008ad0 | 20          | 19          | 0 0 0 0 0 0 0 0 0 0 0 0 0 0 0 0 0 0 1 1 1 0 0 0 0 0 0 0 0 0 0 0  |
 ├────────────────────┼─────────────┼─────────────┼──────────────────────────────────────────────────────────────────┤
 | 0x000000000000618a | 16          | 15          | 0 0 0 0 0 0 0 0 0 0 0 0 0 0 1 1 1 1 1 0 0 0 0 0 0 0 0 0 0 0 0 0  |
 ├────────────────────┼─────────────┼─────────────┼──────────────────────────────────────────────────────────────────┤
 | 0x0000000000008cad | 28          | 27          | 0 0 0 0 0 0 0 0 0 0 0 0 0 0 0 0 0 0 0 0 0 0 0 0 0 0 0 1 1 0 0 0  |
 ├────────────────────┼─────────────┼─────────────┼──────────────────────────────────────────────────────────────────┤
 | 0x000000000000032d | 10          | 9           | 0 0 0 0 0 0 0 0 1 1 1 0 0 0 0 0 0 0 0 0 0 0 0 0 0 0 0 0 0 0 0 0  |
 ├────────────────────┼─────────────┼─────────────┼──────────────────────────────────────────────────────────────────┤
 | 0x00000000000002f1 | 22          | 21          | 0 0 0 0 0 0 0 0 0 0 0 0 0 0 0 0 0 0 0 0 1 1 1 0 0 1 1 0 0 0 0 0  |
 ├────────────────────┼─────────────┼─────────────┼──────────────────────────────────────────────────────────────────┤
 | 0x000000000000879f | 4           | 3           | 0 0 1 1 1 0 0 0 0 0 0 0 0 0 0 0 0 0 0 0 0 0 0 0 0 0 0 0 0 0 0 0  |
 ├────────────────────┼─────────────┼─────────────┼──────────────────────────────────────────────────────────────────┤
 | 0x00000000000074bb | 10          | 9           | 0 0 1 1 1 0 1 1 1 1 1 1 1 0 0 0 0 0 0 0 0 0 0 0 0 0 0 0 0 0 0 0  |
 ├────────────────────┼─────────────┼─────────────┼──────────────────────────────────────────────────────────────────┤
 | 0x0000000000008c97 | 2           | 1           | 0 1 1 0 0 0 0 0 0 1 1 0 0 0 0 0 0 0 0 0 0 0 0 0 0 0 0 0 0 0 0 0  |
 ├────────────────────┼─────────────┼─────────────┼──────────────────────────────────────────────────────────────────┤
 | 0x000000000000034b | 10          | 9           | 0 0 0 0 0 0 0 0 0 1 1 0 0 0 0 0 0 0 0 0 0 0 0 0 0 0 0 0 0 0 0 0  |
 ├────────────────────┼─────────────┼─────────────┼──────────────────────────────────────────────────────────────────┤
 | 0x00000000000002f3 | 14          | 13          | 0 0 0 0 0 0 0 0 0 0 0 0 0 1 1 0 0 0 0 0 0 0 0 0 0 0 0 0 0 0 0 0  |
 ├────────────────────┼─────────────┼─────────────┼──────────────────────────────────────────────────────────────────┤
 | 0x0000000000008737 | 20          | 19          | 0 0 0 0 0 0 0 0 0 0 0 0 0 0 0 0 0 0 1 1 1 0 0 0 0 0 0 0 0 0 0 0  |
 ├────────────────────┼─────────────┼─────────────┼──────────────────────────────────────────────────────────────────┤
 | 0x000000000000034f | 0           | 2           | 1 1 1 0 0 0 0 0 0 0 0 0 0 0 0 0 0 0 0 0 0 0 0 0 0 0 0 0 0 0 0 0  |
 ├────────────────────┼─────────────┼─────────────┼──────────────────────────────────────────────────────────────────┤
 | 0x0000000000008add | 24          | 23          | 0 0 0 0 0 0 0 0 0 0 0 0 0 0 0 0 0 0 0 0 0 0 0 1 1 0 0 0 0 0 0 0  |
 ├────────────────────┼─────────────┼─────────────┼──────────────────────────────────────────────────────────────────┤
 | 0x0000000000008a90 | 20          | 19          | 0 0 0 0 0 0 0 0 0 0 0 0 0 0 0 0 0 0 1 1 1 0 0 0 0 0 0 0 0 0 0 0  |
 ├────────────────────┼─────────────┼─────────────┼──────────────────────────────────────────────────────────────────┤
 | 0x0000000000008a35 | 22          | 21          | 0 0 0 0 0 0 0 0 0 0 0 0 0 0 0 0 0 0 0 0 0 1 1 0 0 0 0 0 0 0 0 0  |
 ├────────────────────┼─────────────┼─────────────┼──────────────────────────────────────────────────────────────────┤
 | 0x00000000000087d9 | 20          | 19          | 0 0 0 0 0 0 0 0 0 0 0 0 0 0 0 0 0 0 1 1 1 0 0 0 0 0 0 0 0 0 0 0  |
 ├────────────────────┼─────────────┼─────────────┼──────────────────────────────────────────────────────────────────┤
 | 0x0000000000008a1d | 20          | 19          | 0 0 0 0 0 0 0 0 0 0 0 0 0 0 0 0 0 0 0 1 1 0 0 0 0 0 0 0 0 0 0 0  |
 ├────────────────────┼─────────────┼─────────────┼──────────────────────────────────────────────────────────────────┤
 | 0x0000000000008c96 | 10          | 9           | 0 0 0 0 0 0 0 1 1 1 1 0 0 0 0 1 1 1 1 0 0 0 1 1 1 1 1 0 0 1 1 0  |
 ├────────────────────┼─────────────┼─────────────┼──────────────────────────────────────────────────────────────────┤
 | 0x000000000000879e | 31          | 30          | 0 0 0 0 0 0 0 0 0 0 0 0 0 0 0 0 0 0 1 1 1 0 0 0 0 0 1 1 1 0 1 1  |
 ├────────────────────┼─────────────┼─────────────┼──────────────────────────────────────────────────────────────────┤
 | 0x0000000000008c9c | 2           | 1           | 1 1 1 0 1 1 1 1 1 1 1 1 1 1 1 0 0 0 0 0 0 0 0 0 0 0 0 0 0 0 0 0  |
 ├────────────────────┼─────────────┼─────────────┼──────────────────────────────────────────────────────────────────┤
 | 0x0000000000000302 | 16          | 15          | 0 0 0 0 0 0 0 0 0 0 0 0 0 0 0 1 1 0 0 0 0 0 0 0 0 0 0 0 0 0 0 0  |
 ├────────────────────┼─────────────┼─────────────┼──────────────────────────────────────────────────────────────────┤
 | 0x00000000000006e0 | 29          | 30          | 1 0 1 1 0 1 1 0 1 1 0 1 1 0 1 1 0 1 1 0 1 1 0 1 1 0 1 1 0 1 1 0  |
 └────────────────────┴─────────────┴─────────────┴──────────────────────────────────────────────────────────────────┘
Accumulation table end
Offset pattern table begin
 ┌────────────────────┬─────────────┬──────────────────────────────────────────────────────────────────────────────────────────────────┐
 | Key                | Second      | Pattern                                                                                          |
 ├────────────────────┼─────────────┼──────────────────────────────────────────────────────────────────────────────────────────────────┤
 | 0x0000000000000000 | 2           | 25 14 17 15 15 12 13 13 13 11 13 13 13 10 12 13 13 6 10 9 9 6 8 10 10 7 9 8 9 6 8 6              |
 ├────────────────────┼─────────────┼──────────────────────────────────────────────────────────────────────────────────────────────────┤
 | 0x0000000000000001 | 2           | 28 28 19 2 4 2 1 3 3 2 4 2 1 3 3 2 4 4 3 2 2 0 1 2 0 2 2 0 2 2 1 2                               |
 ├────────────────────┼─────────────┼──────────────────────────────────────────────────────────────────────────────────────────────────┤
 | 0x0000000000000002 | 1           | 20 19 20 5 5 4 6 6 6 6 7 6 6 5 6 9 10 7 7 4 5 4 4 4 5 5 5 3 4 4 5 4                              |
 ├────────────────────┼─────────────┼──────────────────────────────────────────────────────────────────────────────────────────────────┤
 | 0x0000000000000003 | 4           | 17 6 8 17 10 2 3 1 2 3 1 2 3 1 2 3 1 1 3 1 1 3 1 1 3 1 1 3 1 1 3 1                               |
 ├────────────────────┼─────────────┼──────────────────────────────────────────────────────────────────────────────────────────────────┤
 | 0x0000000000000004 | 5           | 24 0 9 23 24 7 7 4 4 3 4 6 6 2 2 4 4 1 3 6 6 5 5 2 2 2 3 3 3 1 2 2                               |
 ├────────────────────┼─────────────┼──────────────────────────────────────────────────────────────────────────────────────────────────┤
 | 0x0000000000000005 | 6           | 29 3 12 9 11 29 22 2 6 4 2 5 4 2 5 5 3 6 4 1 5 4 2 5 4 2 4 3 1 4 3 1                             |
 ├────────────────────┼─────────────┼──────────────────────────────────────────────────────────────────────────────────────────────────┤
 | 0x0000000000000006 | 5           | 27 0 4 6 10 26 27 7 7 5 7 2 3 4 4 2 2 4 5 1 1 3 4 2 2 2 2 1 1 1 2 1                              |
 ├────────────────────┼─────────────┼──────────────────────────────────────────────────────────────────────────────────────────────────┤
 | 0x0000000000000007 | 6           | 30 14 9 8 15 10 13 30 19 5 11 7 5 11 6 5 11 7 5 10 7 4 10 7 4 10 7 3 9 6 3 9                     |
 ├────────────────────┼─────────────┼──────────────────────────────────────────────────────────────────────────────────────────────────┤
 | 0x0000000000000008 | 7           | 18 0 2 3 2 0 7 17 18 7 7 3 3 2 2 2 2 1 1 0 0 0 0 0 0 1 1 1 1 1 1 1                               |
 ├────────────────────┼─────────────┼──────────────────────────────────────────────────────────────────────────────────────────────────┤
 | 0x0000000000000009 | 8           | 17 7 3 10 7 3 10 8 4 17 12 3 10 6 2 8 6 2 8 6 2 8 6 2 8 6 2 8 6 2 8 6                            |
 ├────────────────────┼─────────────┼──────────────────────────────────────────────────────────────────────────────────────────────────┤
 | 0x000000000000000a | 9           | 26 0 1 2 2 0 3 4 12 25 26 3 3 2 2 2 2 2 1 1 1 1 1 1 1 0 0 1 2 1 1 1                              |
 ├────────────────────┼─────────────┼──────────────────────────────────────────────────────────────────────────────────────────────────┤
 | 0x000000000000000b | 10          | 17 1 11 10 1 12 11 2 14 12 3 17 13 1 10 9 1 10 9 1 10 9 1 10 9 1 10 9 1 10 9 1                   |
 ├────────────────────┼─────────────┼──────────────────────────────────────────────────────────────────────────────────────────────────┤
 | 0x000000000000000c | 11          | 27 0 1 5 5 5 6 0 0 1 14 25 27 8 8 3 3 2 3 3 3 4 3 1 2 1 1 1 0 0 1 1                              |
 ├────────────────────┼─────────────┼──────────────────────────────────────────────────────────────────────────────────────────────────┤
 | 0x000000000000000d | 14          | 19 14 9 4 14 10 4 15 10 5 15 10 8 19 12 4 14 9 4 14 9 4 14 9 4 14 9 4 14 9 4 14                  |
 ├────────────────────┼─────────────┼──────────────────────────────────────────────────────────────────────────────────────────────────┤
 | 0x000000000000000e | 13          | 23 0 0 1 1 0 0 0 0 0 2 2 9 22 23 3 3 2 2 1 1 1 2 0 0 0 0 0 1 1 1 0                               |
 ├────────────────────┼─────────────┼──────────────────────────────────────────────────────────────────────────────────────────────────┤
 | 0x000000000000000f | 16          | 30 13 7 20 14 7 21 14 7 21 14 7 22 15 13 30 21 6 20 13 6 20 13 6 20 13 6 20 13 6 20 13           |
 ├────────────────────┼─────────────┼──────────────────────────────────────────────────────────────────────────────────────────────────┤
 | 0x0000000000000010 | 15          | 27 1 2 2 2 2 2 1 0 0 2 3 3 1 9 26 27 6 6 2 1 1 2 1 1 1 0 0 1 1 1 1                               |
 ├────────────────────┼─────────────┼──────────────────────────────────────────────────────────────────────────────────────────────────┤
 | 0x0000000000000011 | 18          | 28 8 24 16 8 24 17 8 24 17 8 25 17 10 26 18 10 28 17 8 23 15 8 23 15 8 23 15 8 23 15 8           |
 ├────────────────────┼─────────────┼──────────────────────────────────────────────────────────────────────────────────────────────────┤
 | 0x0000000000000012 | 17          | 19 0 2 4 4 0 1 0 0 0 4 4 5 1 4 5 12 18 19 2 1 1 1 0 1 0 0 0 0 0 1 0                              |
 ├────────────────────┼─────────────┼──────────────────────────────────────────────────────────────────────────────────────────────────┤
 | 0x0000000000000013 | 20          | 24 18 16 4 18 15 4 17 15 4 18 16 4 17 16 4 19 17 6 24 21 2 16 16 3 16 15 3 16 16 3 15            |
 ├────────────────────┼─────────────┼──────────────────────────────────────────────────────────────────────────────────────────────────┤
 | 0x0000000000000014 | 22          | 26 0 0 0 0 0 0 0 0 0 0 0 0 0 0 0 0 0 14 23 26 4 4 0 0 2 2 0 0 0 0 0                              |
 ├────────────────────┼─────────────┼──────────────────────────────────────────────────────────────────────────────────────────────────┤
 | 0x0000000000000015 | 22          | 30 9 6 12 9 7 12 8 7 11 9 7 11 9 7 11 9 7 12 10 21 30 26 7 11 21 21 10 7 7 10 8                  |
 ├────────────────────┼─────────────┼──────────────────────────────────────────────────────────────────────────────────────────────────┤
 | 0x0000000000000016 | 20          | 24 0 0 0 0 0 0 0 0 0 0 0 0 0 0 0 0 0 2 3 11 23 24 3 3 5 5 1 2 1 1 1                              |
 ├────────────────────┼─────────────┼──────────────────────────────────────────────────────────────────────────────────────────────────┤
 | 0x0000000000000017 | 24          | 29 14 25 18 14 26 18 15 26 19 15 25 19 15 25 18 15 25 20 15 27 19 17 29 19 15 25 18 14 25 18 15  |
 ├────────────────────┼─────────────┼──────────────────────────────────────────────────────────────────────────────────────────────────┤
 | 0x0000000000000018 | 23          | 31 1 1 2 1 1 2 1 1 2 1 1 2 1 1 1 1 1 6 5 5 2 11 29 31 8 10 6 6 3 6 4                             |
 ├────────────────────┼─────────────┼──────────────────────────────────────────────────────────────────────────────────────────────────┤
 | 0x0000000000000019 | 26          | 22 18 14 8 18 15 9 18 13 8 18 15 9 17 15 8 18 15 9 18 14 7 19 15 10 22 17 9 18 15 9 19           |
 ├────────────────────┼─────────────┼──────────────────────────────────────────────────────────────────────────────────────────────────┤
 | 0x000000000000001a | 29          | 22 1 2 1 1 2 1 1 2 1 1 2 1 1 2 1 1 2 3 4 4 1 3 5 6 20 22 3 2 2 2 1                               |
 ├────────────────────┼─────────────┼──────────────────────────────────────────────────────────────────────────────────────────────────┤
 | 0x000000000000001b | 26          | 25 19 11 21 19 12 23 19 13 23 19 12 21 17 13 22 17 13 23 19 13 23 19 13 23 17 12 25 18 11 23 18  |
 ├────────────────────┼─────────────┼──────────────────────────────────────────────────────────────────────────────────────────────────┤
 | 0x000000000000001c | 27          | 22 2 2 1 2 2 1 2 2 1 2 2 1 2 2 1 2 2 2 6 5 1 2 2 1 2 15 20 22 8 8 8                              |
 ├────────────────────┼─────────────┼──────────────────────────────────────────────────────────────────────────────────────────────────┤
 | 0x000000000000001d | 30          | 21 0 20 20 0 20 20 0 20 20 0 20 20 0 20 20 0 20 20 0 20 20 0 20 20 0 20 20 0 21 20 0             |
 ├────────────────────┼─────────────┼──────────────────────────────────────────────────────────────────────────────────────────────────┤
 | 0x000000000000001e | 29          | 24 8 4 7 8 3 9 8 3 9 8 4 9 8 4 9 7 4 8 9 5 9 10 4 9 8 5 13 17 17 24 11                           |
 ├────────────────────┼─────────────┼──────────────────────────────────────────────────────────────────────────────────────────────────┤
 | 0x000000000000001f | 28          | 22 13 10 8 13 12 8 14 12 7 13 11 7 13 11 7 13 11 10 15 14 10 14 11 8 13 14 11 16 14 13 22        |
 └────────────────────┴─────────────┴──────────────────────────────────────────────────────────────────────────────────────────────────┘
Offset pattern table end
PC pattern table begin
 ┌────────────────────┬─────────────┬──────────────────────────────────────────────────┐
 | Key                | Second      | Pattern                                          |
 ├────────────────────┼─────────────┼──────────────────────────────────────────────────┤
 | 0x0000000000000000 | 15          | 16 0 0 0 0 0 0 16 16 0 0 0 0 0 0 0               |
 ├────────────────────┼─────────────┼──────────────────────────────────────────────────┤
 | 0x0000000000000003 | 17          | 19 17 17 18 18 17 18 18 18 17 17 17 17 17 16 16  |
 ├────────────────────┼─────────────┼──────────────────────────────────────────────────┤
 | 0x0000000000000008 | 3           | 25 5 6 6 7 5 4 4 3 3 3 4 3 3 3 2                 |
 ├────────────────────┼─────────────┼──────────────────────────────────────────────────┤
 | 0x000000000000000b | 26          | 20 0 1 3 2 0 0 1 2 4 8 5 3 5 4 2                 |
 ├────────────────────┼─────────────┼──────────────────────────────────────────────────┤
 | 0x000000000000000f | 28          | 30 3 1 1 1 1 2 1 0 1 22 21 21 21 0 0             |
 ├────────────────────┼─────────────┼──────────────────────────────────────────────────┤
 | 0x0000000000000010 | 22          | 23 5 1 2 8 8 3 8 6 0 0 0 0 0 2 3                 |
 ├────────────────────┼─────────────┼──────────────────────────────────────────────────┤
 | 0x0000000000000011 | 13          | 18 5 4 3 4 5 5 6 7 12 9 4 2 2 2 3                |
 ├────────────────────┼─────────────┼──────────────────────────────────────────────────┤
 | 0x0000000000000012 | 10          | 16 9 8 8 8 8 8 9 9 8 14 14 14 14 8 8             |
 ├────────────────────┼─────────────┼──────────────────────────────────────────────────┤
 | 0x0000000000000014 | 15          | 5 0 0 0 0 0 0 5 5 0 0 0 0 0 0 0                  |
 ├────────────────────┼─────────────┼──────────────────────────────────────────────────┤
 | 0x0000000000000017 | 30          | 20 19 19 19 19 19 19 19 19 19 19 19 19 19 19 19  |
 ├────────────────────┼─────────────┼──────────────────────────────────────────────────┤
 | 0x0000000000000019 | 2           | 30 4 5 2 4 5 3 9 9 4 5 5 5 6 4 2                 |
 ├────────────────────┼─────────────┼──────────────────────────────────────────────────┤
 | 0x000000000000001b | 29          | 22 19 19 19 19 19 19 19 19 19 19 19 19 19 20 20  |
 ├────────────────────┼─────────────┼──────────────────────────────────────────────────┤
 | 0x000000000000001c | 30          | 26 0 0 1 1 0 0 0 0 7 9 3 0 10 11 25              |
 ├────────────────────┼─────────────┼──────────────────────────────────────────────────┤
 | 0x000000000000001e | 9           | 23 22 21 20 18 17 15 13 12 10 8 7 5 4 2 2        |
 ├────────────────────┼─────────────┼──────────────────────────────────────────────────┤
 | 0x000000000000001f | 10          | 16 15 15 15 15 15 15 15 15 15 15 15 15 15 15 15  |
 └────────────────────┴─────────────┴──────────────────────────────────────────────────┘
PC pattern table end
Prefetch buffer begin
 ┌────────────────────┬──────────────────────────────────────────────────────────────────┐
 | Region             | Pattern                                                          |
 ├────────────────────┼──────────────────────────────────────────────────────────────────┤
 | 0x0000000000003edf | 0 2 0 0 0 0 2 0 0 0 0 0 0 0 1 0 0 0 0 2 0 0 0 0 0 0 0 2 2 2 2 2  |
 ├────────────────────┼──────────────────────────────────────────────────────────────────┤
 | 0x0000000000003ed0 | 1 0 0 1 0 0 1 0 0 1 0 0 1 0 0 1 0 0 1 0 0 1 0 0 1 0 0 1 0 0 1 0  |
 ├────────────────────┼──────────────────────────────────────────────────────────────────┤
 | 0x0000000000003ee3 | 0 2 0 0 2 0 0 2 0 0 2 0 0 2 0 0 2 0 0 2 0 0 2 0 0 2 0 0 2 0 0 1  |
 ├────────────────────┼──────────────────────────────────────────────────────────────────┤
 | 0x0000000000003ef8 | 0 0 1 0 0 1 0 0 1 0 0 1 0 0 1 0 0 1 0 0 1 0 0 1 0 0 1 0 0 1 0 0  |
 ├────────────────────┼──────────────────────────────────────────────────────────────────┤
 | 0x0000000000003f12 | 0 2 0 0 1 0 0 2 0 0 2 0 0 2 0 0 2 0 0 2 0 0 2 0 0 2 0 0 2 0 0 2  |
 ├────────────────────┼──────────────────────────────────────────────────────────────────┤
 | 0x0000000000003f3a | 0 2 0 0 2 0 0 2 0 0 2 0 0 2 0 0 2 0 0 2 0 0 2 0 0 2 0 0 2 0 0 2  |
 ├────────────────────┼──────────────────────────────────────────────────────────────────┤
 | 0x0000000000006af8 | 2 2 2 2 2 2 2 2 2 2 2 2 2 2 2 2 2 2 2 0 0 2 2 2 2 2 2 2 2 2 2 2  |
 ├────────────────────┼──────────────────────────────────────────────────────────────────┤
 | 0x0000000000003f49 | 0 2 0 0 2 0 0 2 0 0 2 0 0 2 0 0 2 0 0 2 0 0 2 0 0 2 0 0 2 0 0 2  |
 ├────────────────────┼──────────────────────────────────────────────────────────────────┤
 | 0x0000000000003f13 | 0 0 1 0 0 1 0 0 1 0 0 1 0 0 1 0 0 1 0 0 1 0 0 1 0 0 1 0 0 1 0 0  |
 ├────────────────────┼──────────────────────────────────────────────────────────────────┤
 | 0x0000000000008a2e | 2 2 2 2 2 2 2 2 2 2 2 2 2 2 2 2 2 2 2 2 2 0 0 2 2 2 2 2 2 2 2 2  |
 ├────────────────────┼──────────────────────────────────────────────────────────────────┤
 | 0x0000000000003ef9 | 2 0 0 2 0 0 2 0 0 1 0 0 2 0 0 2 0 0 2 0 0 2 0 0 2 0 0 2 0 0 2 0  |
 ├────────────────────┼──────────────────────────────────────────────────────────────────┤
 | 0x0000000000003ede | 0 0 0 0 0 0 0 1 0 0 0 0 1 0 0 0 0 0 0 0 2 0 0 0 0 1 0 0 0 0 0 0  |
 ├────────────────────┼──────────────────────────────────────────────────────────────────┤
 | 0x0000000000003ea0 | 0 0 0 0 0 1 0 0 0 0 0 0 0 0 0 0 0 0 2 0 0 0 0 0 0 0 0 0 0 0 0 1  |
 ├────────────────────┼──────────────────────────────────────────────────────────────────┤
 | 0x0000000000003ec6 | 2 1 1 2 1 1 2 1 1 2 1 1 2 1 1 2 1 0 0 0 0 0 0 0 0 0 0 0 0 1 0 0  |
 ├────────────────────┼──────────────────────────────────────────────────────────────────┤
 | 0x0000000000003edd | 1 0 0 1 0 0 1 0 0 1 0 0 1 0 0 1 0 0 1 0 0 1 0 0 1 0 0 1 0 0 1 0  |
 ├────────────────────┼──────────────────────────────────────────────────────────────────┤
 | 0x0000000000003eeb | 0 0 1 0 0 1 0 0 1 0 0 1 0 0 1 0 0 1 0 0 1 0 0 1 0 0 1 0 0 1 0 0  |
 ├────────────────────┼──────────────────────────────────────────────────────────────────┤
 | 0x0000000000003ee1 | 2 0 0 0 0 1 0 0 0 0 0 0 0 1 0 0 0 0 2 0 0 0 0 0 0 0 1 0 0 0 0 1  |
 ├────────────────────┼──────────────────────────────────────────────────────────────────┤
 | 0x000000000000868a | 2 2 2 0 2 2 2 2 2 2 2 2 2 2 2 2 2 2 2 2 2 2 0 2 2 2 2 2 2 0 0 1  |
 ├────────────────────┼──────────────────────────────────────────────────────────────────┤
 | 0x0000000000003edc | 0 0 1 0 0 2 0 0 2 0 0 2 0 0 2 0 0 2 0 0 2 0 0 2 0 0 2 0 0 2 0 0  |
 ├────────────────────┼──────────────────────────────────────────────────────────────────┤
 | 0x0000000000008a97 | 2 2 2 2 2 2 2 2 2 2 2 2 2 2 2 2 2 2 2 2 2 0 0 2 2 2 2 2 2 2 0 0  |
 ├────────────────────┼──────────────────────────────────────────────────────────────────┤
 | 0x0000000000003f0f | 0 0 0 1 0 0 0 0 0 0 0 2 0 0 0 0 1 0 0 0 0 0 0 0 1 0 0 0 0 1 0 0  |
 ├────────────────────┼──────────────────────────────────────────────────────────────────┤
 | 0x0000000000008a7c | 2 2 2 2 2 0 0 2 2 2 2 2 2 2 2 2 2 2 2 2 2 2 0 0 2 2 2 2 2 2 2 2  |
 ├────────────────────┼──────────────────────────────────────────────────────────────────┤
 | 0x0000000000003ee0 | 0 0 0 0 0 0 1 0 0 0 0 2 0 0 0 0 0 0 0 1 0 0 0 0 1 0 0 0 0 0 0 0  |
 └────────────────────┴──────────────────────────────────────────────────────────────────┘
Prefetch buffer end
Filter by PPT: 0
Prefetch Request to L1: 1618, Prefetch Request to L2: 51745
Invalid by Eviction: 79578
Invalid by Max: 39319
Final L1D Threshold: 0.561
Final Demand Reserve: 25.0%

╔═══════════════════════════════════════╗
║       CLIP Filter Statistics         ║
╚═══════════════════════════════════════╝
[CLIP CPU1 Stats]
  Total candidates:        1356408
  Prefetches issued:       12361 (1.0%)
  Dropped (not critical):  534082 (39.4%)
  Dropped (low accuracy):  809965 (59.8%)
  Critical loads detected: 72977770
  Phase changes:           0

Filter table begin
 ┌────────────────────┬─────────────┐
 | Region             | Offset      |
 ├────────────────────┼─────────────┤
 | 0x0000000000008c61 | 0           |
 ├────────────────────┼─────────────┤
 | 0x0000000000000337 | 0           |
 ├────────────────────┼─────────────┤
 | 0x0000000000000313 | 11          |
 ├────────────────────┼─────────────┤
 | 0x0000000000000336 | 31          |
 ├────────────────────┼─────────────┤
 | 0x0000000000000255 | 1           |
 └────────────────────┴─────────────┘
Filter table end
Accumulation table begin
 ┌────────────────────┬─────────────┬─────────────┬──────────────────────────────────────────────────────────────────┐
 | Region             | Offset      | Second      | Pattern                                                          |
 ├────────────────────┼─────────────┼─────────────┼──────────────────────────────────────────────────────────────────┤
 | 0x0000000000008a31 | 24          | 23          | 0 0 0 0 0 0 0 0 0 0 0 0 0 0 0 0 0 0 0 0 0 0 1 1 1 0 0 0 0 0 0 0  |
 ├────────────────────┼─────────────┼─────────────┼──────────────────────────────────────────────────────────────────┤
 | 0x0000000000008c76 | 0           | 2           | 1 1 1 1 1 1 1 0 0 0 0 0 0 0 0 0 0 0 0 0 0 0 0 0 0 0 0 0 0 0 0 0  |
 ├────────────────────┼─────────────┼─────────────┼──────────────────────────────────────────────────────────────────┤
 | 0x0000000000000701 | 30          | 31          | 0 1 1 1 1 1 1 1 1 1 1 1 1 0 1 1 1 1 1 1 1 1 1 1 1 1 0 1 1 1 1 1  |
 ├────────────────────┼─────────────┼─────────────┼──────────────────────────────────────────────────────────────────┤
 | 0x0000000000008c58 | 2           | 1           | 0 1 1 0 0 0 0 0 1 1 1 1 1 1 1 1 1 1 1 0 0 1 1 0 0 1 1 1 1 0 0 0  |
 ├────────────────────┼─────────────┼─────────────┼──────────────────────────────────────────────────────────────────┤
 | 0x0000000000000347 | 0           | 2           | 1 1 1 0 0 0 0 0 0 0 0 0 0 0 0 0 0 0 0 0 0 0 0 0 0 0 0 0 0 0 0 0  |
 ├────────────────────┼─────────────┼─────────────┼──────────────────────────────────────────────────────────────────┤
 | 0x00000000000002e5 | 14          | 13          | 0 0 0 0 0 0 0 0 0 0 0 0 0 1 1 0 0 0 0 0 0 0 0 0 0 0 0 0 0 0 0 0  |
 ├────────────────────┼─────────────┼─────────────┼──────────────────────────────────────────────────────────────────┤
 | 0x0000000000008ab5 | 26          | 25          | 0 0 0 0 0 0 0 0 0 0 0 0 0 0 0 0 0 0 0 1 1 0 0 1 1 1 1 1 1 0 0 0  |
 ├────────────────────┼─────────────┼─────────────┼──────────────────────────────────────────────────────────────────┤
 | 0x0000000000008c29 | 0           | 2           | 1 1 1 1 1 1 1 1 1 1 1 0 0 1 1 1 1 1 1 0 0 0 0 1 1 1 1 0 0 1 1 1  |
 ├────────────────────┼─────────────┼─────────────┼──────────────────────────────────────────────────────────────────┤
 | 0x0000000000000341 | 10          | 9           | 0 0 0 0 0 0 0 0 0 1 1 0 0 0 0 0 0 0 0 0 0 0 0 0 0 0 0 0 0 0 0 0  |
 ├────────────────────┼─────────────┼─────────────┼──────────────────────────────────────────────────────────────────┤
 | 0x0000000000006180 | 16          | 15          | 0 0 0 0 0 0 0 0 0 0 0 0 0 0 1 1 1 1 1 0 0 0 0 0 0 0 0 0 0 0 0 0  |
 ├────────────────────┼─────────────┼─────────────┼──────────────────────────────────────────────────────────────────┤
 | 0x00000000000002fe | 16          | 15          | 0 0 0 0 0 0 0 0 0 0 0 0 0 0 0 1 1 0 0 0 0 0 0 0 0 0 0 0 0 0 0 0  |
 ├────────────────────┼─────────────┼─────────────┼──────────────────────────────────────────────────────────────────┤
 | 0x0000000000008a5e | 22          | 21          | 0 0 0 0 0 0 0 0 0 0 0 0 0 0 0 0 0 0 0 0 1 1 1 0 0 0 0 0 0 0 0 0  |
 ├────────────────────┼─────────────┼─────────────┼──────────────────────────────────────────────────────────────────┤
 | 0x0000000000008cb0 | 2           | 1           | 1 1 1 0 0 0 0 0 0 1 1 0 0 1 1 0 0 0 0 0 0 0 0 0 0 0 0 0 0 0 0 0  |
 ├────────────────────┼─────────────┼─────────────┼──────────────────────────────────────────────────────────────────┤
 | 0x0000000000008c3e | 0           | 2           | 1 1 1 1 1 1 1 1 1 1 1 1 1 1 1 1 1 1 1 1 1 1 1 1 1 1 1 0 0 0 0 0  |
 ├────────────────────┼─────────────┼─────────────┼──────────────────────────────────────────────────────────────────┤
 | 0x0000000000000710 | 29          | 30          | 0 0 0 0 0 0 0 0 1 1 0 1 1 0 1 1 0 1 1 0 1 1 0 1 1 0 1 1 0 1 1 0  |
 ├────────────────────┼─────────────┼─────────────┼──────────────────────────────────────────────────────────────────┤
 | 0x0000000000008c80 | 18          | 17          | 0 0 0 0 0 0 0 0 0 0 0 0 0 0 0 0 0 1 1 0 0 0 0 0 0 0 0 0 0 0 0 0  |
 ├────────────────────┼─────────────┼─────────────┼──────────────────────────────────────────────────────────────────┤
 | 0x00000000000074a1 | 10          | 9           | 0 0 1 1 1 0 1 1 1 1 1 1 1 0 0 0 0 0 0 0 0 0 0 0 0 0 0 0 0 0 0 0  |
 ├────────────────────┼─────────────┼─────────────┼──────────────────────────────────────────────────────────────────┤
 | 0x0000000000004f71 | 14          | 13          | 0 0 0 0 0 0 0 0 0 0 1 1 1 1 1 1 1 0 0 0 0 0 0 0 0 0 0 0 0 0 0 0  |
 ├────────────────────┼─────────────┼─────────────┼──────────────────────────────────────────────────────────────────┤
 | 0x00000000000002e1 | 22          | 21          | 0 0 0 0 0 0 0 0 0 0 0 0 0 0 0 0 0 0 0 0 1 1 1 0 0 1 1 0 0 0 0 0  |
 ├────────────────────┼─────────────┼─────────────┼──────────────────────────────────────────────────────────────────┤
 | 0x0000000000000319 | 10          | 9           | 0 0 0 0 0 0 0 0 1 1 1 0 0 0 0 0 0 0 0 0 0 0 0 0 0 0 0 0 0 0 0 0  |
 ├────────────────────┼─────────────┼─────────────┼──────────────────────────────────────────────────────────────────┤
 | 0x00000000000006e9 | 31          | 30          | 1 0 1 1 1 1 1 1 1 1 1 1 1 1 0 1 1 1 1 1 1 1 1 1 1 1 1 0 1 1 1 1  |
 ├────────────────────┼─────────────┼─────────────┼──────────────────────────────────────────────────────────────────┤
 | 0x0000000000008c28 | 2           | 1           | 1 1 1 0 1 1 1 1 1 1 1 1 1 1 1 1 1 1 1 0 0 1 1 1 1 1 1 0 0 1 1 1  |
 ├────────────────────┼─────────────┼─────────────┼──────────────────────────────────────────────────────────────────┤
 | 0x00000000000002e4 | 16          | 15          | 1 1 1 0 0 0 0 0 0 0 0 0 0 0 0 1 1 0 0 0 0 0 0 0 0 0 0 0 0 0 0 0  |
 ├────────────────────┼─────────────┼─────────────┼──────────────────────────────────────────────────────────────────┤
 | 0x00000000000006f1 | 31          | 28          | 0 1 1 0 1 1 0 1 1 0 1 1 0 1 1 0 1 1 0 1 1 0 1 1 0 1 1 0 1 1 0 1  |
 ├────────────────────┼─────────────┼─────────────┼──────────────────────────────────────────────────────────────────┤
 | 0x000000000000876d | 4           | 3           | 0 0 1 1 1 0 0 0 0 0 0 0 0 0 0 0 0 0 0 0 0 0 0 0 0 0 0 0 0 0 0 0  |
 ├────────────────────┼─────────────┼─────────────┼──────────────────────────────────────────────────────────────────┤
 | 0x0000000000000711 | 30          | 31          | 1 1 0 1 1 0 1 1 0 1 1 0 1 1 0 1 1 0 1 1 0 1 1 0 1 1 0 1 1 0 1 1  |
 ├────────────────────┼─────────────┼─────────────┼──────────────────────────────────────────────────────────────────┤
 | 0x000000000000033e | 14          | 13          | 0 0 0 0 0 0 0 0 0 0 0 0 0 1 1 0 0 0 0 0 0 0 0 0 0 0 0 0 0 0 0 0  |
 ├────────────────────┼─────────────┼─────────────┼──────────────────────────────────────────────────────────────────┤
 | 0x00000000000006f8 | 31          | 28          | 0 1 1 0 1 1 0 1 1 0 1 1 0 1 1 0 1 1 0 1 1 0 1 1 0 1 1 0 1 1 0 1  |
 ├────────────────────┼─────────────┼─────────────┼──────────────────────────────────────────────────────────────────┤
 | 0x0000000000000700 | 31          | 30          | 0 0 1 0 1 1 0 1 1 1 1 1 1 1 1 1 1 1 1 0 1 1 1 1 1 1 1 1 1 1 1 1  |
 ├────────────────────┼─────────────┼─────────────┼──────────────────────────────────────────────────────────────────┤
 | 0x0000000000008c59 | 2           | 1           | 0 1 1 0 0 0 0 0 0 1 1 0 0 0 0 0 0 1 1 0 0 0 0 0 0 0 0 0 0 0 0 1  |
 ├────────────────────┼─────────────┼─────────────┼──────────────────────────────────────────────────────────────────┤
 | 0x0000000000008c60 | 18          | 17          | 0 0 0 0 0 0 0 0 0 0 0 0 0 0 0 0 0 1 1 0 0 0 0 0 0 0 0 0 0 0 0 1  |
 └────────────────────┴─────────────┴─────────────┴──────────────────────────────────────────────────────────────────┘
Accumulation table end
Offset pattern table begin
 ┌────────────────────┬─────────────┬──────────────────────────────────────────────────────────────────────────────────────────────────┐
 | Key                | Second      | Pattern                                                                                          |
 ├────────────────────┼─────────────┼──────────────────────────────────────────────────────────────────────────────────────────────────┤
 | 0x0000000000000000 | 2           | 25 14 18 15 16 12 14 14 14 11 14 14 14 11 13 14 14 7 12 9 9 6 9 9 10 7 9 8 8 6 9 7               |
 ├────────────────────┼─────────────┼──────────────────────────────────────────────────────────────────────────────────────────────────┤
 | 0x0000000000000001 | 2           | 21 21 18 4 6 3 3 5 5 5 7 4 2 5 5 4 6 6 5 3 3 2 4 3 2 4 4 2 4 3 2 4                               |
 ├────────────────────┼─────────────┼──────────────────────────────────────────────────────────────────────────────────────────────────┤
 | 0x0000000000000002 | 1           | 25 24 25 8 9 6 8 8 8 8 11 9 10 7 7 10 12 10 11 7 8 6 7 7 8 8 9 7 7 6 8 8                         |
 ├────────────────────┼─────────────┼──────────────────────────────────────────────────────────────────────────────────────────────────┤
 | 0x0000000000000003 | 4           | 30 6 18 30 23 6 8 3 4 6 3 5 7 3 4 6 3 3 6 3 4 5 2 3 5 2 4 6 2 3 6 3                              |
 ├────────────────────┼─────────────┼──────────────────────────────────────────────────────────────────────────────────────────────────┤
 | 0x0000000000000004 | 5           | 22 0 8 21 22 6 7 5 5 4 5 5 5 2 2 4 4 2 2 6 6 6 7 2 2 3 4 3 4 2 2 4                               |
 ├────────────────────┼─────────────┼──────────────────────────────────────────────────────────────────────────────────────────────────┤
 | 0x0000000000000005 | 4           | 21 1 7 5 9 21 18 2 6 4 1 5 4 1 5 4 2 5 4 1 5 4 1 5 3 1 5 4 1 5 3 1                               |
 ├────────────────────┼─────────────┼──────────────────────────────────────────────────────────────────────────────────────────────────┤
 | 0x0000000000000006 | 5           | 23 0 3 5 9 22 23 7 7 5 7 3 3 4 4 4 4 6 6 3 3 3 4 1 1 1 1 0 0 1 2 1                               |
 ├────────────────────┼─────────────┼──────────────────────────────────────────────────────────────────────────────────────────────────┤
 | 0x0000000000000007 | 6           | 23 10 4 7 11 4 14 23 16 8 11 4 7 10 4 7 10 4 7 9 3 5 9 3 6 9 3 6 9 3 6 9                         |
 ├────────────────────┼─────────────┼──────────────────────────────────────────────────────────────────────────────────────────────────┤
 | 0x0000000000000008 | 7           | 27 0 4 4 3 2 11 25 27 13 12 6 6 2 3 3 2 1 2 1 2 1 0 1 1 3 4 4 4 3 4 4                            |
 ├────────────────────┼─────────────┼──────────────────────────────────────────────────────────────────────────────────────────────────┤
 | 0x0000000000000009 | 8           | 20 10 4 14 11 4 14 11 6 20 14 4 13 9 3 12 9 3 12 8 3 12 8 3 12 8 3 12 8 3 12 8                   |
 ├────────────────────┼─────────────┼──────────────────────────────────────────────────────────────────────────────────────────────────┤
 | 0x000000000000000a | 9           | 22 0 2 3 3 0 4 6 13 21 22 5 5 3 4 4 5 4 4 2 2 2 3 2 2 1 2 2 2 2 2 1                              |
 ├────────────────────┼─────────────┼──────────────────────────────────────────────────────────────────────────────────────────────────┤
 | 0x000000000000000b | 12          | 30 2 19 16 2 19 16 2 19 16 5 30 27 2 16 13 2 15 13 2 15 13 2 15 13 2 15 13 2 15 13 2             |
 ├────────────────────┼─────────────┼──────────────────────────────────────────────────────────────────────────────────────────────────┤
 | 0x000000000000000c | 11          | 16 0 0 3 3 2 3 0 0 1 9 14 16 5 5 3 2 2 2 2 1 2 2 0 2 1 0 1 0 0 1 1                               |
 ├────────────────────┼─────────────┼──────────────────────────────────────────────────────────────────────────────────────────────────┤
 | 0x000000000000000d | 12          | 30 28 21 6 28 21 6 28 21 6 28 21 8 30 23 6 28 21 6 28 21 6 28 21 6 28 21 6 28 21 6 28            |
 ├────────────────────┼─────────────┼──────────────────────────────────────────────────────────────────────────────────────────────────┤
 | 0x000000000000000e | 15          | 28 0 1 3 2 1 1 0 0 0 2 3 14 27 28 4 4 3 3 3 3 4 5 2 2 2 2 2 1 3 3 1                              |
 ├────────────────────┼─────────────┼──────────────────────────────────────────────────────────────────────────────────────────────────┤
 | 0x000000000000000f | 14          | 20 11 5 17 11 5 17 11 5 17 11 5 17 11 7 20 14 5 17 11 5 17 11 5 17 11 5 17 11 5 17 11            |
 ├────────────────────┼─────────────┼──────────────────────────────────────────────────────────────────────────────────────────────────┤
 | 0x0000000000000010 | 15          | 31 2 3 2 3 4 2 2 2 0 3 5 4 2 14 29 31 8 7 3 3 2 3 4 2 3 3 1 3 3 1 3                              |
 ├────────────────────┼─────────────┼──────────────────────────────────────────────────────────────────────────────────────────────────┤
 | 0x0000000000000011 | 16          | 18 6 16 9 6 16 9 6 16 9 6 16 9 6 16 10 7 18 11 6 16 9 6 16 9 6 16 9 6 16 9 6                     |
 ├────────────────────┼─────────────┼──────────────────────────────────────────────────────────────────────────────────────────────────┤
 | 0x0000000000000012 | 17          | 16 0 2 3 3 0 1 0 0 0 3 3 3 1 3 4 10 15 16 3 2 1 1 0 1 0 0 1 0 0 1 0                              |
 ├────────────────────┼─────────────┼──────────────────────────────────────────────────────────────────────────────────────────────────┤
 | 0x0000000000000013 | 18          | 18 9 8 1 9 8 1 9 8 1 9 8 1 9 8 1 9 8 8 18 17 1 9 8 1 9 8 1 9 8 1 9                               |
 ├────────────────────┼─────────────┼──────────────────────────────────────────────────────────────────────────────────────────────────┤
 | 0x0000000000000014 | 22          | 20 0 0 0 0 0 0 0 0 0 0 0 0 0 0 0 0 0 9 19 20 3 3 0 0 1 1 1 1 1 0 1                               |
 ├────────────────────┼─────────────┼──────────────────────────────────────────────────────────────────────────────────────────────────┤
 | 0x0000000000000015 | 20          | 19 5 4 8 5 4 8 4 5 8 4 5 8 5 5 7 5 4 8 5 15 19 16 4 7 13 13 7 4 4 7 4                            |
 ├────────────────────┼─────────────┼──────────────────────────────────────────────────────────────────────────────────────────────────┤
 | 0x0000000000000016 | 21          | 20 0 0 0 0 0 0 0 0 0 0 0 0 0 0 0 0 0 3 4 10 19 20 3 3 3 3 0 0 0 0 0                              |
 ├────────────────────┼─────────────┼──────────────────────────────────────────────────────────────────────────────────────────────────┤
 | 0x0000000000000017 | 24          | 22 8 21 15 9 21 15 9 21 14 10 20 14 10 19 15 10 20 15 10 21 15 9 22 15 9 21 13 10 21 14 10       |
 ├────────────────────┼─────────────┼──────────────────────────────────────────────────────────────────────────────────────────────────┤
 | 0x0000000000000018 | 23          | 20 1 0 1 1 0 1 1 0 1 1 0 1 1 0 1 1 0 3 3 2 1 7 19 20 5 5 3 3 1 3 2                               |
 ├────────────────────┼─────────────┼──────────────────────────────────────────────────────────────────────────────────────────────────┤
 | 0x0000000000000019 | 26          | 31 28 23 16 28 22 16 29 22 15 28 22 17 27 22 17 28 23 16 28 23 16 27 22 18 31 23 16 29 22 16 28  |
 ├────────────────────┼─────────────┼──────────────────────────────────────────────────────────────────────────────────────────────────┤
 | 0x000000000000001a | 25          | 26 0 1 2 1 2 1 0 2 1 0 2 1 1 2 1 1 2 3 4 5 2 2 5 10 24 26 5 4 4 4 2                              |
 ├────────────────────┼─────────────┼──────────────────────────────────────────────────────────────────────────────────────────────────┤
 | 0x000000000000001b | 26          | 28 21 14 26 21 12 26 21 14 26 21 15 25 19 15 25 21 15 24 21 15 25 21 14 26 20 14 28 21 14 26 19  |
 ├────────────────────┼─────────────┼──────────────────────────────────────────────────────────────────────────────────────────────────┤
 | 0x000000000000001c | 27          | 25 3 3 1 3 2 1 3 2 1 3 2 1 3 3 1 3 3 3 7 7 2 4 3 1 3 16 22 25 8 8 7                              |
 ├────────────────────┼─────────────┼──────────────────────────────────────────────────────────────────────────────────────────────────┤
 | 0x000000000000001d | 30          | 21 0 20 20 0 20 20 0 20 20 0 20 20 0 20 20 0 20 20 0 20 20 0 20 20 0 20 20 0 21 20 0             |
 ├────────────────────┼─────────────┼──────────────────────────────────────────────────────────────────────────────────────────────────┤
 | 0x000000000000001e | 29          | 28 14 4 12 14 3 14 14 3 14 14 4 14 13 4 14 12 4 13 14 6 13 15 4 14 14 5 17 22 16 28 16           |
 ├────────────────────┼─────────────┼──────────────────────────────────────────────────────────────────────────────────────────────────┤
 | 0x000000000000001f | 27          | 27 16 14 9 15 16 8 15 16 7 15 15 8 16 15 7 16 15 11 18 18 10 16 15 8 15 18 12 19 16 17 27        |
 └────────────────────┴─────────────┴──────────────────────────────────────────────────────────────────────────────────────────────────┘
Offset pattern table end
PC pattern table begin
 ┌────────────────────┬─────────────┬──────────────────────────────────────────────────┐
 | Key                | Second      | Pattern                                          |
 ├────────────────────┼─────────────┼──────────────────────────────────────────────────┤
 | 0x0000000000000000 | 15          | 22 0 0 0 0 0 0 22 22 0 0 0 0 0 0 0               |
 ├────────────────────┼─────────────┼──────────────────────────────────────────────────┤
 | 0x0000000000000003 | 29          | 20 19 19 19 19 19 19 19 19 19 19 19 19 19 19 19  |
 ├────────────────────┼─────────────┼──────────────────────────────────────────────────┤
 | 0x0000000000000008 | 3           | 25 5 6 6 7 5 4 4 3 3 3 4 3 3 3 2                 |
 ├────────────────────┼─────────────┼──────────────────────────────────────────────────┤
 | 0x000000000000000b | 22          | 30 2 3 5 4 3 1 1 2 8 10 5 7 6 3 4                |
 ├────────────────────┼─────────────┼──────────────────────────────────────────────────┤
 | 0x000000000000000f | 25          | 23 2 2 1 1 1 1 0 0 0 17 17 17 17 1 1             |
 ├────────────────────┼─────────────┼──────────────────────────────────────────────────┤
 | 0x0000000000000010 | 12          | 24 0 1 2 4 7 8 5 1 0 0 0 0 1 7 6                 |
 ├────────────────────┼─────────────┼──────────────────────────────────────────────────┤
 | 0x0000000000000011 | 7           | 26 4 3 3 4 4 3 5 5 14 14 11 8 6 5 4              |
 ├────────────────────┼─────────────┼──────────────────────────────────────────────────┤
 | 0x0000000000000012 | 8           | 29 15 14 14 14 14 14 16 16 15 26 26 26 26 14 14  |
 ├────────────────────┼─────────────┼──────────────────────────────────────────────────┤
 | 0x0000000000000014 | 15          | 5 0 0 0 0 0 0 5 5 0 0 0 0 0 0 0                  |
 ├────────────────────┼─────────────┼──────────────────────────────────────────────────┤
 | 0x0000000000000017 | 30          | 29 28 28 28 28 28 28 28 28 28 28 28 28 28 28 28  |
 ├────────────────────┼─────────────┼──────────────────────────────────────────────────┤
 | 0x0000000000000019 | 29          | 29 0 1 0 2 2 1 2 2 9 14 8 4 5 3 2                |
 ├────────────────────┼─────────────┼──────────────────────────────────────────────────┤
 | 0x000000000000001b | 2           | 22 21 21 21 21 21 21 21 21 21 21 21 21 21 21 21  |
 ├────────────────────┼─────────────┼──────────────────────────────────────────────────┤
 | 0x000000000000001c | 27          | 30 0 0 1 1 0 0 0 0 8 10 3 0 11 11 29             |
 ├────────────────────┼─────────────┼──────────────────────────────────────────────────┤
 | 0x000000000000001e | 9           | 19 18 18 17 15 14 12 10 10 9 7 7 6 5 3 2         |
 ├────────────────────┼─────────────┼──────────────────────────────────────────────────┤
 | 0x000000000000001f | 9           | 20 19 19 19 19 19 19 19 19 19 19 19 19 19 19 19  |
 └────────────────────┴─────────────┴──────────────────────────────────────────────────┘
PC pattern table end
Prefetch buffer begin
 ┌────────────────────┬──────────────────────────────────────────────────────────────────┐
 | Region             | Pattern                                                          |
 ├────────────────────┼──────────────────────────────────────────────────────────────────┤
 | 0x00000000000089e5 | 2 2 2 2 2 2 2 2 2 2 2 2 2 2 2 2 2 2 2 2 2 0 0 2 2 2 2 2 2 2 0 0  |
 ├────────────────────┼──────────────────────────────────────────────────────────────────┤
 | 0x0000000000003f3f | 0 2 0 0 2 0 0 2 0 0 2 0 0 2 0 0 2 0 0 2 0 0 1 0 0 2 0 0 2 0 0 2  |
 ├────────────────────┼──────────────────────────────────────────────────────────────────┤
 | 0x0000000000003ed5 | 0 0 1 0 0 1 0 0 1 0 0 1 0 0 1 0 0 1 0 0 1 0 0 1 0 0 1 0 0 1 0 0  |
 ├────────────────────┼──────────────────────────────────────────────────────────────────┤
 | 0x0000000000003ee9 | 1 0 0 1 0 0 1 0 0 1 0 0 1 0 0 1 0 0 1 0 0 1 0 0 2 0 0 2 0 0 2 0  |
 ├────────────────────┼──────────────────────────────────────────────────────────────────┤
 | 0x0000000000003ece | 1 0 0 1 0 0 1 0 0 1 0 0 1 0 0 1 0 0 2 0 0 2 0 0 2 0 0 2 0 0 2 0  |
 ├────────────────────┼──────────────────────────────────────────────────────────────────┤
 | 0x0000000000003ecb | 0 2 0 0 0 0 2 0 0 0 0 0 0 0 2 0 0 0 0 2 0 0 0 0 0 0 0 2 2 2 2 2  |
 ├────────────────────┼──────────────────────────────────────────────────────────────────┤
 | 0x0000000000003eb7 | 0 0 0 0 0 0 0 0 0 0 1 0 0 0 0 0 0 0 0 0 0 0 0 2 0 0 0 0 0 0 0 0  |
 ├────────────────────┼──────────────────────────────────────────────────────────────────┤
 | 0x0000000000003ecf | 0 2 0 0 2 0 0 2 0 0 2 0 0 2 0 0 2 0 0 2 0 0 2 0 0 2 0 0 2 0 0 1  |
 ├────────────────────┼──────────────────────────────────────────────────────────────────┤
 | 0x0000000000003ee8 | 0 0 1 0 0 1 0 0 1 0 0 1 0 0 1 0 0 1 0 0 1 0 0 1 0 0 1 0 0 1 0 0  |
 ├────────────────────┼──────────────────────────────────────────────────────────────────┤
 | 0x0000000000003e9f | 0 0 0 0 0 0 0 0 0 0 0 2 0 0 0 0 0 0 0 0 0 0 0 0 1 0 0 0 0 0 0 0  |
 ├────────────────────┼──────────────────────────────────────────────────────────────────┤
 | 0x0000000000003eca | 0 0 0 0 0 0 0 1 0 0 0 0 1 0 0 0 0 0 0 0 2 0 0 0 0 1 0 0 0 0 0 0  |
 ├────────────────────┼──────────────────────────────────────────────────────────────────┤
 | 0x0000000000003ebd | 0 2 0 0 2 0 0 2 0 0 2 0 0 2 0 0 2 0 0 2 0 0 2 0 0 2 0 0 2 0 0 1  |
 ├────────────────────┼──────────────────────────────────────────────────────────────────┤
 | 0x0000000000003eff | 0 0 0 1 0 0 0 0 0 0 0 2 0 0 0 0 1 0 0 0 0 0 0 0 1 0 0 0 0 1 0 0  |
 ├────────────────────┼──────────────────────────────────────────────────────────────────┤
 | 0x00000000000045b2 | 0 2 0 0 2 0 0 2 0 0 2 0 0 2 0 0 2 0 0 2 0 0 2 0 0 2 0 0 2 0 0 1  |
 ├────────────────────┼──────────────────────────────────────────────────────────────────┤
 | 0x0000000000003f01 | 0 0 1 0 0 1 0 0 1 0 0 1 0 0 1 0 0 1 0 0 1 0 0 1 0 0 1 0 0 1 0 0  |
 ├────────────────────┼──────────────────────────────────────────────────────────────────┤
 | 0x0000000000003ec9 | 1 0 0 1 0 0 1 0 0 1 0 0 1 0 0 1 0 0 1 0 0 1 0 0 1 0 0 1 0 0 1 0  |
 ├────────────────────┼──────────────────────────────────────────────────────────────────┤
 | 0x0000000000003f32 | 0 2 0 0 2 0 0 2 0 0 1 0 0 1 0 0 2 0 0 2 0 0 2 0 0 2 0 0 2 0 0 2  |
 ├────────────────────┼──────────────────────────────────────────────────────────────────┤
 | 0x0000000000003ecc | 0 0 0 0 0 0 1 0 0 0 0 2 0 0 0 0 0 0 0 1 0 0 0 0 1 0 0 0 0 0 0 0  |
 ├────────────────────┼──────────────────────────────────────────────────────────────────┤
 | 0x0000000000003eae | 0 0 1 0 0 1 0 0 1 0 0 1 0 0 1 0 0 1 0 0 1 0 0 1 0 0 1 0 0 1 0 0  |
 ├────────────────────┼──────────────────────────────────────────────────────────────────┤
 | 0x00000000000089da | 2 2 2 2 2 2 2 2 2 2 2 2 2 2 2 2 2 2 2 2 2 0 0 2 2 2 2 2 2 2 2 2  |
 ├────────────────────┼──────────────────────────────────────────────────────────────────┤
 | 0x0000000000003ec8 | 0 0 1 0 0 2 0 0 2 0 0 2 0 0 2 0 0 2 0 0 2 0 0 2 0 0 2 0 0 2 0 0  |
 ├────────────────────┼──────────────────────────────────────────────────────────────────┤
 | 0x0000000000006aee | 2 2 2 2 2 2 2 2 2 2 2 2 2 2 2 2 2 2 2 0 0 2 2 2 2 2 2 2 2 2 2 2  |
 ├────────────────────┼──────────────────────────────────────────────────────────────────┤
 | 0x0000000000003f00 | 0 2 0 0 1 0 0 2 0 0 2 0 0 2 0 0 2 0 0 2 0 0 2 0 0 2 0 0 2 0 0 2  |
 ├────────────────────┼──────────────────────────────────────────────────────────────────┤
 | 0x0000000000003ecd | 2 0 0 0 0 1 0 0 0 0 0 0 0 1 0 0 0 0 2 0 0 0 0 0 0 0 1 0 0 0 0 1  |
 └────────────────────┴──────────────────────────────────────────────────────────────────┘
Prefetch buffer end
Filter by PPT: 0
Prefetch Request to L1: 1618, Prefetch Request to L2: 51745
Invalid by Eviction: 79674
Invalid by Max: 40166
Final L1D Threshold: 0.581
Final Demand Reserve: 25.0%

╔═══════════════════════════════════════╗
║       CLIP Filter Statistics         ║
╚═══════════════════════════════════════╝
[CLIP CPU0 Stats]
  Total candidates:        1367262
  Prefetches issued:       11510 (0.9%)
  Dropped (not critical):  556029 (40.7%)
  Dropped (low accuracy):  799723 (58.5%)
  Critical loads detected: 72546883
  Phase changes:           0

Filter table begin
 ┌────────────────────┬─────────────┐
 | Region             | Offset      |
 ├────────────────────┼─────────────┤
 | 0x0000000000000291 | 1           |
 ├────────────────────┼─────────────┤
 | 0x0000000000000329 | 11          |
 ├────────────────────┼─────────────┤
 | 0x0000000000008c4b | 0           |
 ├────────────────────┼─────────────┤
 | 0x0000000000008c4a | 31          |
 ├────────────────────┼─────────────┤
 | 0x0000000000000342 | 31          |
 ├────────────────────┼─────────────┤
 | 0x0000000000000343 | 0           |
 └────────────────────┴─────────────┘
Filter table end
Accumulation table begin
 ┌────────────────────┬─────────────┬─────────────┬──────────────────────────────────────────────────────────────────┐
 | Region             | Offset      | Second      | Pattern                                                          |
 ├────────────────────┼─────────────┼─────────────┼──────────────────────────────────────────────────────────────────┤
 | 0x0000000000000666 | 31          | 30          | 0 0 0 0 0 0 0 0 0 0 0 0 0 0 0 0 0 0 0 0 0 0 0 0 0 0 0 1 1 1 1 1  |
 ├────────────────────┼─────────────┼─────────────┼──────────────────────────────────────────────────────────────────┤
 | 0x0000000000008c08 | 28          | 27          | 0 0 0 0 0 0 0 0 0 0 0 0 0 0 0 0 0 0 0 0 0 0 0 0 0 0 1 1 1 0 0 0  |
 ├────────────────────┼─────────────┼─────────────┼──────────────────────────────────────────────────────────────────┤
 | 0x0000000000004f61 | 14          | 13          | 0 0 0 0 0 0 0 0 0 0 0 0 1 1 1 0 0 0 0 0 0 0 0 0 0 0 0 0 0 0 0 0  |
 ├────────────────────┼─────────────┼─────────────┼──────────────────────────────────────────────────────────────────┤
 | 0x0000000000008c6d | 24          | 23          | 0 0 0 0 0 0 0 0 0 0 0 0 0 0 0 0 0 0 0 0 0 0 0 1 1 0 0 0 0 0 0 0  |
 ├────────────────────┼─────────────┼─────────────┼──────────────────────────────────────────────────────────────────┤
 | 0x0000000000008cb9 | 12          | 11          | 0 0 0 0 0 1 1 0 0 0 0 1 1 0 0 0 0 0 0 0 0 0 0 0 0 0 0 0 0 0 0 0  |
 ├────────────────────┼─────────────┼─────────────┼──────────────────────────────────────────────────────────────────┤
 | 0x0000000000000359 | 10          | 9           | 0 0 0 0 0 0 0 0 0 1 1 0 0 0 0 0 0 0 0 0 0 0 0 0 0 0 0 0 0 0 0 0  |
 ├────────────────────┼─────────────┼─────────────┼──────────────────────────────────────────────────────────────────┤
 | 0x0000000000008c85 | 31          | 30          | 0 0 0 0 0 0 0 0 0 0 0 0 0 0 0 0 0 0 1 1 1 0 0 0 0 0 0 1 1 0 1 1  |
 ├────────────────────┼─────────────┼─────────────┼──────────────────────────────────────────────────────────────────┤
 | 0x0000000000008c23 | 20          | 19          | 0 0 0 0 0 0 0 0 0 0 0 0 0 0 0 0 0 0 0 1 1 0 0 0 0 0 0 0 0 0 0 0  |
 ├────────────────────┼─────────────┼─────────────┼──────────────────────────────────────────────────────────────────┤
 | 0x0000000000000324 | 0           | 1           | 1 1 1 0 0 0 0 0 0 0 0 0 0 0 0 1 1 0 0 0 0 0 0 0 0 0 0 0 0 0 0 0  |
 ├────────────────────┼─────────────┼─────────────┼──────────────────────────────────────────────────────────────────┤
 | 0x0000000000000339 | 8           | 9           | 0 0 0 0 0 0 0 0 1 1 1 0 0 0 0 0 0 0 0 0 0 0 0 0 0 0 0 0 0 0 0 0  |
 ├────────────────────┼─────────────┼─────────────┼──────────────────────────────────────────────────────────────────┤
 | 0x0000000000008c91 | 20          | 19          | 0 0 0 0 0 0 0 0 0 0 0 0 0 0 0 0 0 0 0 1 1 0 0 0 0 0 0 0 0 0 0 0  |
 ├────────────────────┼─────────────┼─────────────┼──────────────────────────────────────────────────────────────────┤
 | 0x0000000000007513 | 6           | 5           | 0 0 1 1 1 1 1 1 1 0 0 0 0 0 0 0 0 0 0 0 0 0 0 0 0 0 0 0 0 0 0 0  |
 ├────────────────────┼─────────────┼─────────────┼──────────────────────────────────────────────────────────────────┤
 | 0x000000000000030c | 16          | 15          | 0 0 0 0 0 0 0 0 0 0 0 0 0 0 0 1 1 0 0 0 0 0 0 0 0 0 0 0 0 0 0 0  |
 ├────────────────────┼─────────────┼─────────────┼──────────────────────────────────────────────────────────────────┤
 | 0x0000000000008c34 | 0           | 2           | 1 1 1 1 1 1 1 1 1 0 0 0 0 0 0 0 0 0 0 0 0 0 0 0 0 0 0 0 0 0 0 0  |
 ├────────────────────┼─────────────┼─────────────┼──────────────────────────────────────────────────────────────────┤
 | 0x0000000000008c70 | 2           | 1           | 1 1 1 1 1 1 1 1 1 0 1 1 1 0 1 1 1 1 1 1 1 1 1 0 0 0 0 0 0 0 0 0  |
 ├────────────────────┼─────────────┼─────────────┼──────────────────────────────────────────────────────────────────┤
 | 0x0000000000008c92 | 2           | 1           | 1 1 1 1 1 0 0 0 0 0 0 0 0 0 0 0 0 0 0 0 0 0 0 0 0 0 0 0 0 0 0 0  |
 ├────────────────────┼─────────────┼─────────────┼──────────────────────────────────────────────────────────────────┤
 | 0x0000000000008cb2 | 2           | 1           | 1 1 1 0 0 0 0 0 0 0 0 0 0 0 0 0 0 0 0 0 0 0 0 0 0 0 0 0 0 0 0 0  |
 ├────────────────────┼─────────────┼─────────────┼──────────────────────────────────────────────────────────────────┤
 | 0x0000000000000667 | 30          | 29          | 1 1 1 1 1 0 1 1 1 1 1 1 1 1 1 1 1 1 0 1 1 1 1 1 1 1 1 1 1 1 1 0  |
 ├────────────────────┼─────────────┼─────────────┼──────────────────────────────────────────────────────────────────┤
 | 0x0000000000008ca9 | 26          | 25          | 0 0 0 0 0 0 0 0 0 0 0 0 0 0 0 0 0 0 0 0 0 0 0 0 0 1 1 0 0 0 0 0  |
 ├────────────────────┼─────────────┼─────────────┼──────────────────────────────────────────────────────────────────┤
 | 0x0000000000000352 | 14          | 13          | 0 0 0 0 0 0 0 0 0 0 0 0 0 1 1 0 0 0 0 0 0 0 0 0 0 0 0 0 0 0 0 0  |
 ├────────────────────┼─────────────┼─────────────┼──────────────────────────────────────────────────────────────────┤
 | 0x0000000000008cb4 | 16          | 15          | 0 0 0 0 0 1 1 0 0 0 0 1 1 0 1 1 1 0 0 0 0 0 0 0 0 0 0 0 0 0 0 0  |
 ├────────────────────┼─────────────┼─────────────┼──────────────────────────────────────────────────────────────────┤
 | 0x0000000000000323 | 22          | 21          | 0 0 0 0 0 0 0 0 0 0 0 0 0 0 0 0 0 0 0 0 1 1 1 0 0 1 1 0 0 0 0 0  |
 ├────────────────────┼─────────────┼─────────────┼──────────────────────────────────────────────────────────────────┤
 | 0x0000000000000325 | 14          | 13          | 0 0 0 0 0 0 0 0 0 0 0 0 0 1 1 0 0 0 0 0 0 0 0 0 0 0 0 0 0 0 0 0  |
 ├────────────────────┼─────────────┼─────────────┼──────────────────────────────────────────────────────────────────┤
 | 0x0000000000008c87 | 22          | 21          | 0 0 0 0 0 0 0 0 0 0 0 0 0 0 0 0 0 0 0 0 0 1 1 0 0 0 0 0 0 0 0 0  |
 ├────────────────────┼─────────────┼─────────────┼──────────────────────────────────────────────────────────────────┤
 | 0x0000000000006172 | 16          | 15          | 0 0 0 0 0 0 0 0 0 0 0 0 0 0 0 1 1 0 0 0 0 0 0 0 0 0 0 0 0 0 0 0  |
 ├────────────────────┼─────────────┼─────────────┼──────────────────────────────────────────────────────────────────┤
 | 0x0000000000008c84 | 4           | 3           | 0 0 0 1 1 0 0 0 0 0 0 0 0 0 0 0 0 0 0 1 1 0 0 0 0 0 0 0 0 0 0 0  |
 ├────────────────────┼─────────────┼─────────────┼──────────────────────────────────────────────────────────────────┤
 | 0x0000000000008ca5 | 26          | 25          | 0 0 0 0 0 0 0 0 0 0 0 0 0 0 0 0 0 0 0 0 0 0 0 0 0 1 1 0 0 0 0 0  |
 ├────────────────────┼─────────────┼─────────────┼──────────────────────────────────────────────────────────────────┤
 | 0x000000000000066e | 31          | 28          | 0 0 0 0 1 1 0 1 1 0 1 1 0 1 1 0 1 1 0 1 1 0 1 1 0 1 1 0 1 1 0 1  |
 ├────────────────────┼─────────────┼─────────────┼──────────────────────────────────────────────────────────────────┤
 | 0x0000000000008c63 | 14          | 13          | 0 0 1 1 1 0 0 0 0 0 1 1 1 1 1 1 1 1 1 1 1 0 1 1 1 1 1 0 0 0 0 0  |
 ├────────────────────┼─────────────┼─────────────┼──────────────────────────────────────────────────────────────────┤
 | 0x000000000000035b | 0           | 2           | 1 1 1 0 0 0 0 0 0 0 0 0 0 0 0 0 0 0 0 0 0 0 0 0 0 0 0 0 0 0 0 0  |
 ├────────────────────┼─────────────┼─────────────┼──────────────────────────────────────────────────────────────────┤
 | 0x0000000000008bd9 | 2           | 1           | 1 1 1 1 1 1 1 1 1 0 1 1 1 0 0 0 0 0 1 1 1 1 1 1 1 1 1 1 1 1 1 1  |
 ├────────────────────┼─────────────┼─────────────┼──────────────────────────────────────────────────────────────────┤
 | 0x0000000000008858 | 30          | 29          | 0 0 0 0 0 0 0 0 0 0 0 0 0 0 0 0 0 0 0 0 0 0 0 0 0 0 0 0 1 1 1 0  |
 └────────────────────┴─────────────┴─────────────┴──────────────────────────────────────────────────────────────────┘
Accumulation table end
Offset pattern table begin
 ┌────────────────────┬─────────────┬──────────────────────────────────────────────────────────────────────────────────────────────────┐
 | Key                | Second      | Pattern                                                                                          |
 ├────────────────────┼─────────────┼──────────────────────────────────────────────────────────────────────────────────────────────────┤
 | 0x0000000000000000 | 5           | 20 11 14 13 13 11 14 11 11 11 12 12 12 9 11 12 12 6 11 9 10 7 9 8 8 7 9 10 10 5 7 6              |
 ├────────────────────┼─────────────┼──────────────────────────────────────────────────────────────────────────────────────────────────┤
 | 0x0000000000000001 | 2           | 25 25 23 2 6 4 2 5 6 4 8 5 2 5 6 5 8 8 5 3 3 0 3 4 1 4 5 0 4 4 1 4                               |
 ├────────────────────┼─────────────┼──────────────────────────────────────────────────────────────────────────────────────────────────┤
 | 0x0000000000000002 | 1           | 29 28 29 10 11 6 8 10 10 8 10 7 9 7 7 12 12 10 12 8 8 8 10 8 9 7 8 8 8 6 7 8                     |
 ├────────────────────┼─────────────┼──────────────────────────────────────────────────────────────────────────────────────────────────┤
 | 0x0000000000000003 | 2           | 19 5 11 19 15 3 5 4 3 5 4 2 5 3 1 5 4 2 5 2 2 5 3 2 5 3 2 4 2 1 4 2                              |
 ├────────────────────┼─────────────┼──────────────────────────────────────────────────────────────────────────────────────────────────┤
 | 0x0000000000000004 | 3           | 27 0 10 26 27 6 7 3 3 2 4 5 5 1 2 2 3 1 2 5 5 6 6 1 2 2 2 2 2 1 2 1                              |
 ├────────────────────┼─────────────┼──────────────────────────────────────────────────────────────────────────────────────────────────┤
 | 0x0000000000000005 | 6           | 21 0 6 6 9 21 19 2 5 5 2 5 5 2 4 4 1 4 4 0 4 4 1 4 4 1 3 3 0 3 3 0                               |
 ├────────────────────┼─────────────┼──────────────────────────────────────────────────────────────────────────────────────────────────┤
 | 0x0000000000000006 | 5           | 26 0 3 5 9 25 26 7 7 6 7 2 2 4 4 3 3 5 5 2 2 3 4 3 3 3 3 2 2 3 4 4                               |
 ├────────────────────┼─────────────┼──────────────────────────────────────────────────────────────────────────────────────────────────┤
 | 0x0000000000000007 | 6           | 22 7 3 4 7 3 10 22 17 4 7 3 4 7 3 4 7 3 4 7 3 4 7 3 4 7 3 4 7 3 4 7                              |
 ├────────────────────┼─────────────┼──────────────────────────────────────────────────────────────────────────────────────────────────┤
 | 0x0000000000000008 | 7           | 30 0 5 5 4 2 14 27 30 14 12 6 6 2 3 3 2 2 2 0 1 1 0 1 1 2 4 3 3 3 4 3                            |
 ├────────────────────┼─────────────┼──────────────────────────────────────────────────────────────────────────────────────────────────┤
 | 0x0000000000000009 | 8           | 23 10 4 14 10 4 14 10 6 23 17 5 15 10 4 14 9 4 14 9 4 14 9 4 14 9 4 14 9 4 14 9                  |
 ├────────────────────┼─────────────┼──────────────────────────────────────────────────────────────────────────────────────────────────┤
 | 0x000000000000000a | 9           | 18 0 1 1 2 0 3 4 8 17 18 4 4 2 3 3 3 2 1 1 1 1 1 1 0 0 0 1 2 1 1 1                               |
 ├────────────────────┼─────────────┼──────────────────────────────────────────────────────────────────────────────────────────────────┤
 | 0x000000000000000b | 10          | 26 2 16 13 2 16 13 2 16 13 7 26 23 4 17 13 2 16 13 2 16 13 2 16 13 2 16 13 2 16 13 2             |
 ├────────────────────┼─────────────┼──────────────────────────────────────────────────────────────────────────────────────────────────┤
 | 0x000000000000000c | 11          | 16 1 0 3 3 0 1 1 0 1 10 14 16 7 5 3 3 1 3 2 1 3 3 0 2 2 0 1 1 0 1 2                              |
 ├────────────────────┼─────────────┼──────────────────────────────────────────────────────────────────────────────────────────────────┤
 | 0x000000000000000d | 12          | 16 14 9 4 14 9 4 14 9 4 14 9 5 16 11 4 14 9 4 14 9 4 14 9 4 14 9 4 14 9 4 14                     |
 ├────────────────────┼─────────────┼──────────────────────────────────────────────────────────────────────────────────────────────────┤
 | 0x000000000000000e | 13          | 26 0 0 1 1 1 1 0 0 0 2 3 13 25 26 5 5 3 3 2 3 1 1 2 2 2 2 3 3 3 4 2                              |
 ├────────────────────┼─────────────┼──────────────────────────────────────────────────────────────────────────────────────────────────┤
 | 0x000000000000000f | 14          | 19 10 6 16 10 6 16 10 6 16 10 6 16 10 7 19 12 6 16 10 6 16 10 6 16 10 6 16 10 6 16 10            |
 ├────────────────────┼─────────────┼──────────────────────────────────────────────────────────────────────────────────────────────────┤
 | 0x0000000000000010 | 15          | 17 0 1 1 1 1 1 0 0 0 1 2 1 1 7 16 17 4 4 1 1 1 1 1 1 0 1 0 1 2 1 1                               |
 ├────────────────────┼─────────────┼──────────────────────────────────────────────────────────────────────────────────────────────────┤
 | 0x0000000000000011 | 16          | 25 7 22 16 7 23 16 7 23 16 7 23 16 7 23 16 8 25 18 7 23 16 7 22 16 7 22 16 7 22 16 7             |
 ├────────────────────┼─────────────┼──────────────────────────────────────────────────────────────────────────────────────────────────┤
 | 0x0000000000000012 | 17          | 24 2 2 5 5 0 3 2 0 2 5 4 6 3 4 7 15 21 24 6 4 3 3 1 3 2 0 3 2 1 4 2                              |
 ├────────────────────┼─────────────┼──────────────────────────────────────────────────────────────────────────────────────────────────┤
 | 0x0000000000000013 | 18          | 26 17 15 4 17 15 4 17 15 4 16 15 3 17 15 4 17 15 7 26 23 5 18 14 4 17 15 4 17 15 4 17            |
 ├────────────────────┼─────────────┼──────────────────────────────────────────────────────────────────────────────────────────────────┤
 | 0x0000000000000014 | 19          | 17 0 1 0 0 1 0 0 1 0 0 1 0 0 1 0 0 1 6 15 17 4 4 1 1 3 3 1 1 1 0 0                               |
 ├────────────────────┼─────────────┼──────────────────────────────────────────────────────────────────────────────────────────────────┤
 | 0x0000000000000015 | 22          | 27 6 4 8 6 5 8 6 5 7 6 5 7 6 4 8 6 5 8 6 20 27 24 4 8 19 18 8 5 5 8 6                            |
 ├────────────────────┼─────────────┼──────────────────────────────────────────────────────────────────────────────────────────────────┤
 | 0x0000000000000016 | 21          | 26 1 1 0 1 1 0 1 0 0 1 0 0 1 1 0 1 1 3 4 12 25 26 4 4 5 4 1 2 1 1 1                              |
 ├────────────────────┼─────────────┼──────────────────────────────────────────────────────────────────────────────────────────────────┤
 | 0x0000000000000017 | 22          | 28 15 26 16 16 26 16 16 25 16 16 26 17 13 26 17 15 26 17 15 26 16 16 28 18 16 24 17 16 26 17 15  |
 ├────────────────────┼─────────────┼──────────────────────────────────────────────────────────────────────────────────────────────────┤
 | 0x0000000000000018 | 23          | 24 2 1 2 2 1 2 2 1 2 2 1 2 2 1 2 2 1 5 4 4 3 11 22 24 7 8 5 5 3 5 4                              |
 ├────────────────────┼─────────────┼──────────────────────────────────────────────────────────────────────────────────────────────────┤
 | 0x0000000000000019 | 24          | 27 22 21 9 25 22 11 25 21 11 25 20 11 24 19 11 23 22 11 25 22 10 25 22 10 27 23 9 24 20 11 25    |
 ├────────────────────┼─────────────┼──────────────────────────────────────────────────────────────────────────────────────────────────┤
 | 0x000000000000001a | 25          | 25 0 3 3 1 3 3 0 3 3 0 3 3 0 3 3 0 3 6 6 8 3 4 8 12 22 25 8 6 5 5 1                              |
 ├────────────────────┼─────────────┼──────────────────────────────────────────────────────────────────────────────────────────────────┤
 | 0x000000000000001b | 26          | 30 20 15 28 19 13 29 19 16 29 20 16 29 20 16 28 19 15 26 20 15 28 20 16 29 20 17 30 20 15 28 17  |
 ├────────────────────┼─────────────┼──────────────────────────────────────────────────────────────────────────────────────────────────┤
 | 0x000000000000001c | 27          | 28 3 3 1 3 3 2 4 3 2 3 3 2 4 3 2 3 3 3 7 6 3 4 3 1 4 20 26 28 9 9 7                              |
 ├────────────────────┼─────────────┼──────────────────────────────────────────────────────────────────────────────────────────────────┤
 | 0x000000000000001d | 30          | 30 0 29 29 0 29 29 0 29 29 0 29 29 0 29 29 0 29 29 0 29 29 0 29 29 0 29 29 0 30 29 0             |
 ├────────────────────┼─────────────┼──────────────────────────────────────────────────────────────────────────────────────────────────┤
 | 0x000000000000001e | 31          | 23 12 6 14 12 6 15 12 5 15 12 6 15 10 6 15 11 6 15 13 8 14 12 6 15 12 6 17 16 13 23 14           |
 ├────────────────────┼─────────────┼──────────────────────────────────────────────────────────────────────────────────────────────────┤
 | 0x000000000000001f | 27          | 28 18 17 10 18 18 9 18 18 9 18 18 9 19 17 9 19 17 12 21 21 12 20 17 10 17 22 14 23 18 16 28      |
 └────────────────────┴─────────────┴──────────────────────────────────────────────────────────────────────────────────────────────────┘
Offset pattern table end
PC pattern table begin
 ┌────────────────────┬─────────────┬──────────────────────────────────────────────────┐
 | Key                | Second      | Pattern                                          |
 ├────────────────────┼─────────────┼──────────────────────────────────────────────────┤
 | 0x0000000000000000 | 15          | 21 0 0 0 0 0 0 21 21 0 0 0 0 0 0 0               |
 ├────────────────────┼─────────────┼──────────────────────────────────────────────────┤
 | 0x0000000000000003 | 14          | 21 20 19 19 19 19 20 20 19 19 19 19 19 19 19 19  |
 ├────────────────────┼─────────────┼──────────────────────────────────────────────────┤
 | 0x0000000000000008 | 3           | 25 5 6 6 7 5 4 4 3 3 3 4 3 3 3 2                 |
 ├────────────────────┼─────────────┼──────────────────────────────────────────────────┤
 | 0x000000000000000b | 8           | 20 0 0 0 1 1 0 2 2 4 8 6 3 4 3 2                 |
 ├────────────────────┼─────────────┼──────────────────────────────────────────────────┤
 | 0x000000000000000d | 16          | 1 1 1 1 1 1 1 1 1 0 0 0 0 0 0 0                  |
 ├────────────────────┼─────────────┼──────────────────────────────────────────────────┤
 | 0x000000000000000f | 2           | 25 1 1 1 2 2 2 3 3 2 17 17 17 16 0 0             |
 ├────────────────────┼─────────────┼──────────────────────────────────────────────────┤
 | 0x0000000000000010 | 31          | 18 2 0 3 7 5 2 5 4 0 0 0 0 1 1 1                 |
 ├────────────────────┼─────────────┼──────────────────────────────────────────────────┤
 | 0x0000000000000011 | 7           | 28 7 8 6 4 7 7 5 3 10 13 10 7 12 9 3             |
 ├────────────────────┼─────────────┼──────────────────────────────────────────────────┤
 | 0x0000000000000012 | 11          | 29 18 17 17 17 17 17 19 19 17 26 26 26 26 17 17  |
 ├────────────────────┼─────────────┼──────────────────────────────────────────────────┤
 | 0x0000000000000014 | 16          | 7 0 0 0 0 0 0 7 7 0 0 0 0 0 0 0                  |
 ├────────────────────┼─────────────┼──────────────────────────────────────────────────┤
 | 0x0000000000000017 | 30          | 17 16 16 16 16 16 16 16 16 16 16 16 16 16 16 16  |
 ├────────────────────┼─────────────┼──────────────────────────────────────────────────┤
 | 0x0000000000000019 | 26          | 25 4 3 1 2 5 4 1 2 5 6 5 3 3 2 1                 |
 ├────────────────────┼─────────────┼──────────────────────────────────────────────────┤
 | 0x000000000000001a | 15          | 1 0 0 0 0 0 0 1 1 0 0 0 0 0 0 0                  |
 ├────────────────────┼─────────────┼──────────────────────────────────────────────────┤
 | 0x000000000000001b | 2           | 18 17 17 17 17 17 17 17 17 17 17 17 17 17 17 17  |
 ├────────────────────┼─────────────┼──────────────────────────────────────────────────┤
 | 0x000000000000001c | 27          | 18 0 0 0 0 0 0 0 0 5 6 1 0 6 7 17                |
 ├────────────────────┼─────────────┼──────────────────────────────────────────────────┤
 | 0x000000000000001e | 9           | 21 20 19 18 17 17 15 13 13 12 10 8 6 5 3 2       |
 ├────────────────────┼─────────────┼──────────────────────────────────────────────────┤
 | 0x000000000000001f | 30          | 25 24 24 24 24 24 24 24 24 24 24 24 24 24 24 24  |
 └────────────────────┴─────────────┴──────────────────────────────────────────────────┘
PC pattern table end
Prefetch buffer begin
 ┌────────────────────┬──────────────────────────────────────────────────────────────────┐
 | Region             | Pattern                                                          |
 ├────────────────────┼──────────────────────────────────────────────────────────────────┤
 | 0x0000000000003f18 | 0 2 0 0 2 0 0 2 0 0 2 0 0 1 0 0 1 0 0 2 0 0 2 0 0 2 0 0 2 0 0 2  |
 ├────────────────────┼──────────────────────────────────────────────────────────────────┤
 | 0x0000000000006b1c | 2 2 2 2 2 2 2 2 2 2 2 2 2 2 2 2 2 2 2 0 0 2 2 2 2 2 2 2 2 2 2 2  |
 ├────────────────────┼──────────────────────────────────────────────────────────────────┤
 | 0x00000000000045b0 | 0 2 0 0 2 0 0 2 0 0 2 0 0 2 0 0 2 0 0 2 0 0 2 0 0 2 0 0 2 0 0 1  |
 ├────────────────────┼──────────────────────────────────────────────────────────────────┤
 | 0x0000000000003e6e | 1 0 0 1 0 0 1 0 0 1 0 0 1 0 0 1 0 0 1 0 0 1 0 0 1 0 0 1 0 0 1 0  |
 ├────────────────────┼──────────────────────────────────────────────────────────────────┤
 | 0x0000000000003e6b | 0 2 0 0 0 0 1 0 0 0 0 0 0 0 2 0 0 0 0 2 0 0 0 0 0 0 0 2 2 2 2 2  |
 ├────────────────────┼──────────────────────────────────────────────────────────────────┤
 | 0x0000000000008b90 | 2 2 2 2 2 2 2 2 2 2 2 2 2 2 2 2 2 2 2 2 0 0 0 2 2 2 2 2 2 2 0 0  |
 ├────────────────────┼──────────────────────────────────────────────────────────────────┤
 | 0x0000000000003e53 | 0 0 0 0 0 0 0 0 0 0 1 0 0 0 0 0 0 0 0 0 0 0 0 1 0 0 0 0 0 0 0 0  |
 ├────────────────────┼──────────────────────────────────────────────────────────────────┤
 | 0x0000000000003e6f | 0 2 0 0 2 0 0 2 0 0 2 0 0 2 0 0 2 0 0 2 0 0 2 0 0 2 0 0 2 0 0 1  |
 ├────────────────────┼──────────────────────────────────────────────────────────────────┤
 | 0x0000000000003ea9 | 0 0 0 1 0 0 0 0 0 0 0 2 0 0 0 0 1 0 0 0 0 0 0 0 1 0 0 0 0 1 0 0  |
 ├────────────────────┼──────────────────────────────────────────────────────────────────┤
 | 0x0000000000003e42 | 0 0 0 0 1 0 0 0 0 0 0 0 0 0 0 0 0 2 0 0 0 0 0 0 0 0 0 0 0 0 1 0  |
 ├────────────────────┼──────────────────────────────────────────────────────────────────┤
 | 0x0000000000003e6a | 0 0 0 0 0 0 0 1 0 0 0 0 1 0 0 0 0 0 0 0 2 0 0 0 0 1 0 0 0 0 0 0  |
 ├────────────────────┼──────────────────────────────────────────────────────────────────┤
 | 0x0000000000003f29 | 0 2 0 0 2 0 0 2 0 0 2 0 0 1 0 0 1 0 0 1 0 0 1 0 0 1 0 0 1 0 0 1  |
 ├────────────────────┼──────────────────────────────────────────────────────────────────┤
 | 0x0000000000003eb1 | 0 0 1 0 0 1 0 0 1 0 0 1 0 0 1 0 0 1 0 0 1 0 0 1 0 0 1 0 0 1 0 0  |
 ├────────────────────┼──────────────────────────────────────────────────────────────────┤
 | 0x0000000000003e6c | 0 0 0 0 0 0 1 0 0 0 0 2 0 0 0 0 0 0 0 1 0 0 0 0 1 0 0 0 0 0 0 0  |
 ├────────────────────┼──────────────────────────────────────────────────────────────────┤
 | 0x0000000000003e8d | 2 0 0 1 0 0 1 0 0 1 0 0 1 0 0 1 0 0 1 0 0 1 0 0 2 0 0 2 0 0 2 0  |
 ├────────────────────┼──────────────────────────────────────────────────────────────────┤
 | 0x0000000000003e77 | 0 0 1 0 0 1 0 0 1 0 0 1 0 0 1 0 0 1 0 0 1 0 0 1 0 0 1 0 0 1 0 0  |
 ├────────────────────┼──────────────────────────────────────────────────────────────────┤
 | 0x0000000000008b9d | 2 2 2 2 2 2 0 0 2 2 2 2 2 2 2 2 2 2 2 2 2 0 0 2 2 2 2 2 0 0 0 0  |
 ├────────────────────┼──────────────────────────────────────────────────────────────────┤
 | 0x0000000000003e6d | 2 0 0 0 0 1 0 0 0 0 0 0 0 1 0 0 0 0 2 0 0 0 0 0 0 0 1 0 0 0 0 1  |
 ├────────────────────┼──────────────────────────────────────────────────────────────────┤
 | 0x0000000000003e29 | 0 0 0 0 0 0 0 0 0 0 0 0 1 0 0 0 0 0 0 0 0 0 0 0 0 1 0 0 0 0 0 0  |
 ├────────────────────┼──────────────────────────────────────────────────────────────────┤
 | 0x0000000000008bf0 | 2 2 2 2 2 0 0 2 2 2 2 2 2 2 2 2 2 2 2 2 0 0 0 2 2 2 2 2 2 2 2 2  |
 ├────────────────────┼──────────────────────────────────────────────────────────────────┤
 | 0x0000000000003e68 | 0 0 1 0 0 2 0 0 2 0 0 2 0 0 2 0 0 2 0 0 2 0 0 2 0 0 2 0 0 2 0 0  |
 ├────────────────────┼──────────────────────────────────────────────────────────────────┤
 | 0x0000000000003e8c | 0 0 1 0 0 1 0 0 1 0 0 1 0 0 1 0 0 1 0 0 1 0 0 1 0 0 1 0 0 1 0 0  |
 ├────────────────────┼──────────────────────────────────────────────────────────────────┤
 | 0x0000000000008c0d | 2 2 2 2 2 2 2 2 2 2 2 1 2 2 2 2 2 2 2 2 2 0 0 2 2 2 2 2 2 2 2 2  |
 ├────────────────────┼──────────────────────────────────────────────────────────────────┤
 | 0x0000000000003eb0 | 0 2 0 0 1 0 0 2 0 0 2 0 0 2 0 0 2 0 0 2 0 0 2 0 0 2 0 0 2 0 0 2  |
 └────────────────────┴──────────────────────────────────────────────────────────────────┘
Prefetch buffer end
Filter by PPT: 0
cpu3_L2C
Num Con Filled: 0
Num Con Useful: 0 Useless:0 Accuracy: -nan
cpu2_L2C
Num Con Filled: 0
Num Con Useful: 0 Useless:0 Accuracy: -nan
cpu1_L2C
Num Con Filled: 0
Num Con Useful: 0 Useless:0 Accuracy: -nan
cpu0_L2C
Num Con Filled: 0
Num Con Useful: 0 Useless:0 Accuracy: -nan
LLC
