nohup: ignoring input
41 41 41
Available num physical pages: 35184372088576
WARNING: physical memory size is smaller than virtual memory size

*** ChampSim Multicore Out-of-Order Simulator ***

Warmup Instructions: 20000000
Simulation Instructions: 25000000
Number of CPUs: 4
Page size: 4096

Basic BTB sets: 1024 ways: 8 indirect buffer size: 4096 RAS size: 64
Basic BTB sets: 1024 ways: 8 indirect buffer size: 4096 RAS size: 64
Basic BTB sets: 1024 ways: 8 indirect buffer size: 4096 RAS size: 64
Basic BTB sets: 1024 ways: 8 indirect buffer size: 4096 RAS size: 64
cpu0_L1D PMP adaptive prefetcher
cpu1_L1D PMP adaptive prefetcher
cpu2_L1D PMP adaptive prefetcher
cpu3_L1D PMP adaptive prefetcher
Off-chip DRAM Size: 8 GiB Channels: 1 Width: 64-bit Data Rate: 3200 MT/s
Heartbeat CPU 3 instructions: 10000002 cycles: 2500125 heartbeat IPC: 3.99981 cumulative IPC: 3.99981 (Simulation time: 0 hr 1 min 23 sec) 
Heartbeat CPU 1 instructions: 10000001 cycles: 2500328 heartbeat IPC: 3.99948 cumulative IPC: 3.99948 (Simulation time: 0 hr 1 min 23 sec) 
Heartbeat CPU 0 instructions: 10000003 cycles: 2530940 heartbeat IPC: 3.95111 cumulative IPC: 3.95111 (Simulation time: 0 hr 1 min 24 sec) 
Heartbeat CPU 2 instructions: 10000001 cycles: 2685243 heartbeat IPC: 3.72406 cumulative IPC: 3.72406 (Simulation time: 0 hr 1 min 29 sec) 
Heartbeat CPU 3 instructions: 20000002 cycles: 5009244 heartbeat IPC: 3.98547 cumulative IPC: 3.99262 (Simulation time: 0 hr 2 min 44 sec) 
Max paddr 45M
Warmup finished CPU 3 instructions: 20000002 cycles: 5009245 cumulative IPC: 3.99262 (Simulation time: 0 hr 2 min 44 sec) 
Heartbeat CPU 1 instructions: 20000003 cycles: 5186985 heartbeat IPC: 3.7221 cumulative IPC: 3.85581 (Simulation time: 0 hr 2 min 50 sec) 
Max paddr 46M
Warmup finished CPU 1 instructions: 20000003 cycles: 5186986 cumulative IPC: 3.85581 (Simulation time: 0 hr 2 min 50 sec) 
Heartbeat CPU 0 instructions: 20000000 cycles: 5343836 heartbeat IPC: 3.55506 cumulative IPC: 3.74263 (Simulation time: 0 hr 2 min 56 sec) 
Max paddr 46M
Warmup finished CPU 0 instructions: 20000000 cycles: 5343837 cumulative IPC: 3.74263 (Simulation time: 0 hr 2 min 56 sec) 
Heartbeat CPU 2 instructions: 20000000 cycles: 6133422 heartbeat IPC: 2.90009 cumulative IPC: 3.26083 (Simulation time: 0 hr 3 min 22 sec) 
Max paddr 47M
Warmup finished CPU 2 instructions: 20000000 cycles: 6133423 cumulative IPC: 3.26083 (Simulation time: 0 hr 3 min 22 sec) 

Warmup complete CPU 0 instructions: 23049860 cycles: 6133423 (Simulation time: 0 hr 3 min 22 sec) 


Warmup complete CPU 1 instructions: 23743528 cycles: 6133423 (Simulation time: 0 hr 3 min 22 sec) 


Warmup complete CPU 2 instructions: 20000000 cycles: 6133423 (Simulation time: 0 hr 3 min 22 sec) 


Warmup complete CPU 3 instructions: 24496714 cycles: 6133423 (Simulation time: 0 hr 3 min 22 sec) 

Heartbeat CPU 1 instructions: 30000003 cycles: 8218327 heartbeat IPC: 3.29887 cumulative IPC: 3.00085 (Simulation time: 0 hr 4 min 4 sec) 
Heartbeat CPU 3 instructions: 30000001 cycles: 8651520 heartbeat IPC: 2.74554 cumulative IPC: 2.1855 (Simulation time: 0 hr 4 min 12 sec) 
Heartbeat CPU 1 instructions: 40000002 cycles: 11520728 heartbeat IPC: 3.0281 cumulative IPC: 3.01756 (Simulation time: 0 hr 5 min 9 sec) 
Heartbeat CPU 3 instructions: 40000000 cycles: 12734570 heartbeat IPC: 2.44915 cumulative IPC: 2.34858 (Simulation time: 0 hr 5 min 38 sec) 
Heartbeat CPU 0 instructions: 30000000 cycles: 14049338 heartbeat IPC: 1.1487 cumulative IPC: 0.877996 (Simulation time: 0 hr 6 min 8 sec) 
Max paddr 52M
Simulation finished CPU 1 instructions: 25000003 cycles: 8013663 cumulative IPC: 3.11968 (Simulation time: 0 hr 6 min 10 sec) 
Heartbeat CPU 1 instructions: 50000003 cycles: 14554277 heartbeat IPC: 3.29647 cumulative IPC: 3.11803 (Simulation time: 0 hr 6 min 19 sec) 
Max paddr 53M
Simulation finished CPU 3 instructions: 25000003 cycles: 10709177 cumulative IPC: 2.33445 (Simulation time: 0 hr 7 min 2 sec) 
Heartbeat CPU 3 instructions: 50000004 cycles: 17047971 heartbeat IPC: 2.31836 cumulative IPC: 2.33664 (Simulation time: 0 hr 7 min 6 sec) 
Heartbeat CPU 1 instructions: 60000002 cycles: 17873985 heartbeat IPC: 3.01232 cumulative IPC: 3.08814 (Simulation time: 0 hr 7 min 23 sec) 
Heartbeat CPU 3 instructions: 60000002 cycles: 20935916 heartbeat IPC: 2.57206 cumulative IPC: 2.39847 (Simulation time: 0 hr 8 min 34 sec) 
Heartbeat CPU 1 instructions: 70000001 cycles: 21174943 heartbeat IPC: 3.02943 cumulative IPC: 3.07526 (Simulation time: 0 hr 8 min 40 sec) 
Heartbeat CPU 1 instructions: 80000002 cycles: 24609705 heartbeat IPC: 2.91142 cumulative IPC: 3.0448 (Simulation time: 0 hr 9 min 48 sec) 
Heartbeat CPU 3 instructions: 70000003 cycles: 25241985 heartbeat IPC: 2.32231 cumulative IPC: 2.38131 (Simulation time: 0 hr 9 min 59 sec) 
Heartbeat CPU 1 instructions: 90000001 cycles: 28479727 heartbeat IPC: 2.58397 cumulative IPC: 2.96499 (Simulation time: 0 hr 11 min 4 sec) 
Heartbeat CPU 0 instructions: 40000003 cycles: 28628720 heartbeat IPC: 0.685901 cumulative IPC: 0.753498 (Simulation time: 0 hr 11 min 7 sec) 
Heartbeat CPU 3 instructions: 80000001 cycles: 29661304 heartbeat IPC: 2.2628 cumulative IPC: 2.35905 (Simulation time: 0 hr 11 min 28 sec) 
Heartbeat CPU 2 instructions: 30000004 cycles: 31672258 heartbeat IPC: 0.391561 cumulative IPC: 0.391561 (Simulation time: 0 hr 12 min 12 sec) 
Heartbeat CPU 1 instructions: 100000000 cycles: 31764218 heartbeat IPC: 3.04462 cumulative IPC: 2.97519 (Simulation time: 0 hr 12 min 14 sec) 
Heartbeat CPU 3 instructions: 90000000 cycles: 33447117 heartbeat IPC: 2.64145 cumulative IPC: 2.39819 (Simulation time: 0 hr 12 min 50 sec) 
Heartbeat CPU 1 instructions: 110000002 cycles: 34870901 heartbeat IPC: 3.21887 cumulative IPC: 3.00154 (Simulation time: 0 hr 13 min 22 sec) 
Max paddr 62M
Simulation finished CPU 0 instructions: 25000000 cycles: 29391674 cumulative IPC: 0.850582 (Simulation time: 0 hr 13 min 37 sec) 
Heartbeat CPU 3 instructions: 100000003 cycles: 37560214 heartbeat IPC: 2.43126 cumulative IPC: 2.40252 (Simulation time: 0 hr 14 min 17 sec) 
Heartbeat CPU 1 instructions: 120000003 cycles: 38120444 heartbeat IPC: 3.07736 cumulative IPC: 3.00924 (Simulation time: 0 hr 14 min 28 sec) 
Heartbeat CPU 1 instructions: 130000000 cycles: 41585350 heartbeat IPC: 2.88609 cumulative IPC: 2.9972 (Simulation time: 0 hr 15 min 34 sec) 
Heartbeat CPU 3 instructions: 110000002 cycles: 41716250 heartbeat IPC: 2.40614 cumulative IPC: 2.40294 (Simulation time: 0 hr 15 min 37 sec) 
Heartbeat CPU 1 instructions: 140000004 cycles: 44961137 heartbeat IPC: 2.96228 cumulative IPC: 2.99417 (Simulation time: 0 hr 16 min 47 sec) 
Heartbeat CPU 3 instructions: 120000001 cycles: 45936001 heartbeat IPC: 2.36981 cumulative IPC: 2.39943 (Simulation time: 0 hr 17 min 10 sec) 
Heartbeat CPU 1 instructions: 150000001 cycles: 48537929 heartbeat IPC: 2.79581 cumulative IPC: 2.97744 (Simulation time: 0 hr 18 min 10 sec) 
Heartbeat CPU 3 instructions: 130000003 cycles: 49988929 heartbeat IPC: 2.46736 cumulative IPC: 2.40571 (Simulation time: 0 hr 18 min 39 sec) 
Heartbeat CPU 1 instructions: 160000004 cycles: 52297844 heartbeat IPC: 2.65964 cumulative IPC: 2.95155 (Simulation time: 0 hr 19 min 27 sec) 
Heartbeat CPU 0 instructions: 50000000 cycles: 52712786 heartbeat IPC: 0.415213 cumulative IPC: 0.578586 (Simulation time: 0 hr 19 min 34 sec) 
Heartbeat CPU 3 instructions: 140000002 cycles: 54160521 heartbeat IPC: 2.39717 cumulative IPC: 2.40497 (Simulation time: 0 hr 20 min 1 sec) 
Heartbeat CPU 1 instructions: 170000004 cycles: 55930468 heartbeat IPC: 2.75284 cumulative IPC: 2.93706 (Simulation time: 0 hr 20 min 36 sec) 
Heartbeat CPU 3 instructions: 150000000 cycles: 58147838 heartbeat IPC: 2.50796 cumulative IPC: 2.41286 (Simulation time: 0 hr 21 min 23 sec) 
Heartbeat CPU 1 instructions: 180000002 cycles: 59231347 heartbeat IPC: 3.0295 cumulative IPC: 2.9428 (Simulation time: 0 hr 21 min 45 sec) 
Heartbeat CPU 2 instructions: 40000000 cycles: 60474366 heartbeat IPC: 0.347197 cumulative IPC: 0.368047 (Simulation time: 0 hr 22 min 11 sec) 
Heartbeat CPU 3 instructions: 160000000 cycles: 62155320 heartbeat IPC: 2.49534 cumulative IPC: 2.41876 (Simulation time: 0 hr 22 min 48 sec) 
Heartbeat CPU 1 instructions: 190000002 cycles: 62382504 heartbeat IPC: 3.17344 cumulative IPC: 2.95572 (Simulation time: 0 hr 22 min 54 sec) 
Heartbeat CPU 1 instructions: 200000003 cycles: 65614329 heartbeat IPC: 3.09423 cumulative IPC: 2.96325 (Simulation time: 0 hr 24 min 2 sec) 
Heartbeat CPU 3 instructions: 170000001 cycles: 66514743 heartbeat IPC: 2.29389 cumulative IPC: 2.40975 (Simulation time: 0 hr 24 min 17 sec) 
Heartbeat CPU 1 instructions: 210000000 cycles: 69208605 heartbeat IPC: 2.78221 cumulative IPC: 2.95293 (Simulation time: 0 hr 25 min 11 sec) 
Heartbeat CPU 3 instructions: 180000000 cycles: 71272486 heartbeat IPC: 2.10184 cumulative IPC: 2.38726 (Simulation time: 0 hr 25 min 54 sec) 
Heartbeat CPU 1 instructions: 220000000 cycles: 72646487 heartbeat IPC: 2.90877 cumulative IPC: 2.95065 (Simulation time: 0 hr 26 min 27 sec) 
Max paddr 69M
Simulation finished CPU 2 instructions: 25000002 cycles: 67644707 cumulative IPC: 0.369579 (Simulation time: 0 hr 26 min 53 sec) 

Simulation complete CPU 0 instructions: 34533099 cycles: 67644707 (Simulation time: 0 hr 26 min 53 sec) 


Simulation complete CPU 1 instructions: 199312289 cycles: 67644707 (Simulation time: 0 hr 26 min 53 sec) 


Simulation complete CPU 2 instructions: 25000002 cycles: 67644707 (Simulation time: 0 hr 26 min 53 sec) 


Simulation complete CPU 3 instructions: 162135468 cycles: 67644707 (Simulation time: 0 hr 26 min 53 sec) 


ChampSim completed all CPUs

[
  {
    "name": "Simulation",
    "traces": [
      "../../traces/429.mcf-217B.champsimtrace.xz",
      "../../traces/403.gcc-48B.champsimtrace.xz",
      "../../traces/450.soplex-247B.champsimtrace.xz",
      "../../traces/400.perlbench-50B.champsimtrace.xz"
    ],
    "roi": {
      "cores": [
        {
          "instructions": 25000000,
          "cycles": 29391674,
          "Avg ROB occupancy at mispredict": 79.3495, 
          "mispredict": {
            "BRANCH_DIRECT_JUMP": 0,
            "BRANCH_INDIRECT": 0,
            "BRANCH_CONDITIONAL": 63977,
            "BRANCH_DIRECT_CALL": 0,
            "BRANCH_INDIRECT_CALL": 0,
            "BRANCH_RETURN": 0
          }
        },
        {
          "instructions": 25000003,
          "cycles": 8013663,
          "Avg ROB occupancy at mispredict": 56.9791, 
          "mispredict": {
            "BRANCH_DIRECT_JUMP": 12,
            "BRANCH_INDIRECT": 0,
            "BRANCH_CONDITIONAL": 21753,
            "BRANCH_DIRECT_CALL": 96,
            "BRANCH_INDIRECT_CALL": 2,
            "BRANCH_RETURN": 95
          }
        },
        {
          "instructions": 25000002,
          "cycles": 67644707,
          "Avg ROB occupancy at mispredict": 13.3433, 
          "mispredict": {
            "BRANCH_DIRECT_JUMP": 19,
            "BRANCH_INDIRECT": 6,
            "BRANCH_CONDITIONAL": 860534,
            "BRANCH_DIRECT_CALL": 3,
            "BRANCH_INDIRECT_CALL": 17,
            "BRANCH_RETURN": 20
          }
        },
        {
          "instructions": 25000003,
          "cycles": 10709177,
          "Avg ROB occupancy at mispredict": 36.854, 
          "mispredict": {
            "BRANCH_DIRECT_JUMP": 51,
            "BRANCH_INDIRECT": 2903,
            "BRANCH_CONDITIONAL": 231457,
            "BRANCH_DIRECT_CALL": 21,
            "BRANCH_INDIRECT_CALL": 140,
            "BRANCH_RETURN": 51
          }
        }
      ],
      "cpu3_L1I": {
        "LOAD": {
          "hit":29378,
          "miss":3509
        },
        "RFO": {
          "hit":0,
          "miss":0
        },
        "PREFETCH": {
          "hit":0,
          "miss":0
        },
        "WRITE": {
          "hit":0,
          "miss":0
        },
        "TRANSLATION": {
          "hit":0,
          "miss":0
        },
        "mshr full": 0,
        "prefetch requested": 0,
        "prefetch issued": 0,
        "prefetch filled": 0,
        "prefetch useful": 0,
        "prefetch useless": 0,
        "prefetch late": 0,
        "pf_useful_at_l2_from_l1":          0,
        "pf_late_at_l2_from_l1":          0,
        "pf_useless_at_l2_from_l1":          0,
        "pf_at_l2_to_l1":          0,
        "pf_fill_this_level":          0,
        "miss latency": 9.83774,
        "cache queues": {
          "PQ_ACCESS": 0,
          "PQ_FULL": 0,
          "PQ_TO_CACHE": 0,
          "PQ_MERGED": 0,
          "RQ_ACCESS": 262815,
          "RQ_MERGED": 5451,
          "RQ_FULL": 0,
          "WQ_ACCESS": 0,
          "WQ_MERGED": 0,
          "WQ_FULL": 0
        }
      },
      "cpu3_ITLB": {
        "LOAD": {
          "hit":27598,
          "miss":5
        },
        "RFO": {
          "hit":0,
          "miss":0
        },
        "PREFETCH": {
          "hit":0,
          "miss":0
        },
        "WRITE": {
          "hit":0,
          "miss":0
        },
        "TRANSLATION": {
          "hit":0,
          "miss":0
        },
        "mshr full": 0,
        "prefetch requested": 0,
        "prefetch issued": 0,
        "prefetch filled": 0,
        "prefetch useful": 0,
        "prefetch useless": 0,
        "prefetch late": 0,
        "pf_useful_at_l2_from_l1":          0,
        "pf_late_at_l2_from_l1":          0,
        "pf_useless_at_l2_from_l1":          0,
        "pf_at_l2_to_l1":          0,
        "pf_fill_this_level":          0,
        "miss latency": 12.5376,
        "cache queues": {
          "PQ_ACCESS": 0,
          "PQ_FULL": 0,
          "PQ_TO_CACHE": 0,
          "PQ_MERGED": 0,
          "RQ_ACCESS": 219858,
          "RQ_MERGED": 0,
          "RQ_FULL": 0,
          "WQ_ACCESS": 0,
          "WQ_MERGED": 0,
          "WQ_FULL": 0
        }
      },
      "cpu3_DTLB": {
        "LOAD": {
          "hit":7157495,
          "miss":4977
        },
        "RFO": {
          "hit":0,
          "miss":0
        },
        "PREFETCH": {
          "hit":0,
          "miss":0
        },
        "WRITE": {
          "hit":0,
          "miss":0
        },
        "TRANSLATION": {
          "hit":0,
          "miss":0
        },
        "mshr full": 0,
        "prefetch requested": 0,
        "prefetch issued": 0,
        "prefetch filled": 0,
        "prefetch useful": 0,
        "prefetch useless": 0,
        "prefetch late": 0,
        "pf_useful_at_l2_from_l1":          0,
        "pf_late_at_l2_from_l1":          0,
        "pf_useless_at_l2_from_l1":          0,
        "pf_at_l2_to_l1":          0,
        "pf_fill_this_level":          0,
        "miss latency": 11.0561,
        "cache queues": {
          "PQ_ACCESS": 0,
          "PQ_FULL": 0,
          "PQ_TO_CACHE": 0,
          "PQ_MERGED": 0,
          "RQ_ACCESS": 48179555,
          "RQ_MERGED": 0,
          "RQ_FULL": 9987,
          "WQ_ACCESS": 0,
          "WQ_MERGED": 0,
          "WQ_FULL": 0
        }
      },
      "cpu2_L1I": {
        "LOAD": {
          "hit":1590,
          "miss":131
        },
        "RFO": {
          "hit":0,
          "miss":0
        },
        "PREFETCH": {
          "hit":0,
          "miss":0
        },
        "WRITE": {
          "hit":0,
          "miss":0
        },
        "TRANSLATION": {
          "hit":0,
          "miss":0
        },
        "mshr full": 0,
        "prefetch requested": 0,
        "prefetch issued": 0,
        "prefetch filled": 0,
        "prefetch useful": 0,
        "prefetch useless": 0,
        "prefetch late": 0,
        "pf_useful_at_l2_from_l1":          0,
        "pf_late_at_l2_from_l1":          0,
        "pf_useless_at_l2_from_l1":          0,
        "pf_at_l2_to_l1":          0,
        "pf_fill_this_level":          0,
        "miss latency": 31.5125,
        "cache queues": {
          "PQ_ACCESS": 0,
          "PQ_FULL": 0,
          "PQ_TO_CACHE": 0,
          "PQ_MERGED": 0,
          "RQ_ACCESS": 1730,
          "RQ_MERGED": 9,
          "RQ_FULL": 0,
          "WQ_ACCESS": 0,
          "WQ_MERGED": 0,
          "WQ_FULL": 0
        }
      },
      "cpu2_ITLB": {
        "LOAD": {
          "hit":1696,
          "miss":0
        },
        "RFO": {
          "hit":0,
          "miss":0
        },
        "PREFETCH": {
          "hit":0,
          "miss":0
        },
        "WRITE": {
          "hit":0,
          "miss":0
        },
        "TRANSLATION": {
          "hit":0,
          "miss":0
        },
        "mshr full": 0,
        "prefetch requested": 0,
        "prefetch issued": 0,
        "prefetch filled": 0,
        "prefetch useful": 0,
        "prefetch useless": 0,
        "prefetch late": 0,
        "pf_useful_at_l2_from_l1":          0,
        "pf_late_at_l2_from_l1":          0,
        "pf_useless_at_l2_from_l1":          0,
        "pf_at_l2_to_l1":          0,
        "pf_fill_this_level":          0,
        "miss latency": null,
        "cache queues": {
          "PQ_ACCESS": 0,
          "PQ_FULL": 0,
          "PQ_TO_CACHE": 0,
          "PQ_MERGED": 0,
          "RQ_ACCESS": 1696,
          "RQ_MERGED": 0,
          "RQ_FULL": 0,
          "WQ_ACCESS": 0,
          "WQ_MERGED": 0,
          "WQ_FULL": 0
        }
      },
      "cpu2_DTLB": {
        "LOAD": {
          "hit":8420479,
          "miss":384452
        },
        "RFO": {
          "hit":0,
          "miss":0
        },
        "PREFETCH": {
          "hit":0,
          "miss":0
        },
        "WRITE": {
          "hit":0,
          "miss":0
        },
        "TRANSLATION": {
          "hit":0,
          "miss":0
        },
        "mshr full": 18499,
        "prefetch requested": 0,
        "prefetch issued": 0,
        "prefetch filled": 0,
        "prefetch useful": 0,
        "prefetch useless": 0,
        "prefetch late": 0,
        "pf_useful_at_l2_from_l1":          0,
        "pf_late_at_l2_from_l1":          0,
        "pf_useless_at_l2_from_l1":          0,
        "pf_at_l2_to_l1":          0,
        "pf_fill_this_level":          0,
        "miss latency": 0.993716,
        "cache queues": {
          "PQ_ACCESS": 0,
          "PQ_FULL": 0,
          "PQ_TO_CACHE": 0,
          "PQ_MERGED": 0,
          "RQ_ACCESS": 9305418,
          "RQ_MERGED": 0,
          "RQ_FULL": 500488,
          "WQ_ACCESS": 0,
          "WQ_MERGED": 0,
          "WQ_FULL": 0
        }
      },
      "cpu1_L1I": {
        "LOAD": {
          "hit":1657,
          "miss":0
        },
        "RFO": {
          "hit":0,
          "miss":0
        },
        "PREFETCH": {
          "hit":0,
          "miss":0
        },
        "WRITE": {
          "hit":0,
          "miss":0
        },
        "TRANSLATION": {
          "hit":0,
          "miss":0
        },
        "mshr full": 0,
        "prefetch requested": 0,
        "prefetch issued": 0,
        "prefetch filled": 0,
        "prefetch useful": 0,
        "prefetch useless": 0,
        "prefetch late": 0,
        "pf_useful_at_l2_from_l1":          0,
        "pf_late_at_l2_from_l1":          0,
        "pf_useless_at_l2_from_l1":          0,
        "pf_at_l2_to_l1":          0,
        "pf_fill_this_level":          0,
        "miss latency": null,
        "cache queues": {
          "PQ_ACCESS": 0,
          "PQ_FULL": 0,
          "PQ_TO_CACHE": 0,
          "PQ_MERGED": 0,
          "RQ_ACCESS": 15747,
          "RQ_MERGED": 18,
          "RQ_FULL": 0,
          "WQ_ACCESS": 0,
          "WQ_MERGED": 0,
          "WQ_FULL": 0
        }
      },
      "cpu1_ITLB": {
        "LOAD": {
          "hit":1628,
          "miss":0
        },
        "RFO": {
          "hit":0,
          "miss":0
        },
        "PREFETCH": {
          "hit":0,
          "miss":0
        },
        "WRITE": {
          "hit":0,
          "miss":0
        },
        "TRANSLATION": {
          "hit":0,
          "miss":0
        },
        "mshr full": 0,
        "prefetch requested": 0,
        "prefetch issued": 0,
        "prefetch filled": 0,
        "prefetch useful": 0,
        "prefetch useless": 0,
        "prefetch late": 0,
        "pf_useful_at_l2_from_l1":          0,
        "pf_late_at_l2_from_l1":          0,
        "pf_useless_at_l2_from_l1":          0,
        "pf_at_l2_to_l1":          0,
        "pf_fill_this_level":          0,
        "miss latency": null,
        "cache queues": {
          "PQ_ACCESS": 0,
          "PQ_FULL": 0,
          "PQ_TO_CACHE": 0,
          "PQ_MERGED": 0,
          "RQ_ACCESS": 15485,
          "RQ_MERGED": 0,
          "RQ_FULL": 0,
          "WQ_ACCESS": 0,
          "WQ_MERGED": 0,
          "WQ_FULL": 0
        }
      },
      "cpu1_DTLB": {
        "LOAD": {
          "hit":7899372,
          "miss":6221
        },
        "RFO": {
          "hit":0,
          "miss":0
        },
        "PREFETCH": {
          "hit":0,
          "miss":0
        },
        "WRITE": {
          "hit":0,
          "miss":0
        },
        "TRANSLATION": {
          "hit":0,
          "miss":0
        },
        "mshr full": 0,
        "prefetch requested": 0,
        "prefetch issued": 0,
        "prefetch filled": 0,
        "prefetch useful": 0,
        "prefetch useless": 0,
        "prefetch late": 0,
        "pf_useful_at_l2_from_l1":          0,
        "pf_late_at_l2_from_l1":          0,
        "pf_useless_at_l2_from_l1":          0,
        "pf_at_l2_to_l1":          0,
        "pf_fill_this_level":          0,
        "miss latency": 35.3765,
        "cache queues": {
          "PQ_ACCESS": 0,
          "PQ_FULL": 0,
          "PQ_TO_CACHE": 0,
          "PQ_MERGED": 0,
          "RQ_ACCESS": 62977953,
          "RQ_MERGED": 0,
          "RQ_FULL": 1,
          "WQ_ACCESS": 0,
          "WQ_MERGED": 0,
          "WQ_FULL": 0
        }
      },
      "cpu0_L1I": {
        "LOAD": {
          "hit":0,
          "miss":0
        },
        "RFO": {
          "hit":0,
          "miss":0
        },
        "PREFETCH": {
          "hit":0,
          "miss":0
        },
        "WRITE": {
          "hit":0,
          "miss":0
        },
        "TRANSLATION": {
          "hit":0,
          "miss":0
        },
        "mshr full": 0,
        "prefetch requested": 0,
        "prefetch issued": 0,
        "prefetch filled": 0,
        "prefetch useful": 0,
        "prefetch useless": 0,
        "prefetch late": 0,
        "pf_useful_at_l2_from_l1":          0,
        "pf_late_at_l2_from_l1":          0,
        "pf_useless_at_l2_from_l1":          0,
        "pf_at_l2_to_l1":          0,
        "pf_fill_this_level":          0,
        "miss latency": null,
        "cache queues": {
          "PQ_ACCESS": 0,
          "PQ_FULL": 0,
          "PQ_TO_CACHE": 0,
          "PQ_MERGED": 0,
          "RQ_ACCESS": 0,
          "RQ_MERGED": 0,
          "RQ_FULL": 0,
          "WQ_ACCESS": 0,
          "WQ_MERGED": 0,
          "WQ_FULL": 0
        }
      },
      "cpu0_ITLB": {
        "LOAD": {
          "hit":0,
          "miss":0
        },
        "RFO": {
          "hit":0,
          "miss":0
        },
        "PREFETCH": {
          "hit":0,
          "miss":0
        },
        "WRITE": {
          "hit":0,
          "miss":0
        },
        "TRANSLATION": {
          "hit":0,
          "miss":0
        },
        "mshr full": 0,
        "prefetch requested": 0,
        "prefetch issued": 0,
        "prefetch filled": 0,
        "prefetch useful": 0,
        "prefetch useless": 0,
        "prefetch late": 0,
        "pf_useful_at_l2_from_l1":          0,
        "pf_late_at_l2_from_l1":          0,
        "pf_useless_at_l2_from_l1":          0,
        "pf_at_l2_to_l1":          0,
        "pf_fill_this_level":          0,
        "miss latency": null,
        "cache queues": {
          "PQ_ACCESS": 0,
          "PQ_FULL": 0,
          "PQ_TO_CACHE": 0,
          "PQ_MERGED": 0,
          "RQ_ACCESS": 0,
          "RQ_MERGED": 0,
          "RQ_FULL": 0,
          "WQ_ACCESS": 0,
          "WQ_MERGED": 0,
          "WQ_FULL": 0
        }
      },
      "cpu0_DTLB": {
        "LOAD": {
          "hit":10456403,
          "miss":226228
        },
        "RFO": {
          "hit":0,
          "miss":0
        },
        "PREFETCH": {
          "hit":0,
          "miss":0
        },
        "WRITE": {
          "hit":0,
          "miss":0
        },
        "TRANSLATION": {
          "hit":0,
          "miss":0
        },
        "mshr full": 0,
        "prefetch requested": 0,
        "prefetch issued": 0,
        "prefetch filled": 0,
        "prefetch useful": 0,
        "prefetch useless": 0,
        "prefetch late": 0,
        "pf_useful_at_l2_from_l1":          0,
        "pf_late_at_l2_from_l1":          0,
        "pf_useless_at_l2_from_l1":          0,
        "pf_at_l2_to_l1":          0,
        "pf_fill_this_level":          0,
        "miss latency": 0.777805,
        "cache queues": {
          "PQ_ACCESS": 0,
          "PQ_FULL": 0,
          "PQ_TO_CACHE": 0,
          "PQ_MERGED": 0,
          "RQ_ACCESS": 15149282,
          "RQ_MERGED": 0,
          "RQ_FULL": 248295,
          "WQ_ACCESS": 0,
          "WQ_MERGED": 0,
          "WQ_FULL": 0
        }
      },
      "cpu3_STLB": {
        "LOAD": {
          "hit":2162,
          "miss":253
        },
        "RFO": {
          "hit":0,
          "miss":0
        },
        "PREFETCH": {
          "hit":0,
          "miss":0
        },
        "WRITE": {
          "hit":0,
          "miss":0
        },
        "TRANSLATION": {
          "hit":0,
          "miss":0
        },
        "mshr full": 0,
        "prefetch requested": 0,
        "prefetch issued": 0,
        "prefetch filled": 0,
        "prefetch useful": 0,
        "prefetch useless": 0,
        "prefetch late": 0,
        "pf_useful_at_l2_from_l1":          0,
        "pf_late_at_l2_from_l1":          0,
        "pf_useless_at_l2_from_l1":          0,
        "pf_at_l2_to_l1":          0,
        "pf_fill_this_level":          0,
        "miss latency": 197.411,
        "cache queues": {
          "PQ_ACCESS": 0,
          "PQ_FULL": 0,
          "PQ_TO_CACHE": 0,
          "PQ_MERGED": 0,
          "RQ_ACCESS": 10951,
          "RQ_MERGED": 0,
          "RQ_FULL": 0,
          "WQ_ACCESS": 0,
          "WQ_MERGED": 0,
          "WQ_FULL": 0
        }
      },
      "cpu2_STLB": {
        "LOAD": {
          "hit":119570,
          "miss":21508
        },
        "RFO": {
          "hit":0,
          "miss":0
        },
        "PREFETCH": {
          "hit":0,
          "miss":0
        },
        "WRITE": {
          "hit":0,
          "miss":0
        },
        "TRANSLATION": {
          "hit":0,
          "miss":0
        },
        "mshr full": 0,
        "prefetch requested": 0,
        "prefetch issued": 0,
        "prefetch filled": 0,
        "prefetch useful": 0,
        "prefetch useless": 0,
        "prefetch late": 0,
        "pf_useful_at_l2_from_l1":          0,
        "pf_late_at_l2_from_l1":          0,
        "pf_useless_at_l2_from_l1":          0,
        "pf_at_l2_to_l1":          0,
        "pf_fill_this_level":          0,
        "miss latency": 14.493,
        "cache queues": {
          "PQ_ACCESS": 0,
          "PQ_FULL": 0,
          "PQ_TO_CACHE": 0,
          "PQ_MERGED": 0,
          "RQ_ACCESS": 141078,
          "RQ_MERGED": 0,
          "RQ_FULL": 0,
          "WQ_ACCESS": 0,
          "WQ_MERGED": 0,
          "WQ_FULL": 0
        }
      },
      "cpu1_STLB": {
        "LOAD": {
          "hit":3834,
          "miss":526
        },
        "RFO": {
          "hit":0,
          "miss":0
        },
        "PREFETCH": {
          "hit":0,
          "miss":0
        },
        "WRITE": {
          "hit":0,
          "miss":0
        },
        "TRANSLATION": {
          "hit":0,
          "miss":0
        },
        "mshr full": 0,
        "prefetch requested": 0,
        "prefetch issued": 0,
        "prefetch filled": 0,
        "prefetch useful": 0,
        "prefetch useless": 0,
        "prefetch late": 0,
        "pf_useful_at_l2_from_l1":          0,
        "pf_late_at_l2_from_l1":          0,
        "pf_useless_at_l2_from_l1":          0,
        "pf_at_l2_to_l1":          0,
        "pf_fill_this_level":          0,
        "miss latency": 379.434,
        "cache queues": {
          "PQ_ACCESS": 0,
          "PQ_FULL": 0,
          "PQ_TO_CACHE": 0,
          "PQ_MERGED": 0,
          "RQ_ACCESS": 40340,
          "RQ_MERGED": 0,
          "RQ_FULL": 0,
          "WQ_ACCESS": 0,
          "WQ_MERGED": 0,
          "WQ_FULL": 0
        }
      },
      "cpu0_STLB": {
        "LOAD": {
          "hit":24452,
          "miss":16093
        },
        "RFO": {
          "hit":0,
          "miss":0
        },
        "PREFETCH": {
          "hit":0,
          "miss":0
        },
        "WRITE": {
          "hit":0,
          "miss":0
        },
        "TRANSLATION": {
          "hit":0,
          "miss":0
        },
        "mshr full": 0,
        "prefetch requested": 0,
        "prefetch issued": 0,
        "prefetch filled": 0,
        "prefetch useful": 0,
        "prefetch useless": 0,
        "prefetch late": 0,
        "pf_useful_at_l2_from_l1":          0,
        "pf_late_at_l2_from_l1":          0,
        "pf_useless_at_l2_from_l1":          0,
        "pf_at_l2_to_l1":          0,
        "pf_fill_this_level":          0,
        "miss latency": 8.64832,
        "cache queues": {
          "PQ_ACCESS": 0,
          "PQ_FULL": 0,
          "PQ_TO_CACHE": 0,
          "PQ_MERGED": 0,
          "RQ_ACCESS": 71887,
          "RQ_MERGED": 0,
          "RQ_FULL": 0,
          "WQ_ACCESS": 0,
          "WQ_MERGED": 0,
          "WQ_FULL": 0
        }
      },
      "cpu3_L1D": {
        "LOAD": {
          "hit":4895945,
          "miss":5877
        },
        "RFO": {
          "hit":0,
          "miss":0
        },
        "PREFETCH": {
          "hit":8167,
          "miss":21408
        },
        "WRITE": {
          "hit":3220963,
          "miss":607
        },
        "TRANSLATION": {
          "hit":15,
          "miss":239
        },
        "mshr full": 0,
        "prefetch requested": 134655,
        "prefetch issued": 134655,
        "prefetch filled": 579,
        "prefetch useful": 258,
        "prefetch useless": 399,
        "prefetch late": 24,
        "pf_useful_at_l2_from_l1":          0,
        "pf_late_at_l2_from_l1":          0,
        "pf_useless_at_l2_from_l1":          0,
        "pf_at_l2_to_l1":          0,
        "pf_fill_this_level":        579,
        "miss latency": 38.4943,
        "cache queues": {
          "PQ_ACCESS": 134655,
          "PQ_FULL": 0,
          "PQ_TO_CACHE": 134655,
          "PQ_MERGED": 0,
          "RQ_ACCESS": 36953426,
          "RQ_MERGED": 4247694,
          "RQ_FULL": 0,
          "WQ_ACCESS": 22439914,
          "WQ_MERGED": 518261,
          "WQ_FULL": 0
        }
      },
      "cpu2_L1D": {
        "LOAD": {
          "hit":5301848,
          "miss":2073651
        },
        "RFO": {
          "hit":0,
          "miss":0
        },
        "PREFETCH": {
          "hit":102984,
          "miss":1281136
        },
        "WRITE": {
          "hit":951691,
          "miss":537710
        },
        "TRANSLATION": {
          "hit":7435,
          "miss":13865
        },
        "mshr full": 15394509,
        "prefetch requested": 1384224,
        "prefetch issued": 1384224,
        "prefetch filled": 85627,
        "prefetch useful": 85908,
        "prefetch useless": 1456,
        "prefetch late": 1724,
        "pf_useful_at_l2_from_l1":          0,
        "pf_late_at_l2_from_l1":          0,
        "pf_useless_at_l2_from_l1":          0,
        "pf_at_l2_to_l1":          0,
        "pf_fill_this_level":      85627,
        "miss latency": 9.61193,
        "cache queues": {
          "PQ_ACCESS": 1384224,
          "PQ_FULL": 0,
          "PQ_TO_CACHE": 1384224,
          "PQ_MERGED": 104,
          "RQ_ACCESS": 160269075,
          "RQ_MERGED": 81058,
          "RQ_FULL": 152812486,
          "WQ_ACCESS": 3317060,
          "WQ_MERGED": 27,
          "WQ_FULL": 1827632
        }
      },
      "cpu1_L1D": {
        "LOAD": {
          "hit":3696834,
          "miss":21295
        },
        "RFO": {
          "hit":0,
          "miss":0
        },
        "PREFETCH": {
          "hit":492089,
          "miss":872327
        },
        "WRITE": {
          "hit":4512334,
          "miss":3858
        },
        "TRANSLATION": {
          "hit":22,
          "miss":504
        },
        "mshr full": 0,
        "prefetch requested": 10816476,
        "prefetch issued": 10816476,
        "prefetch filled": 1032,
        "prefetch useful": 270,
        "prefetch useless": 844,
        "prefetch late": 18,
        "pf_useful_at_l2_from_l1":          0,
        "pf_late_at_l2_from_l1":          0,
        "pf_useless_at_l2_from_l1":          0,
        "pf_at_l2_to_l1":          0,
        "pf_fill_this_level":       1032,
        "miss latency": 6.58658,
        "cache queues": {
          "PQ_ACCESS": 10816476,
          "PQ_FULL": 0,
          "PQ_TO_CACHE": 10816476,
          "PQ_MERGED": 4,
          "RQ_ACCESS": 29874883,
          "RQ_MERGED": 270442,
          "RQ_FULL": 0,
          "WQ_ACCESS": 36239626,
          "WQ_MERGED": 235019,
          "WQ_FULL": 0
        }
      },
      "cpu0_L1D": {
        "LOAD": {
          "hit":4952642,
          "miss":1097125
        },
        "RFO": {
          "hit":0,
          "miss":0
        },
        "PREFETCH": {
          "hit":36885,
          "miss":398850
        },
        "WRITE": {
          "hit":5370682,
          "miss":1537
        },
        "TRANSLATION": {
          "hit":11966,
          "miss":4133
        },
        "mshr full": 47991595,
        "prefetch requested": 671956,
        "prefetch issued": 671956,
        "prefetch filled": 54745,
        "prefetch useful": 65085,
        "prefetch useless": 5451,
        "prefetch late": 15675,
        "pf_useful_at_l2_from_l1":          0,
        "pf_late_at_l2_from_l1":          0,
        "pf_useless_at_l2_from_l1":          0,
        "pf_at_l2_to_l1":          0,
        "pf_fill_this_level":      54745,
        "miss latency": 36.1223,
        "cache queues": {
          "PQ_ACCESS": 671956,
          "PQ_FULL": 0,
          "PQ_TO_CACHE": 671956,
          "PQ_MERGED": 0,
          "RQ_ACCESS": 1009386421,
          "RQ_MERGED": 929458,
          "RQ_FULL": 999426851,
          "WQ_ACCESS": 7166748,
          "WQ_MERGED": 303631,
          "WQ_FULL": 0
        }
      },
      "cpu3_L2C": {
        "LOAD": {
          "hit":4189,
          "miss":1200
        },
        "RFO": {
          "hit":91,
          "miss":73
        },
        "PREFETCH": {
          "hit":13943,
          "miss":7290
        },
        "WRITE": {
          "hit":195,
          "miss":0
        },
        "TRANSLATION": {
          "hit":100,
          "miss":139
        },
        "mshr full": 238869,
        "prefetch requested": 0,
        "prefetch issued": 0,
        "prefetch filled": 29548,
        "prefetch useful": 0,
        "prefetch useless": 0,
        "prefetch late": 0,
        "pf_useful_at_l2_from_l1":       9231,
        "pf_late_at_l2_from_l1":        914,
        "pf_useless_at_l2_from_l1":      18333,
        "pf_at_l2_to_l1":         58,
        "pf_fill_this_level":      29279,
        "miss latency": 932.717,
        "cache queues": {
          "PQ_ACCESS": 128751,
          "PQ_FULL": 32931,
          "PQ_TO_CACHE": 95820,
          "PQ_MERGED": 0,
          "RQ_ACCESS": 26633,
          "RQ_MERGED": 0,
          "RQ_FULL": 0,
          "WQ_ACCESS": 862,
          "WQ_MERGED": 0,
          "WQ_FULL": 0
        }
      },
      "cpu2_L2C": {
        "LOAD": {
          "hit":519788,
          "miss":516691
        },
        "RFO": {
          "hit":16676,
          "miss":120204
        },
        "PREFETCH": {
          "hit":393005,
          "miss":850178
        },
        "WRITE": {
          "hit":505279,
          "miss":0
        },
        "TRANSLATION": {
          "hit":5209,
          "miss":8656
        },
        "mshr full": 2701695,
        "prefetch requested": 0,
        "prefetch issued": 0,
        "prefetch filled": 801997,
        "prefetch useful": 0,
        "prefetch useless": 0,
        "prefetch late": 0,
        "pf_useful_at_l2_from_l1":     368506,
        "pf_late_at_l2_from_l1":      42591,
        "pf_useless_at_l2_from_l1":     391733,
        "pf_at_l2_to_l1":        662,
        "pf_fill_this_level":     717160,
        "miss latency": 62.5129,
        "cache queues": {
          "PQ_ACCESS": 1558292,
          "PQ_FULL": 315014,
          "PQ_TO_CACHE": 1243278,
          "PQ_MERGED": 74,
          "RQ_ACCESS": 1187343,
          "RQ_MERGED": 0,
          "RQ_FULL": 0,
          "WQ_ACCESS": 505331,
          "WQ_MERGED": 0,
          "WQ_FULL": 0
        }
      },
      "cpu1_L2C": {
        "LOAD": {
          "hit":14444,
          "miss":1753
        },
        "RFO": {
          "hit":155,
          "miss":606
        },
        "PREFETCH": {
          "hit":857763,
          "miss":13982
        },
        "WRITE": {
          "hit":1767,
          "miss":0
        },
        "TRANSLATION": {
          "hit":162,
          "miss":342
        },
        "mshr full": 108783,
        "prefetch requested": 0,
        "prefetch issued": 0,
        "prefetch filled": 120008,
        "prefetch useful": 0,
        "prefetch useless": 0,
        "prefetch late": 0,
        "pf_useful_at_l2_from_l1":      30815,
        "pf_late_at_l2_from_l1":       2286,
        "pf_useless_at_l2_from_l1":      90009,
        "pf_at_l2_to_l1":        550,
        "pf_fill_this_level":     119679,
        "miss latency": 1728.11,
        "cache queues": {
          "PQ_ACCESS": 7047936,
          "PQ_FULL": 11721,
          "PQ_TO_CACHE": 7036215,
          "PQ_MERGED": 24,
          "RQ_ACCESS": 143953,
          "RQ_MERGED": 0,
          "RQ_FULL": 0,
          "WQ_ACCESS": 15367,
          "WQ_MERGED": 0,
          "WQ_FULL": 0
        }
      },
      "cpu0_L2C": {
        "LOAD": {
          "hit":149783,
          "miss":684126
        },
        "RFO": {
          "hit":450,
          "miss":17
        },
        "PREFETCH": {
          "hit":67306,
          "miss":293140
        },
        "WRITE": {
          "hit":15352,
          "miss":0
        },
        "TRANSLATION": {
          "hit":2609,
          "miss":1524
        },
        "mshr full": 192249,
        "prefetch requested": 0,
        "prefetch issued": 0,
        "prefetch filled": 423008,
        "prefetch useful": 0,
        "prefetch useless": 0,
        "prefetch late": 0,
        "pf_useful_at_l2_from_l1":     220086,
        "pf_late_at_l2_from_l1":      20537,
        "pf_useless_at_l2_from_l1":     154599,
        "pf_at_l2_to_l1":         95,
        "pf_fill_this_level":     353379,
        "miss latency": 70.9156,
        "cache queues": {
          "PQ_ACCESS": 553263,
          "PQ_FULL": 8999,
          "PQ_TO_CACHE": 544264,
          "PQ_MERGED": 7,
          "RQ_ACCESS": 1766986,
          "RQ_MERGED": 0,
          "RQ_FULL": 0,
          "WQ_ACCESS": 24468,
          "WQ_MERGED": 0,
          "WQ_FULL": 0
        }
      },
      "LLC": {
        "LOAD": {
          "hit": [423881, 19, 177687, 0],
          "miss": [249970, 1484, 296422, 1019]
        },
        "RFO": {
          "hit": [11, 0, 64676, 1],
          "miss": [6, 596, 55520, 70]
        },
        "PREFETCH": {
          "hit": [57492, 154, 251133, 2],
          "miss": [234856, 13826, 593451, 7280]
        },
        "WRITE": {
          "hit": [9597, 592, 374252, 3],
          "miss": [0, 0, 0, 0]
        },
        "TRANSLATION": {
          "hit": [875, 20, 4167, 0],
          "miss": [649, 322, 4489, 139]
        },
        "mshr full": 0,
        "prefetch requested": 0,
        "prefetch issued": 0,
        "prefetch filled": 1093403,
        "prefetch useful": 0,
        "prefetch useless": 0,
        "prefetch late": 0,
        "pf_useful_at_l2_from_l1":          0,
        "pf_late_at_l2_from_l1":          0,
        "pf_useless_at_l2_from_l1":          0,
        "pf_at_l2_to_l1":      16708,
        "pf_fill_this_level":          0,
        "miss latency": 142.402,
        "cache queues": {
          "PQ_ACCESS": 1440886,
          "PQ_FULL": 0,
          "PQ_TO_CACHE": 1440886,
          "PQ_MERGED": 0,
          "RQ_ACCESS": 2159600,
          "RQ_MERGED": 0,
          "RQ_FULL": 0,
          "WQ_ACCESS": 400349,
          "WQ_MERGED": 0,
          "WQ_FULL": 0
        }
      },
      "DRAM": [
        {
          "RQ ROW_BUFFER_HIT": 1153583,
          "RQ ROW_BUFFER_MISS": 1113831,
          "PQ FULL": 513557,
          "WQ ROW_BUFFER_HIT": 17112,
          "WQ ROW_BUFFER_MISS": 178546,
          "WQ FULL": 0,
          "AVG DBUS CONGESTED CYCLE": 3.9657
        }
      ]

    },
    "sim": {
      "cores": [
        {
          "instructions": 34533099,
          "cycles": 67644707,
          "Avg ROB occupancy at mispredict": 75.2944, 
          "mispredict": {
            "BRANCH_DIRECT_JUMP": 0,
            "BRANCH_INDIRECT": 0,
            "BRANCH_CONDITIONAL": 91925,
            "BRANCH_DIRECT_CALL": 0,
            "BRANCH_INDIRECT_CALL": 0,
            "BRANCH_RETURN": 0
          }
        },
        {
          "instructions": 199312289,
          "cycles": 67644707,
          "Avg ROB occupancy at mispredict": 57.8197, 
          "mispredict": {
            "BRANCH_DIRECT_JUMP": 72,
            "BRANCH_INDIRECT": 1,
            "BRANCH_CONDITIONAL": 176850,
            "BRANCH_DIRECT_CALL": 742,
            "BRANCH_INDIRECT_CALL": 16,
            "BRANCH_RETURN": 735
          }
        },
        {
          "instructions": 25000002,
          "cycles": 67644707,
          "Avg ROB occupancy at mispredict": 13.3433, 
          "mispredict": {
            "BRANCH_DIRECT_JUMP": 19,
            "BRANCH_INDIRECT": 6,
            "BRANCH_CONDITIONAL": 860534,
            "BRANCH_DIRECT_CALL": 3,
            "BRANCH_INDIRECT_CALL": 17,
            "BRANCH_RETURN": 20
          }
        },
        {
          "instructions": 162135468,
          "cycles": 67644707,
          "Avg ROB occupancy at mispredict": 38.488, 
          "mispredict": {
            "BRANCH_DIRECT_JUMP": 357,
            "BRANCH_INDIRECT": 55464,
            "BRANCH_CONDITIONAL": 1335080,
            "BRANCH_DIRECT_CALL": 769,
            "BRANCH_INDIRECT_CALL": 656,
            "BRANCH_RETURN": 187
          }
        }
      ],
      "cpu3_L1I": {
        "LOAD": {
          "hit":240856,
          "miss":16508
        },
        "RFO": {
          "hit":0,
          "miss":0
        },
        "PREFETCH": {
          "hit":0,
          "miss":0
        },
        "WRITE": {
          "hit":0,
          "miss":0
        },
        "TRANSLATION": {
          "hit":0,
          "miss":0
        },
        "mshr full": 0,
        "prefetch requested": 0,
        "prefetch issued": 0,
        "prefetch filled": 0,
        "prefetch useful": 0,
        "prefetch useless": 0,
        "prefetch late": 0,
        "pf_useful_at_l2_from_l1":          0,
        "pf_late_at_l2_from_l1":          0,
        "pf_useless_at_l2_from_l1":          0,
        "pf_at_l2_to_l1":          0,
        "pf_fill_this_level":          0,
        "miss latency": 2.09115,
        "cache queues": {
          "PQ_ACCESS": 0,
          "PQ_FULL": 0,
          "PQ_TO_CACHE": 0,
          "PQ_MERGED": 0,
          "RQ_ACCESS": 262815,
          "RQ_MERGED": 5451,
          "RQ_FULL": 0,
          "WQ_ACCESS": 0,
          "WQ_MERGED": 0,
          "WQ_FULL": 0
        }
      },
      "cpu3_ITLB": {
        "LOAD": {
          "hit":219853,
          "miss":5
        },
        "RFO": {
          "hit":0,
          "miss":0
        },
        "PREFETCH": {
          "hit":0,
          "miss":0
        },
        "WRITE": {
          "hit":0,
          "miss":0
        },
        "TRANSLATION": {
          "hit":0,
          "miss":0
        },
        "mshr full": 0,
        "prefetch requested": 0,
        "prefetch issued": 0,
        "prefetch filled": 0,
        "prefetch useful": 0,
        "prefetch useless": 0,
        "prefetch late": 0,
        "pf_useful_at_l2_from_l1":          0,
        "pf_late_at_l2_from_l1":          0,
        "pf_useless_at_l2_from_l1":          0,
        "pf_at_l2_to_l1":          0,
        "pf_fill_this_level":          0,
        "miss latency": 12.5376,
        "cache queues": {
          "PQ_ACCESS": 0,
          "PQ_FULL": 0,
          "PQ_TO_CACHE": 0,
          "PQ_MERGED": 0,
          "RQ_ACCESS": 219858,
          "RQ_MERGED": 0,
          "RQ_FULL": 0,
          "WQ_ACCESS": 0,
          "WQ_MERGED": 0,
          "WQ_FULL": 0
        }
      },
      "cpu3_DTLB": {
        "LOAD": {
          "hit":48147121,
          "miss":22446
        },
        "RFO": {
          "hit":0,
          "miss":0
        },
        "PREFETCH": {
          "hit":0,
          "miss":0
        },
        "WRITE": {
          "hit":0,
          "miss":0
        },
        "TRANSLATION": {
          "hit":0,
          "miss":0
        },
        "mshr full": 0,
        "prefetch requested": 0,
        "prefetch issued": 0,
        "prefetch filled": 0,
        "prefetch useful": 0,
        "prefetch useless": 0,
        "prefetch late": 0,
        "pf_useful_at_l2_from_l1":          0,
        "pf_late_at_l2_from_l1":          0,
        "pf_useless_at_l2_from_l1":          0,
        "pf_at_l2_to_l1":          0,
        "pf_fill_this_level":          0,
        "miss latency": 2.45149,
        "cache queues": {
          "PQ_ACCESS": 0,
          "PQ_FULL": 0,
          "PQ_TO_CACHE": 0,
          "PQ_MERGED": 0,
          "RQ_ACCESS": 48179555,
          "RQ_MERGED": 0,
          "RQ_FULL": 9987,
          "WQ_ACCESS": 0,
          "WQ_MERGED": 0,
          "WQ_FULL": 0
        }
      },
      "cpu2_L1I": {
        "LOAD": {
          "hit":1590,
          "miss":131
        },
        "RFO": {
          "hit":0,
          "miss":0
        },
        "PREFETCH": {
          "hit":0,
          "miss":0
        },
        "WRITE": {
          "hit":0,
          "miss":0
        },
        "TRANSLATION": {
          "hit":0,
          "miss":0
        },
        "mshr full": 0,
        "prefetch requested": 0,
        "prefetch issued": 0,
        "prefetch filled": 0,
        "prefetch useful": 0,
        "prefetch useless": 0,
        "prefetch late": 0,
        "pf_useful_at_l2_from_l1":          0,
        "pf_late_at_l2_from_l1":          0,
        "pf_useless_at_l2_from_l1":          0,
        "pf_at_l2_to_l1":          0,
        "pf_fill_this_level":          0,
        "miss latency": 31.5125,
        "cache queues": {
          "PQ_ACCESS": 0,
          "PQ_FULL": 0,
          "PQ_TO_CACHE": 0,
          "PQ_MERGED": 0,
          "RQ_ACCESS": 1730,
          "RQ_MERGED": 9,
          "RQ_FULL": 0,
          "WQ_ACCESS": 0,
          "WQ_MERGED": 0,
          "WQ_FULL": 0
        }
      },
      "cpu2_ITLB": {
        "LOAD": {
          "hit":1696,
          "miss":0
        },
        "RFO": {
          "hit":0,
          "miss":0
        },
        "PREFETCH": {
          "hit":0,
          "miss":0
        },
        "WRITE": {
          "hit":0,
          "miss":0
        },
        "TRANSLATION": {
          "hit":0,
          "miss":0
        },
        "mshr full": 0,
        "prefetch requested": 0,
        "prefetch issued": 0,
        "prefetch filled": 0,
        "prefetch useful": 0,
        "prefetch useless": 0,
        "prefetch late": 0,
        "pf_useful_at_l2_from_l1":          0,
        "pf_late_at_l2_from_l1":          0,
        "pf_useless_at_l2_from_l1":          0,
        "pf_at_l2_to_l1":          0,
        "pf_fill_this_level":          0,
        "miss latency": null,
        "cache queues": {
          "PQ_ACCESS": 0,
          "PQ_FULL": 0,
          "PQ_TO_CACHE": 0,
          "PQ_MERGED": 0,
          "RQ_ACCESS": 1696,
          "RQ_MERGED": 0,
          "RQ_FULL": 0,
          "WQ_ACCESS": 0,
          "WQ_MERGED": 0,
          "WQ_FULL": 0
        }
      },
      "cpu2_DTLB": {
        "LOAD": {
          "hit":8420479,
          "miss":384452
        },
        "RFO": {
          "hit":0,
          "miss":0
        },
        "PREFETCH": {
          "hit":0,
          "miss":0
        },
        "WRITE": {
          "hit":0,
          "miss":0
        },
        "TRANSLATION": {
          "hit":0,
          "miss":0
        },
        "mshr full": 18499,
        "prefetch requested": 0,
        "prefetch issued": 0,
        "prefetch filled": 0,
        "prefetch useful": 0,
        "prefetch useless": 0,
        "prefetch late": 0,
        "pf_useful_at_l2_from_l1":          0,
        "pf_late_at_l2_from_l1":          0,
        "pf_useless_at_l2_from_l1":          0,
        "pf_at_l2_to_l1":          0,
        "pf_fill_this_level":          0,
        "miss latency": 0.993716,
        "cache queues": {
          "PQ_ACCESS": 0,
          "PQ_FULL": 0,
          "PQ_TO_CACHE": 0,
          "PQ_MERGED": 0,
          "RQ_ACCESS": 9305418,
          "RQ_MERGED": 0,
          "RQ_FULL": 500488,
          "WQ_ACCESS": 0,
          "WQ_MERGED": 0,
          "WQ_FULL": 0
        }
      },
      "cpu1_L1I": {
        "LOAD": {
          "hit":15727,
          "miss":2
        },
        "RFO": {
          "hit":0,
          "miss":0
        },
        "PREFETCH": {
          "hit":0,
          "miss":0
        },
        "WRITE": {
          "hit":0,
          "miss":0
        },
        "TRANSLATION": {
          "hit":0,
          "miss":0
        },
        "mshr full": 0,
        "prefetch requested": 0,
        "prefetch issued": 0,
        "prefetch filled": 0,
        "prefetch useful": 0,
        "prefetch useless": 0,
        "prefetch late": 0,
        "pf_useful_at_l2_from_l1":          0,
        "pf_late_at_l2_from_l1":          0,
        "pf_useless_at_l2_from_l1":          0,
        "pf_at_l2_to_l1":          0,
        "pf_fill_this_level":          0,
        "miss latency": 81.375,
        "cache queues": {
          "PQ_ACCESS": 0,
          "PQ_FULL": 0,
          "PQ_TO_CACHE": 0,
          "PQ_MERGED": 0,
          "RQ_ACCESS": 15747,
          "RQ_MERGED": 18,
          "RQ_FULL": 0,
          "WQ_ACCESS": 0,
          "WQ_MERGED": 0,
          "WQ_FULL": 0
        }
      },
      "cpu1_ITLB": {
        "LOAD": {
          "hit":15485,
          "miss":0
        },
        "RFO": {
          "hit":0,
          "miss":0
        },
        "PREFETCH": {
          "hit":0,
          "miss":0
        },
        "WRITE": {
          "hit":0,
          "miss":0
        },
        "TRANSLATION": {
          "hit":0,
          "miss":0
        },
        "mshr full": 0,
        "prefetch requested": 0,
        "prefetch issued": 0,
        "prefetch filled": 0,
        "prefetch useful": 0,
        "prefetch useless": 0,
        "prefetch late": 0,
        "pf_useful_at_l2_from_l1":          0,
        "pf_late_at_l2_from_l1":          0,
        "pf_useless_at_l2_from_l1":          0,
        "pf_at_l2_to_l1":          0,
        "pf_fill_this_level":          0,
        "miss latency": null,
        "cache queues": {
          "PQ_ACCESS": 0,
          "PQ_FULL": 0,
          "PQ_TO_CACHE": 0,
          "PQ_MERGED": 0,
          "RQ_ACCESS": 15485,
          "RQ_MERGED": 0,
          "RQ_FULL": 0,
          "WQ_ACCESS": 0,
          "WQ_MERGED": 0,
          "WQ_FULL": 0
        }
      },
      "cpu1_DTLB": {
        "LOAD": {
          "hit":62922465,
          "miss":55484
        },
        "RFO": {
          "hit":0,
          "miss":0
        },
        "PREFETCH": {
          "hit":0,
          "miss":0
        },
        "WRITE": {
          "hit":0,
          "miss":0
        },
        "TRANSLATION": {
          "hit":0,
          "miss":0
        },
        "mshr full": 0,
        "prefetch requested": 0,
        "prefetch issued": 0,
        "prefetch filled": 0,
        "prefetch useful": 0,
        "prefetch useless": 0,
        "prefetch late": 0,
        "pf_useful_at_l2_from_l1":          0,
        "pf_late_at_l2_from_l1":          0,
        "pf_useless_at_l2_from_l1":          0,
        "pf_at_l2_to_l1":          0,
        "pf_fill_this_level":          0,
        "miss latency": 3.9665,
        "cache queues": {
          "PQ_ACCESS": 0,
          "PQ_FULL": 0,
          "PQ_TO_CACHE": 0,
          "PQ_MERGED": 0,
          "RQ_ACCESS": 62977953,
          "RQ_MERGED": 0,
          "RQ_FULL": 1,
          "WQ_ACCESS": 0,
          "WQ_MERGED": 0,
          "WQ_FULL": 0
        }
      },
      "cpu0_L1I": {
        "LOAD": {
          "hit":0,
          "miss":0
        },
        "RFO": {
          "hit":0,
          "miss":0
        },
        "PREFETCH": {
          "hit":0,
          "miss":0
        },
        "WRITE": {
          "hit":0,
          "miss":0
        },
        "TRANSLATION": {
          "hit":0,
          "miss":0
        },
        "mshr full": 0,
        "prefetch requested": 0,
        "prefetch issued": 0,
        "prefetch filled": 0,
        "prefetch useful": 0,
        "prefetch useless": 0,
        "prefetch late": 0,
        "pf_useful_at_l2_from_l1":          0,
        "pf_late_at_l2_from_l1":          0,
        "pf_useless_at_l2_from_l1":          0,
        "pf_at_l2_to_l1":          0,
        "pf_fill_this_level":          0,
        "miss latency": null,
        "cache queues": {
          "PQ_ACCESS": 0,
          "PQ_FULL": 0,
          "PQ_TO_CACHE": 0,
          "PQ_MERGED": 0,
          "RQ_ACCESS": 0,
          "RQ_MERGED": 0,
          "RQ_FULL": 0,
          "WQ_ACCESS": 0,
          "WQ_MERGED": 0,
          "WQ_FULL": 0
        }
      },
      "cpu0_ITLB": {
        "LOAD": {
          "hit":0,
          "miss":0
        },
        "RFO": {
          "hit":0,
          "miss":0
        },
        "PREFETCH": {
          "hit":0,
          "miss":0
        },
        "WRITE": {
          "hit":0,
          "miss":0
        },
        "TRANSLATION": {
          "hit":0,
          "miss":0
        },
        "mshr full": 0,
        "prefetch requested": 0,
        "prefetch issued": 0,
        "prefetch filled": 0,
        "prefetch useful": 0,
        "prefetch useless": 0,
        "prefetch late": 0,
        "pf_useful_at_l2_from_l1":          0,
        "pf_late_at_l2_from_l1":          0,
        "pf_useless_at_l2_from_l1":          0,
        "pf_at_l2_to_l1":          0,
        "pf_fill_this_level":          0,
        "miss latency": null,
        "cache queues": {
          "PQ_ACCESS": 0,
          "PQ_FULL": 0,
          "PQ_TO_CACHE": 0,
          "PQ_MERGED": 0,
          "RQ_ACCESS": 0,
          "RQ_MERGED": 0,
          "RQ_FULL": 0,
          "WQ_ACCESS": 0,
          "WQ_MERGED": 0,
          "WQ_FULL": 0
        }
      },
      "cpu0_DTLB": {
        "LOAD": {
          "hit":14507467,
          "miss":393523
        },
        "RFO": {
          "hit":0,
          "miss":0
        },
        "PREFETCH": {
          "hit":0,
          "miss":0
        },
        "WRITE": {
          "hit":0,
          "miss":0
        },
        "TRANSLATION": {
          "hit":0,
          "miss":0
        },
        "mshr full": 0,
        "prefetch requested": 0,
        "prefetch issued": 0,
        "prefetch filled": 0,
        "prefetch useful": 0,
        "prefetch useless": 0,
        "prefetch late": 0,
        "pf_useful_at_l2_from_l1":          0,
        "pf_late_at_l2_from_l1":          0,
        "pf_useless_at_l2_from_l1":          0,
        "pf_at_l2_to_l1":          0,
        "pf_fill_this_level":          0,
        "miss latency": 0.447144,
        "cache queues": {
          "PQ_ACCESS": 0,
          "PQ_FULL": 0,
          "PQ_TO_CACHE": 0,
          "PQ_MERGED": 0,
          "RQ_ACCESS": 15149282,
          "RQ_MERGED": 0,
          "RQ_FULL": 248295,
          "WQ_ACCESS": 0,
          "WQ_MERGED": 0,
          "WQ_FULL": 0
        }
      },
      "cpu3_STLB": {
        "LOAD": {
          "hit":10107,
          "miss":844
        },
        "RFO": {
          "hit":0,
          "miss":0
        },
        "PREFETCH": {
          "hit":0,
          "miss":0
        },
        "WRITE": {
          "hit":0,
          "miss":0
        },
        "TRANSLATION": {
          "hit":0,
          "miss":0
        },
        "mshr full": 0,
        "prefetch requested": 0,
        "prefetch issued": 0,
        "prefetch filled": 0,
        "prefetch useful": 0,
        "prefetch useless": 0,
        "prefetch late": 0,
        "pf_useful_at_l2_from_l1":          0,
        "pf_late_at_l2_from_l1":          0,
        "pf_useless_at_l2_from_l1":          0,
        "pf_at_l2_to_l1":          0,
        "pf_fill_this_level":          0,
        "miss latency": 59.1764,
        "cache queues": {
          "PQ_ACCESS": 0,
          "PQ_FULL": 0,
          "PQ_TO_CACHE": 0,
          "PQ_MERGED": 0,
          "RQ_ACCESS": 10951,
          "RQ_MERGED": 0,
          "RQ_FULL": 0,
          "WQ_ACCESS": 0,
          "WQ_MERGED": 0,
          "WQ_FULL": 0
        }
      },
      "cpu2_STLB": {
        "LOAD": {
          "hit":119570,
          "miss":21508
        },
        "RFO": {
          "hit":0,
          "miss":0
        },
        "PREFETCH": {
          "hit":0,
          "miss":0
        },
        "WRITE": {
          "hit":0,
          "miss":0
        },
        "TRANSLATION": {
          "hit":0,
          "miss":0
        },
        "mshr full": 0,
        "prefetch requested": 0,
        "prefetch issued": 0,
        "prefetch filled": 0,
        "prefetch useful": 0,
        "prefetch useless": 0,
        "prefetch late": 0,
        "pf_useful_at_l2_from_l1":          0,
        "pf_late_at_l2_from_l1":          0,
        "pf_useless_at_l2_from_l1":          0,
        "pf_at_l2_to_l1":          0,
        "pf_fill_this_level":          0,
        "miss latency": 14.493,
        "cache queues": {
          "PQ_ACCESS": 0,
          "PQ_FULL": 0,
          "PQ_TO_CACHE": 0,
          "PQ_MERGED": 0,
          "RQ_ACCESS": 141078,
          "RQ_MERGED": 0,
          "RQ_FULL": 0,
          "WQ_ACCESS": 0,
          "WQ_MERGED": 0,
          "WQ_FULL": 0
        }
      },
      "cpu1_STLB": {
        "LOAD": {
          "hit":36414,
          "miss":3926
        },
        "RFO": {
          "hit":0,
          "miss":0
        },
        "PREFETCH": {
          "hit":0,
          "miss":0
        },
        "WRITE": {
          "hit":0,
          "miss":0
        },
        "TRANSLATION": {
          "hit":0,
          "miss":0
        },
        "mshr full": 0,
        "prefetch requested": 0,
        "prefetch issued": 0,
        "prefetch filled": 0,
        "prefetch useful": 0,
        "prefetch useless": 0,
        "prefetch late": 0,
        "pf_useful_at_l2_from_l1":          0,
        "pf_late_at_l2_from_l1":          0,
        "pf_useless_at_l2_from_l1":          0,
        "pf_at_l2_to_l1":          0,
        "pf_fill_this_level":          0,
        "miss latency": 50.836,
        "cache queues": {
          "PQ_ACCESS": 0,
          "PQ_FULL": 0,
          "PQ_TO_CACHE": 0,
          "PQ_MERGED": 0,
          "RQ_ACCESS": 40340,
          "RQ_MERGED": 0,
          "RQ_FULL": 0,
          "WQ_ACCESS": 0,
          "WQ_MERGED": 0,
          "WQ_FULL": 0
        }
      },
      "cpu0_STLB": {
        "LOAD": {
          "hit":39820,
          "miss":32067
        },
        "RFO": {
          "hit":0,
          "miss":0
        },
        "PREFETCH": {
          "hit":0,
          "miss":0
        },
        "WRITE": {
          "hit":0,
          "miss":0
        },
        "TRANSLATION": {
          "hit":0,
          "miss":0
        },
        "mshr full": 0,
        "prefetch requested": 0,
        "prefetch issued": 0,
        "prefetch filled": 0,
        "prefetch useful": 0,
        "prefetch useless": 0,
        "prefetch late": 0,
        "pf_useful_at_l2_from_l1":          0,
        "pf_late_at_l2_from_l1":          0,
        "pf_useless_at_l2_from_l1":          0,
        "pf_at_l2_to_l1":          0,
        "pf_fill_this_level":          0,
        "miss latency": 4.34021,
        "cache queues": {
          "PQ_ACCESS": 0,
          "PQ_FULL": 0,
          "PQ_TO_CACHE": 0,
          "PQ_MERGED": 0,
          "RQ_ACCESS": 71887,
          "RQ_MERGED": 0,
          "RQ_FULL": 0,
          "WQ_ACCESS": 0,
          "WQ_MERGED": 0,
          "WQ_FULL": 0
        }
      },
      "cpu3_L1D": {
        "LOAD": {
          "hit":32486520,
          "miss":27094
        },
        "RFO": {
          "hit":0,
          "miss":0
        },
        "PREFETCH": {
          "hit":38002,
          "miss":96653
        },
        "WRITE": {
          "hit":21919087,
          "miss":2562
        },
        "TRANSLATION": {
          "hit":38,
          "miss":806
        },
        "mshr full": 0,
        "prefetch requested": 134655,
        "prefetch issued": 134655,
        "prefetch filled": 579,
        "prefetch useful": 258,
        "prefetch useless": 399,
        "prefetch late": 24,
        "pf_useful_at_l2_from_l1":          0,
        "pf_late_at_l2_from_l1":          0,
        "pf_useless_at_l2_from_l1":          0,
        "pf_at_l2_to_l1":          0,
        "pf_fill_this_level":        579,
        "miss latency": 8.44017,
        "cache queues": {
          "PQ_ACCESS": 134655,
          "PQ_FULL": 0,
          "PQ_TO_CACHE": 134655,
          "PQ_MERGED": 0,
          "RQ_ACCESS": 36953426,
          "RQ_MERGED": 4247694,
          "RQ_FULL": 0,
          "WQ_ACCESS": 22439914,
          "WQ_MERGED": 518261,
          "WQ_FULL": 0
        }
      },
      "cpu2_L1D": {
        "LOAD": {
          "hit":5301848,
          "miss":2073651
        },
        "RFO": {
          "hit":0,
          "miss":0
        },
        "PREFETCH": {
          "hit":102984,
          "miss":1281136
        },
        "WRITE": {
          "hit":951691,
          "miss":537710
        },
        "TRANSLATION": {
          "hit":7435,
          "miss":13865
        },
        "mshr full": 15394509,
        "prefetch requested": 1384224,
        "prefetch issued": 1384224,
        "prefetch filled": 85627,
        "prefetch useful": 85908,
        "prefetch useless": 1456,
        "prefetch late": 1724,
        "pf_useful_at_l2_from_l1":          0,
        "pf_late_at_l2_from_l1":          0,
        "pf_useless_at_l2_from_l1":          0,
        "pf_at_l2_to_l1":          0,
        "pf_fill_this_level":      85627,
        "miss latency": 9.61193,
        "cache queues": {
          "PQ_ACCESS": 1384224,
          "PQ_FULL": 0,
          "PQ_TO_CACHE": 1384224,
          "PQ_MERGED": 104,
          "RQ_ACCESS": 160269075,
          "RQ_MERGED": 81058,
          "RQ_FULL": 152812486,
          "WQ_ACCESS": 3317060,
          "WQ_MERGED": 27,
          "WQ_FULL": 1827632
        }
      },
      "cpu1_L1D": {
        "LOAD": {
          "hit":29420093,
          "miss":176186
        },
        "RFO": {
          "hit":0,
          "miss":0
        },
        "PREFETCH": {
          "hit":3775438,
          "miss":7041009
        },
        "WRITE": {
          "hit":35970026,
          "miss":34578
        },
        "TRANSLATION": {
          "hit":182,
          "miss":3750
        },
        "mshr full": 0,
        "prefetch requested": 10816476,
        "prefetch issued": 10816476,
        "prefetch filled": 1032,
        "prefetch useful": 270,
        "prefetch useless": 844,
        "prefetch late": 18,
        "pf_useful_at_l2_from_l1":          0,
        "pf_late_at_l2_from_l1":          0,
        "pf_useless_at_l2_from_l1":          0,
        "pf_at_l2_to_l1":          0,
        "pf_fill_this_level":       1032,
        "miss latency": 0.814046,
        "cache queues": {
          "PQ_ACCESS": 10816476,
          "PQ_FULL": 0,
          "PQ_TO_CACHE": 10816476,
          "PQ_MERGED": 4,
          "RQ_ACCESS": 29874883,
          "RQ_MERGED": 270442,
          "RQ_FULL": 0,
          "WQ_ACCESS": 36239626,
          "WQ_MERGED": 235019,
          "WQ_FULL": 0
        }
      },
      "cpu0_L1D": {
        "LOAD": {
          "hit":6717047,
          "miss":2313058
        },
        "RFO": {
          "hit":0,
          "miss":0
        },
        "PREFETCH": {
          "hit":53960,
          "miss":617995
        },
        "WRITE": {
          "hit":6860510,
          "miss":2614
        },
        "TRANSLATION": {
          "hit":23742,
          "miss":8333
        },
        "mshr full": 47991595,
        "prefetch requested": 671956,
        "prefetch issued": 671956,
        "prefetch filled": 54745,
        "prefetch useful": 65085,
        "prefetch useless": 5451,
        "prefetch late": 15675,
        "pf_useful_at_l2_from_l1":          0,
        "pf_late_at_l2_from_l1":          0,
        "pf_useless_at_l2_from_l1":          0,
        "pf_at_l2_to_l1":          0,
        "pf_fill_this_level":      54745,
        "miss latency": 17.521,
        "cache queues": {
          "PQ_ACCESS": 671956,
          "PQ_FULL": 0,
          "PQ_TO_CACHE": 671956,
          "PQ_MERGED": 0,
          "RQ_ACCESS": 1009386421,
          "RQ_MERGED": 929458,
          "RQ_FULL": 999426851,
          "WQ_ACCESS": 7166748,
          "WQ_MERGED": 303631,
          "WQ_FULL": 0
        }
      },
      "cpu3_L2C": {
        "LOAD": {
          "hit":19981,
          "miss":5096
        },
        "RFO": {
          "hit":401,
          "miss":348
        },
        "PREFETCH": {
          "hit":65299,
          "miss":30521
        },
        "WRITE": {
          "hit":851,
          "miss":0
        },
        "TRANSLATION": {
          "hit":284,
          "miss":522
        },
        "mshr full": 238869,
        "prefetch requested": 0,
        "prefetch issued": 0,
        "prefetch filled": 29548,
        "prefetch useful": 0,
        "prefetch useless": 0,
        "prefetch late": 0,
        "pf_useful_at_l2_from_l1":       9231,
        "pf_late_at_l2_from_l1":        914,
        "pf_useless_at_l2_from_l1":      18333,
        "pf_at_l2_to_l1":         58,
        "pf_fill_this_level":      29279,
        "miss latency": 221.242,
        "cache queues": {
          "PQ_ACCESS": 128751,
          "PQ_FULL": 32931,
          "PQ_TO_CACHE": 95820,
          "PQ_MERGED": 0,
          "RQ_ACCESS": 26633,
          "RQ_MERGED": 0,
          "RQ_FULL": 0,
          "WQ_ACCESS": 862,
          "WQ_MERGED": 0,
          "WQ_FULL": 0
        }
      },
      "cpu2_L2C": {
        "LOAD": {
          "hit":519788,
          "miss":516691
        },
        "RFO": {
          "hit":16676,
          "miss":120204
        },
        "PREFETCH": {
          "hit":393005,
          "miss":850178
        },
        "WRITE": {
          "hit":505279,
          "miss":0
        },
        "TRANSLATION": {
          "hit":5209,
          "miss":8656
        },
        "mshr full": 2701695,
        "prefetch requested": 0,
        "prefetch issued": 0,
        "prefetch filled": 801997,
        "prefetch useful": 0,
        "prefetch useless": 0,
        "prefetch late": 0,
        "pf_useful_at_l2_from_l1":     368506,
        "pf_late_at_l2_from_l1":      42591,
        "pf_useless_at_l2_from_l1":     391733,
        "pf_at_l2_to_l1":        662,
        "pf_fill_this_level":     717160,
        "miss latency": 62.5129,
        "cache queues": {
          "PQ_ACCESS": 1558292,
          "PQ_FULL": 315014,
          "PQ_TO_CACHE": 1243278,
          "PQ_MERGED": 74,
          "RQ_ACCESS": 1187343,
          "RQ_MERGED": 0,
          "RQ_FULL": 0,
          "WQ_ACCESS": 505331,
          "WQ_MERGED": 0,
          "WQ_FULL": 0
        }
      },
      "cpu1_L2C": {
        "LOAD": {
          "hit":117379,
          "miss":16061
        },
        "RFO": {
          "hit":1410,
          "miss":5349
        },
        "PREFETCH": {
          "hit":6913864,
          "miss":122326
        },
        "WRITE": {
          "hit":15305,
          "miss":0
        },
        "TRANSLATION": {
          "hit":1037,
          "miss":2713
        },
        "mshr full": 108783,
        "prefetch requested": 0,
        "prefetch issued": 0,
        "prefetch filled": 120008,
        "prefetch useful": 0,
        "prefetch useless": 0,
        "prefetch late": 0,
        "pf_useful_at_l2_from_l1":      30815,
        "pf_late_at_l2_from_l1":       2286,
        "pf_useless_at_l2_from_l1":      90009,
        "pf_at_l2_to_l1":        550,
        "pf_fill_this_level":     119679,
        "miss latency": 194.609,
        "cache queues": {
          "PQ_ACCESS": 7047936,
          "PQ_FULL": 11721,
          "PQ_TO_CACHE": 7036215,
          "PQ_MERGED": 24,
          "RQ_ACCESS": 143953,
          "RQ_MERGED": 0,
          "RQ_FULL": 0,
          "WQ_ACCESS": 15367,
          "WQ_MERGED": 0,
          "WQ_FULL": 0
        }
      },
      "cpu0_L2C": {
        "LOAD": {
          "hit":210911,
          "miss":1546977
        },
        "RFO": {
          "hit":721,
          "miss":34
        },
        "PREFETCH": {
          "hit":99258,
          "miss":444994
        },
        "WRITE": {
          "hit":24147,
          "miss":0
        },
        "TRANSLATION": {
          "hit":5056,
          "miss":3277
        },
        "mshr full": 192249,
        "prefetch requested": 0,
        "prefetch issued": 0,
        "prefetch filled": 423008,
        "prefetch useful": 0,
        "prefetch useless": 0,
        "prefetch late": 0,
        "pf_useful_at_l2_from_l1":     220086,
        "pf_late_at_l2_from_l1":      20537,
        "pf_useless_at_l2_from_l1":     154599,
        "pf_at_l2_to_l1":         95,
        "pf_fill_this_level":     353379,
        "miss latency": 32.3915,
        "cache queues": {
          "PQ_ACCESS": 553263,
          "PQ_FULL": 8999,
          "PQ_TO_CACHE": 544264,
          "PQ_MERGED": 7,
          "RQ_ACCESS": 1766986,
          "RQ_MERGED": 0,
          "RQ_FULL": 0,
          "WQ_ACCESS": 24468,
          "WQ_MERGED": 0,
          "WQ_FULL": 0
        }
      },
      "LLC": {
        "LOAD": {
          "hit": [736262, 247, 177687, 1],
          "miss": [790177, 13620, 296422, 4187]
        },
        "RFO": {
          "hit": [19, 0, 64676, 2],
          "miss": [14, 5257, 55520, 340]
        },
        "PREFETCH": {
          "hit": [94363, 1976, 251133, 10],
          "miss": [349182, 120318, 593451, 30452]
        },
        "WRITE": {
          "hit": [14538, 6135, 374252, 4],
          "miss": [0, 0, 0, 0]
        },
        "TRANSLATION": {
          "hit": [1899, 147, 4167, 0],
          "miss": [1378, 2566, 4489, 522]
        },
        "mshr full": 0,
        "prefetch requested": 0,
        "prefetch issued": 0,
        "prefetch filled": 1093403,
        "prefetch useful": 0,
        "prefetch useless": 0,
        "prefetch late": 0,
        "pf_useful_at_l2_from_l1":          0,
        "pf_late_at_l2_from_l1":          0,
        "pf_useless_at_l2_from_l1":          0,
        "pf_at_l2_to_l1":      16708,
        "pf_fill_this_level":          0,
        "miss latency": 79.8178,
        "cache queues": {
          "PQ_ACCESS": 1440886,
          "PQ_FULL": 0,
          "PQ_TO_CACHE": 1440886,
          "PQ_MERGED": 0,
          "RQ_ACCESS": 2159600,
          "RQ_MERGED": 0,
          "RQ_FULL": 0,
          "WQ_ACCESS": 400349,
          "WQ_MERGED": 0,
          "WQ_FULL": 0
        }
      },
      "DRAM": [
        {
          "RQ ROW_BUFFER_HIT": 1153583,
          "RQ ROW_BUFFER_MISS": 1113831,
          "PQ FULL": 513557,
          "WQ ROW_BUFFER_HIT": 17112,
          "WQ ROW_BUFFER_MISS": 178546,
          "WQ FULL": 0,
          "AVG DBUS CONGESTED CYCLE": 3.9657
        }
      ]

    }
  }
]
cpu3_ITLB
cpu3_DTLB
cpu2_ITLB
cpu2_DTLB
cpu1_ITLB
cpu1_DTLB
cpu0_ITLB
cpu0_DTLB
cpu3_STLB
cpu2_STLB
cpu1_STLB
cpu0_STLB
Prefetch Request to L1: 210880, Prefetch Request to L2: 12796431
Invalid by Eviction: 680
Invalid by Max: 5491
Final L1D Threshold: 0.901
Final Demand Reserve: 25.0%
Filter table begin
 ┌────────────────────┬─────────────┐
 | Region             | Offset      |
 ├────────────────────┼─────────────┤
 | 0x0000000000000635 | 0           |
 ├────────────────────┼─────────────┤
 | 0x0000000000005a8b | 6           |
 ├────────────────────┼─────────────┤
 | 0x0000000000000642 | 11          |
 ├────────────────────┼─────────────┤
 | 0x000000000000066f | 18          |
 ├────────────────────┼─────────────┤
 | 0x0000000000000603 | 2           |
 ├────────────────────┼─────────────┤
 | 0x00000000000005d7 | 24          |
 ├────────────────────┼─────────────┤
 | 0x0000000000000aa3 | 0           |
 ├────────────────────┼─────────────┤
 | 0x00000000000005e9 | 0           |
 ├────────────────────┼─────────────┤
 | 0x000000000000052a | 26          |
 ├────────────────────┼─────────────┤
 | 0x00000000000005d6 | 4           |
 ├────────────────────┼─────────────┤
 | 0x000000000000063e | 1           |
 ├────────────────────┼─────────────┤
 | 0x0000000000000698 | 2           |
 ├────────────────────┼─────────────┤
 | 0x0000000000008959 | 25          |
 ├────────────────────┼─────────────┤
 | 0x0000000000000683 | 9           |
 ├────────────────────┼─────────────┤
 | 0x0000000000000601 | 14          |
 ├────────────────────┼─────────────┤
 | 0x00000000000005d5 | 16          |
 ├────────────────────┼─────────────┤
 | 0x0000000000000640 | 10          |
 ├────────────────────┼─────────────┤
 | 0x00000000000005f9 | 24          |
 ├────────────────────┼─────────────┤
 | 0x0000000000000544 | 17          |
 ├────────────────────┼─────────────┤
 | 0x00000000000005e5 | 6           |
 ├────────────────────┼─────────────┤
 | 0x00000000000005ec | 12          |
 ├────────────────────┼─────────────┤
 | 0x0000000000000543 | 30          |
 ├────────────────────┼─────────────┤
 | 0x000000000000062a | 13          |
 ├────────────────────┼─────────────┤
 | 0x000000000000068c | 11          |
 ├────────────────────┼─────────────┤
 | 0x0000000000006401 | 23          |
 ├────────────────────┼─────────────┤
 | 0x000000000000028f | 0           |
 ├────────────────────┼─────────────┤
 | 0x000000000000065c | 9           |
 ├────────────────────┼─────────────┤
 | 0x000000000000053c | 20          |
 ├────────────────────┼─────────────┤
 | 0x0000000000000684 | 27          |
 ├────────────────────┼─────────────┤
 | 0x000000000000064e | 26          |
 ├────────────────────┼─────────────┤
 | 0x0000000000003189 | 31          |
 ├────────────────────┼─────────────┤
 | 0x000000000000064d | 25          |
 ├────────────────────┼─────────────┤
 | 0x0000000000000672 | 15          |
 ├────────────────────┼─────────────┤
 | 0x00000000000005f5 | 7           |
 ├────────────────────┼─────────────┤
 | 0x0000000000003792 | 14          |
 ├────────────────────┼─────────────┤
 | 0x000000000000060c | 7           |
 ├────────────────────┼─────────────┤
 | 0x000000000000067b | 18          |
 ├────────────────────┼─────────────┤
 | 0x0000000000000644 | 2           |
 ├────────────────────┼─────────────┤
 | 0x000000000000069d | 1           |
 ├────────────────────┼─────────────┤
 | 0x0000000000000513 | 9           |
 ├────────────────────┼─────────────┤
 | 0x0000000000000629 | 12          |
 ├────────────────────┼─────────────┤
 | 0x0000000000000616 | 17          |
 ├────────────────────┼─────────────┤
 | 0x0000000000000686 | 29          |
 ├────────────────────┼─────────────┤
 | 0x0000000000000552 | 8           |
 ├────────────────────┼─────────────┤
 | 0x000000000000051a | 20          |
 └────────────────────┴─────────────┘
Filter table end
Accumulation table begin
 ┌────────────────────┬─────────────┬─────────────┬──────────────────────────────────────────────────────────────────┐
 | Region             | Offset      | Second      | Pattern                                                          |
 ├────────────────────┼─────────────┼─────────────┼──────────────────────────────────────────────────────────────────┤
 | 0x00000000000002cb | 9           | 7           | 1 1 1 1 1 1 1 1 1 1 0 0 0 0 0 0 0 0 0 0 0 0 0 0 0 0 0 0 0 0 0 0  |
 ├────────────────────┼─────────────┼─────────────┼──────────────────────────────────────────────────────────────────┤
 | 0x0000000000008ab0 | 15          | 1           | 0 1 1 0 0 0 0 0 0 0 1 1 1 0 0 1 1 1 1 0 0 0 0 0 0 0 0 0 0 0 0 0  |
 ├────────────────────┼─────────────┼─────────────┼──────────────────────────────────────────────────────────────────┤
 | 0x0000000000000605 | 6           | 7           | 0 0 0 0 0 0 1 1 0 0 0 0 0 0 0 0 0 0 0 0 0 0 0 0 0 0 0 0 0 0 0 0  |
 ├────────────────────┼─────────────┼─────────────┼──────────────────────────────────────────────────────────────────┤
 | 0x00000000000002d9 | 5           | 4           | 0 0 0 0 1 1 0 0 0 0 0 0 0 0 0 0 0 0 0 0 0 0 0 0 0 0 0 0 0 0 0 0  |
 ├────────────────────┼─────────────┼─────────────┼──────────────────────────────────────────────────────────────────┤
 | 0x0000000000000522 | 20          | 21          | 0 0 0 0 0 0 0 0 0 0 0 0 0 0 0 0 0 0 0 0 1 1 0 0 0 0 0 0 0 0 0 0  |
 ├────────────────────┼─────────────┼─────────────┼──────────────────────────────────────────────────────────────────┤
 | 0x00000000000005fa | 29          | 3           | 0 0 0 1 0 0 0 0 0 0 0 0 0 0 0 0 0 0 0 0 0 0 0 0 0 0 0 0 0 1 1 0  |
 ├────────────────────┼─────────────┼─────────────┼──────────────────────────────────────────────────────────────────┤
 | 0x00000000000006a0 | 4           | 5           | 0 0 0 0 1 1 1 1 1 1 1 1 1 1 1 1 1 1 1 1 1 1 1 1 1 1 1 1 1 1 1 1  |
 ├────────────────────┼─────────────┼─────────────┼──────────────────────────────────────────────────────────────────┤
 | 0x000000000000055a | 26          | 27          | 0 0 0 0 0 0 0 0 0 0 0 0 0 0 0 0 0 0 0 0 0 0 0 0 0 0 1 1 1 1 1 1  |
 ├────────────────────┼─────────────┼─────────────┼──────────────────────────────────────────────────────────────────┤
 | 0x0000000000000699 | 15          | 16          | 0 0 0 0 0 0 0 0 0 0 0 0 0 0 1 1 1 0 0 0 0 0 0 0 0 0 0 0 0 0 0 0  |
 ├────────────────────┼─────────────┼─────────────┼──────────────────────────────────────────────────────────────────┤
 | 0x0000000000000555 | 20          | 21          | 0 0 0 0 0 0 0 0 0 0 0 0 0 0 0 0 0 0 0 0 1 1 0 0 0 0 0 0 0 0 0 0  |
 ├────────────────────┼─────────────┼─────────────┼──────────────────────────────────────────────────────────────────┤
 | 0x0000000000007f9d | 17          | 19          | 0 0 1 0 0 1 0 1 1 1 1 1 0 1 0 0 0 1 0 1 0 0 0 0 0 0 0 0 0 0 0 0  |
 ├────────────────────┼─────────────┼─────────────┼──────────────────────────────────────────────────────────────────┤
 | 0x0000000000008aad | 0           | 1           | 1 1 0 0 1 1 1 0 1 1 1 0 0 0 0 0 0 0 0 0 0 0 0 0 0 0 0 0 0 0 0 0  |
 ├────────────────────┼─────────────┼─────────────┼──────────────────────────────────────────────────────────────────┤
 | 0x0000000000008a7f | 27          | 28          | 0 0 0 0 0 0 0 0 0 0 0 0 0 0 0 0 0 0 0 0 0 0 0 0 0 0 0 1 1 0 0 0  |
 ├────────────────────┼─────────────┼─────────────┼──────────────────────────────────────────────────────────────────┤
 | 0x00000000000005f0 | 12          | 11          | 0 0 0 0 0 0 0 0 0 0 1 1 1 1 0 0 0 0 0 0 0 0 0 0 0 0 0 0 0 0 0 0  |
 ├────────────────────┼─────────────┼─────────────┼──────────────────────────────────────────────────────────────────┤
 | 0x0000000000000518 | 21          | 20          | 0 0 0 0 0 0 0 0 0 0 0 0 0 0 0 0 0 0 0 0 1 1 0 0 0 0 0 0 0 0 0 0  |
 ├────────────────────┼─────────────┼─────────────┼──────────────────────────────────────────────────────────────────┤
 | 0x0000000000000757 | 0           | 1           | 1 1 1 1 1 1 1 1 1 1 1 1 1 1 1 1 1 1 1 1 1 1 0 0 0 0 0 0 0 0 0 0  |
 ├────────────────────┼─────────────┼─────────────┼──────────────────────────────────────────────────────────────────┤
 | 0x000000000000027b | 22          | 23          | 0 0 0 0 0 0 0 1 1 0 0 0 0 0 0 1 0 1 0 0 0 0 1 1 0 0 0 0 0 0 0 0  |
 ├────────────────────┼─────────────┼─────────────┼──────────────────────────────────────────────────────────────────┤
 | 0x0000000000008ab2 | 3           | 4           | 0 0 0 1 1 0 0 0 0 0 0 0 0 0 0 0 0 0 0 0 0 0 0 0 0 0 0 0 0 0 0 0  |
 ├────────────────────┼─────────────┼─────────────┼──────────────────────────────────────────────────────────────────┤
 | 0x0000000000008ab4 | 3           | 4           | 0 0 0 1 1 0 0 0 0 0 0 0 0 0 0 0 0 0 0 0 0 0 0 0 0 0 0 0 0 0 0 0  |
 ├────────────────────┼─────────────┼─────────────┼──────────────────────────────────────────────────────────────────┤
 | 0x000000000000051f | 26          | 30          | 0 0 0 0 0 0 0 0 0 0 0 0 0 0 0 0 0 0 0 0 0 0 0 0 0 0 1 0 1 1 1 0  |
 ├────────────────────┼─────────────┼─────────────┼──────────────────────────────────────────────────────────────────┤
 | 0x000000000000028e | 8           | 3           | 1 1 0 1 0 0 1 0 1 0 0 0 1 0 0 0 0 0 0 1 1 0 0 0 0 0 0 0 0 1 1 0  |
 ├────────────────────┼─────────────┼─────────────┼──────────────────────────────────────────────────────────────────┤
 | 0x000000000000055b | 0           | 1           | 1 1 1 1 1 1 1 1 0 0 0 0 0 0 0 0 0 0 0 0 0 0 0 0 0 0 0 0 0 0 0 0  |
 ├────────────────────┼─────────────┼─────────────┼──────────────────────────────────────────────────────────────────┤
 | 0x000000000000054a | 23          | 25          | 0 0 0 0 0 0 0 0 0 0 0 0 0 0 0 0 0 0 0 0 0 0 0 1 0 1 0 0 0 0 0 0  |
 ├────────────────────┼─────────────┼─────────────┼──────────────────────────────────────────────────────────────────┤
 | 0x000000000000085f | 29          | 30          | 0 0 0 0 0 0 0 0 0 0 0 0 0 0 0 0 0 0 0 0 0 0 0 0 0 0 0 0 0 1 1 1  |
 ├────────────────────┼─────────────┼─────────────┼──────────────────────────────────────────────────────────────────┤
 | 0x0000000000000538 | 8           | 10          | 0 0 0 0 0 0 0 0 1 1 1 0 0 0 0 0 0 0 0 1 1 0 0 0 0 0 0 0 0 0 0 0  |
 ├────────────────────┼─────────────┼─────────────┼──────────────────────────────────────────────────────────────────┤
 | 0x00000000000008ac | 0           | 1           | 1 1 1 1 1 1 1 1 1 1 1 1 1 1 1 1 1 1 1 1 1 1 1 1 1 1 1 1 1 1 0 0  |
 ├────────────────────┼─────────────┼─────────────┼──────────────────────────────────────────────────────────────────┤
 | 0x0000000000000756 | 21          | 22          | 0 0 0 0 0 0 0 0 0 0 0 0 0 0 0 0 0 0 0 0 0 1 1 1 1 1 1 1 1 1 1 1  |
 ├────────────────────┼─────────────┼─────────────┼──────────────────────────────────────────────────────────────────┤
 | 0x0000000000008ab1 | 1           | 2           | 0 1 1 0 0 0 0 0 0 1 0 0 0 0 0 0 0 0 0 0 0 0 0 0 0 0 0 0 0 0 0 0  |
 ├────────────────────┼─────────────┼─────────────┼──────────────────────────────────────────────────────────────────┤
 | 0x00000000000002ca | 26          | 28          | 0 0 0 0 0 0 0 0 0 0 0 0 0 0 0 0 0 0 1 1 1 0 1 0 0 1 1 1 1 1 0 0  |
 ├────────────────────┼─────────────┼─────────────┼──────────────────────────────────────────────────────────────────┤
 | 0x000000000000062f | 12          | 14          | 0 0 0 0 0 0 0 0 0 0 0 0 1 0 1 0 0 0 0 0 0 0 0 0 0 0 0 0 0 0 0 0  |
 ├────────────────────┼─────────────┼─────────────┼──────────────────────────────────────────────────────────────────┤
 | 0x000000000000028b | 25          | 29          | 0 0 0 0 1 0 0 0 0 1 1 1 0 1 1 1 1 1 1 0 1 0 0 1 1 1 1 1 0 1 1 1  |
 ├────────────────────┼─────────────┼─────────────┼──────────────────────────────────────────────────────────────────┤
 | 0x0000000000008a81 | 30          | 29          | 0 0 0 0 0 0 0 0 0 0 0 0 0 0 0 0 0 0 0 1 0 0 0 0 1 1 1 0 1 1 1 0  |
 └────────────────────┴─────────────┴─────────────┴──────────────────────────────────────────────────────────────────┘
Accumulation table end
Offset pattern table begin
 ┌────────────────────┬─────────────┬───────────────────────────────────────────────────────────────────────────────────────────────┐
 | Key                | Second      | Pattern                                                                                       |
 ├────────────────────┼─────────────┼───────────────────────────────────────────────────────────────────────────────────────────────┤
 | 0x0000000000000000 | 1           | 29 28 26 24 22 17 17 17 17 17 17 17 18 16 17 17 18 17 18 18 17 17 13 13 13 12 12 12 12 8 4 4  |
 ├────────────────────┼─────────────┼───────────────────────────────────────────────────────────────────────────────────────────────┤
 | 0x0000000000000001 | 0           | 25 12 10 12 8 7 5 5 4 5 4 4 4 4 3 3 4 2 3 3 2 2 2 3 1 1 0 1 2 1 1 10                          |
 ├────────────────────┼─────────────┼───────────────────────────────────────────────────────────────────────────────────────────────┤
 | 0x0000000000000002 | 4           | 16 9 3 4 4 3 1 0 1 1 1 1 1 1 2 1 0 1 1 0 1 1 0 0 0 1 1 0 0 0 5 6                              |
 ├────────────────────┼─────────────┼───────────────────────────────────────────────────────────────────────────────────────────────┤
 | 0x0000000000000003 | 30          | 19 10 5 6 4 4 4 2 1 1 3 2 1 1 0 2 0 1 2 2 4 2 2 3 3 4 2 2 0 4 5 6                             |
 ├────────────────────┼─────────────┼───────────────────────────────────────────────────────────────────────────────────────────────┤
 | 0x0000000000000004 | 5           | 20 17 14 13 13 13 12 13 13 13 13 12 14 14 14 14 12 13 12 12 12 11 12 13 13 12 12 12 1 2 1 2   |
 ├────────────────────┼─────────────┼───────────────────────────────────────────────────────────────────────────────────────────────┤
 | 0x0000000000000005 | 4           | 19 4 3 3 3 0 0 0 0 0 0 0 1 0 1 0 0 0 0 0 0 0 0 0 0 0 0 2 3 2 2 12                             |
 ├────────────────────┼─────────────┼───────────────────────────────────────────────────────────────────────────────────────────────┤
 | 0x0000000000000006 | 7           | 16 10 4 3 1 1 2 0 0 0 0 1 1 1 2 0 0 0 0 0 0 0 0 2 2 0 5 5 4 4 3 5                             |
 ├────────────────────┼─────────────┼───────────────────────────────────────────────────────────────────────────────────────────────┤
 | 0x0000000000000007 | 25          | 22 6 1 2 1 2 1 0 1 0 1 0 9 0 0 9 1 0 9 0 0 0 0 0 0 1 2 1 0 0 2 7                              |
 ├────────────────────┼─────────────┼───────────────────────────────────────────────────────────────────────────────────────────────┤
 | 0x0000000000000008 | 28          | 21 9 3 2 1 1 2 3 0 0 1 2 2 1 2 2 0 1 1 1 8 0 0 0 2 2 2 2 2 2 4 6                              |
 ├────────────────────┼─────────────┼───────────────────────────────────────────────────────────────────────────────────────────────┤
 | 0x0000000000000009 | 10          | 31 14 7 6 4 5 4 3 1 3 3 2 2 1 1 1 2 0 1 1 0 0 1 9 9 7 7 5 9 7 11 15                           |
 ├────────────────────┼─────────────┼───────────────────────────────────────────────────────────────────────────────────────────────┤
 | 0x000000000000000a | 7           | 26 2 2 1 2 1 2 1 1 1 1 0 1 0 1 0 0 1 0 0 0 0 1 1 1 1 0 1 1 19 1 3                             |
 ├────────────────────┼─────────────┼───────────────────────────────────────────────────────────────────────────────────────────────┤
 | 0x000000000000000b | 12          | 23 10 8 7 5 4 7 3 3 3 4 3 2 5 3 2 4 3 3 2 2 4 3 4 5 4 4 5 5 6 3 7                             |
 ├────────────────────┼─────────────┼───────────────────────────────────────────────────────────────────────────────────────────────┤
 | 0x000000000000000c | 11          | 29 6 12 2 1 0 0 0 0 0 1 0 0 0 0 0 1 0 0 0 1 1 1 1 1 2 1 2 2 0 16 17                           |
 ├────────────────────┼─────────────┼───────────────────────────────────────────────────────────────────────────────────────────────┤
 | 0x000000000000000d | 12          | 24 13 8 6 3 4 6 4 4 3 3 3 2 2 2 0 1 1 1 8 6 4 6 6 4 3 4 5 4 5 7 10                            |
 ├────────────────────┼─────────────┼───────────────────────────────────────────────────────────────────────────────────────────────┤
 | 0x000000000000000e | 12          | 31 12 11 9 17 18 5 6 6 5 4 3 4 3 1 3 3 1 2 13 2 1 1 2 3 2 3 3 4 2 2 6                         |
 ├────────────────────┼─────────────┼───────────────────────────────────────────────────────────────────────────────────────────────┤
 | 0x000000000000000f | 16          | 31 29 4 3 3 4 3 2 2 2 2 2 2 0 1 1 2 2 2 1 1 1 0 0 0 0 0 1 1 2 3 28                            |
 ├────────────────────┼─────────────┼───────────────────────────────────────────────────────────────────────────────────────────────┤
 | 0x0000000000000010 | 14          | 24 13 10 6 6 4 3 3 4 3 3 4 3 3 3 3 4 4 3 6 4 4 4 4 4 3 4 5 7 5 6 8                            |
 ├────────────────────┼─────────────┼───────────────────────────────────────────────────────────────────────────────────────────────┤
 | 0x0000000000000011 | 16          | 31 23 24 3 21 0 0 0 0 0 0 0 1 0 0 0 21 0 20 21 20 0 0 0 1 0 0 1 1 0 1 25                      |
 ├────────────────────┼─────────────┼───────────────────────────────────────────────────────────────────────────────────────────────┤
 | 0x0000000000000012 | 17          | 22 17 1 0 2 1 1 1 0 1 0 0 0 0 1 16 1 1 1 1 2 1 2 2 1 2 2 2 17 1 2 2                           |
 ├────────────────────┼─────────────┼───────────────────────────────────────────────────────────────────────────────────────────────┤
 | 0x0000000000000013 | 18          | 16 6 3 4 3 4 4 2 2 2 2 2 1 2 4 2 3 2 2 3 2 2 2 2 2 2 2 3 2 1 4 7                              |
 ├────────────────────┼─────────────┼───────────────────────────────────────────────────────────────────────────────────────────────┤
 | 0x0000000000000014 | 21          | 19 4 4 2 2 2 2 1 1 11 11 1 12 11 2 11 3 0 12 3 6 0 1 2 10 1 1 1 3 3 3 14                      |
 ├────────────────────┼─────────────┼───────────────────────────────────────────────────────────────────────────────────────────────┤
 | 0x0000000000000015 | 22          | 29 20 17 17 18 18 18 17 17 18 17 1 1 1 1 1 1 1 1 1 1 1 0 1 1 0 1 1 2 1 3 8                    |
 ├────────────────────┼─────────────┼───────────────────────────────────────────────────────────────────────────────────────────────┤
 | 0x0000000000000016 | 19          | 22 11 8 7 4 4 6 5 4 6 2 2 2 2 2 2 2 2 3 2 3 0 1 1 1 1 1 1 3 4 5 8                             |
 ├────────────────────┼─────────────┼───────────────────────────────────────────────────────────────────────────────────────────────┤
 | 0x0000000000000017 | 26          | 22 14 9 6 6 4 7 6 6 1 1 1 1 3 3 2 4 2 4 5 4 2 5 6 6 6 5 5 5 5 5 6                             |
 ├────────────────────┼─────────────┼───────────────────────────────────────────────────────────────────────────────────────────────┤
 | 0x0000000000000018 | 31          | 23 3 7 3 2 7 8 20 1 1 1 1 1 0 1 1 2 1 2 2 1 1 1 2 2 2 1 2 1 0 1 7                             |
 ├────────────────────┼─────────────┼───────────────────────────────────────────────────────────────────────────────────────────────┤
 | 0x0000000000000019 | 24          | 22 14 12 7 11 11 11 0 0 1 1 5 1 1 2 1 4 6 7 3 6 6 6 6 6 2 1 8 3 1 9 11                        |
 ├────────────────────┼─────────────┼───────────────────────────────────────────────────────────────────────────────────────────────┤
 | 0x000000000000001a | 27          | 16 14 8 8 7 6 0 0 0 0 0 0 0 0 0 0 0 0 0 0 0 0 0 0 0 0 0 1 1 1 0 1                             |
 ├────────────────────┼─────────────┼───────────────────────────────────────────────────────────────────────────────────────────────┤
 | 0x000000000000001b | 26          | 26 15 5 6 5 0 0 0 3 3 3 2 2 2 2 2 3 3 3 3 2 2 1 2 2 3 2 3 1 2 7 10                            |
 ├────────────────────┼─────────────┼───────────────────────────────────────────────────────────────────────────────────────────────┤
 | 0x000000000000001c | 27          | 31 24 6 5 1 1 0 2 0 0 0 0 0 0 0 0 1 0 1 2 1 1 1 1 1 1 1 3 3 4 5 10                            |
 ├────────────────────┼─────────────┼───────────────────────────────────────────────────────────────────────────────────────────────┤
 | 0x000000000000001d | 28          | 23 14 13 0 0 0 0 0 0 0 0 0 0 0 0 0 0 0 0 0 0 0 0 0 0 0 0 0 0 0 0 8                            |
 ├────────────────────┼─────────────┼───────────────────────────────────────────────────────────────────────────────────────────────┤
 | 0x000000000000001e | 26          | 26 15 0 2 1 2 0 1 1 1 1 0 1 1 3 1 2 3 1 3 2 3 3 4 3 3 2 5 8 3 6 11                            |
 ├────────────────────┼─────────────┼───────────────────────────────────────────────────────────────────────────────────────────────┤
 | 0x000000000000001f | 29          | 29 0 0 0 0 1 0 0 0 1 2 3 4 2 4 4 5 7 7 5 7 6 4 9 13 13 8 19 13 10 16 19                       |
 └────────────────────┴─────────────┴───────────────────────────────────────────────────────────────────────────────────────────────┘
Offset pattern table end
PC pattern table begin
 ┌────────────────────┬─────────────┬───────────────────────────────────────────┐
 | Key                | Second      | Pattern                                   |
 ├────────────────────┼─────────────┼───────────────────────────────────────────┤
 | 0x0000000000000000 | 13          | 25 11 4 0 0 0 0 0 0 0 0 0 0 0 2 6         |
 ├────────────────────┼─────────────┼───────────────────────────────────────────┤
 | 0x0000000000000001 | 23          | 25 2 2 20 0 0 0 0 0 0 0 0 2 1 1 4         |
 ├────────────────────┼─────────────┼───────────────────────────────────────────┤
 | 0x0000000000000002 | 1           | 23 12 2 1 1 2 1 0 0 0 0 1 2 2 2 2         |
 ├────────────────────┼─────────────┼───────────────────────────────────────────┤
 | 0x0000000000000003 | 17          | 25 10 6 9 4 4 4 4 4 3 3 3 3 3 3 1         |
 ├────────────────────┼─────────────┼───────────────────────────────────────────┤
 | 0x0000000000000004 | 22          | 19 11 10 6 5 6 7 5 5 5 4 5 6 6 4 6        |
 ├────────────────────┼─────────────┼───────────────────────────────────────────┤
 | 0x0000000000000005 | 12          | 29 6 2 5 1 3 6 6 6 7 4 8 9 8 10 9         |
 ├────────────────────┼─────────────┼───────────────────────────────────────────┤
 | 0x0000000000000006 | 8           | 16 12 5 3 2 3 3 2 3 3 5 4 5 5 7 7         |
 ├────────────────────┼─────────────┼───────────────────────────────────────────┤
 | 0x0000000000000007 | 18          | 29 1 0 0 0 0 0 3 0 0 0 0 0 0 2 3          |
 ├────────────────────┼─────────────┼───────────────────────────────────────────┤
 | 0x0000000000000008 | 16          | 23 20 0 0 0 0 0 0 0 0 0 0 0 0 0 1         |
 ├────────────────────┼─────────────┼───────────────────────────────────────────┤
 | 0x0000000000000009 | 11          | 17 6 0 0 0 0 0 0 0 1 0 0 1 2 2 10         |
 ├────────────────────┼─────────────┼───────────────────────────────────────────┤
 | 0x000000000000000a | 21          | 24 20 13 4 2 4 7 9 12 14 14 5 5 8 16 9    |
 ├────────────────────┼─────────────┼───────────────────────────────────────────┤
 | 0x000000000000000b | 20          | 11 6 2 4 0 4 8 4 0 0 2 4 5 6 7 3          |
 ├────────────────────┼─────────────┼───────────────────────────────────────────┤
 | 0x000000000000000c | 19          | 29 27 26 10 10 10 8 8 21 21 21 7 6 6 6 2  |
 ├────────────────────┼─────────────┼───────────────────────────────────────────┤
 | 0x000000000000000d | 17          | 21 10 6 0 2 2 2 2 0 2 0 0 2 0 6 11        |
 ├────────────────────┼─────────────┼───────────────────────────────────────────┤
 | 0x000000000000000e | 5           | 20 2 0 2 1 0 0 0 0 0 0 0 0 0 1 0          |
 ├────────────────────┼─────────────┼───────────────────────────────────────────┤
 | 0x000000000000000f | 30          | 22 5 2 1 12 11 10 9 1 10 4 3 12 3 3 15    |
 ├────────────────────┼─────────────┼───────────────────────────────────────────┤
 | 0x0000000000000010 | 27          | 18 16 12 9 8 8 8 6 7 8 7 5 5 5 4 1        |
 ├────────────────────┼─────────────┼───────────────────────────────────────────┤
 | 0x0000000000000011 | 30          | 30 5 3 4 18 16 16 13 0 16 6 2 13 0 6 21   |
 ├────────────────────┼─────────────┼───────────────────────────────────────────┤
 | 0x0000000000000012 | 14          | 23 22 22 8 3 2 6 1 3 6 6 7 7 2 20 6       |
 ├────────────────────┼─────────────┼───────────────────────────────────────────┤
 | 0x0000000000000013 | 12          | 17 7 5 4 3 3 2 2 2 2 2 2 2 2 1 3          |
 ├────────────────────┼─────────────┼───────────────────────────────────────────┤
 | 0x0000000000000014 | 14          | 20 13 4 2 4 2 1 2 2 2 1 3 2 9 10 14       |
 ├────────────────────┼─────────────┼───────────────────────────────────────────┤
 | 0x0000000000000015 | 7           | 18 1 0 0 0 0 0 0 0 0 0 0 0 0 16 0         |
 ├────────────────────┼─────────────┼───────────────────────────────────────────┤
 | 0x0000000000000016 | 13          | 18 0 3 0 0 0 0 14 0 3 0 0 0 0 14 0        |
 ├────────────────────┼─────────────┼───────────────────────────────────────────┤
 | 0x0000000000000017 | 25          | 31 9 2 4 0 2 9 2 9 8 5 0 0 0 0 1          |
 ├────────────────────┼─────────────┼───────────────────────────────────────────┤
 | 0x0000000000000018 | 26          | 29 15 3 1 1 1 0 0 0 0 0 0 0 1 2 2         |
 ├────────────────────┼─────────────┼───────────────────────────────────────────┤
 | 0x0000000000000019 | 26          | 17 16 8 6 4 2 2 5 6 5 6 8 8 9 9 1         |
 ├────────────────────┼─────────────┼───────────────────────────────────────────┤
 | 0x000000000000001a | 27          | 28 5 7 6 1 1 1 0 1 1 0 1 1 1 2 22         |
 ├────────────────────┼─────────────┼───────────────────────────────────────────┤
 | 0x000000000000001b | 21          | 17 8 0 2 2 0 2 2 2 4 4 0 4 7 10 11        |
 ├────────────────────┼─────────────┼───────────────────────────────────────────┤
 | 0x000000000000001c | 26          | 23 1 0 3 8 8 8 8 0 7 3 0 7 0 0 13         |
 ├────────────────────┼─────────────┼───────────────────────────────────────────┤
 | 0x000000000000001d | 6           | 26 14 1 1 0 0 1 1 0 0 1 3 2 2 3 2         |
 ├────────────────────┼─────────────┼───────────────────────────────────────────┤
 | 0x000000000000001e | 24          | 24 15 2 1 1 0 0 1 0 1 1 1 1 1 0 5         |
 ├────────────────────┼─────────────┼───────────────────────────────────────────┤
 | 0x000000000000001f | 3           | 18 9 6 7 2 4 3 1 0 1 1 0 1 0 2 2          |
 └────────────────────┴─────────────┴───────────────────────────────────────────┘
PC pattern table end
Prefetch buffer begin
 ┌────────────────────┬──────────────────────────────────────────────────────────────────┐
 | Region             | Pattern                                                          |
 ├────────────────────┼──────────────────────────────────────────────────────────────────┤
 | 0x000000000000063a | 2 0 0 0 0 0 0 0 0 0 0 2 2 0 2 2 2 0 0 0 0 0 0 0 0 0 0 0 0 0 0 0  |
 ├────────────────────┼──────────────────────────────────────────────────────────────────┤
 | 0x00000000000005d7 | 2 2 0 0 0 0 2 2 2 2 2 2 2 2 0 0 0 0 0 0 0 0 0 0 0 0 0 0 0 0 0 0  |
 ├────────────────────┼──────────────────────────────────────────────────────────────────┤
 | 0x0000000000008a7f | 0 0 0 0 0 0 0 0 0 0 0 0 0 0 0 0 0 0 0 0 0 0 0 0 0 0 2 0 0 2 2 0  |
 ├────────────────────┼──────────────────────────────────────────────────────────────────┤
 | 0x000000000000065c | 2 2 0 0 0 2 0 0 0 0 0 0 0 0 0 0 0 0 0 0 0 0 0 0 0 0 0 0 0 0 0 0  |
 ├────────────────────┼──────────────────────────────────────────────────────────────────┤
 | 0x000000000000060c | 0 0 0 0 0 0 0 0 0 0 0 0 0 0 0 0 0 0 0 0 0 0 0 0 2 2 2 2 2 0 0 0  |
 ├────────────────────┼──────────────────────────────────────────────────────────────────┤
 | 0x0000000000003792 | 0 2 0 0 0 0 0 0 0 0 2 2 0 0 0 0 0 0 2 2 0 0 0 0 0 0 0 0 0 0 0 0  |
 ├────────────────────┼──────────────────────────────────────────────────────────────────┤
 | 0x0000000000000635 | 0 0 0 0 0 0 0 0 0 2 2 2 2 2 2 2 2 2 2 2 2 2 2 2 2 2 2 2 2 2 0 0  |
 ├────────────────────┼──────────────────────────────────────────────────────────────────┤
 | 0x0000000000007dc2 | 2 2 2 2 2 2 2 2 2 2 2 2 2 2 2 0 0 2 2 2 2 2 2 2 2 2 2 2 2 2 2 2  |
 ├────────────────────┼──────────────────────────────────────────────────────────────────┤
 | 0x0000000000008a71 | 2 2 2 2 2 0 0 2 2 0 0 0 0 0 0 0 0 0 0 0 0 0 2 2 0 0 0 0 0 0 0 0  |
 ├────────────────────┼──────────────────────────────────────────────────────────────────┤
 | 0x0000000000008297 | 0 0 0 0 0 0 0 0 0 0 0 0 0 0 0 0 0 0 0 0 0 0 0 0 0 0 0 0 2 2 2 2  |
 ├────────────────────┼──────────────────────────────────────────────────────────────────┤
 | 0x0000000000008955 | 2 2 2 2 2 0 0 2 0 0 0 0 0 0 0 0 0 0 0 0 0 0 0 0 0 0 0 0 0 0 0 0  |
 ├────────────────────┼──────────────────────────────────────────────────────────────────┤
 | 0x000000000000063e | 0 0 0 2 2 2 2 0 0 0 0 0 0 0 0 0 0 0 0 0 0 0 0 0 0 0 0 0 0 0 0 0  |
 ├────────────────────┼──────────────────────────────────────────────────────────────────┤
 | 0x0000000000008a84 | 2 2 2 0 0 0 0 0 0 0 0 0 0 0 0 0 0 0 0 0 0 0 2 2 2 2 2 2 2 2 2 2  |
 ├────────────────────┼──────────────────────────────────────────────────────────────────┤
 | 0x00000000000005e3 | 0 0 0 0 0 0 2 2 2 2 2 2 2 2 2 2 2 2 2 2 2 2 2 2 2 2 2 2 2 2 2 2  |
 ├────────────────────┼──────────────────────────────────────────────────────────────────┤
 | 0x0000000000000640 | 0 0 0 0 0 0 0 2 0 0 0 0 2 2 0 0 0 0 0 0 0 0 0 0 0 0 0 0 0 0 0 0  |
 ├────────────────────┼──────────────────────────────────────────────────────────────────┤
 | 0x0000000000000668 | 0 0 0 0 0 0 0 0 0 0 0 0 0 0 2 2 0 0 0 0 0 0 0 0 0 0 0 0 0 0 0 0  |
 ├────────────────────┼──────────────────────────────────────────────────────────────────┤
 | 0x000000000000064f | 0 0 0 0 0 0 0 0 0 0 0 0 0 0 0 2 0 0 0 0 0 0 0 0 0 0 0 0 2 0 0 0  |
 ├────────────────────┼──────────────────────────────────────────────────────────────────┤
 | 0x0000000000000623 | 2 2 2 2 2 2 2 2 0 0 0 0 0 0 0 0 0 0 0 0 0 0 0 0 0 0 0 0 0 0 0 0  |
 ├────────────────────┼──────────────────────────────────────────────────────────────────┤
 | 0x00000000000005e8 | 2 2 0 0 0 0 2 2 2 2 2 2 2 2 0 0 2 2 0 0 0 0 0 0 0 0 0 0 0 0 0 0  |
 ├────────────────────┼──────────────────────────────────────────────────────────────────┤
 | 0x0000000000005a8b | 2 0 0 0 0 0 0 0 0 0 0 0 2 2 0 0 0 0 0 0 0 0 0 0 0 0 0 0 0 0 0 0  |
 ├────────────────────┼──────────────────────────────────────────────────────────────────┤
 | 0x00000000000005e7 | 2 2 2 2 2 2 2 2 2 2 2 2 2 2 2 2 2 2 2 2 2 2 0 0 0 0 0 0 0 0 0 0  |
 ├────────────────────┼──────────────────────────────────────────────────────────────────┤
 | 0x0000000000003189 | 2 2 2 0 0 2 2 0 0 0 0 2 2 2 2 2 2 2 2 0 0 2 2 2 2 2 2 2 2 2 2 0  |
 ├────────────────────┼──────────────────────────────────────────────────────────────────┤
 | 0x0000000000000512 | 0 2 0 2 0 0 0 0 0 0 0 0 0 0 0 0 0 0 0 0 0 0 0 0 0 0 0 0 0 0 0 0  |
 ├────────────────────┼──────────────────────────────────────────────────────────────────┤
 | 0x0000000000000aa3 | 0 0 0 0 0 0 0 0 0 0 0 0 0 0 0 0 0 2 2 2 2 2 2 2 2 2 2 2 2 2 0 0  |
 └────────────────────┴──────────────────────────────────────────────────────────────────┘
Prefetch buffer end
Filter by PPT: 0
Prefetch Request to L1: 210880, Prefetch Request to L2: 12796431
Invalid by Eviction: 111695
Invalid by Max: 137438
Final L1D Threshold: 0.901
Final Demand Reserve: 25.0%
Filter table begin
 ┌────────┬────────┐
 | Region | Offset |
 └────────┴────────┘
Filter table end
Accumulation table begin
 ┌────────────────────┬─────────────┬─────────────┬──────────────────────────────────────────────────────────────────┐
 | Region             | Offset      | Second      | Pattern                                                          |
 ├────────────────────┼─────────────┼─────────────┼──────────────────────────────────────────────────────────────────┤
 | 0x0000000000005548 | 5           | 0           | 1 1 0 1 1 1 1 1 1 1 1 1 1 1 1 1 1 1 1 1 1 0 1 1 1 1 1 1 1 1 1 1  |
 ├────────────────────┼─────────────┼─────────────┼──────────────────────────────────────────────────────────────────┤
 | 0x0000000000002ddb | 0           | 1           | 1 1 0 0 0 0 0 0 0 0 0 0 0 0 0 0 0 0 0 0 0 0 0 0 0 0 0 0 0 0 0 0  |
 ├────────────────────┼─────────────┼─────────────┼──────────────────────────────────────────────────────────────────┤
 | 0x000000000000555a | 5           | 15          | 0 0 0 0 0 1 0 0 0 0 0 0 1 0 0 1 0 0 0 0 1 0 0 0 0 0 0 1 0 0 0 1  |
 ├────────────────────┼─────────────┼─────────────┼──────────────────────────────────────────────────────────────────┤
 | 0x0000000000002dd1 | 0           | 1           | 1 1 1 1 1 1 1 1 1 1 1 1 1 1 1 1 1 1 1 1 1 1 1 1 1 1 1 1 1 1 1 1  |
 ├────────────────────┼─────────────┼─────────────┼──────────────────────────────────────────────────────────────────┤
 | 0x0000000000005560 | 1           | 21          | 0 1 0 0 0 0 0 0 0 0 0 0 0 0 0 0 0 0 0 0 0 1 0 1 0 1 0 1 0 1 1 0  |
 ├────────────────────┼─────────────┼─────────────┼──────────────────────────────────────────────────────────────────┤
 | 0x0000000000002dd7 | 2           | 9           | 0 0 1 0 0 1 0 0 0 1 0 0 0 0 0 0 0 0 0 0 1 0 1 0 0 1 0 1 0 1 0 1  |
 ├────────────────────┼─────────────┼─────────────┼──────────────────────────────────────────────────────────────────┤
 | 0x0000000000002dd2 | 0           | 1           | 1 1 1 1 1 1 1 1 1 1 1 1 1 0 1 0 0 1 1 1 0 0 0 1 1 1 0 1 1 0 1 1  |
 ├────────────────────┼─────────────┼─────────────┼──────────────────────────────────────────────────────────────────┤
 | 0x000000000000553c | 5           | 12          | 0 1 1 1 1 1 0 0 0 0 1 1 1 0 1 1 1 1 1 0 0 0 0 0 0 1 0 1 0 1 0 0  |
 ├────────────────────┼─────────────┼─────────────┼──────────────────────────────────────────────────────────────────┤
 | 0x000000000000554d | 3           | 6           | 0 1 0 1 0 0 1 0 1 1 0 1 0 0 1 0 1 0 0 1 0 0 1 0 0 1 1 0 1 1 1 1  |
 ├────────────────────┼─────────────┼─────────────┼──────────────────────────────────────────────────────────────────┤
 | 0x0000000000002dd4 | 0           | 2           | 1 1 1 1 1 0 0 1 0 0 1 1 1 1 1 0 1 1 1 0 1 1 0 1 1 1 1 1 1 0 1 0  |
 ├────────────────────┼─────────────┼─────────────┼──────────────────────────────────────────────────────────────────┤
 | 0x0000000000002dcf | 8           | 9           | 1 0 0 0 0 1 0 1 1 1 1 1 1 1 1 1 1 1 1 1 1 1 1 1 1 1 0 1 1 1 1 1  |
 ├────────────────────┼─────────────┼─────────────┼──────────────────────────────────────────────────────────────────┤
 | 0x0000000000005556 | 0           | 1           | 1 1 0 0 1 0 0 1 1 1 1 1 0 1 1 1 0 1 1 0 1 1 1 1 1 1 0 1 0 1 0 1  |
 ├────────────────────┼─────────────┼─────────────┼──────────────────────────────────────────────────────────────────┤
 | 0x0000000000002dd8 | 0           | 4           | 1 0 0 0 1 0 0 0 0 0 0 0 0 0 0 0 0 0 0 0 0 0 0 0 1 0 1 0 1 0 1 0  |
 ├────────────────────┼─────────────┼─────────────┼──────────────────────────────────────────────────────────────────┤
 | 0x0000000000002dda | 1           | 2           | 0 1 1 0 1 1 1 1 1 1 1 1 1 0 1 1 1 1 1 1 0 1 0 1 1 0 1 0 1 1 0 1  |
 ├────────────────────┼─────────────┼─────────────┼──────────────────────────────────────────────────────────────────┤
 | 0x000000000000553d | 5           | 6           | 0 0 1 0 1 1 1 1 1 1 1 1 1 1 1 1 1 1 1 1 1 1 1 0 1 1 1 1 1 1 1 1  |
 ├────────────────────┼─────────────┼─────────────┼──────────────────────────────────────────────────────────────────┤
 | 0x00000000000002c0 | 18          | 19          | 0 0 0 0 0 0 0 0 0 0 0 0 0 0 0 0 0 0 1 1 0 0 0 0 0 0 0 0 0 0 0 0  |
 ├────────────────────┼─────────────┼─────────────┼──────────────────────────────────────────────────────────────────┤
 | 0x0000000000005568 | 1           | 2           | 0 1 1 1 1 1 1 1 1 1 0 1 1 1 1 1 1 0 1 0 1 1 0 1 0 1 1 0 1 1 0 0  |
 ├────────────────────┼─────────────┼─────────────┼──────────────────────────────────────────────────────────────────┤
 | 0x0000000000002dd9 | 0           | 1           | 1 1 0 0 0 1 0 1 1 0 1 0 1 0 1 0 0 0 1 0 0 1 0 1 1 1 1 1 1 1 0 1  |
 ├────────────────────┼─────────────┼─────────────┼──────────────────────────────────────────────────────────────────┤
 | 0x0000000000002dd5 | 0           | 2           | 1 0 1 1 0 1 1 1 0 0 1 1 0 0 1 0 1 0 0 0 0 0 0 0 0 0 0 0 0 0 0 0  |
 ├────────────────────┼─────────────┼─────────────┼──────────────────────────────────────────────────────────────────┤
 | 0x0000000000002dd0 | 1           | 7           | 1 1 1 1 1 0 1 1 1 1 1 1 1 1 1 1 1 1 1 1 1 1 1 1 0 1 1 1 1 1 1 1  |
 ├────────────────────┼─────────────┼─────────────┼──────────────────────────────────────────────────────────────────┤
 | 0x0000000000005557 | 0           | 2           | 1 0 1 1 1 0 0 1 1 0 0 1 0 1 0 0 0 0 0 0 0 0 0 0 0 0 0 0 0 0 0 0  |
 ├────────────────────┼─────────────┼─────────────┼──────────────────────────────────────────────────────────────────┤
 | 0x0000000000002dd3 | 0           | 6           | 1 0 1 0 1 0 1 0 0 1 0 1 1 0 1 0 0 1 0 1 0 0 1 0 0 1 0 0 1 1 0 1  |
 ├────────────────────┼─────────────┼─────────────┼──────────────────────────────────────────────────────────────────┤
 | 0x0000000000005549 | 2           | 3           | 1 1 1 1 1 1 1 1 1 1 1 1 1 1 1 1 1 1 1 1 1 1 1 1 1 1 1 1 1 1 1 1  |
 ├────────────────────┼─────────────┼─────────────┼──────────────────────────────────────────────────────────────────┤
 | 0x0000000000002db9 | 0           | 1           | 1 1 1 1 1 1 1 1 1 0 0 0 0 0 0 0 0 0 0 0 0 0 0 0 0 0 0 0 0 0 0 0  |
 ├────────────────────┼─────────────┼─────────────┼──────────────────────────────────────────────────────────────────┤
 | 0x0000000000005561 | 2           | 4           | 0 0 1 0 1 1 0 1 0 1 0 1 0 0 0 1 0 0 1 0 1 1 1 1 1 1 1 0 1 0 1 1  |
 ├────────────────────┼─────────────┼─────────────┼──────────────────────────────────────────────────────────────────┤
 | 0x000000000000554c | 2           | 0           | 1 1 1 1 1 1 1 1 1 1 0 1 0 0 1 1 1 0 0 0 1 1 1 0 1 1 0 1 1 1 0 1  |
 ├────────────────────┼─────────────┼─────────────┼──────────────────────────────────────────────────────────────────┤
 | 0x0000000000002dd6 | 23          | 30          | 0 0 0 0 0 0 0 0 1 0 0 0 0 0 0 1 0 0 1 0 0 0 0 1 0 0 0 0 0 0 1 0  |
 ├────────────────────┼─────────────┼─────────────┼──────────────────────────────────────────────────────────────────┤
 | 0x000000000000555b | 6           | 2           | 0 0 1 0 0 0 1 0 0 0 0 0 0 0 0 0 0 1 0 1 0 0 1 0 1 0 1 0 1 1 0 0  |
 └────────────────────┴─────────────┴─────────────┴──────────────────────────────────────────────────────────────────┘
Accumulation table end
Offset pattern table begin
 ┌────────────────────┬─────────────┬──────────────────────────────────────────────────────────────────────────────────────────────────┐
 | Key                | Second      | Pattern                                                                                          |
 ├────────────────────┼─────────────┼──────────────────────────────────────────────────────────────────────────────────────────────────┤
 | 0x0000000000000000 | 5           | 31 25 23 23 25 22 21 24 23 22 21 25 20 22 22 24 20 23 25 23 25 26 25 21 24 22 23 20 23 25 21 22  |
 ├────────────────────┼─────────────┼──────────────────────────────────────────────────────────────────────────────────────────────────┤
 | 0x0000000000000001 | 7           | 29 17 21 22 21 16 19 22 17 23 20 22 20 19 18 18 21 19 23 17 22 21 20 23 21 22 21 19 22 18 19 16  |
 ├────────────────────┼─────────────┼──────────────────────────────────────────────────────────────────────────────────────────────────┤
 | 0x0000000000000002 | 14          | 17 11 12 12 13 12 12 11 13 11 10 14 11 12 12 11 13 11 11 12 13 10 12 11 11 12 10 12 12 11 10 7   |
 ├────────────────────┼─────────────┼──────────────────────────────────────────────────────────────────────────────────────────────────┤
 | 0x0000000000000003 | 4           | 22 14 14 16 14 15 12 12 15 14 16 18 16 16 12 14 13 14 12 16 14 15 15 15 15 15 12 14 14 10 9 9    |
 ├────────────────────┼─────────────┼──────────────────────────────────────────────────────────────────────────────────────────────────┤
 | 0x0000000000000004 | 5           | 27 14 14 17 17 15 15 15 15 16 16 17 15 18 16 17 14 16 16 19 19 15 18 19 18 17 17 17 8 12 7 10    |
 ├────────────────────┼─────────────┼──────────────────────────────────────────────────────────────────────────────────────────────────┤
 | 0x0000000000000005 | 12          | 31 11 13 13 18 11 15 14 11 12 13 11 12 13 13 12 13 13 12 12 13 13 10 10 13 16 9 7 10 8 8 10      |
 ├────────────────────┼─────────────┼──────────────────────────────────────────────────────────────────────────────────────────────────┤
 | 0x0000000000000006 | 7           | 30 9 8 10 8 8 6 8 10 8 7 9 7 10 11 8 8 10 8 9 6 10 9 9 11 10 5 7 8 9 9 10                        |
 ├────────────────────┼─────────────┼──────────────────────────────────────────────────────────────────────────────────────────────────┤
 | 0x0000000000000007 | 18          | 24 9 8 11 7 9 7 10 11 8 10 11 7 9 7 6 10 10 10 9 7 9 9 12 10 3 3 2 3 4 5 8                       |
 ├────────────────────┼─────────────┼──────────────────────────────────────────────────────────────────────────────────────────────────┤
 | 0x0000000000000008 | 21          | 22 5 5 5 4 6 5 3 5 6 7 4 5 6 7 8 5 7 6 6 6 5 6 5 1 3 4 3 2 3 3 6                                 |
 ├────────────────────┼─────────────┼──────────────────────────────────────────────────────────────────────────────────────────────────┤
 | 0x0000000000000009 | 10          | 26 10 6 7 6 8 4 6 6 7 8 7 8 7 9 9 9 7 6 7 6 8 8 5 5 4 5 4 6 3 5 10                               |
 ├────────────────────┼─────────────┼──────────────────────────────────────────────────────────────────────────────────────────────────┤
 | 0x000000000000000a | 11          | 24 5 4 3 4 2 5 3 3 2 3 4 5 7 4 2 5 5 3 3 4 2 1 2 2 3 1 3 2 4 4 7                                 |
 ├────────────────────┼─────────────┼──────────────────────────────────────────────────────────────────────────────────────────────────┤
 | 0x000000000000000b | 12          | 22 4 5 3 2 5 5 3 3 5 3 5 4 4 6 5 6 3 3 5 3 4 3 3 5 4 4 4 5 4 5 7                                 |
 ├────────────────────┼─────────────┼──────────────────────────────────────────────────────────────────────────────────────────────────┤
 | 0x000000000000000c | 13          | 16 2 3 1 1 2 1 2 2 2 3 2 2 1 1 1 2 2 1 2 4 3 1 1 2 1 2 1 2 2 2 5                                 |
 ├────────────────────┼─────────────┼──────────────────────────────────────────────────────────────────────────────────────────────────┤
 | 0x000000000000000d | 14          | 25 6 5 5 2 3 3 3 3 1 2 4 3 7 5 6 3 6 4 4 2 1 2 1 2 2 1 1 2 3 3 4                                 |
 ├────────────────────┼─────────────┼──────────────────────────────────────────────────────────────────────────────────────────────────┤
 | 0x000000000000000e | 13          | 23 8 4 3 6 5 3 4 1 2 3 3 3 4 2 3 4 3 3 2 3 1 1 1 2 1 1 3 1 3 3 3                                 |
 ├────────────────────┼─────────────┼──────────────────────────────────────────────────────────────────────────────────────────────────┤
 | 0x000000000000000f | 16          | 17 3 2 2 2 2 2 2 1 2 2 1 2 1 1 1 2 1 1 2 3 2 1 1 1 1 3 1 1 2 2 4                                 |
 ├────────────────────┼─────────────┼──────────────────────────────────────────────────────────────────────────────────────────────────┤
 | 0x0000000000000010 | 28          | 22 4 3 4 5 5 4 6 3 4 4 4 6 5 3 3 3 1 3 3 2 3 3 3 2 2 3 2 3 5 4 6                                 |
 ├────────────────────┼─────────────┼──────────────────────────────────────────────────────────────────────────────────────────────────┤
 | 0x0000000000000011 | 18          | 17 7 3 3 5 4 3 4 3 3 3 2 3 3 3 1 1 2 2 3 1 1 1 1 1 1 1 3 2 4 1 3                                 |
 ├────────────────────┼─────────────┼──────────────────────────────────────────────────────────────────────────────────────────────────┤
 | 0x0000000000000012 | 12          | 18 2 0 0 0 2 0 1 3 1 1 1 1 2 2 1 2 1 2 3 2 1 2 1 1 1 1 1 2 0 1 5                                 |
 ├────────────────────┼─────────────┼──────────────────────────────────────────────────────────────────────────────────────────────────┤
 | 0x0000000000000013 | 17          | 22 5 2 1 1 1 1 1 2 1 1 1 2 2 1 2 2 2 3 6 5 1 1 1 1 2 2 1 1 2 2 6                                 |
 ├────────────────────┼─────────────┼──────────────────────────────────────────────────────────────────────────────────────────────────┤
 | 0x0000000000000014 | 21          | 26 6 4 3 4 4 2 4 5 3 2 4 2 3 4 2 2 2 3 7 4 4 2 2 0 3 3 2 2 2 2 5                                 |
 ├────────────────────┼─────────────┼──────────────────────────────────────────────────────────────────────────────────────────────────┤
 | 0x0000000000000015 | 23          | 23 4 2 4 4 4 3 1 4 1 2 2 2 0 2 2 1 2 1 5 3 3 1 1 1 1 0 1 0 2 2 4                                 |
 ├────────────────────┼─────────────┼──────────────────────────────────────────────────────────────────────────────────────────────────┤
 | 0x0000000000000016 | 7           | 27 3 0 1 3 1 1 1 0 0 1 2 2 2 5 3 2 4 4 6 5 2 1 4 1 2 2 2 1 2 2 3                                 |
 ├────────────────────┼─────────────┼──────────────────────────────────────────────────────────────────────────────────────────────────┤
 | 0x0000000000000017 | 26          | 29 4 1 1 1 1 2 2 1 1 3 4 1 4 3 5 4 0 4 6 4 0 1 1 2 3 2 2 1 3 4 8                                 |
 ├────────────────────┼─────────────┼──────────────────────────────────────────────────────────────────────────────────────────────────┤
 | 0x0000000000000018 | 23          | 24 3 3 3 2 3 3 1 1 2 0 3 2 2 3 4 4 3 5 6 5 1 2 3 3 3 2 2 3 3 5 5                                 |
 ├────────────────────┼─────────────┼──────────────────────────────────────────────────────────────────────────────────────────────────┤
 | 0x0000000000000019 | 26          | 24 4 3 2 2 2 4 5 2 1 2 2 2 5 1 3 2 4 3 6 7 1 2 2 2 2 2 3 3 6 3 3                                 |
 ├────────────────────┼─────────────┼──────────────────────────────────────────────────────────────────────────────────────────────────┤
 | 0x000000000000001a | 27          | 24 7 4 1 1 1 2 3 4 2 2 1 1 2 1 2 2 3 5 7 5 1 2 2 2 4 3 3 3 4 2 6                                 |
 ├────────────────────┼─────────────┼──────────────────────────────────────────────────────────────────────────────────────────────────┤
 | 0x000000000000001b | 5           | 23 2 2 1 2 5 6 4 3 3 2 3 3 4 4 1 3 3 9 6 7 2 3 3 5 4 4 2 3 2 5 9                                 |
 ├────────────────────┼─────────────┼──────────────────────────────────────────────────────────────────────────────────────────────────┤
 | 0x000000000000001c | 29          | 22 4 2 1 3 4 6 6 3 4 3 4 5 4 3 3 5 5 5 5 3 3 3 4 2 4 5 4 3 3 3 4                                 |
 ├────────────────────┼─────────────┼──────────────────────────────────────────────────────────────────────────────────────────────────┤
 | 0x000000000000001d | 30          | 19 2 1 5 5 5 8 7 4 4 4 6 7 7 5 4 6 5 6 7 6 4 5 6 6 4 5 4 5 5 6 8                                 |
 ├────────────────────┼─────────────┼──────────────────────────────────────────────────────────────────────────────────────────────────┤
 | 0x000000000000001e | 31          | 27 10 7 6 6 6 6 7 5 4 7 4 4 5 5 4 6 4 6 8 6 5 4 5 4 4 5 5 6 4 5 9                                |
 ├────────────────────┼─────────────┼──────────────────────────────────────────────────────────────────────────────────────────────────┤
 | 0x000000000000001f | 18          | 16 7 9 7 7 6 8 10 7 7 8 7 6 6 7 8 8 8 7 8 10 9 9 7 9 9 8 9 9 8 7 9                               |
 └────────────────────┴─────────────┴──────────────────────────────────────────────────────────────────────────────────────────────────┘
Offset pattern table end
PC pattern table begin
 ┌────────────────────┬─────────────┬──────────────────────────────────────────────────┐
 | Key                | Second      | Pattern                                          |
 ├────────────────────┼─────────────┼──────────────────────────────────────────────────┤
 | 0x0000000000000000 | 9           | 19 10 9 12 12 9 11 9 10 11 14 9 8 9 9 9          |
 ├────────────────────┼─────────────┼──────────────────────────────────────────────────┤
 | 0x0000000000000001 | 23          | 16 3 3 3 2 2 2 1 3 4 5 3 3 2 2 4                 |
 ├────────────────────┼─────────────┼──────────────────────────────────────────────────┤
 | 0x0000000000000002 | 5           | 20 16 17 16 15 17 17 16 16 17 18 17 18 14 15 17  |
 ├────────────────────┼─────────────┼──────────────────────────────────────────────────┤
 | 0x0000000000000003 | 4           | 25 1 2 1 0 1 0 0 2 0 1 3 4 3 1 1                 |
 ├────────────────────┼─────────────┼──────────────────────────────────────────────────┤
 | 0x0000000000000004 | 27          | 19 3 3 4 2 2 3 2 4 6 7 3 2 2 3 4                 |
 ├────────────────────┼─────────────┼──────────────────────────────────────────────────┤
 | 0x0000000000000005 | 12          | 28 24 12 8 7 6 5 4 3 1 1 0 0 0 0 0               |
 ├────────────────────┼─────────────┼──────────────────────────────────────────────────┤
 | 0x0000000000000006 | 19          | 25 10 8 11 9 10 14 13 12 14 11 9 12 9 10 12      |
 ├────────────────────┼─────────────┼──────────────────────────────────────────────────┤
 | 0x0000000000000007 | 27          | 16 5 3 3 3 4 3 4 1 2 3 1 1 1 0 0                 |
 ├────────────────────┼─────────────┼──────────────────────────────────────────────────┤
 | 0x0000000000000008 | 21          | 24 8 5 5 3 3 4 5 6 5 3 3 4 6 3 5                 |
 ├────────────────────┼─────────────┼──────────────────────────────────────────────────┤
 | 0x0000000000000009 | 18          | 31 8 5 6 3 5 8 6 4 6 9 6 6 4 2 7                 |
 ├────────────────────┼─────────────┼──────────────────────────────────────────────────┤
 | 0x000000000000000a | 8           | 21 15 3 0 0 0 0 0 0 0 0 0 0 0 0 0                |
 ├────────────────────┼─────────────┼──────────────────────────────────────────────────┤
 | 0x000000000000000b | 17          | 22 3 0 0 1 0 3 0 0 1 2 0 1 0 1 0                 |
 ├────────────────────┼─────────────┼──────────────────────────────────────────────────┤
 | 0x000000000000000c | 26          | 31 15 12 12 12 8 11 9 12 9 9 6 7 5 4 6           |
 ├────────────────────┼─────────────┼──────────────────────────────────────────────────┤
 | 0x000000000000000d | 19          | 18 1 1 3 4 1 2 3 2 5 7 1 2 2 1 3                 |
 ├────────────────────┼─────────────┼──────────────────────────────────────────────────┤
 | 0x000000000000000e | 0           | 20 4 5 11 10 6 10 9 6 10 11 6 9 9 6 8            |
 ├────────────────────┼─────────────┼──────────────────────────────────────────────────┤
 | 0x000000000000000f | 1           | 18 2 3 3 3 3 3 2 1 4 3 4 3 2 2 4                 |
 ├────────────────────┼─────────────┼──────────────────────────────────────────────────┤
 | 0x0000000000000010 | 30          | 28 15 15 15 16 16 17 17 17 17 18 18 18 19 21 24  |
 ├────────────────────┼─────────────┼──────────────────────────────────────────────────┤
 | 0x0000000000000011 | 6           | 26 21 18 18 18 18 17 17 17 17 17 16 16 16 16 15  |
 ├────────────────────┼─────────────┼──────────────────────────────────────────────────┤
 | 0x0000000000000012 | 12          | 27 7 6 12 12 7 11 13 9 14 15 10 10 13 8 9        |
 ├────────────────────┼─────────────┼──────────────────────────────────────────────────┤
 | 0x0000000000000013 | 30          | 23 19 19 15 21 20 19 20 19 20 20 21 19 20 21 15  |
 ├────────────────────┼─────────────┼──────────────────────────────────────────────────┤
 | 0x0000000000000014 | 2           | 28 11 10 14 9 6 11 11 5 13 11 7 8 7 5 6          |
 ├────────────────────┼─────────────┼──────────────────────────────────────────────────┤
 | 0x0000000000000015 | 22          | 31 4 5 8 6 5 7 6 6 9 13 8 7 5 6 13               |
 ├────────────────────┼─────────────┼──────────────────────────────────────────────────┤
 | 0x0000000000000016 | 10          | 18 7 3 2 2 3 2 2 1 1 2 0 2 3 1 9                 |
 ├────────────────────┼─────────────┼──────────────────────────────────────────────────┤
 | 0x0000000000000017 | 17          | 22 5 6 7 6 7 6 4 7 5 5 8 5 7 6 8                 |
 ├────────────────────┼─────────────┼──────────────────────────────────────────────────┤
 | 0x0000000000000018 | 19          | 28 4 4 3 4 3 7 6 8 8 6 3 3 3 5 5                 |
 ├────────────────────┼─────────────┼──────────────────────────────────────────────────┤
 | 0x0000000000000019 | 19          | 18 5 5 6 5 6 8 8 7 9 9 11 7 11 11 11             |
 ├────────────────────┼─────────────┼──────────────────────────────────────────────────┤
 | 0x000000000000001a | 26          | 19 4 3 5 5 3 4 2 4 5 5 2 4 4 3 6                 |
 ├────────────────────┼─────────────┼──────────────────────────────────────────────────┤
 | 0x000000000000001b | 21          | 29 14 12 11 9 8 9 9 8 9 8 6 9 5 3 6              |
 ├────────────────────┼─────────────┼──────────────────────────────────────────────────┤
 | 0x000000000000001c | 20          | 28 22 22 21 22 20 20 21 20 21 21 20 19 19 19 21  |
 ├────────────────────┼─────────────┼──────────────────────────────────────────────────┤
 | 0x000000000000001d | 6           | 21 12 11 12 10 11 12 12 11 9 9 11 9 9 8 6        |
 ├────────────────────┼─────────────┼──────────────────────────────────────────────────┤
 | 0x000000000000001e | 7           | 16 9 10 9 9 9 9 9 10 10 10 9 10 9 10 10          |
 ├────────────────────┼─────────────┼──────────────────────────────────────────────────┤
 | 0x000000000000001f | 20          | 18 15 11 11 10 9 9 9 9 10 9 9 9 9 8 6            |
 └────────────────────┴─────────────┴──────────────────────────────────────────────────┘
PC pattern table end
Prefetch buffer begin
 ┌────────────────────┬──────────────────────────────────────────────────────────────────┐
 | Region             | Pattern                                                          |
 ├────────────────────┼──────────────────────────────────────────────────────────────────┤
 | 0x0000000000002dd2 | 0 0 0 0 0 0 0 0 0 0 0 0 0 2 0 2 2 0 0 0 2 2 2 0 0 0 2 0 0 2 0 0  |
 ├────────────────────┼──────────────────────────────────────────────────────────────────┤
 | 0x0000000000002dc9 | 0 2 2 2 2 2 2 2 0 2 2 0 2 0 2 2 2 2 2 0 0 0 2 0 0 0 0 0 0 0 0 0  |
 ├────────────────────┼──────────────────────────────────────────────────────────────────┤
 | 0x000000000000553c | 2 0 0 0 0 0 2 2 2 2 0 0 0 2 0 0 0 0 0 2 2 2 2 2 2 0 2 0 2 0 2 2  |
 ├────────────────────┼──────────────────────────────────────────────────────────────────┤
 | 0x000000000000555a | 2 2 2 2 2 0 2 2 2 2 2 2 0 2 2 0 2 2 2 2 0 2 2 2 2 2 2 0 2 2 2 0  |
 ├────────────────────┼──────────────────────────────────────────────────────────────────┤
 | 0x0000000000005536 | 0 0 0 2 0 2 2 2 0 2 0 0 0 0 0 2 0 2 0 0 2 0 2 0 0 0 0 0 0 2 2 2  |
 ├────────────────────┼──────────────────────────────────────────────────────────────────┤
 | 0x0000000000002dd8 | 0 2 2 2 0 2 2 2 2 2 2 2 2 2 2 2 2 2 2 2 2 2 2 2 0 2 0 2 0 2 0 2  |
 ├────────────────────┼──────────────────────────────────────────────────────────────────┤
 | 0x0000000000002dd7 | 2 2 0 2 2 0 2 2 2 0 2 2 2 2 2 2 2 2 2 2 0 2 0 2 2 0 2 0 2 0 2 0  |
 ├────────────────────┼──────────────────────────────────────────────────────────────────┤
 | 0x0000000000002dcc | 0 0 0 0 0 0 2 0 2 2 2 0 2 0 0 0 0 0 2 0 2 0 0 2 0 2 0 0 0 0 0 0  |
 ├────────────────────┼──────────────────────────────────────────────────────────────────┤
 | 0x000000000000555b | 2 2 0 2 2 2 0 2 2 2 2 2 2 2 2 2 2 0 2 0 2 2 0 2 0 2 0 2 0 0 2 2  |
 ├────────────────────┼──────────────────────────────────────────────────────────────────┤
 | 0x0000000000002dd9 | 0 0 2 2 2 0 2 0 0 2 0 2 0 2 0 2 2 2 0 2 2 0 2 0 0 0 0 0 0 0 2 0  |
 ├────────────────────┼──────────────────────────────────────────────────────────────────┤
 | 0x000000000000553d | 2 2 0 2 0 0 0 0 0 0 0 0 0 0 0 0 0 0 0 0 0 0 0 2 0 0 0 0 0 0 0 0  |
 ├────────────────────┼──────────────────────────────────────────────────────────────────┤
 | 0x0000000000002dd6 | 2 2 2 2 2 2 2 2 0 2 2 2 2 2 2 0 2 2 0 2 2 2 2 0 2 2 2 2 2 2 0 2  |
 ├────────────────────┼──────────────────────────────────────────────────────────────────┤
 | 0x0000000000002dcd | 2 2 2 2 0 0 0 0 0 0 0 0 2 2 2 2 0 0 0 0 0 2 0 2 2 0 2 0 0 0 0 0  |
 ├────────────────────┼──────────────────────────────────────────────────────────────────┤
 | 0x0000000000005568 | 2 0 0 0 0 0 0 0 0 0 2 0 0 0 0 0 0 2 0 2 0 0 2 0 2 0 0 2 0 0 2 2  |
 ├────────────────────┼──────────────────────────────────────────────────────────────────┤
 | 0x0000000000002dd3 | 0 2 0 2 0 2 0 2 2 0 2 0 0 2 0 2 2 0 2 0 2 2 0 2 2 0 2 2 0 0 2 0  |
 ├────────────────────┼──────────────────────────────────────────────────────────────────┤
 | 0x0000000000005537 | 2 0 0 0 0 0 0 0 0 2 2 2 2 0 0 0 0 0 2 0 2 2 0 2 0 0 0 0 0 0 0 0  |
 ├────────────────────┼──────────────────────────────────────────────────────────────────┤
 | 0x0000000000002dce | 0 0 0 2 0 0 0 0 0 2 2 2 2 0 0 0 2 0 0 0 0 0 2 2 2 2 2 2 0 2 0 2  |
 ├────────────────────┼──────────────────────────────────────────────────────────────────┤
 | 0x000000000000554c | 0 0 0 0 0 0 0 0 0 0 2 0 2 2 0 0 0 2 2 2 0 0 0 2 0 0 2 0 0 0 2 0  |
 ├────────────────────┼──────────────────────────────────────────────────────────────────┤
 | 0x0000000000002dd5 | 0 2 0 0 2 0 0 0 2 2 0 0 2 2 0 2 0 2 2 2 2 2 2 2 2 2 2 2 2 2 2 2  |
 ├────────────────────┼──────────────────────────────────────────────────────────────────┤
 | 0x0000000000005557 | 0 2 0 0 0 2 2 0 0 2 2 0 2 0 2 2 2 2 2 2 2 2 2 2 2 2 2 2 2 2 2 2  |
 ├────────────────────┼──────────────────────────────────────────────────────────────────┤
 | 0x0000000000005561 | 2 2 0 2 0 0 2 0 2 0 2 0 2 2 2 0 2 2 0 2 0 0 0 0 0 0 0 2 0 2 0 0  |
 ├────────────────────┼──────────────────────────────────────────────────────────────────┤
 | 0x0000000000002db9 | 0 0 0 0 0 0 0 0 0 0 0 0 0 0 2 2 2 2 2 2 2 2 2 2 2 2 2 2 2 2 2 2  |
 ├────────────────────┼──────────────────────────────────────────────────────────────────┤
 | 0x0000000000002dd0 | 0 0 0 0 0 2 0 0 0 0 0 0 0 0 0 0 0 0 0 0 0 0 0 0 2 0 0 0 0 0 0 0  |
 ├────────────────────┼──────────────────────────────────────────────────────────────────┤
 | 0x0000000000002dda | 2 0 0 2 0 0 0 0 0 0 0 0 0 2 0 0 0 0 0 0 2 0 2 0 0 2 0 2 0 0 2 0  |
 ├────────────────────┼──────────────────────────────────────────────────────────────────┤
 | 0x0000000000002dcf | 0 2 2 2 2 0 2 0 0 0 0 0 0 0 0 0 0 0 0 0 0 0 0 0 0 0 2 0 0 0 0 0  |
 ├────────────────────┼──────────────────────────────────────────────────────────────────┤
 | 0x0000000000002ddb | 0 0 2 2 2 2 2 2 2 2 2 2 2 2 2 2 2 2 2 2 2 2 2 2 2 2 2 2 2 2 2 2  |
 ├────────────────────┼──────────────────────────────────────────────────────────────────┤
 | 0x0000000000005560 | 2 0 2 2 2 2 2 2 2 2 2 2 2 2 2 2 2 2 2 2 2 0 2 0 2 0 2 0 2 0 0 2  |
 ├────────────────────┼──────────────────────────────────────────────────────────────────┤
 | 0x0000000000005548 | 0 0 2 0 0 0 0 0 0 0 0 0 0 0 0 0 0 0 0 0 0 2 0 0 0 0 0 0 0 0 0 0  |
 ├────────────────────┼──────────────────────────────────────────────────────────────────┤
 | 0x0000000000002dd4 | 0 0 0 0 0 2 2 0 2 2 0 0 0 0 0 2 0 0 0 2 0 0 2 0 0 0 0 0 0 2 0 2  |
 ├────────────────────┼──────────────────────────────────────────────────────────────────┤
 | 0x0000000000005556 | 0 0 2 2 0 2 2 0 0 0 0 0 2 0 0 0 2 0 0 2 0 0 0 0 0 0 2 0 2 0 2 0  |
 ├────────────────────┼──────────────────────────────────────────────────────────────────┤
 | 0x0000000000002db8 | 2 2 2 2 2 2 2 2 2 2 2 2 2 2 2 2 2 2 2 2 2 2 2 0 0 0 0 0 0 0 0 0  |
 ├────────────────────┼──────────────────────────────────────────────────────────────────┤
 | 0x000000000000554d | 2 0 2 0 2 2 0 2 0 0 2 0 2 2 0 2 0 2 2 0 2 2 0 2 2 0 0 2 0 0 0 0  |
 └────────────────────┴──────────────────────────────────────────────────────────────────┘
Prefetch buffer end
Filter by PPT: 0
Prefetch Request to L1: 210880, Prefetch Request to L2: 12796431
Invalid by Eviction: 17265
Invalid by Max: 512943
Final L1D Threshold: 0.901
Final Demand Reserve: 25.0%
Filter table begin
 ┌────────────────────┬─────────────┐
 | Region             | Offset      |
 ├────────────────────┼─────────────┤
 | 0x0000000000002f01 | 21          |
 ├────────────────────┼─────────────┤
 | 0x000000000000026d | 15          |
 ├────────────────────┼─────────────┤
 | 0x0000000000008aa2 | 0           |
 ├────────────────────┼─────────────┤
 | 0x0000000000000584 | 0           |
 ├────────────────────┼─────────────┤
 | 0x0000000000001747 | 3           |
 ├────────────────────┼─────────────┤
 | 0x0000000000007687 | 21          |
 ├────────────────────┼─────────────┤
 | 0x0000000000006469 | 16          |
 ├────────────────────┼─────────────┤
 | 0x0000000000007d94 | 18          |
 ├────────────────────┼─────────────┤
 | 0x0000000000008a8e | 29          |
 ├────────────────────┼─────────────┤
 | 0x0000000000001746 | 29          |
 ├────────────────────┼─────────────┤
 | 0x0000000000007297 | 20          |
 ├────────────────────┼─────────────┤
 | 0x00000000000072f1 | 1           |
 ├────────────────────┼─────────────┤
 | 0x000000000000027d | 7           |
 ├────────────────────┼─────────────┤
 | 0x0000000000008a0f | 24          |
 ├────────────────────┼─────────────┤
 | 0x0000000000008aa0 | 10          |
 ├────────────────────┼─────────────┤
 | 0x0000000000004a42 | 7           |
 ├────────────────────┼─────────────┤
 | 0x0000000000006cd3 | 17          |
 ├────────────────────┼─────────────┤
 | 0x0000000000007db3 | 25          |
 ├────────────────────┼─────────────┤
 | 0x00000000000082c0 | 6           |
 ├────────────────────┼─────────────┤
 | 0x0000000000008acd | 29          |
 ├────────────────────┼─────────────┤
 | 0x0000000000006e9b | 6           |
 ├────────────────────┼─────────────┤
 | 0x0000000000005d94 | 29          |
 ├────────────────────┼─────────────┤
 | 0x0000000000006312 | 23          |
 ├────────────────────┼─────────────┤
 | 0x000000000000258b | 3           |
 ├────────────────────┼─────────────┤
 | 0x0000000000007251 | 7           |
 ├────────────────────┼─────────────┤
 | 0x0000000000008a1b | 31          |
 ├────────────────────┼─────────────┤
 | 0x000000000000232e | 3           |
 ├────────────────────┼─────────────┤
 | 0x0000000000005bee | 22          |
 ├────────────────────┼─────────────┤
 | 0x000000000000101f | 0           |
 ├────────────────────┼─────────────┤
 | 0x0000000000006210 | 30          |
 ├────────────────────┼─────────────┤
 | 0x0000000000004a0d | 18          |
 ├────────────────────┼─────────────┤
 | 0x0000000000008abc | 23          |
 ├────────────────────┼─────────────┤
 | 0x0000000000006371 | 2           |
 ├────────────────────┼─────────────┤
 | 0x0000000000008a10 | 16          |
 ├────────────────────┼─────────────┤
 | 0x00000000000081c9 | 31          |
 ├────────────────────┼─────────────┤
 | 0x0000000000007bae | 8           |
 ├────────────────────┼─────────────┤
 | 0x0000000000000874 | 24          |
 ├────────────────────┼─────────────┤
 | 0x0000000000008a7d | 29          |
 ├────────────────────┼─────────────┤
 | 0x0000000000000487 | 14          |
 ├────────────────────┼─────────────┤
 | 0x0000000000008030 | 16          |
 ├────────────────────┼─────────────┤
 | 0x0000000000008a74 | 18          |
 ├────────────────────┼─────────────┤
 | 0x000000000000257d | 2           |
 └────────────────────┴─────────────┘
Filter table end
Accumulation table begin
 ┌────────────────────┬─────────────┬─────────────┬──────────────────────────────────────────────────────────────────┐
 | Region             | Offset      | Second      | Pattern                                                          |
 ├────────────────────┼─────────────┼─────────────┼──────────────────────────────────────────────────────────────────┤
 | 0x0000000000000275 | 27          | 19          | 0 1 1 0 0 0 0 0 0 0 1 1 0 0 0 0 0 0 1 1 1 0 0 0 0 0 0 1 1 0 0 0  |
 ├────────────────────┼─────────────┼─────────────┼──────────────────────────────────────────────────────────────────┤
 | 0x0000000000000384 | 28          | 29          | 0 0 0 0 1 1 1 0 0 1 1 0 0 0 0 1 0 0 0 0 1 1 1 0 0 0 0 0 1 1 0 0  |
 ├────────────────────┼─────────────┼─────────────┼──────────────────────────────────────────────────────────────────┤
 | 0x0000000000000401 | 12          | 26          | 0 0 0 1 1 1 1 0 0 0 0 1 1 1 0 0 0 0 1 1 0 0 0 0 0 1 1 0 0 0 0 0  |
 ├────────────────────┼─────────────┼─────────────┼──────────────────────────────────────────────────────────────────┤
 | 0x000000000000045d | 3           | 27          | 1 0 1 1 0 0 0 1 1 0 0 0 1 1 1 0 0 0 0 0 0 1 1 0 0 0 0 1 1 1 0 0  |
 ├────────────────────┼─────────────┼─────────────┼──────────────────────────────────────────────────────────────────┤
 | 0x000000000000032d | 31          | 25          | 1 0 0 0 1 1 1 1 0 0 0 0 0 0 1 1 1 0 0 1 1 1 1 0 1 1 1 1 0 0 0 1  |
 ├────────────────────┼─────────────┼─────────────┼──────────────────────────────────────────────────────────────────┤
 | 0x0000000000000415 | 8           | 29          | 1 1 0 0 0 0 1 1 1 1 0 0 0 0 1 1 0 0 0 0 0 1 1 0 0 0 0 0 1 1 0 0  |
 ├────────────────────┼─────────────┼─────────────┼──────────────────────────────────────────────────────────────────┤
 | 0x00000000000003af | 28          | 29          | 1 0 0 0 0 0 0 1 1 0 0 0 0 0 1 1 0 0 0 0 0 1 1 1 0 0 0 1 1 1 0 0  |
 ├────────────────────┼─────────────┼─────────────┼──────────────────────────────────────────────────────────────────┤
 | 0x00000000000003c5 | 28          | 29          | 1 1 0 0 0 0 0 1 1 0 0 0 0 0 1 0 0 0 0 0 1 1 0 0 0 0 0 0 1 1 0 0  |
 ├────────────────────┼─────────────┼─────────────┼──────────────────────────────────────────────────────────────────┤
 | 0x0000000000000360 | 27          | 28          | 0 0 0 0 0 0 0 0 0 0 0 0 0 0 0 0 0 0 0 0 0 0 0 0 0 0 0 1 1 0 0 0  |
 ├────────────────────┼─────────────┼─────────────┼──────────────────────────────────────────────────────────────────┤
 | 0x0000000000000399 | 29          | 28          | 0 0 1 1 0 0 0 0 1 1 1 0 0 0 0 1 1 0 0 0 0 0 1 1 0 0 0 0 1 1 1 0  |
 ├────────────────────┼─────────────┼─────────────┼──────────────────────────────────────────────────────────────────┤
 | 0x0000000000000454 | 20          | 11          | 1 1 1 0 0 1 1 1 1 0 0 1 1 1 0 1 0 0 0 1 1 0 0 0 0 0 0 0 0 0 0 0  |
 ├────────────────────┼─────────────┼─────────────┼──────────────────────────────────────────────────────────────────┤
 | 0x000000000000026e | 25          | 26          | 1 1 0 0 0 0 0 0 1 1 1 0 0 0 1 1 1 0 0 1 1 0 0 0 0 1 1 0 0 0 0 0  |
 ├────────────────────┼─────────────┼─────────────┼──────────────────────────────────────────────────────────────────┤
 | 0x00000000000003c3 | 26          | 25          | 1 0 0 0 0 1 1 1 0 0 0 0 1 1 1 0 0 0 0 1 1 1 0 0 0 1 1 1 0 0 0 0  |
 ├────────────────────┼─────────────┼─────────────┼──────────────────────────────────────────────────────────────────┤
 | 0x00000000000002bc | 18          | 19          | 0 0 0 0 0 0 0 0 0 0 0 0 0 0 1 1 1 1 1 1 1 1 0 0 1 0 0 0 0 0 0 0  |
 ├────────────────────┼─────────────┼─────────────┼──────────────────────────────────────────────────────────────────┤
 | 0x0000000000000461 | 31          | 27          | 0 0 0 0 0 0 0 0 1 1 1 0 0 0 1 1 1 0 0 1 1 1 0 0 0 0 1 1 0 0 0 1  |
 ├────────────────────┼─────────────┼─────────────┼──────────────────────────────────────────────────────────────────┤
 | 0x00000000000003e2 | 27          | 28          | 1 1 0 0 0 0 1 1 1 0 0 0 0 0 0 0 0 0 0 0 1 0 0 0 0 0 1 1 1 0 0 0  |
 ├────────────────────┼─────────────┼─────────────┼──────────────────────────────────────────────────────────────────┤
 | 0x0000000000000414 | 31          | 26          | 0 0 0 0 0 0 0 0 0 0 0 0 0 0 0 0 0 0 0 0 0 0 0 0 0 0 1 0 0 0 0 1  |
 ├────────────────────┼─────────────┼─────────────┼──────────────────────────────────────────────────────────────────┤
 | 0x000000000000032c | 31          | 27          | 1 1 0 0 1 1 1 0 0 0 1 1 1 0 0 0 0 0 0 1 1 1 0 0 0 0 1 1 1 0 0 1  |
 ├────────────────────┼─────────────┼─────────────┼──────────────────────────────────────────────────────────────────┤
 | 0x000000000000037c | 21          | 22          | 0 1 1 0 0 0 1 0 0 0 1 1 1 0 0 0 1 1 1 0 0 1 1 0 0 0 0 0 0 0 0 0  |
 ├────────────────────┼─────────────┼─────────────┼──────────────────────────────────────────────────────────────────┤
 | 0x0000000000000398 | 28          | 27          | 0 0 0 1 0 0 0 0 0 1 1 0 0 0 0 1 0 0 0 0 0 1 1 0 0 0 0 1 1 0 0 0  |
 ├────────────────────┼─────────────┼─────────────┼──────────────────────────────────────────────────────────────────┤
 | 0x0000000000000361 | 9           | 27          | 0 0 0 1 1 0 0 0 1 1 0 0 0 1 1 0 0 0 1 1 0 0 0 0 0 0 0 1 1 0 0 0  |
 ├────────────────────┼─────────────┼─────────────┼──────────────────────────────────────────────────────────────────┤
 | 0x0000000000000385 | 27          | 26          | 0 0 1 1 0 0 0 0 1 0 0 0 0 1 1 1 0 0 0 0 1 1 0 0 0 0 1 1 1 1 0 0  |
 ├────────────────────┼─────────────┼─────────────┼──────────────────────────────────────────────────────────────────┤
 | 0x000000000000026f | 28          | 30          | 0 0 1 1 1 1 0 0 1 1 1 0 0 1 1 0 0 0 1 1 1 1 0 0 0 0 0 0 1 1 1 0  |
 ├────────────────────┼─────────────┼─────────────┼──────────────────────────────────────────────────────────────────┤
 | 0x00000000000003c4 | 17          | 9           | 0 0 1 0 0 0 0 0 1 1 0 0 0 0 0 0 0 1 0 0 0 0 0 0 0 0 0 0 0 0 0 0  |
 ├────────────────────┼─────────────┼─────────────┼──────────────────────────────────────────────────────────────────┤
 | 0x00000000000003ae | 26          | 18          | 0 0 0 0 1 1 1 0 0 0 0 1 1 0 0 0 0 0 1 1 0 0 0 0 0 0 1 0 0 0 0 0  |
 ├────────────────────┼─────────────┼─────────────┼──────────────────────────────────────────────────────────────────┤
 | 0x0000000000000460 | 30          | 31          | 0 1 1 1 0 0 0 1 1 1 0 0 0 0 0 1 1 0 0 1 1 1 0 0 0 1 1 0 0 0 1 1  |
 ├────────────────────┼─────────────┼─────────────┼──────────────────────────────────────────────────────────────────┤
 | 0x0000000000000271 | 12          | 13          | 0 0 0 0 0 0 0 0 0 0 0 0 1 1 0 0 0 0 0 0 0 0 0 0 0 0 0 0 0 0 0 0  |
 ├────────────────────┼─────────────┼─────────────┼──────────────────────────────────────────────────────────────────┤
 | 0x00000000000003e3 | 30          | 29          | 0 1 1 0 0 0 0 0 1 1 1 0 0 0 0 1 1 1 0 0 0 0 1 0 0 0 0 0 0 1 1 0  |
 ├────────────────────┼─────────────┼─────────────┼──────────────────────────────────────────────────────────────────┤
 | 0x0000000000000400 | 30          | 29          | 0 0 0 0 0 0 0 0 0 0 0 0 0 0 0 0 0 0 0 0 0 0 0 0 0 0 0 0 0 1 1 0  |
 ├────────────────────┼─────────────┼─────────────┼──────────────────────────────────────────────────────────────────┤
 | 0x000000000000040a | 23          | 22          | 0 0 0 1 1 0 0 0 0 1 1 0 0 0 0 0 1 0 0 0 0 0 1 1 0 0 0 0 0 0 0 0  |
 ├────────────────────┼─────────────┼─────────────┼──────────────────────────────────────────────────────────────────┤
 | 0x000000000000045c | 0           | 27          | 1 0 0 1 1 1 0 0 0 1 1 1 0 0 1 1 1 1 0 0 0 0 1 1 0 0 0 1 1 0 0 0  |
 ├────────────────────┼─────────────┼─────────────┼──────────────────────────────────────────────────────────────────┤
 | 0x00000000000003c2 | 31          | 25          | 0 0 0 0 1 1 0 0 0 0 0 1 1 0 0 0 0 1 1 0 0 0 0 0 1 1 0 0 0 0 0 1  |
 └────────────────────┴─────────────┴─────────────┴──────────────────────────────────────────────────────────────────┘
Accumulation table end
Offset pattern table begin
 ┌────────────────────┬─────────────┬─────────────────────────────────────────────────────────────────────────────────┐
 | Key                | Second      | Pattern                                                                         |
 ├────────────────────┼─────────────┼─────────────────────────────────────────────────────────────────────────────────┤
 | 0x0000000000000000 | 7           | 28 5 2 15 18 20 6 9 7 15 15 15 5 3 21 19 15 15 0 5 6 9 19 15 1 1 4 22 21 5 0 3  |
 ├────────────────────┼─────────────┼─────────────────────────────────────────────────────────────────────────────────┤
 | 0x0000000000000001 | 27          | 27 15 3 0 0 7 0 7 7 19 11 7 0 7 7 14 7 10 10 10 7 7 0 0 7 7 3 3 0 0 0 10        |
 ├────────────────────┼─────────────┼─────────────────────────────────────────────────────────────────────────────────┤
 | 0x0000000000000002 | 1           | 19 7 0 0 0 4 5 4 9 6 0 0 0 4 5 0 4 11 11 4 0 0 0 4 4 7 7 0 4 4 1 12             |
 ├────────────────────┼─────────────┼─────────────────────────────────────────────────────────────────────────────────┤
 | 0x0000000000000003 | 27          | 19 0 0 0 13 16 2 3 0 14 15 15 2 1 0 0 0 2 16 16 1 0 0 0 15 17 17 1 0 13 0 16    |
 ├────────────────────┼─────────────┼─────────────────────────────────────────────────────────────────────────────────┤
 | 0x0000000000000004 | 3           | 24 2 1 8 8 8 9 3 1 0 0 0 0 1 2 0 0 0 0 0 1 1 1 0 1 0 0 1 9 0 0 20               |
 ├────────────────────┼─────────────┼─────────────────────────────────────────────────────────────────────────────────┤
 | 0x0000000000000005 | 4           | 23 3 0 0 0 0 9 9 0 0 0 0 0 8 9 9 0 0 0 0 0 9 9 0 0 0 0 0 0 0 12 14              |
 ├────────────────────┼─────────────┼─────────────────────────────────────────────────────────────────────────────────┤
 | 0x0000000000000006 | 7           | 28 22 1 1 1 1 1 0 1 3 0 0 0 0 1 3 1 1 1 0 0 0 1 3 0 0 1 1 0 0 2 3               |
 ├────────────────────┼─────────────┼─────────────────────────────────────────────────────────────────────────────────┤
 | 0x0000000000000007 | 6           | 24 10 2 0 0 0 0 1 0 0 0 0 0 0 0 0 0 1 0 0 0 0 0 0 0 0 0 0 0 0 5 6               |
 ├────────────────────┼─────────────┼─────────────────────────────────────────────────────────────────────────────────┤
 | 0x0000000000000008 | 0           | 25 24 2 0 0 0 24 24 2 0 0 2 2 22 22 0 0 0 2 2 22 22 0 2 22 22 0 0 0 0 20 22     |
 ├────────────────────┼─────────────┼─────────────────────────────────────────────────────────────────────────────────┤
 | 0x0000000000000009 | 8           | 24 4 0 0 17 17 0 0 0 17 17 0 0 0 0 0 0 0 17 17 0 0 0 4 0 0 21 17 0 0 4 22       |
 ├────────────────────┼─────────────┼─────────────────────────────────────────────────────────────────────────────────┤
 | 0x000000000000000a | 8           | 17 5 2 0 0 0 0 0 3 3 3 0 0 0 0 0 0 3 3 0 0 0 0 3 2 1 0 0 0 1 2 4                |
 ├────────────────────┼─────────────┼─────────────────────────────────────────────────────────────────────────────────┤
 | 0x000000000000000b | 3           | 31 15 0 12 0 0 0 7 7 7 0 0 0 0 0 0 7 7 0 0 0 0 7 7 3 0 0 1 0 1 4 9              |
 ├────────────────────┼─────────────┼─────────────────────────────────────────────────────────────────────────────────┤
 | 0x000000000000000c | 6           | 22 11 0 0 0 0 9 10 0 0 0 0 0 10 10 0 0 0 0 0 0 0 0 8 9 19 19 0 0 0 0 10         |
 ├────────────────────┼─────────────┼─────────────────────────────────────────────────────────────────────────────────┤
 | 0x000000000000000d | 10          | 26 7 3 0 0 0 0 0 0 0 0 0 0 0 0 0 0 0 0 0 0 1 0 0 0 0 0 0 0 1 8 7                |
 ├────────────────────┼─────────────┼─────────────────────────────────────────────────────────────────────────────────┤
 | 0x000000000000000e | 15          | 18 6 2 0 1 3 4 3 0 0 0 1 2 0 2 2 3 1 0 1 3 10 10 1 0 1 4 3 1 0 0 6              |
 ├────────────────────┼─────────────┼─────────────────────────────────────────────────────────────────────────────────┤
 | 0x000000000000000f | 16          | 18 3 1 0 3 3 0 0 0 0 0 0 0 0 0 0 0 5 4 0 0 0 4 4 4 3 0 0 0 6 10 3               |
 ├────────────────────┼─────────────┼─────────────────────────────────────────────────────────────────────────────────┤
 | 0x0000000000000010 | 14          | 17 3 1 0 0 0 0 0 0 0 0 0 0 0 0 0 0 0 0 0 0 0 0 0 0 0 0 1 1 0 4 5                |
 ├────────────────────┼─────────────┼─────────────────────────────────────────────────────────────────────────────────┤
 | 0x0000000000000011 | 9           | 18 0 0 0 0 0 0 0 0 0 0 0 0 0 0 0 0 7 0 0 0 0 0 7 7 0 0 0 0 0 0 9                |
 ├────────────────────┼─────────────┼─────────────────────────────────────────────────────────────────────────────────┤
 | 0x0000000000000012 | 12          | 26 16 10 4 0 0 4 0 0 0 0 0 0 0 0 0 0 0 9 9 9 0 0 0 0 11 11 0 2 0 1 4            |
 ├────────────────────┼─────────────┼─────────────────────────────────────────────────────────────────────────────────┤
 | 0x0000000000000013 | 14          | 17 4 0 0 0 0 0 0 0 0 0 0 0 4 4 0 11 11 4 4 4 4 0 0 11 16 4 0 4 0 0 0            |
 ├────────────────────┼─────────────┼─────────────────────────────────────────────────────────────────────────────────┤
 | 0x0000000000000014 | 11          | 30 0 0 0 0 0 0 0 0 0 0 0 12 12 24 0 0 12 12 12 11 0 1 24 12 12 0 12 0 0 0 14    |
 ├────────────────────┼─────────────┼─────────────────────────────────────────────────────────────────────────────────┤
 | 0x0000000000000015 | 22          | 16 6 0 0 0 0 1 0 0 0 0 5 5 5 0 5 0 5 0 0 0 5 5 4 0 0 0 5 5 5 0 5                |
 ├────────────────────┼─────────────┼─────────────────────────────────────────────────────────────────────────────────┤
 | 0x0000000000000016 | 21          | 17 1 0 12 12 12 0 0 0 0 0 0 0 0 0 0 0 0 0 0 0 0 0 0 0 0 0 0 0 0 1 14            |
 ├────────────────────┼─────────────┼─────────────────────────────────────────────────────────────────────────────────┤
 | 0x0000000000000017 | 22          | 23 5 0 0 0 0 1 0 0 5 0 5 4 5 6 6 0 0 5 5 0 0 0 5 5 5 0 0 0 0 0 5                |
 ├────────────────────┼─────────────┼─────────────────────────────────────────────────────────────────────────────────┤
 | 0x0000000000000018 | 25          | 16 11 0 4 2 0 0 4 0 2 4 4 4 4 0 4 6 5 1 2 4 1 1 2 4 4 0 4 4 0 0 2               |
 ├────────────────────┼─────────────┼─────────────────────────────────────────────────────────────────────────────────┤
 | 0x0000000000000019 | 26          | 16 10 4 1 0 0 0 4 4 0 0 0 0 0 0 4 4 4 0 0 0 9 4 4 0 0 4 4 4 4 0 2               |
 ├────────────────────┼─────────────┼─────────────────────────────────────────────────────────────────────────────────┤
 | 0x000000000000001a | 25          | 28 17 9 0 0 2 16 7 0 0 8 15 14 6 7 7 2 8 15 7 6 0 7 7 12 14 9 14 7 0 0 7        |
 ├────────────────────┼─────────────┼─────────────────────────────────────────────────────────────────────────────────┤
 | 0x000000000000001b | 28          | 27 15 2 0 0 3 8 7 9 9 6 3 3 8 2 8 11 6 5 9 6 0 0 10 14 14 2 0 0 0 0 13          |
 ├────────────────────┼─────────────┼─────────────────────────────────────────────────────────────────────────────────┤
 | 0x000000000000001c | 27          | 28 13 1 0 5 3 6 8 9 5 2 5 8 7 11 4 4 5 7 9 0 0 1 2 11 16 12 2 0 0 0 10          |
 ├────────────────────┼─────────────┼─────────────────────────────────────────────────────────────────────────────────┤
 | 0x000000000000001d | 28          | 30 23 0 11 6 9 9 0 0 1 7 11 11 9 9 9 0 1 6 10 0 0 0 4 6 10 4 5 5 0 0 6          |
 ├────────────────────┼─────────────┼─────────────────────────────────────────────────────────────────────────────────┤
 | 0x000000000000001e | 29          | 17 7 5 11 6 2 0 0 0 2 7 7 5 0 0 5 5 7 7 4 0 2 2 2 4 0 0 2 3 0 0 9               |
 ├────────────────────┼─────────────┼─────────────────────────────────────────────────────────────────────────────────┤
 | 0x000000000000001f | 27          | 21 4 1 2 6 16 16 3 1 4 5 9 8 10 5 10 4 7 12 6 7 7 5 5 9 10 8 8 8 2 0 0          |
 └────────────────────┴─────────────┴─────────────────────────────────────────────────────────────────────────────────┘
Offset pattern table end
PC pattern table begin
 ┌────────────────────┬─────────────┬─────────────────────────────────────────────────┐
 | Key                | Second      | Pattern                                         |
 ├────────────────────┼─────────────┼─────────────────────────────────────────────────┤
 | 0x0000000000000000 | 23          | 17 0 0 0 0 0 0 0 0 0 0 1 0 0 1 8                |
 ├────────────────────┼─────────────┼─────────────────────────────────────────────────┤
 | 0x0000000000000001 | 1           | 30 8 5 16 16 6 10 14 8 10 13 9 7 14 7 5         |
 ├────────────────────┼─────────────┼─────────────────────────────────────────────────┤
 | 0x0000000000000002 | 24          | 27 0 0 0 0 0 0 0 0 0 0 0 0 0 0 13               |
 ├────────────────────┼─────────────┼─────────────────────────────────────────────────┤
 | 0x0000000000000004 | 14          | 28 4 0 0 0 0 0 0 0 0 0 0 0 0 2 15               |
 ├────────────────────┼─────────────┼─────────────────────────────────────────────────┤
 | 0x0000000000000005 | 19          | 31 27 1 22 0 0 0 0 0 0 0 0 0 0 4 24             |
 ├────────────────────┼─────────────┼─────────────────────────────────────────────────┤
 | 0x0000000000000006 | 1           | 29 9 0 0 0 1 0 0 0 1 1 0 0 1 1 5                |
 ├────────────────────┼─────────────┼─────────────────────────────────────────────────┤
 | 0x0000000000000007 | 18          | 7 6 7 0 6 0 0 0 0 0 0 0 0 0 1 1                 |
 ├────────────────────┼─────────────┼─────────────────────────────────────────────────┤
 | 0x0000000000000008 | 31          | 31 15 14 17 8 7 5 3 4 8 5 5 9 8 4 6             |
 ├────────────────────┼─────────────┼─────────────────────────────────────────────────┤
 | 0x0000000000000009 | 13          | 28 20 19 19 15 19 19 23 17 24 24 20 19 24 20 4  |
 ├────────────────────┼─────────────┼─────────────────────────────────────────────────┤
 | 0x000000000000000a | 13          | 21 0 0 0 3 1 0 0 7 3 0 1 3 1 0 1                |
 ├────────────────────┼─────────────┼─────────────────────────────────────────────────┤
 | 0x000000000000000b | 14          | 21 6 5 6 2 5 6 6 6 5 5 4 8 6 5 3                |
 ├────────────────────┼─────────────┼─────────────────────────────────────────────────┤
 | 0x000000000000000c | 27          | 19 8 0 6 6 10 17 6 10 10 17 17 0 0 17 6         |
 ├────────────────────┼─────────────┼─────────────────────────────────────────────────┤
 | 0x000000000000000e | 24          | 5 2 2 0 2 0 0 0 0 0 0 0 0 0 0 0                 |
 ├────────────────────┼─────────────┼─────────────────────────────────────────────────┤
 | 0x000000000000000f | 18          | 4 4 2 2 2 0 0 0 0 0 0 0 0 0 0 2                 |
 ├────────────────────┼─────────────┼─────────────────────────────────────────────────┤
 | 0x0000000000000010 | 26          | 20 12 6 12 0 0 0 0 0 0 0 0 0 0 0 0              |
 ├────────────────────┼─────────────┼─────────────────────────────────────────────────┤
 | 0x0000000000000011 | 4           | 27 7 4 0 0 0 0 0 1 1 0 1 2 2 2 0                |
 ├────────────────────┼─────────────┼─────────────────────────────────────────────────┤
 | 0x0000000000000012 | 17          | 16 1 0 0 0 14 14 0 14 14 14 14 0 0 14 0         |
 ├────────────────────┼─────────────┼─────────────────────────────────────────────────┤
 | 0x0000000000000013 | 27          | 30 4 0 0 20 13 0 0 20 24 4 8 20 16 5 12         |
 ├────────────────────┼─────────────┼─────────────────────────────────────────────────┤
 | 0x0000000000000014 | 18          | 29 2 0 1 0 0 0 0 0 0 0 0 0 0 8 25               |
 ├────────────────────┼─────────────┼─────────────────────────────────────────────────┤
 | 0x0000000000000015 | 20          | 30 24 0 24 0 0 0 0 1 0 0 0 0 0 1 25             |
 ├────────────────────┼─────────────┼─────────────────────────────────────────────────┤
 | 0x0000000000000016 | 13          | 30 20 19 0 0 0 1 0 4 1 1 0 1 1 0 22             |
 ├────────────────────┼─────────────┼─────────────────────────────────────────────────┤
 | 0x0000000000000017 | 22          | 17 6 3 6 2 2 5 5 6 5 4 2 7 6 3 2                |
 ├────────────────────┼─────────────┼─────────────────────────────────────────────────┤
 | 0x0000000000000018 | 3           | 22 0 0 0 0 0 0 0 0 0 0 21 0 0 21 21             |
 ├────────────────────┼─────────────┼─────────────────────────────────────────────────┤
 | 0x0000000000000019 | 20          | 18 2 0 3 1 0 0 0 1 0 1 0 0 2 0 1                |
 ├────────────────────┼─────────────┼─────────────────────────────────────────────────┤
 | 0x000000000000001a | 3           | 20 1 0 1 4 4 2 3 6 4 3 2 3 3 3 3                |
 ├────────────────────┼─────────────┼─────────────────────────────────────────────────┤
 | 0x000000000000001b | 16          | 19 0 0 0 0 0 0 0 0 0 0 0 0 0 4 12               |
 ├────────────────────┼─────────────┼─────────────────────────────────────────────────┤
 | 0x000000000000001c | 5           | 30 15 0 0 1 1 0 1 1 1 0 1 0 0 0 3               |
 ├────────────────────┼─────────────┼─────────────────────────────────────────────────┤
 | 0x000000000000001d | 27          | 28 25 26 25 24 0 24 24 24 24 24 24 24 0 0 25    |
 ├────────────────────┼─────────────┼─────────────────────────────────────────────────┤
 | 0x000000000000001e | 10          | 29 4 0 1 0 0 0 0 0 0 0 0 0 0 2 14               |
 ├────────────────────┼─────────────┼─────────────────────────────────────────────────┤
 | 0x000000000000001f | 19          | 7 0 7 0 0 0 0 0 0 0 0 0 0 1 6 7                 |
 └────────────────────┴─────────────┴─────────────────────────────────────────────────┘
PC pattern table end
Prefetch buffer begin
 ┌────────────────────┬──────────────────────────────────────────────────────────────────┐
 | Region             | Pattern                                                          |
 ├────────────────────┼──────────────────────────────────────────────────────────────────┤
 | 0x0000000000000487 | 0 0 0 2 2 0 0 0 0 0 0 0 0 2 0 0 2 2 2 2 0 0 2 2 0 0 0 0 0 0 0 0  |
 ├────────────────────┼──────────────────────────────────────────────────────────────────┤
 | 0x0000000000000414 | 2 2 0 0 0 0 0 0 0 0 0 0 0 0 0 0 0 0 0 0 0 0 0 0 0 0 0 0 0 0 0 0  |
 ├────────────────────┼──────────────────────────────────────────────────────────────────┤
 | 0x000000000000044e | 2 2 2 2 2 0 2 2 2 2 2 2 2 2 2 2 2 2 2 2 0 0 0 0 0 0 0 0 0 0 0 0  |
 ├────────────────────┼──────────────────────────────────────────────────────────────────┤
 | 0x000000000000041e | 2 2 0 0 0 0 0 0 0 0 0 0 0 2 0 0 2 2 2 2 2 2 2 2 2 2 2 2 2 2 2 2  |
 ├────────────────────┼──────────────────────────────────────────────────────────────────┤
 | 0x0000000000008ac7 | 0 0 0 0 0 0 0 0 0 0 0 0 0 0 0 0 0 0 0 0 0 0 0 0 0 0 0 0 0 2 2 2  |
 ├────────────────────┼──────────────────────────────────────────────────────────────────┤
 | 0x000000000000738f | 2 2 2 2 2 2 2 2 2 2 0 0 0 0 0 0 0 0 0 2 2 2 2 2 2 2 2 2 2 2 2 2  |
 └────────────────────┴──────────────────────────────────────────────────────────────────┘
Prefetch buffer end
Filter by PPT: 0
Prefetch Request to L1: 210880, Prefetch Request to L2: 12796431
Invalid by Eviction: 111941
Invalid by Max: 42953
Final L1D Threshold: 0.901
Final Demand Reserve: 25.0%
Filter table begin
 ┌────────────────────┬─────────────┐
 | Region             | Offset      |
 ├────────────────────┼─────────────┤
 | 0x0000000000004b4d | 31          |
 ├────────────────────┼─────────────┤
 | 0x0000000000004e03 | 0           |
 ├────────────────────┼─────────────┤
 | 0x00000000000054e9 | 31          |
 ├────────────────────┼─────────────┤
 | 0x00000000000006fe | 0           |
 ├────────────────────┼─────────────┤
 | 0x0000000000006d8e | 0           |
 ├────────────────────┼─────────────┤
 | 0x0000000000000c1f | 31          |
 ├────────────────────┼─────────────┤
 | 0x0000000000005a34 | 0           |
 ├────────────────────┼─────────────┤
 | 0x0000000000005ae4 | 31          |
 ├────────────────────┼─────────────┤
 | 0x00000000000002dd | 29          |
 ├────────────────────┼─────────────┤
 | 0x0000000000001377 | 31          |
 ├────────────────────┼─────────────┤
 | 0x0000000000005cc4 | 0           |
 ├────────────────────┼─────────────┤
 | 0x0000000000006683 | 0           |
 ├────────────────────┼─────────────┤
 | 0x0000000000000d70 | 0           |
 ├────────────────────┼─────────────┤
 | 0x000000000000305c | 0           |
 ├────────────────────┼─────────────┤
 | 0x0000000000000fd4 | 0           |
 ├────────────────────┼─────────────┤
 | 0x0000000000006785 | 0           |
 ├────────────────────┼─────────────┤
 | 0x00000000000003c8 | 0           |
 ├────────────────────┼─────────────┤
 | 0x0000000000004b34 | 31          |
 └────────────────────┴─────────────┘
Filter table end
Accumulation table begin
 ┌────────────────────┬─────────────┬─────────────┬──────────────────────────────────────────────────────────────────┐
 | Region             | Offset      | Second      | Pattern                                                          |
 ├────────────────────┼─────────────┼─────────────┼──────────────────────────────────────────────────────────────────┤
 | 0x0000000000001f4c | 30          | 31          | 1 1 0 1 1 0 1 1 0 1 1 0 1 1 0 1 1 0 1 1 0 1 1 0 1 1 0 1 1 0 1 1  |
 ├────────────────────┼─────────────┼─────────────┼──────────────────────────────────────────────────────────────────┤
 | 0x0000000000001f4a | 29          | 30          | 1 0 1 1 0 1 1 0 1 1 0 1 1 0 1 1 0 1 1 0 1 1 0 1 1 0 1 1 0 1 1 0  |
 ├────────────────────┼─────────────┼─────────────┼──────────────────────────────────────────────────────────────────┤
 | 0x0000000000001f3b | 31          | 28          | 0 1 1 0 1 1 0 1 1 0 1 1 0 1 1 0 1 1 0 1 1 0 1 1 0 1 1 0 1 1 0 1  |
 ├────────────────────┼─────────────┼─────────────┼──────────────────────────────────────────────────────────────────┤
 | 0x0000000000001f34 | 31          | 28          | 0 1 1 0 1 1 0 1 1 0 1 1 0 1 1 0 1 1 0 1 1 0 1 1 0 1 1 0 1 1 0 1  |
 ├────────────────────┼─────────────┼─────────────┼──────────────────────────────────────────────────────────────────┤
 | 0x0000000000001f43 | 31          | 28          | 0 1 1 0 1 1 0 1 1 0 1 1 0 1 1 0 1 1 0 1 1 0 1 1 0 1 1 0 1 1 0 1  |
 ├────────────────────┼─────────────┼─────────────┼──────────────────────────────────────────────────────────────────┤
 | 0x0000000000001f45 | 31          | 30          | 1 1 1 1 1 1 1 0 1 1 1 1 1 1 1 1 1 1 1 1 0 1 1 1 1 1 1 1 1 1 1 1  |
 ├────────────────────┼─────────────┼─────────────┼──────────────────────────────────────────────────────────────────┤
 | 0x0000000000001f32 | 30          | 31          | 1 1 1 0 1 1 1 1 1 1 1 1 1 1 1 1 0 1 1 1 1 1 1 1 1 1 1 1 1 0 1 1  |
 ├────────────────────┼─────────────┼─────────────┼──────────────────────────────────────────────────────────────────┤
 | 0x0000000000001f3d | 29          | 30          | 1 0 1 1 0 1 1 0 1 1 0 1 1 0 1 1 0 1 1 0 1 1 0 1 1 0 1 1 0 1 1 0  |
 ├────────────────────┼─────────────┼─────────────┼──────────────────────────────────────────────────────────────────┤
 | 0x0000000000001f49 | 31          | 30          | 1 1 1 1 1 1 0 1 1 1 1 1 1 1 1 1 1 1 1 0 1 1 1 1 1 1 1 1 1 1 1 1  |
 ├────────────────────┼─────────────┼─────────────┼──────────────────────────────────────────────────────────────────┤
 | 0x0000000000001f3e | 31          | 30          | 1 0 1 1 1 1 1 1 1 1 1 1 1 1 0 1 1 1 1 1 1 1 1 1 1 1 1 0 1 1 1 1  |
 ├────────────────────┼─────────────┼─────────────┼──────────────────────────────────────────────────────────────────┤
 | 0x0000000000001f38 | 31          | 29          | 1 1 0 1 1 1 1 1 1 1 1 1 1 1 1 0 1 1 1 1 1 1 1 1 1 1 1 1 0 1 1 1  |
 ├────────────────────┼─────────────┼─────────────┼──────────────────────────────────────────────────────────────────┤
 | 0x0000000000001f4f | 30          | 29          | 0 0 0 0 0 0 0 0 0 0 0 0 0 0 1 1 1 1 0 1 1 1 1 1 1 1 1 1 1 1 1 0  |
 ├────────────────────┼─────────────┼─────────────┼──────────────────────────────────────────────────────────────────┤
 | 0x0000000000001f37 | 15          | 12          | 1 1 0 1 1 0 1 1 0 1 1 0 1 1 0 1 1 0 1 1 0 1 1 0 1 1 0 1 1 0 1 1  |
 ├────────────────────┼─────────────┼─────────────┼──────────────────────────────────────────────────────────────────┤
 | 0x0000000000001f51 | 26          | 27          | 0 0 0 0 0 1 0 0 1 1 0 1 1 0 1 1 0 1 1 0 1 1 0 1 1 0 1 1 0 1 1 0  |
 ├────────────────────┼─────────────┼─────────────┼──────────────────────────────────────────────────────────────────┤
 | 0x0000000000001f40 | 29          | 30          | 1 0 1 1 0 1 1 0 1 1 0 1 1 0 1 1 0 1 1 0 1 1 0 1 1 0 1 1 0 1 1 0  |
 ├────────────────────┼─────────────┼─────────────┼──────────────────────────────────────────────────────────────────┤
 | 0x0000000000001f46 | 19          | 14          | 0 1 1 0 1 1 0 1 1 0 1 1 0 1 1 0 1 1 0 1 1 0 1 1 0 1 1 0 1 1 0 1  |
 ├────────────────────┼─────────────┼─────────────┼──────────────────────────────────────────────────────────────────┤
 | 0x0000000000001f3f | 28          | 22          | 1 1 1 1 1 1 1 1 0 1 1 1 1 1 1 1 1 1 1 1 1 0 1 1 1 1 1 1 1 1 1 1  |
 ├────────────────────┼─────────────┼─────────────┼──────────────────────────────────────────────────────────────────┤
 | 0x0000000000001f3c | 19          | 20          | 0 1 1 0 1 1 0 1 1 0 1 1 0 1 1 0 1 1 0 1 1 0 1 1 0 1 1 0 1 1 0 1  |
 ├────────────────────┼─────────────┼─────────────┼──────────────────────────────────────────────────────────────────┤
 | 0x0000000000001f42 | 30          | 31          | 1 1 0 1 1 0 1 1 0 1 1 0 1 1 0 1 1 0 1 1 0 1 1 0 1 1 0 1 1 0 1 1  |
 ├────────────────────┼─────────────┼─────────────┼──────────────────────────────────────────────────────────────────┤
 | 0x0000000000001f47 | 29          | 30          | 1 0 1 1 0 1 1 0 1 1 0 1 1 0 1 1 0 1 1 0 1 1 0 1 1 0 1 1 0 1 1 0  |
 ├────────────────────┼─────────────┼─────────────┼──────────────────────────────────────────────────────────────────┤
 | 0x0000000000001f44 | 31          | 30          | 0 1 1 1 1 1 1 1 1 1 1 1 1 0 1 1 1 1 1 1 1 1 1 1 1 1 0 1 1 1 1 1  |
 ├────────────────────┼─────────────┼─────────────┼──────────────────────────────────────────────────────────────────┤
 | 0x0000000000001f4b | 27          | 28          | 1 1 0 1 1 0 1 1 0 1 1 0 1 1 0 1 1 0 1 1 0 1 1 0 1 1 0 1 1 0 1 1  |
 ├────────────────────┼─────────────┼─────────────┼──────────────────────────────────────────────────────────────────┤
 | 0x0000000000001f48 | 31          | 24          | 1 1 1 1 1 1 1 1 1 1 1 1 0 1 1 1 1 1 1 1 1 1 1 1 1 0 1 1 1 1 1 1  |
 ├────────────────────┼─────────────┼─────────────┼──────────────────────────────────────────────────────────────────┤
 | 0x0000000000001f4d | 31          | 16          | 0 1 1 0 1 1 0 1 1 0 1 1 0 1 1 0 1 1 0 1 1 0 1 1 0 1 1 0 1 1 0 1  |
 ├────────────────────┼─────────────┼─────────────┼──────────────────────────────────────────────────────────────────┤
 | 0x0000000000001f36 | 29          | 30          | 1 0 1 1 0 1 1 0 1 1 0 1 1 0 1 1 0 1 1 0 1 1 0 1 1 0 1 1 0 1 1 0  |
 ├────────────────────┼─────────────┼─────────────┼──────────────────────────────────────────────────────────────────┤
 | 0x0000000000001f3a | 30          | 31          | 1 1 0 1 1 0 1 1 0 1 1 0 1 1 0 1 1 0 1 1 0 1 1 0 1 1 0 1 1 0 1 1  |
 ├────────────────────┼─────────────┼─────────────┼──────────────────────────────────────────────────────────────────┤
 | 0x0000000000001f41 | 31          | 30          | 1 1 0 1 1 0 1 1 0 1 1 0 1 1 0 1 1 0 1 1 0 1 1 0 1 1 0 1 1 0 1 1  |
 └────────────────────┴─────────────┴─────────────┴──────────────────────────────────────────────────────────────────┘
Accumulation table end
Offset pattern table begin
 ┌────────────────────┬─────────────┬─────────────────────────────────────────────────────────────────────────────────────────────────┐
 | Key                | Second      | Pattern                                                                                         |
 ├────────────────────┼─────────────┼─────────────────────────────────────────────────────────────────────────────────────────────────┤
 | 0x0000000000000000 | 5           | 18 14 15 6 4 7 7 5 6 6 5 5 5 4 5 6 5 6 6 1 3 2 1 3 3 2 3 3 1 3 3 2                              |
 ├────────────────────┼─────────────┼─────────────────────────────────────────────────────────────────────────────────────────────────┤
 | 0x0000000000000001 | 2           | 21 19 2 6 4 2 5 4 3 7 4 2 6 5 2 6 5 3 5 3 1 5 3 1 5 4 1 5 3 1 5 10                              |
 ├────────────────────┼─────────────┼─────────────────────────────────────────────────────────────────────────────────────────────────┤
 | 0x0000000000000002 | 1           | 22 1 0 2 1 0 2 1 0 1 1 0 2 6 5 2 1 0 1 1 0 1 1 0 1 1 0 1 1 0 16 20                              |
 ├────────────────────┼─────────────┼─────────────────────────────────────────────────────────────────────────────────────────────────┤
 | 0x0000000000000003 | 2           | 26 21 3 11 8 2 9 8 2 9 7 2 9 8 2 9 7 1 9 7 1 9 7 1 9 7 1 9 7 12 11 11                           |
 ├────────────────────┼─────────────┼─────────────────────────────────────────────────────────────────────────────────────────────────┤
 | 0x0000000000000004 | 3           | 23 4 4 3 3 2 4 2 2 1 1 0 1 1 1 1 1 1 1 0 0 1 1 0 1 0 1 0 0 0 10 22                              |
 ├────────────────────┼─────────────┼─────────────────────────────────────────────────────────────────────────────────────────────────┤
 | 0x0000000000000005 | 6           | 24 20 2 14 12 2 13 12 2 12 12 2 13 12 1 13 12 2 13 11 1 13 11 1 12 11 1 14 2 16 14 6            |
 ├────────────────────┼─────────────┼─────────────────────────────────────────────────────────────────────────────────────────────────┤
 | 0x0000000000000006 | 5           | 25 6 7 9 5 5 9 4 5 9 5 6 10 4 5 9 4 5 9 4 5 9 4 5 9 4 9 4 6 10 10 20                            |
 ├────────────────────┼─────────────┼─────────────────────────────────────────────────────────────────────────────────────────────────┤
 | 0x0000000000000007 | 6           | 22 18 3 11 8 3 11 8 2 11 8 2 10 8 2 10 8 2 10 8 2 11 8 2 10 3 12 10 3 12 10 5                   |
 ├────────────────────┼─────────────┼─────────────────────────────────────────────────────────────────────────────────────────────────┤
 | 0x0000000000000008 | 7           | 19 3 1 2 2 0 2 2 0 2 2 0 2 2 0 2 2 0 2 2 0 2 2 0 2 0 2 2 0 2 3 16                               |
 ├────────────────────┼─────────────┼─────────────────────────────────────────────────────────────────────────────────────────────────┤
 | 0x0000000000000009 | 10          | 17 12 3 13 10 3 13 9 3 13 9 3 13 9 3 13 9 3 13 9 3 13 9 13 10 4 14 10 4 14 10 4                 |
 ├────────────────────┼─────────────┼─────────────────────────────────────────────────────────────────────────────────────────────────┤
 | 0x000000000000000a | 9           | 26 6 2 8 6 2 8 6 2 8 6 2 8 6 2 8 6 2 8 6 2 8 2 8 6 2 8 6 2 8 12 19                              |
 ├────────────────────┼─────────────┼─────────────────────────────────────────────────────────────────────────────────────────────────┤
 | 0x000000000000000b | 10          | 22 17 4 18 15 5 18 14 3 18 14 4 18 14 4 18 13 4 18 14 4 15 4 19 15 5 19 14 5 19 15 6            |
 ├────────────────────┼─────────────┼─────────────────────────────────────────────────────────────────────────────────────────────────┤
 | 0x000000000000000c | 11          | 17 10 4 11 9 2 11 9 2 11 9 2 11 9 2 11 9 2 11 9 11 9 2 11 9 2 11 9 2 11 10 6                    |
 ├────────────────────┼─────────────┼─────────────────────────────────────────────────────────────────────────────────────────────────┤
 | 0x000000000000000d | 12          | 24 21 2 20 18 2 20 18 2 20 18 2 20 18 2 20 18 2 20 2 21 18 2 21 18 2 21 18 2 21 19 3            |
 ├────────────────────┼─────────────┼─────────────────────────────────────────────────────────────────────────────────────────────────┤
 | 0x000000000000000e | 13          | 20 5 5 11 5 5 11 5 5 11 5 5 11 5 5 11 5 5 5 5 11 5 5 11 5 5 11 5 5 11 8 14                      |
 ├────────────────────┼─────────────┼─────────────────────────────────────────────────────────────────────────────────────────────────┤
 | 0x000000000000000f | 14          | 20 17 2 15 13 2 15 13 2 15 13 2 15 13 2 15 13 15 13 2 15 13 2 15 13 2 15 13 2 15 13 3           |
 ├────────────────────┼─────────────┼─────────────────────────────────────────────────────────────────────────────────────────────────┤
 | 0x0000000000000010 | 15          | 30 13 4 15 12 3 15 12 3 15 12 3 15 12 3 15 4 16 13 3 15 12 3 15 12 3 15 13 3 16 14 16           |
 ├────────────────────┼─────────────┼─────────────────────────────────────────────────────────────────────────────────────────────────┤
 | 0x0000000000000011 | 18          | 29 22 8 28 21 8 28 21 8 27 21 8 28 21 7 20 8 28 21 8 28 21 8 28 21 8 28 21 7 28 21 8            |
 ├────────────────────┼─────────────┼─────────────────────────────────────────────────────────────────────────────────────────────────┤
 | 0x0000000000000012 | 17          | 17 10 4 14 10 4 14 10 4 14 10 3 14 11 14 10 4 13 11 4 14 10 4 14 11 4 14 11 4 14 12 6           |
 ├────────────────────┼─────────────┼─────────────────────────────────────────────────────────────────────────────────────────────────┤
 | 0x0000000000000013 | 18          | 28 20 9 26 19 11 26 18 11 25 19 10 25 10 26 19 11 26 19 11 26 18 11 26 19 11 25 19 10 26 19 12  |
 ├────────────────────┼─────────────┼─────────────────────────────────────────────────────────────────────────────────────────────────┤
 | 0x0000000000000014 | 19          | 21 17 10 19 16 8 20 16 8 17 16 8 16 8 19 15 8 19 15 8 18 16 8 19 15 8 19 16 6 19 16 7           |
 ├────────────────────┼─────────────┼─────────────────────────────────────────────────────────────────────────────────────────────────┤
 | 0x0000000000000015 | 22          | 19 14 8 17 11 9 17 13 8 17 13 17 13 8 17 12 8 17 13 8 17 13 7 15 13 8 17 13 7 17 13 9           |
 ├────────────────────┼─────────────┼─────────────────────────────────────────────────────────────────────────────────────────────────┤
 | 0x0000000000000016 | 21          | 17 13 6 16 14 7 16 14 6 15 7 16 14 6 16 13 6 16 13 7 15 14 7 16 14 7 16 14 6 16 15 6            |
 ├────────────────────┼─────────────┼─────────────────────────────────────────────────────────────────────────────────────────────────┤
 | 0x0000000000000017 | 24          | 22 19 8 21 19 8 20 19 8 19 7 21 19 8 21 19 8 21 19 9 21 19 8 20 19 8 21 20 8 21 20 8            |
 ├────────────────────┼─────────────┼─────────────────────────────────────────────────────────────────────────────────────────────────┤
 | 0x0000000000000018 | 23          | 18 13 12 17 14 11 17 14 17 14 11 17 14 11 17 13 11 17 11 12 16 14 11 17 14 12 17 14 10 16 14 8  |
 ├────────────────────┼─────────────┼─────────────────────────────────────────────────────────────────────────────────────────────────┤
 | 0x0000000000000019 | 26          | 21 18 6 20 18 7 20 7 19 18 7 19 18 7 20 18 7 20 17 8 20 17 8 20 17 8 20 18 8 20 18 6            |
 ├────────────────────┼─────────────┼─────────────────────────────────────────────────────────────────────────────────────────────────┤
 | 0x000000000000001a | 25          | 26 23 10 24 23 10 24 9 25 22 10 25 23 9 25 22 10 25 23 10 24 24 9 25 24 10 24 23 9 25 24 9      |
 ├────────────────────┼─────────────┼─────────────────────────────────────────────────────────────────────────────────────────────────┤
 | 0x000000000000001b | 28          | 20 15 9 19 15 19 16 10 18 16 10 19 15 10 18 15 11 19 16 11 19 15 10 19 16 10 19 15 9 19 16 11   |
 ├────────────────────┼─────────────┼─────────────────────────────────────────────────────────────────────────────────────────────────┤
 | 0x000000000000001c | 27          | 30 24 11 29 10 29 24 11 29 24 10 29 22 10 29 23 11 29 24 11 29 24 11 29 24 9 29 24 10 29 24 10  |
 ├────────────────────┼─────────────┼─────────────────────────────────────────────────────────────────────────────────────────────────┤
 | 0x000000000000001d | 30          | 30 27 3 28 4 29 28 3 29 28 4 29 28 4 29 28 4 29 27 4 29 27 3 29 28 4 29 28 3 29 28 3            |
 ├────────────────────┼─────────────┼─────────────────────────────────────────────────────────────────────────────────────────────────┤
 | 0x000000000000001e | 31          | 28 22 26 22 11 26 24 9 27 24 10 27 24 11 27 22 10 27 23 11 26 24 11 26 24 11 27 24 10 26 24 10  |
 ├────────────────────┼─────────────┼─────────────────────────────────────────────────────────────────────────────────────────────────┤
 | 0x000000000000001f | 27          | 16 10 15 13 10 14 14 8 14 14 9 14 13 9 15 14 9 15 13 10 14 13 10 15 13 9 15 14 9 15 14 8        |
 └────────────────────┴─────────────┴─────────────────────────────────────────────────────────────────────────────────────────────────┘
Offset pattern table end
PC pattern table begin
 ┌────────────────────┬─────────────┬──────────────────────────────────────────────────┐
 | Key                | Second      | Pattern                                          |
 ├────────────────────┼─────────────┼──────────────────────────────────────────────────┤
 | 0x0000000000000000 | 15          | 16 0 0 0 0 0 0 0 0 0 0 0 0 0 0 16                |
 ├────────────────────┼─────────────┼──────────────────────────────────────────────────┤
 | 0x0000000000000003 | 29          | 25 24 24 24 24 24 24 24 24 24 24 24 24 24 24 24  |
 ├────────────────────┼─────────────┼──────────────────────────────────────────────────┤
 | 0x0000000000000008 | 3           | 20 20 10 0 0 0 0 0 0 0 0 0 0 0 0 0               |
 ├────────────────────┼─────────────┼──────────────────────────────────────────────────┤
 | 0x000000000000000b | 26          | 20 19 1 1 0 0 0 0 0 0 0 0 0 0 1 1                |
 ├────────────────────┼─────────────┼──────────────────────────────────────────────────┤
 | 0x000000000000000f | 0           | 25 20 19 18 0 0 0 0 0 0 0 0 0 0 0 5              |
 ├────────────────────┼─────────────┼──────────────────────────────────────────────────┤
 | 0x0000000000000010 | 24          | 27 26 0 0 0 0 0 2 2 0 0 0 0 0 0 0                |
 ├────────────────────┼─────────────┼──────────────────────────────────────────────────┤
 | 0x0000000000000011 | 7           | 23 0 0 0 0 0 0 0 0 0 0 0 0 0 0 22                |
 ├────────────────────┼─────────────┼──────────────────────────────────────────────────┤
 | 0x0000000000000012 | 11          | 25 24 24 24 24 24 24 24 24 24 24 24 24 24 24 24  |
 ├────────────────────┼─────────────┼──────────────────────────────────────────────────┤
 | 0x0000000000000014 | 15          | 8 0 0 0 0 0 0 0 0 0 0 0 0 0 0 8                  |
 ├────────────────────┼─────────────┼──────────────────────────────────────────────────┤
 | 0x0000000000000017 | 30          | 28 27 27 27 27 27 27 27 27 27 27 27 27 27 27 27  |
 ├────────────────────┼─────────────┼──────────────────────────────────────────────────┤
 | 0x0000000000000019 | 2           | 25 12 1 1 0 0 0 0 0 0 0 0 0 0 0 12               |
 ├────────────────────┼─────────────┼──────────────────────────────────────────────────┤
 | 0x000000000000001b | 2           | 24 23 23 23 23 23 23 23 23 23 23 23 23 23 23 23  |
 ├────────────────────┼─────────────┼──────────────────────────────────────────────────┤
 | 0x000000000000001c | 27          | 31 0 0 0 0 0 0 0 0 0 3 3 0 0 6 10                |
 ├────────────────────┼─────────────┼──────────────────────────────────────────────────┤
 | 0x000000000000001e | 9           | 18 9 2 3 4 6 6 8 9 10 11 13 14 15 16 17          |
 ├────────────────────┼─────────────┼──────────────────────────────────────────────────┤
 | 0x000000000000001f | 30          | 22 21 21 21 21 21 21 21 21 21 21 21 21 21 21 21  |
 └────────────────────┴─────────────┴──────────────────────────────────────────────────┘
PC pattern table end
Prefetch buffer begin
 ┌────────────────────┬──────────────────────────────────────────────────────────────────┐
 | Region             | Pattern                                                          |
 ├────────────────────┼──────────────────────────────────────────────────────────────────┤
 | 0x0000000000001f37 | 0 0 2 0 0 2 0 0 2 0 0 2 0 0 2 0 0 2 0 0 2 0 0 2 0 0 2 0 0 2 0 0  |
 ├────────────────────┼──────────────────────────────────────────────────────────────────┤
 | 0x0000000000001f40 | 0 2 0 0 2 0 0 2 0 0 2 0 0 2 0 0 2 0 0 2 0 0 2 0 0 2 0 0 2 0 0 2  |
 ├────────────────────┼──────────────────────────────────────────────────────────────────┤
 | 0x0000000000001f4f | 1 2 2 1 2 2 1 2 2 1 2 2 1 2 0 0 0 0 1 0 0 0 0 0 0 0 0 0 0 0 0 2  |
 ├────────────────────┼──────────────────────────────────────────────────────────────────┤
 | 0x0000000000001f45 | 0 0 0 0 0 0 0 2 0 0 0 0 0 0 0 0 0 0 0 0 2 0 0 0 0 0 0 0 0 0 0 0  |
 ├────────────────────┼──────────────────────────────────────────────────────────────────┤
 | 0x0000000000001f4a | 0 2 0 0 2 0 0 2 0 0 2 0 0 2 0 0 2 0 0 2 0 0 2 0 0 2 0 0 2 0 0 2  |
 ├────────────────────┼──────────────────────────────────────────────────────────────────┤
 | 0x0000000000001f3d | 0 2 0 0 2 0 0 2 0 0 2 0 0 2 0 0 2 0 0 2 0 0 2 0 0 2 0 0 2 0 0 2  |
 ├────────────────────┼──────────────────────────────────────────────────────────────────┤
 | 0x0000000000001f38 | 0 0 2 0 0 0 0 0 0 0 0 0 0 0 0 2 0 0 0 0 0 0 0 0 0 0 0 0 0 0 0 0  |
 ├────────────────────┼──────────────────────────────────────────────────────────────────┤
 | 0x0000000000001f51 | 1 2 1 2 2 0 2 2 0 0 2 0 0 2 0 0 2 0 0 2 0 0 2 0 0 2 0 0 2 0 0 2  |
 ├────────────────────┼──────────────────────────────────────────────────────────────────┤
 | 0x0000000000001f3c | 2 0 0 2 0 0 2 0 0 2 0 0 2 0 0 2 0 0 2 0 0 2 0 0 2 0 0 2 0 0 2 0  |
 ├────────────────────┼──────────────────────────────────────────────────────────────────┤
 | 0x0000000000001f41 | 0 0 2 0 0 1 0 0 1 0 0 2 0 0 2 0 0 2 0 0 2 0 0 2 0 0 1 0 0 1 0 0  |
 ├────────────────────┼──────────────────────────────────────────────────────────────────┤
 | 0x0000000000001f2d | 0 0 0 0 0 0 0 0 0 0 0 2 0 0 0 0 0 0 0 0 0 0 0 0 2 0 0 0 0 0 0 0  |
 ├────────────────────┼──────────────────────────────────────────────────────────────────┤
 | 0x0000000000001f36 | 0 2 0 0 2 0 0 2 0 0 2 0 0 2 0 0 2 0 0 2 0 0 2 0 0 2 0 0 2 0 0 2  |
 ├────────────────────┼──────────────────────────────────────────────────────────────────┤
 | 0x0000000000001f27 | 0 0 0 0 0 0 0 0 0 0 0 0 1 0 0 0 0 0 0 0 0 0 0 0 0 2 0 0 0 0 0 0  |
 ├────────────────────┼──────────────────────────────────────────────────────────────────┤
 | 0x0000000000001f33 | 0 0 0 0 0 0 0 0 0 0 1 0 0 0 0 0 0 0 0 0 0 0 0 0 0 0 0 0 0 0 0 0  |
 ├────────────────────┼──────────────────────────────────────────────────────────────────┤
 | 0x0000000000001f4b | 0 0 2 0 0 2 0 0 2 0 0 2 0 0 2 0 0 2 0 0 2 0 0 2 0 0 2 0 0 2 0 0  |
 ├────────────────────┼──────────────────────────────────────────────────────────────────┤
 | 0x0000000000001f44 | 2 0 0 0 0 0 0 0 0 0 0 0 0 1 0 0 0 0 0 0 0 0 0 0 0 0 1 0 0 0 0 0  |
 ├────────────────────┼──────────────────────────────────────────────────────────────────┤
 | 0x0000000000001f4d | 2 0 0 2 0 0 2 0 0 2 0 0 2 0 0 2 0 0 2 0 0 2 0 0 2 0 0 2 0 0 2 0  |
 ├────────────────────┼──────────────────────────────────────────────────────────────────┤
 | 0x0000000000001f3a | 0 0 2 0 0 2 0 0 2 0 0 2 0 0 2 0 0 2 0 0 2 0 0 2 0 0 2 0 0 2 0 0  |
 ├────────────────────┼──────────────────────────────────────────────────────────────────┤
 | 0x0000000000001f47 | 0 2 0 0 2 0 0 2 0 0 2 0 0 2 0 0 2 0 0 2 0 0 2 0 0 2 0 0 2 0 0 2  |
 ├────────────────────┼──────────────────────────────────────────────────────────────────┤
 | 0x0000000000001f42 | 0 0 2 0 0 2 0 0 2 0 0 2 0 0 2 0 0 2 0 0 2 0 0 2 0 0 2 0 0 2 0 0  |
 ├────────────────────┼──────────────────────────────────────────────────────────────────┤
 | 0x0000000000001f30 | 0 0 0 0 0 0 0 0 0 0 0 0 0 0 0 0 0 2 0 0 2 0 0 2 0 0 2 0 0 2 0 0  |
 ├────────────────────┼──────────────────────────────────────────────────────────────────┤
 | 0x0000000000001f48 | 0 0 0 0 0 0 0 0 0 0 0 0 2 0 0 0 0 0 0 0 0 0 0 0 0 1 0 0 0 0 0 0  |
 ├────────────────────┼──────────────────────────────────────────────────────────────────┤
 | 0x0000000000001f3f | 0 0 0 0 0 0 0 0 2 0 0 0 0 0 0 0 0 0 0 0 0 2 0 0 0 0 0 0 0 0 0 0  |
 ├────────────────────┼──────────────────────────────────────────────────────────────────┤
 | 0x0000000000001f35 | 0 2 0 0 2 0 0 2 0 0 2 0 0 2 0 0 2 0 0 2 0 0 2 0 0 2 0 0 2 0 0 2  |
 ├────────────────────┼──────────────────────────────────────────────────────────────────┤
 | 0x0000000000001f3e | 0 1 0 0 0 0 0 0 0 0 0 0 0 0 2 0 0 0 0 0 0 0 0 0 0 0 0 2 0 0 0 0  |
 ├────────────────────┼──────────────────────────────────────────────────────────────────┤
 | 0x0000000000001f43 | 2 0 0 2 0 0 2 0 0 2 0 0 2 0 0 2 0 0 2 0 0 2 0 0 2 0 0 2 0 0 2 0  |
 ├────────────────────┼──────────────────────────────────────────────────────────────────┤
 | 0x0000000000001f2f | 0 0 2 0 0 2 0 0 2 0 0 2 0 0 2 0 0 2 0 0 2 0 0 2 0 0 2 0 0 2 0 0  |
 ├────────────────────┼──────────────────────────────────────────────────────────────────┤
 | 0x0000000000001f4c | 0 0 2 0 0 2 0 0 2 0 0 2 0 0 2 0 0 2 0 0 2 0 0 2 0 0 2 0 0 2 0 0  |
 ├────────────────────┼──────────────────────────────────────────────────────────────────┤
 | 0x0000000000001f3b | 0 0 0 0 0 0 0 0 0 0 0 0 2 0 0 2 0 0 2 0 0 2 0 0 2 0 0 2 0 0 2 0  |
 ├────────────────────┼──────────────────────────────────────────────────────────────────┤
 | 0x0000000000001f46 | 2 0 0 2 0 0 2 0 0 2 0 0 2 0 0 2 0 0 2 0 0 2 0 0 2 0 0 2 0 0 2 0  |
 ├────────────────────┼──────────────────────────────────────────────────────────────────┤
 | 0x0000000000001f34 | 2 0 0 2 0 0 2 0 0 2 0 0 2 0 0 2 0 0 2 0 0 2 0 0 2 0 0 2 0 0 2 0  |
 ├────────────────────┼──────────────────────────────────────────────────────────────────┤
 | 0x0000000000001f49 | 0 0 0 0 0 0 2 0 0 0 0 0 0 0 0 0 0 0 0 0 0 0 0 0 0 0 0 0 0 0 0 0  |
 └────────────────────┴──────────────────────────────────────────────────────────────────┘
Prefetch buffer end
Filter by PPT: 0
cpu3_L2C
Num Con Filled: 0
Num Con Useful: 0 Useless:0 Accuracy: -nan
cpu2_L2C
Num Con Filled: 0
Num Con Useful: 0 Useless:0 Accuracy: -nan
cpu1_L2C
Num Con Filled: 0
Num Con Useful: 0 Useless:0 Accuracy: -nan
cpu0_L2C
Num Con Filled: 0
Num Con Useful: 0 Useless:0 Accuracy: -nan
LLC
