41 41 41
Available num physical pages: 35184372088576
WARNING: physical memory size is smaller than virtual memory size

*** ChampSim Multicore Out-of-Order Simulator ***

Warmup Instructions: 20000000
Simulation Instructions: 25000000
Number of CPUs: 4
Page size: 4096

Basic BTB sets: 1024 ways: 8 indirect buffer size: 4096 RAS size: 64
Basic BTB sets: 1024 ways: 8 indirect buffer size: 4096 RAS size: 64
Basic BTB sets: 1024 ways: 8 indirect buffer size: 4096 RAS size: 64
Basic BTB sets: 1024 ways: 8 indirect buffer size: 4096 RAS size: 64
cpu0_L1D PMP Adaptive prefetcher CLIP Filter
cpu1_L1D PMP Adaptive prefetcher CLIP Filter
cpu2_L1D PMP Adaptive prefetcher CLIP Filter
cpu3_L1D PMP Adaptive prefetcher CLIP Filter
Off-chip DRAM Size: 8 GiB Channels: 1 Width: 64-bit Data Rate: 3200 MT/s
Heartbeat CPU 0 instructions: 10000002 cycles: 2672410 heartbeat IPC: 3.74195 cumulative IPC: 3.74195 (Simulation time: 0 hr 1 min 26 sec) 
Heartbeat CPU 1 instructions: 10000003 cycles: 2674076 heartbeat IPC: 3.73962 cumulative IPC: 3.73962 (Simulation time: 0 hr 1 min 26 sec) 
Heartbeat CPU 2 instructions: 10000000 cycles: 2674469 heartbeat IPC: 3.73906 cumulative IPC: 3.73906 (Simulation time: 0 hr 1 min 27 sec) 
Heartbeat CPU 3 instructions: 10000002 cycles: 2675254 heartbeat IPC: 3.73797 cumulative IPC: 3.73797 (Simulation time: 0 hr 1 min 27 sec) 
Heartbeat CPU 0 instructions: 20000001 cycles: 8384509 heartbeat IPC: 1.75067 cumulative IPC: 2.38536 (Simulation time: 0 hr 4 min 27 sec) 
Max paddr 46M
Warmup finished CPU 0 instructions: 20000001 cycles: 8384510 cumulative IPC: 2.38536 (Simulation time: 0 hr 4 min 27 sec) 
Heartbeat CPU 1 instructions: 20000000 cycles: 8393774 heartbeat IPC: 1.74835 cumulative IPC: 2.38272 (Simulation time: 0 hr 4 min 28 sec) 
Max paddr 46M
Warmup finished CPU 1 instructions: 20000000 cycles: 8393775 cumulative IPC: 2.38272 (Simulation time: 0 hr 4 min 28 sec) 
Heartbeat CPU 2 instructions: 20000000 cycles: 8400917 heartbeat IPC: 1.74629 cumulative IPC: 2.3807 (Simulation time: 0 hr 4 min 28 sec) 
Max paddr 46M
Warmup finished CPU 2 instructions: 20000000 cycles: 8400918 cumulative IPC: 2.3807 (Simulation time: 0 hr 4 min 28 sec) 
Heartbeat CPU 3 instructions: 20000003 cycles: 8404195 heartbeat IPC: 1.74553 cumulative IPC: 2.37977 (Simulation time: 0 hr 4 min 28 sec) 
Max paddr 46M
Warmup finished CPU 3 instructions: 20000003 cycles: 8404196 cumulative IPC: 2.37977 (Simulation time: 0 hr 4 min 28 sec) 

Warmup complete CPU 0 instructions: 20016795 cycles: 8404196 (Simulation time: 0 hr 4 min 28 sec) 


Warmup complete CPU 1 instructions: 20008933 cycles: 8404196 (Simulation time: 0 hr 4 min 28 sec) 


Warmup complete CPU 2 instructions: 20002816 cycles: 8404196 (Simulation time: 0 hr 4 min 28 sec) 


Warmup complete CPU 3 instructions: 20000003 cycles: 8404196 (Simulation time: 0 hr 4 min 28 sec) 

Heartbeat CPU 1 instructions: 30000000 cycles: 85674434 heartbeat IPC: 0.129399 cumulative IPC: 0.129301 (Simulation time: 0 hr 26 min 20 sec) 
Heartbeat CPU 0 instructions: 30000000 cycles: 85719732 heartbeat IPC: 0.129308 cumulative IPC: 0.129123 (Simulation time: 0 hr 26 min 21 sec) 
Heartbeat CPU 2 instructions: 30000000 cycles: 86154574 heartbeat IPC: 0.128612 cumulative IPC: 0.128581 (Simulation time: 0 hr 26 min 30 sec) 
Heartbeat CPU 3 instructions: 30000000 cycles: 86208749 heartbeat IPC: 0.128528 cumulative IPC: 0.128528 (Simulation time: 0 hr 26 min 31 sec) 
Heartbeat CPU 1 instructions: 40000003 cycles: 108172800 heartbeat IPC: 0.444477 cumulative IPC: 0.200375 (Simulation time: 0 hr 31 min 57 sec) 
Heartbeat CPU 0 instructions: 40000003 cycles: 108386315 heartbeat IPC: 0.441179 cumulative IPC: 0.199868 (Simulation time: 0 hr 32 min 0 sec) 
Heartbeat CPU 3 instructions: 40000003 cycles: 108598330 heartbeat IPC: 0.446637 cumulative IPC: 0.199613 (Simulation time: 0 hr 32 min 4 sec) 
Heartbeat CPU 2 instructions: 40000003 cycles: 108800796 heartbeat IPC: 0.441575 cumulative IPC: 0.199182 (Simulation time: 0 hr 32 min 7 sec) 
Max paddr 68M
Simulation finished CPU 1 instructions: 25000002 cycles: 111262186 cumulative IPC: 0.224695 (Simulation time: 0 hr 34 min 38 sec) 
Max paddr 69M
Simulation finished CPU 0 instructions: 25000003 cycles: 111568358 cumulative IPC: 0.224078 (Simulation time: 0 hr 34 min 42 sec) 
Max paddr 69M
Simulation finished CPU 3 instructions: 25000004 cycles: 111627338 cumulative IPC: 0.22396 (Simulation time: 0 hr 34 min 43 sec) 
Max paddr 71M
Simulation finished CPU 2 instructions: 25000000 cycles: 112117910 cumulative IPC: 0.22298 (Simulation time: 0 hr 34 min 50 sec) 

Simulation complete CPU 0 instructions: 25581874 cycles: 112117910 (Simulation time: 0 hr 34 min 50 sec) 


Simulation complete CPU 1 instructions: 25867147 cycles: 112117910 (Simulation time: 0 hr 34 min 50 sec) 


Simulation complete CPU 2 instructions: 25000000 cycles: 112117910 (Simulation time: 0 hr 34 min 50 sec) 


Simulation complete CPU 3 instructions: 25498952 cycles: 112117910 (Simulation time: 0 hr 34 min 50 sec) 


ChampSim completed all CPUs

[
  {
    "name": "Simulation",
    "traces": [
      "../../traces/429.mcf-217B.champsimtrace.xz",
      "../../traces/429.mcf-217B.champsimtrace.xz",
      "../../traces/429.mcf-217B.champsimtrace.xz",
      "../../traces/429.mcf-217B.champsimtrace.xz"
    ],
    "roi": {
      "cores": [
        {
          "instructions": 25000003,
          "cycles": 111568358,
          "Avg ROB occupancy at mispredict": 78.4683, 
          "mispredict": {
            "BRANCH_DIRECT_JUMP": 0,
            "BRANCH_INDIRECT": 0,
            "BRANCH_CONDITIONAL": 64266,
            "BRANCH_DIRECT_CALL": 0,
            "BRANCH_INDIRECT_CALL": 0,
            "BRANCH_RETURN": 0
          }
        },
        {
          "instructions": 25000002,
          "cycles": 111262186,
          "Avg ROB occupancy at mispredict": 78.545, 
          "mispredict": {
            "BRANCH_DIRECT_JUMP": 0,
            "BRANCH_INDIRECT": 0,
            "BRANCH_CONDITIONAL": 64250,
            "BRANCH_DIRECT_CALL": 0,
            "BRANCH_INDIRECT_CALL": 0,
            "BRANCH_RETURN": 0
          }
        },
        {
          "instructions": 25000000,
          "cycles": 112117910,
          "Avg ROB occupancy at mispredict": 78.4045, 
          "mispredict": {
            "BRANCH_DIRECT_JUMP": 0,
            "BRANCH_INDIRECT": 0,
            "BRANCH_CONDITIONAL": 64238,
            "BRANCH_DIRECT_CALL": 0,
            "BRANCH_INDIRECT_CALL": 0,
            "BRANCH_RETURN": 0
          }
        },
        {
          "instructions": 25000004,
          "cycles": 111627338,
          "Avg ROB occupancy at mispredict": 78.4229, 
          "mispredict": {
            "BRANCH_DIRECT_JUMP": 0,
            "BRANCH_INDIRECT": 0,
            "BRANCH_CONDITIONAL": 64230,
            "BRANCH_DIRECT_CALL": 0,
            "BRANCH_INDIRECT_CALL": 0,
            "BRANCH_RETURN": 0
          }
        }
      ],
      "cpu3_L1I": {
        "LOAD": {
          "hit":0,
          "miss":0
        },
        "RFO": {
          "hit":0,
          "miss":0
        },
        "PREFETCH": {
          "hit":0,
          "miss":0
        },
        "WRITE": {
          "hit":0,
          "miss":0
        },
        "TRANSLATION": {
          "hit":0,
          "miss":0
        },
        "mshr full": 0,
        "prefetch requested": 0,
        "prefetch issued": 0,
        "prefetch filled": 0,
        "prefetch useful": 0,
        "prefetch useless": 0,
        "prefetch late": 0,
        "pf_useful_at_l2_from_l1":          0,
        "pf_late_at_l2_from_l1":          0,
        "pf_useless_at_l2_from_l1":          0,
        "pf_at_l2_to_l1":          0,
        "pf_fill_this_level":          0,
        "miss latency": null,
        "cache queues": {
          "PQ_ACCESS": 0,
          "PQ_FULL": 0,
          "PQ_TO_CACHE": 0,
          "PQ_MERGED": 0,
          "RQ_ACCESS": 0,
          "RQ_MERGED": 0,
          "RQ_FULL": 0,
          "WQ_ACCESS": 0,
          "WQ_MERGED": 0,
          "WQ_FULL": 0
        }
      },
      "cpu3_ITLB": {
        "LOAD": {
          "hit":0,
          "miss":0
        },
        "RFO": {
          "hit":0,
          "miss":0
        },
        "PREFETCH": {
          "hit":0,
          "miss":0
        },
        "WRITE": {
          "hit":0,
          "miss":0
        },
        "TRANSLATION": {
          "hit":0,
          "miss":0
        },
        "mshr full": 0,
        "prefetch requested": 0,
        "prefetch issued": 0,
        "prefetch filled": 0,
        "prefetch useful": 0,
        "prefetch useless": 0,
        "prefetch late": 0,
        "pf_useful_at_l2_from_l1":          0,
        "pf_late_at_l2_from_l1":          0,
        "pf_useless_at_l2_from_l1":          0,
        "pf_at_l2_to_l1":          0,
        "pf_fill_this_level":          0,
        "miss latency": null,
        "cache queues": {
          "PQ_ACCESS": 0,
          "PQ_FULL": 0,
          "PQ_TO_CACHE": 0,
          "PQ_MERGED": 0,
          "RQ_ACCESS": 0,
          "RQ_MERGED": 0,
          "RQ_FULL": 0,
          "WQ_ACCESS": 0,
          "WQ_MERGED": 0,
          "WQ_FULL": 0
        }
      },
      "cpu3_DTLB": {
        "LOAD": {
          "hit":9757449,
          "miss":154050
        },
        "RFO": {
          "hit":0,
          "miss":0
        },
        "PREFETCH": {
          "hit":0,
          "miss":0
        },
        "WRITE": {
          "hit":0,
          "miss":0
        },
        "TRANSLATION": {
          "hit":0,
          "miss":0
        },
        "mshr full": 0,
        "prefetch requested": 0,
        "prefetch issued": 0,
        "prefetch filled": 0,
        "prefetch useful": 0,
        "prefetch useless": 0,
        "prefetch late": 0,
        "pf_useful_at_l2_from_l1":          0,
        "pf_late_at_l2_from_l1":          0,
        "pf_useless_at_l2_from_l1":          0,
        "pf_at_l2_to_l1":          0,
        "pf_fill_this_level":          0,
        "miss latency": 1.39855,
        "cache queues": {
          "PQ_ACCESS": 0,
          "PQ_FULL": 0,
          "PQ_TO_CACHE": 0,
          "PQ_MERGED": 0,
          "RQ_ACCESS": 10274701,
          "RQ_MERGED": 0,
          "RQ_FULL": 170684,
          "WQ_ACCESS": 0,
          "WQ_MERGED": 0,
          "WQ_FULL": 0
        }
      },
      "cpu2_L1I": {
        "LOAD": {
          "hit":0,
          "miss":0
        },
        "RFO": {
          "hit":0,
          "miss":0
        },
        "PREFETCH": {
          "hit":0,
          "miss":0
        },
        "WRITE": {
          "hit":0,
          "miss":0
        },
        "TRANSLATION": {
          "hit":0,
          "miss":0
        },
        "mshr full": 0,
        "prefetch requested": 0,
        "prefetch issued": 0,
        "prefetch filled": 0,
        "prefetch useful": 0,
        "prefetch useless": 0,
        "prefetch late": 0,
        "pf_useful_at_l2_from_l1":          0,
        "pf_late_at_l2_from_l1":          0,
        "pf_useless_at_l2_from_l1":          0,
        "pf_at_l2_to_l1":          0,
        "pf_fill_this_level":          0,
        "miss latency": null,
        "cache queues": {
          "PQ_ACCESS": 0,
          "PQ_FULL": 0,
          "PQ_TO_CACHE": 0,
          "PQ_MERGED": 0,
          "RQ_ACCESS": 0,
          "RQ_MERGED": 0,
          "RQ_FULL": 0,
          "WQ_ACCESS": 0,
          "WQ_MERGED": 0,
          "WQ_FULL": 0
        }
      },
      "cpu2_ITLB": {
        "LOAD": {
          "hit":0,
          "miss":0
        },
        "RFO": {
          "hit":0,
          "miss":0
        },
        "PREFETCH": {
          "hit":0,
          "miss":0
        },
        "WRITE": {
          "hit":0,
          "miss":0
        },
        "TRANSLATION": {
          "hit":0,
          "miss":0
        },
        "mshr full": 0,
        "prefetch requested": 0,
        "prefetch issued": 0,
        "prefetch filled": 0,
        "prefetch useful": 0,
        "prefetch useless": 0,
        "prefetch late": 0,
        "pf_useful_at_l2_from_l1":          0,
        "pf_late_at_l2_from_l1":          0,
        "pf_useless_at_l2_from_l1":          0,
        "pf_at_l2_to_l1":          0,
        "pf_fill_this_level":          0,
        "miss latency": null,
        "cache queues": {
          "PQ_ACCESS": 0,
          "PQ_FULL": 0,
          "PQ_TO_CACHE": 0,
          "PQ_MERGED": 0,
          "RQ_ACCESS": 0,
          "RQ_MERGED": 0,
          "RQ_FULL": 0,
          "WQ_ACCESS": 0,
          "WQ_MERGED": 0,
          "WQ_FULL": 0
        }
      },
      "cpu2_DTLB": {
        "LOAD": {
          "hit":11983513,
          "miss":151846
        },
        "RFO": {
          "hit":0,
          "miss":0
        },
        "PREFETCH": {
          "hit":0,
          "miss":0
        },
        "WRITE": {
          "hit":0,
          "miss":0
        },
        "TRANSLATION": {
          "hit":0,
          "miss":0
        },
        "mshr full": 0,
        "prefetch requested": 0,
        "prefetch issued": 0,
        "prefetch filled": 0,
        "prefetch useful": 0,
        "prefetch useless": 0,
        "prefetch late": 0,
        "pf_useful_at_l2_from_l1":          0,
        "pf_late_at_l2_from_l1":          0,
        "pf_useless_at_l2_from_l1":          0,
        "pf_at_l2_to_l1":          0,
        "pf_fill_this_level":          0,
        "miss latency": 1.42225,
        "cache queues": {
          "PQ_ACCESS": 0,
          "PQ_FULL": 0,
          "PQ_TO_CACHE": 0,
          "PQ_MERGED": 0,
          "RQ_ACCESS": 12547200,
          "RQ_MERGED": 0,
          "RQ_FULL": 411840,
          "WQ_ACCESS": 0,
          "WQ_MERGED": 0,
          "WQ_FULL": 0
        }
      },
      "cpu1_L1I": {
        "LOAD": {
          "hit":0,
          "miss":0
        },
        "RFO": {
          "hit":0,
          "miss":0
        },
        "PREFETCH": {
          "hit":0,
          "miss":0
        },
        "WRITE": {
          "hit":0,
          "miss":0
        },
        "TRANSLATION": {
          "hit":0,
          "miss":0
        },
        "mshr full": 0,
        "prefetch requested": 0,
        "prefetch issued": 0,
        "prefetch filled": 0,
        "prefetch useful": 0,
        "prefetch useless": 0,
        "prefetch late": 0,
        "pf_useful_at_l2_from_l1":          0,
        "pf_late_at_l2_from_l1":          0,
        "pf_useless_at_l2_from_l1":          0,
        "pf_at_l2_to_l1":          0,
        "pf_fill_this_level":          0,
        "miss latency": null,
        "cache queues": {
          "PQ_ACCESS": 0,
          "PQ_FULL": 0,
          "PQ_TO_CACHE": 0,
          "PQ_MERGED": 0,
          "RQ_ACCESS": 0,
          "RQ_MERGED": 0,
          "RQ_FULL": 0,
          "WQ_ACCESS": 0,
          "WQ_MERGED": 0,
          "WQ_FULL": 0
        }
      },
      "cpu1_ITLB": {
        "LOAD": {
          "hit":0,
          "miss":0
        },
        "RFO": {
          "hit":0,
          "miss":0
        },
        "PREFETCH": {
          "hit":0,
          "miss":0
        },
        "WRITE": {
          "hit":0,
          "miss":0
        },
        "TRANSLATION": {
          "hit":0,
          "miss":0
        },
        "mshr full": 0,
        "prefetch requested": 0,
        "prefetch issued": 0,
        "prefetch filled": 0,
        "prefetch useful": 0,
        "prefetch useless": 0,
        "prefetch late": 0,
        "pf_useful_at_l2_from_l1":          0,
        "pf_late_at_l2_from_l1":          0,
        "pf_useless_at_l2_from_l1":          0,
        "pf_at_l2_to_l1":          0,
        "pf_fill_this_level":          0,
        "miss latency": null,
        "cache queues": {
          "PQ_ACCESS": 0,
          "PQ_FULL": 0,
          "PQ_TO_CACHE": 0,
          "PQ_MERGED": 0,
          "RQ_ACCESS": 0,
          "RQ_MERGED": 0,
          "RQ_FULL": 0,
          "WQ_ACCESS": 0,
          "WQ_MERGED": 0,
          "WQ_FULL": 0
        }
      },
      "cpu1_DTLB": {
        "LOAD": {
          "hit":10413519,
          "miss":155211
        },
        "RFO": {
          "hit":0,
          "miss":0
        },
        "PREFETCH": {
          "hit":0,
          "miss":0
        },
        "WRITE": {
          "hit":0,
          "miss":0
        },
        "TRANSLATION": {
          "hit":0,
          "miss":0
        },
        "mshr full": 0,
        "prefetch requested": 0,
        "prefetch issued": 0,
        "prefetch filled": 0,
        "prefetch useful": 0,
        "prefetch useless": 0,
        "prefetch late": 0,
        "pf_useful_at_l2_from_l1":          0,
        "pf_late_at_l2_from_l1":          0,
        "pf_useless_at_l2_from_l1":          0,
        "pf_at_l2_to_l1":          0,
        "pf_fill_this_level":          0,
        "miss latency": 1.42031,
        "cache queues": {
          "PQ_ACCESS": 0,
          "PQ_FULL": 0,
          "PQ_TO_CACHE": 0,
          "PQ_MERGED": 0,
          "RQ_ACCESS": 11121524,
          "RQ_MERGED": 0,
          "RQ_FULL": 192522,
          "WQ_ACCESS": 0,
          "WQ_MERGED": 0,
          "WQ_FULL": 0
        }
      },
      "cpu0_L1I": {
        "LOAD": {
          "hit":0,
          "miss":0
        },
        "RFO": {
          "hit":0,
          "miss":0
        },
        "PREFETCH": {
          "hit":0,
          "miss":0
        },
        "WRITE": {
          "hit":0,
          "miss":0
        },
        "TRANSLATION": {
          "hit":0,
          "miss":0
        },
        "mshr full": 0,
        "prefetch requested": 0,
        "prefetch issued": 0,
        "prefetch filled": 0,
        "prefetch useful": 0,
        "prefetch useless": 0,
        "prefetch late": 0,
        "pf_useful_at_l2_from_l1":          0,
        "pf_late_at_l2_from_l1":          0,
        "pf_useless_at_l2_from_l1":          0,
        "pf_at_l2_to_l1":          0,
        "pf_fill_this_level":          0,
        "miss latency": null,
        "cache queues": {
          "PQ_ACCESS": 0,
          "PQ_FULL": 0,
          "PQ_TO_CACHE": 0,
          "PQ_MERGED": 0,
          "RQ_ACCESS": 0,
          "RQ_MERGED": 0,
          "RQ_FULL": 0,
          "WQ_ACCESS": 0,
          "WQ_MERGED": 0,
          "WQ_FULL": 0
        }
      },
      "cpu0_ITLB": {
        "LOAD": {
          "hit":0,
          "miss":0
        },
        "RFO": {
          "hit":0,
          "miss":0
        },
        "PREFETCH": {
          "hit":0,
          "miss":0
        },
        "WRITE": {
          "hit":0,
          "miss":0
        },
        "TRANSLATION": {
          "hit":0,
          "miss":0
        },
        "mshr full": 0,
        "prefetch requested": 0,
        "prefetch issued": 0,
        "prefetch filled": 0,
        "prefetch useful": 0,
        "prefetch useless": 0,
        "prefetch late": 0,
        "pf_useful_at_l2_from_l1":          0,
        "pf_late_at_l2_from_l1":          0,
        "pf_useless_at_l2_from_l1":          0,
        "pf_at_l2_to_l1":          0,
        "pf_fill_this_level":          0,
        "miss latency": null,
        "cache queues": {
          "PQ_ACCESS": 0,
          "PQ_FULL": 0,
          "PQ_TO_CACHE": 0,
          "PQ_MERGED": 0,
          "RQ_ACCESS": 0,
          "RQ_MERGED": 0,
          "RQ_FULL": 0,
          "WQ_ACCESS": 0,
          "WQ_MERGED": 0,
          "WQ_FULL": 0
        }
      },
      "cpu0_DTLB": {
        "LOAD": {
          "hit":11383789,
          "miss":152634
        },
        "RFO": {
          "hit":0,
          "miss":0
        },
        "PREFETCH": {
          "hit":0,
          "miss":0
        },
        "WRITE": {
          "hit":0,
          "miss":0
        },
        "TRANSLATION": {
          "hit":0,
          "miss":0
        },
        "mshr full": 0,
        "prefetch requested": 0,
        "prefetch issued": 0,
        "prefetch filled": 0,
        "prefetch useful": 0,
        "prefetch useless": 0,
        "prefetch late": 0,
        "pf_useful_at_l2_from_l1":          0,
        "pf_late_at_l2_from_l1":          0,
        "pf_useless_at_l2_from_l1":          0,
        "pf_at_l2_to_l1":          0,
        "pf_fill_this_level":          0,
        "miss latency": 1.46999,
        "cache queues": {
          "PQ_ACCESS": 0,
          "PQ_FULL": 0,
          "PQ_TO_CACHE": 0,
          "PQ_MERGED": 0,
          "RQ_ACCESS": 12146167,
          "RQ_MERGED": 0,
          "RQ_FULL": 344105,
          "WQ_ACCESS": 0,
          "WQ_MERGED": 0,
          "WQ_FULL": 0
        }
      },
      "cpu3_STLB": {
        "LOAD": {
          "hit":16615,
          "miss":17194
        },
        "RFO": {
          "hit":0,
          "miss":0
        },
        "PREFETCH": {
          "hit":0,
          "miss":0
        },
        "WRITE": {
          "hit":0,
          "miss":0
        },
        "TRANSLATION": {
          "hit":0,
          "miss":0
        },
        "mshr full": 0,
        "prefetch requested": 0,
        "prefetch issued": 0,
        "prefetch filled": 0,
        "prefetch useful": 0,
        "prefetch useless": 0,
        "prefetch late": 0,
        "pf_useful_at_l2_from_l1":          0,
        "pf_late_at_l2_from_l1":          0,
        "pf_useless_at_l2_from_l1":          0,
        "pf_at_l2_to_l1":          0,
        "pf_fill_this_level":          0,
        "miss latency": 11.5545,
        "cache queues": {
          "PQ_ACCESS": 0,
          "PQ_FULL": 0,
          "PQ_TO_CACHE": 0,
          "PQ_MERGED": 0,
          "RQ_ACCESS": 34059,
          "RQ_MERGED": 0,
          "RQ_FULL": 0,
          "WQ_ACCESS": 0,
          "WQ_MERGED": 0,
          "WQ_FULL": 0
        }
      },
      "cpu2_STLB": {
        "LOAD": {
          "hit":16548,
          "miss":17181
        },
        "RFO": {
          "hit":0,
          "miss":0
        },
        "PREFETCH": {
          "hit":0,
          "miss":0
        },
        "WRITE": {
          "hit":0,
          "miss":0
        },
        "TRANSLATION": {
          "hit":0,
          "miss":0
        },
        "mshr full": 0,
        "prefetch requested": 0,
        "prefetch issued": 0,
        "prefetch filled": 0,
        "prefetch useful": 0,
        "prefetch useless": 0,
        "prefetch late": 0,
        "pf_useful_at_l2_from_l1":          0,
        "pf_late_at_l2_from_l1":          0,
        "pf_useless_at_l2_from_l1":          0,
        "pf_at_l2_to_l1":          0,
        "pf_fill_this_level":          0,
        "miss latency": 11.5383,
        "cache queues": {
          "PQ_ACCESS": 0,
          "PQ_FULL": 0,
          "PQ_TO_CACHE": 0,
          "PQ_MERGED": 0,
          "RQ_ACCESS": 33729,
          "RQ_MERGED": 0,
          "RQ_FULL": 0,
          "WQ_ACCESS": 0,
          "WQ_MERGED": 0,
          "WQ_FULL": 0
        }
      },
      "cpu1_STLB": {
        "LOAD": {
          "hit":16531,
          "miss":17148
        },
        "RFO": {
          "hit":0,
          "miss":0
        },
        "PREFETCH": {
          "hit":0,
          "miss":0
        },
        "WRITE": {
          "hit":0,
          "miss":0
        },
        "TRANSLATION": {
          "hit":0,
          "miss":0
        },
        "mshr full": 0,
        "prefetch requested": 0,
        "prefetch issued": 0,
        "prefetch filled": 0,
        "prefetch useful": 0,
        "prefetch useless": 0,
        "prefetch late": 0,
        "pf_useful_at_l2_from_l1":          0,
        "pf_late_at_l2_from_l1":          0,
        "pf_useless_at_l2_from_l1":          0,
        "pf_at_l2_to_l1":          0,
        "pf_fill_this_level":          0,
        "miss latency": 11.8477,
        "cache queues": {
          "PQ_ACCESS": 0,
          "PQ_FULL": 0,
          "PQ_TO_CACHE": 0,
          "PQ_MERGED": 0,
          "RQ_ACCESS": 34193,
          "RQ_MERGED": 0,
          "RQ_FULL": 0,
          "WQ_ACCESS": 0,
          "WQ_MERGED": 0,
          "WQ_FULL": 0
        }
      },
      "cpu0_STLB": {
        "LOAD": {
          "hit":16537,
          "miss":17111
        },
        "RFO": {
          "hit":0,
          "miss":0
        },
        "PREFETCH": {
          "hit":0,
          "miss":0
        },
        "WRITE": {
          "hit":0,
          "miss":0
        },
        "TRANSLATION": {
          "hit":0,
          "miss":0
        },
        "mshr full": 0,
        "prefetch requested": 0,
        "prefetch issued": 0,
        "prefetch filled": 0,
        "prefetch useful": 0,
        "prefetch useless": 0,
        "prefetch late": 0,
        "pf_useful_at_l2_from_l1":          0,
        "pf_late_at_l2_from_l1":          0,
        "pf_useless_at_l2_from_l1":          0,
        "pf_at_l2_to_l1":          0,
        "pf_fill_this_level":          0,
        "miss latency": 12.0883,
        "cache queues": {
          "PQ_ACCESS": 0,
          "PQ_FULL": 0,
          "PQ_TO_CACHE": 0,
          "PQ_MERGED": 0,
          "RQ_ACCESS": 33938,
          "RQ_MERGED": 0,
          "RQ_FULL": 0,
          "WQ_ACCESS": 0,
          "WQ_MERGED": 0,
          "WQ_FULL": 0
        }
      },
      "cpu3_L1D": {
        "LOAD": {
          "hit":4697868,
          "miss":1212930
        },
        "RFO": {
          "hit":0,
          "miss":0
        },
        "PREFETCH": {
          "hit":54016,
          "miss":475457
        },
        "WRITE": {
          "hit":5096616,
          "miss":1498
        },
        "TRANSLATION": {
          "hit":12223,
          "miss":4976
        },
        "mshr full": 96013881,
        "prefetch requested": 537761,
        "prefetch issued": 537761,
        "prefetch filled": 33197,
        "prefetch useful": 29452,
        "prefetch useless": 13125,
        "prefetch late": 9394,
        "pf_useful_at_l2_from_l1":          0,
        "pf_late_at_l2_from_l1":          0,
        "pf_useless_at_l2_from_l1":          0,
        "pf_at_l2_to_l1":          1,
        "pf_fill_this_level":      33185,
        "miss latency": 63.5437,
        "cache queues": {
          "PQ_ACCESS": 537761,
          "PQ_FULL": 0,
          "PQ_TO_CACHE": 537761,
          "PQ_MERGED": 0,
          "RQ_ACCESS": 2129176730,
          "RQ_MERGED": 929704,
          "RQ_FULL": 2122235697,
          "WQ_ACCESS": 5674853,
          "WQ_MERGED": 461697,
          "WQ_FULL": 0
        }
      },
      "cpu2_L1D": {
        "LOAD": {
          "hit":5456232,
          "miss":1263839
        },
        "RFO": {
          "hit":0,
          "miss":0
        },
        "PREFETCH": {
          "hit":43381,
          "miss":422451
        },
        "WRITE": {
          "hit":5508969,
          "miss":1525
        },
        "TRANSLATION": {
          "hit":12237,
          "miss":4949
        },
        "mshr full": 105110001,
        "prefetch requested": 465832,
        "prefetch issued": 465832,
        "prefetch filled": 33652,
        "prefetch useful": 29780,
        "prefetch useless": 12791,
        "prefetch late": 8933,
        "pf_useful_at_l2_from_l1":          0,
        "pf_late_at_l2_from_l1":          0,
        "pf_useless_at_l2_from_l1":          0,
        "pf_at_l2_to_l1":          0,
        "pf_fill_this_level":      33648,
        "miss latency": 61.7572,
        "cache queues": {
          "PQ_ACCESS": 465832,
          "PQ_FULL": 0,
          "PQ_TO_CACHE": 465832,
          "PQ_MERGED": 0,
          "RQ_ACCESS": 2158206250,
          "RQ_MERGED": 100226,
          "RQ_FULL": 2151385969,
          "WQ_ACCESS": 5550183,
          "WQ_MERGED": 39685,
          "WQ_FULL": 0
        }
      },
      "cpu1_L1D": {
        "LOAD": {
          "hit":4747086,
          "miss":1214023
        },
        "RFO": {
          "hit":0,
          "miss":0
        },
        "PREFETCH": {
          "hit":38608,
          "miss":409525
        },
        "WRITE": {
          "hit":5271235,
          "miss":1556
        },
        "TRANSLATION": {
          "hit":12163,
          "miss":4990
        },
        "mshr full": 96644730,
        "prefetch requested": 460899,
        "prefetch issued": 460899,
        "prefetch filled": 39524,
        "prefetch useful": 35305,
        "prefetch useless": 14258,
        "prefetch late": 10056,
        "pf_useful_at_l2_from_l1":          0,
        "pf_late_at_l2_from_l1":          0,
        "pf_useless_at_l2_from_l1":          0,
        "pf_at_l2_to_l1":          0,
        "pf_fill_this_level":      39524,
        "miss latency": 64.2668,
        "cache queues": {
          "PQ_ACCESS": 460899,
          "PQ_FULL": 0,
          "PQ_TO_CACHE": 460899,
          "PQ_MERGED": 0,
          "RQ_ACCESS": 2139296660,
          "RQ_MERGED": 889768,
          "RQ_FULL": 2132269342,
          "WQ_ACCESS": 5769609,
          "WQ_MERGED": 289730,
          "WQ_FULL": 0
        }
      },
      "cpu0_L1D": {
        "LOAD": {
          "hit":5245017,
          "miss":1244028
        },
        "RFO": {
          "hit":0,
          "miss":0
        },
        "PREFETCH": {
          "hit":41513,
          "miss":415603
        },
        "WRITE": {
          "hit":5409196,
          "miss":1530
        },
        "TRANSLATION": {
          "hit":12166,
          "miss":4951
        },
        "mshr full": 104311215,
        "prefetch requested": 465691,
        "prefetch issued": 465691,
        "prefetch filled": 34660,
        "prefetch useful": 31166,
        "prefetch useless": 13138,
        "prefetch late": 9663,
        "pf_useful_at_l2_from_l1":          0,
        "pf_late_at_l2_from_l1":          0,
        "pf_useless_at_l2_from_l1":          0,
        "pf_at_l2_to_l1":          0,
        "pf_fill_this_level":      34660,
        "miss latency": 62.5767,
        "cache queues": {
          "PQ_ACCESS": 465691,
          "PQ_FULL": 0,
          "PQ_TO_CACHE": 465691,
          "PQ_MERGED": 0,
          "RQ_ACCESS": 2165883826,
          "RQ_MERGED": 335861,
          "RQ_FULL": 2158927248,
          "WQ_ACCESS": 5699920,
          "WQ_MERGED": 146648,
          "WQ_FULL": 0
        }
      },
      "cpu3_L2C": {
        "LOAD": {
          "hit":146148,
          "miss":770555
        },
        "RFO": {
          "hit":418,
          "miss":32
        },
        "PREFETCH": {
          "hit":156652,
          "miss":283770
        },
        "WRITE": {
          "hit":15125,
          "miss":0
        },
        "TRANSLATION": {
          "hit":3137,
          "miss":1839
        },
        "mshr full": 609214,
        "prefetch requested": 0,
        "prefetch issued": 0,
        "prefetch filled": 269531,
        "prefetch useful": 0,
        "prefetch useless": 0,
        "prefetch late": 0,
        "pf_useful_at_l2_from_l1":     161108,
        "pf_late_at_l2_from_l1":      18813,
        "pf_useless_at_l2_from_l1":      82495,
        "pf_at_l2_to_l1":        402,
        "pf_fill_this_level":     228693,
        "miss latency": 118.655,
        "cache queues": {
          "PQ_ACCESS": 484917,
          "PQ_FULL": 37393,
          "PQ_TO_CACHE": 447524,
          "PQ_MERGED": 0,
          "RQ_ACCESS": 925740,
          "RQ_MERGED": 0,
          "RQ_FULL": 0,
          "WQ_ACCESS": 15971,
          "WQ_MERGED": 0,
          "WQ_FULL": 0
        }
      },
      "cpu2_L2C": {
        "LOAD": {
          "hit":142800,
          "miss":772573
        },
        "RFO": {
          "hit":427,
          "miss":29
        },
        "PREFETCH": {
          "hit":111498,
          "miss":276160
        },
        "WRITE": {
          "hit":15550,
          "miss":0
        },
        "TRANSLATION": {
          "hit":3019,
          "miss":1930
        },
        "mshr full": 448659,
        "prefetch requested": 0,
        "prefetch issued": 0,
        "prefetch filled": 258465,
        "prefetch useful": 0,
        "prefetch useless": 0,
        "prefetch late": 0,
        "pf_useful_at_l2_from_l1":     153235,
        "pf_late_at_l2_from_l1":      17111,
        "pf_useless_at_l2_from_l1":      77750,
        "pf_at_l2_to_l1":        361,
        "pf_fill_this_level":     217481,
        "miss latency": 117.853,
        "cache queues": {
          "PQ_ACCESS": 405701,
          "PQ_FULL": 18041,
          "PQ_TO_CACHE": 387660,
          "PQ_MERGED": 0,
          "RQ_ACCESS": 920784,
          "RQ_MERGED": 0,
          "RQ_FULL": 0,
          "WQ_ACCESS": 15815,
          "WQ_MERGED": 0,
          "WQ_FULL": 0
        }
      },
      "cpu1_L2C": {
        "LOAD": {
          "hit":142095,
          "miss":766629
        },
        "RFO": {
          "hit":411,
          "miss":42
        },
        "PREFETCH": {
          "hit":90954,
          "miss":283638
        },
        "WRITE": {
          "hit":15394,
          "miss":0
        },
        "TRANSLATION": {
          "hit":3074,
          "miss":1916
        },
        "mshr full": 678779,
        "prefetch requested": 0,
        "prefetch issued": 0,
        "prefetch filled": 273892,
        "prefetch useful": 0,
        "prefetch useless": 0,
        "prefetch late": 0,
        "pf_useful_at_l2_from_l1":     157424,
        "pf_late_at_l2_from_l1":      17595,
        "pf_useless_at_l2_from_l1":      82615,
        "pf_at_l2_to_l1":        314,
        "pf_fill_this_level":     226057,
        "miss latency": 119.547,
        "cache queues": {
          "PQ_ACCESS": 431734,
          "PQ_FULL": 46261,
          "PQ_TO_CACHE": 385473,
          "PQ_MERGED": 10,
          "RQ_ACCESS": 919865,
          "RQ_MERGED": 0,
          "RQ_FULL": 0,
          "WQ_ACCESS": 16333,
          "WQ_MERGED": 0,
          "WQ_FULL": 0
        }
      },
      "cpu0_L2C": {
        "LOAD": {
          "hit":144144,
          "miss":766141
        },
        "RFO": {
          "hit":434,
          "miss":29
        },
        "PREFETCH": {
          "hit":101004,
          "miss":279775
        },
        "WRITE": {
          "hit":15471,
          "miss":0
        },
        "TRANSLATION": {
          "hit":2975,
          "miss":1976
        },
        "mshr full": 562058,
        "prefetch requested": 0,
        "prefetch issued": 0,
        "prefetch filled": 267319,
        "prefetch useful": 0,
        "prefetch useless": 0,
        "prefetch late": 0,
        "pf_useful_at_l2_from_l1":     158099,
        "pf_late_at_l2_from_l1":      17636,
        "pf_useless_at_l2_from_l1":      80422,
        "pf_at_l2_to_l1":        311,
        "pf_fill_this_level":     224596,
        "miss latency": 119.301,
        "cache queues": {
          "PQ_ACCESS": 414730,
          "PQ_FULL": 26576,
          "PQ_TO_CACHE": 388154,
          "PQ_MERGED": 5,
          "RQ_ACCESS": 919730,
          "RQ_MERGED": 0,
          "RQ_FULL": 0,
          "WQ_ACCESS": 16233,
          "WQ_MERGED": 0,
          "WQ_FULL": 0
        }
      },
      "LLC": {
        "LOAD": {
          "hit": [995, 1125, 1236, 1155],
          "miss": [747633, 748066, 754240, 750697]
        },
        "RFO": {
          "hit": [7, 18, 7, 7],
          "miss": [22, 24, 21, 25]
        },
        "PREFETCH": {
          "hit": [4047, 5172, 4583, 5640],
          "miss": [275194, 277834, 270996, 277266]
        },
        "WRITE": {
          "hit": [9014, 9176, 9424, 8875],
          "miss": [0, 0, 0, 0]
        },
        "TRANSLATION": {
          "hit": [755, 679, 687, 620],
          "miss": [1221, 1237, 1243, 1219]
        },
        "mshr full": 0,
        "prefetch requested": 0,
        "prefetch issued": 0,
        "prefetch filled": 1120722,
        "prefetch useful": 0,
        "prefetch useless": 0,
        "prefetch late": 0,
        "pf_useful_at_l2_from_l1":          0,
        "pf_late_at_l2_from_l1":          0,
        "pf_useless_at_l2_from_l1":          0,
        "pf_at_l2_to_l1":        164,
        "pf_fill_this_level":          0,
        "miss latency": 120.32,
        "cache queues": {
          "PQ_ACCESS": 1140410,
          "PQ_FULL": 0,
          "PQ_TO_CACHE": 1140410,
          "PQ_MERGED": 0,
          "RQ_ACCESS": 3015354,
          "RQ_MERGED": 0,
          "RQ_FULL": 0,
          "WQ_ACCESS": 38746,
          "WQ_MERGED": 0,
          "WQ_FULL": 0
        }
      },
      "DRAM": [
        {
          "RQ ROW_BUFFER_HIT": 1639962,
          "RQ ROW_BUFFER_MISS": 2488181,
          "PQ FULL": 9738540,
          "WQ ROW_BUFFER_HIT": 3131,
          "WQ ROW_BUFFER_MISS": 30933,
          "WQ FULL": 0,
          "AVG DBUS CONGESTED CYCLE": 3.95798
        }
      ]

    },
    "sim": {
      "cores": [
        {
          "instructions": 25581874,
          "cycles": 112117910,
          "Avg ROB occupancy at mispredict": 78.9197, 
          "mispredict": {
            "BRANCH_DIRECT_JUMP": 0,
            "BRANCH_INDIRECT": 0,
            "BRANCH_CONDITIONAL": 65473,
            "BRANCH_DIRECT_CALL": 0,
            "BRANCH_INDIRECT_CALL": 0,
            "BRANCH_RETURN": 0
          }
        },
        {
          "instructions": 25867147,
          "cycles": 112117910,
          "Avg ROB occupancy at mispredict": 79.2292, 
          "mispredict": {
            "BRANCH_DIRECT_JUMP": 0,
            "BRANCH_INDIRECT": 0,
            "BRANCH_CONDITIONAL": 66011,
            "BRANCH_DIRECT_CALL": 0,
            "BRANCH_INDIRECT_CALL": 0,
            "BRANCH_RETURN": 0
          }
        },
        {
          "instructions": 25000000,
          "cycles": 112117910,
          "Avg ROB occupancy at mispredict": 78.4045, 
          "mispredict": {
            "BRANCH_DIRECT_JUMP": 0,
            "BRANCH_INDIRECT": 0,
            "BRANCH_CONDITIONAL": 64238,
            "BRANCH_DIRECT_CALL": 0,
            "BRANCH_INDIRECT_CALL": 0,
            "BRANCH_RETURN": 0
          }
        },
        {
          "instructions": 25498952,
          "cycles": 112117910,
          "Avg ROB occupancy at mispredict": 78.8088, 
          "mispredict": {
            "BRANCH_DIRECT_JUMP": 0,
            "BRANCH_INDIRECT": 0,
            "BRANCH_CONDITIONAL": 65275,
            "BRANCH_DIRECT_CALL": 0,
            "BRANCH_INDIRECT_CALL": 0,
            "BRANCH_RETURN": 0
          }
        }
      ],
      "cpu3_L1I": {
        "LOAD": {
          "hit":0,
          "miss":0
        },
        "RFO": {
          "hit":0,
          "miss":0
        },
        "PREFETCH": {
          "hit":0,
          "miss":0
        },
        "WRITE": {
          "hit":0,
          "miss":0
        },
        "TRANSLATION": {
          "hit":0,
          "miss":0
        },
        "mshr full": 0,
        "prefetch requested": 0,
        "prefetch issued": 0,
        "prefetch filled": 0,
        "prefetch useful": 0,
        "prefetch useless": 0,
        "prefetch late": 0,
        "pf_useful_at_l2_from_l1":          0,
        "pf_late_at_l2_from_l1":          0,
        "pf_useless_at_l2_from_l1":          0,
        "pf_at_l2_to_l1":          0,
        "pf_fill_this_level":          0,
        "miss latency": null,
        "cache queues": {
          "PQ_ACCESS": 0,
          "PQ_FULL": 0,
          "PQ_TO_CACHE": 0,
          "PQ_MERGED": 0,
          "RQ_ACCESS": 0,
          "RQ_MERGED": 0,
          "RQ_FULL": 0,
          "WQ_ACCESS": 0,
          "WQ_MERGED": 0,
          "WQ_FULL": 0
        }
      },
      "cpu3_ITLB": {
        "LOAD": {
          "hit":0,
          "miss":0
        },
        "RFO": {
          "hit":0,
          "miss":0
        },
        "PREFETCH": {
          "hit":0,
          "miss":0
        },
        "WRITE": {
          "hit":0,
          "miss":0
        },
        "TRANSLATION": {
          "hit":0,
          "miss":0
        },
        "mshr full": 0,
        "prefetch requested": 0,
        "prefetch issued": 0,
        "prefetch filled": 0,
        "prefetch useful": 0,
        "prefetch useless": 0,
        "prefetch late": 0,
        "pf_useful_at_l2_from_l1":          0,
        "pf_late_at_l2_from_l1":          0,
        "pf_useless_at_l2_from_l1":          0,
        "pf_at_l2_to_l1":          0,
        "pf_fill_this_level":          0,
        "miss latency": null,
        "cache queues": {
          "PQ_ACCESS": 0,
          "PQ_FULL": 0,
          "PQ_TO_CACHE": 0,
          "PQ_MERGED": 0,
          "RQ_ACCESS": 0,
          "RQ_MERGED": 0,
          "RQ_FULL": 0,
          "WQ_ACCESS": 0,
          "WQ_MERGED": 0,
          "WQ_FULL": 0
        }
      },
      "cpu3_DTLB": {
        "LOAD": {
          "hit":9948993,
          "miss":155026
        },
        "RFO": {
          "hit":0,
          "miss":0
        },
        "PREFETCH": {
          "hit":0,
          "miss":0
        },
        "WRITE": {
          "hit":0,
          "miss":0
        },
        "TRANSLATION": {
          "hit":0,
          "miss":0
        },
        "mshr full": 0,
        "prefetch requested": 0,
        "prefetch issued": 0,
        "prefetch filled": 0,
        "prefetch useful": 0,
        "prefetch useless": 0,
        "prefetch late": 0,
        "pf_useful_at_l2_from_l1":          0,
        "pf_late_at_l2_from_l1":          0,
        "pf_useless_at_l2_from_l1":          0,
        "pf_at_l2_to_l1":          0,
        "pf_fill_this_level":          0,
        "miss latency": 1.38975,
        "cache queues": {
          "PQ_ACCESS": 0,
          "PQ_FULL": 0,
          "PQ_TO_CACHE": 0,
          "PQ_MERGED": 0,
          "RQ_ACCESS": 10274701,
          "RQ_MERGED": 0,
          "RQ_FULL": 170684,
          "WQ_ACCESS": 0,
          "WQ_MERGED": 0,
          "WQ_FULL": 0
        }
      },
      "cpu2_L1I": {
        "LOAD": {
          "hit":0,
          "miss":0
        },
        "RFO": {
          "hit":0,
          "miss":0
        },
        "PREFETCH": {
          "hit":0,
          "miss":0
        },
        "WRITE": {
          "hit":0,
          "miss":0
        },
        "TRANSLATION": {
          "hit":0,
          "miss":0
        },
        "mshr full": 0,
        "prefetch requested": 0,
        "prefetch issued": 0,
        "prefetch filled": 0,
        "prefetch useful": 0,
        "prefetch useless": 0,
        "prefetch late": 0,
        "pf_useful_at_l2_from_l1":          0,
        "pf_late_at_l2_from_l1":          0,
        "pf_useless_at_l2_from_l1":          0,
        "pf_at_l2_to_l1":          0,
        "pf_fill_this_level":          0,
        "miss latency": null,
        "cache queues": {
          "PQ_ACCESS": 0,
          "PQ_FULL": 0,
          "PQ_TO_CACHE": 0,
          "PQ_MERGED": 0,
          "RQ_ACCESS": 0,
          "RQ_MERGED": 0,
          "RQ_FULL": 0,
          "WQ_ACCESS": 0,
          "WQ_MERGED": 0,
          "WQ_FULL": 0
        }
      },
      "cpu2_ITLB": {
        "LOAD": {
          "hit":0,
          "miss":0
        },
        "RFO": {
          "hit":0,
          "miss":0
        },
        "PREFETCH": {
          "hit":0,
          "miss":0
        },
        "WRITE": {
          "hit":0,
          "miss":0
        },
        "TRANSLATION": {
          "hit":0,
          "miss":0
        },
        "mshr full": 0,
        "prefetch requested": 0,
        "prefetch issued": 0,
        "prefetch filled": 0,
        "prefetch useful": 0,
        "prefetch useless": 0,
        "prefetch late": 0,
        "pf_useful_at_l2_from_l1":          0,
        "pf_late_at_l2_from_l1":          0,
        "pf_useless_at_l2_from_l1":          0,
        "pf_at_l2_to_l1":          0,
        "pf_fill_this_level":          0,
        "miss latency": null,
        "cache queues": {
          "PQ_ACCESS": 0,
          "PQ_FULL": 0,
          "PQ_TO_CACHE": 0,
          "PQ_MERGED": 0,
          "RQ_ACCESS": 0,
          "RQ_MERGED": 0,
          "RQ_FULL": 0,
          "WQ_ACCESS": 0,
          "WQ_MERGED": 0,
          "WQ_FULL": 0
        }
      },
      "cpu2_DTLB": {
        "LOAD": {
          "hit":11983513,
          "miss":151846
        },
        "RFO": {
          "hit":0,
          "miss":0
        },
        "PREFETCH": {
          "hit":0,
          "miss":0
        },
        "WRITE": {
          "hit":0,
          "miss":0
        },
        "TRANSLATION": {
          "hit":0,
          "miss":0
        },
        "mshr full": 0,
        "prefetch requested": 0,
        "prefetch issued": 0,
        "prefetch filled": 0,
        "prefetch useful": 0,
        "prefetch useless": 0,
        "prefetch late": 0,
        "pf_useful_at_l2_from_l1":          0,
        "pf_late_at_l2_from_l1":          0,
        "pf_useless_at_l2_from_l1":          0,
        "pf_at_l2_to_l1":          0,
        "pf_fill_this_level":          0,
        "miss latency": 1.42225,
        "cache queues": {
          "PQ_ACCESS": 0,
          "PQ_FULL": 0,
          "PQ_TO_CACHE": 0,
          "PQ_MERGED": 0,
          "RQ_ACCESS": 12547200,
          "RQ_MERGED": 0,
          "RQ_FULL": 411840,
          "WQ_ACCESS": 0,
          "WQ_MERGED": 0,
          "WQ_FULL": 0
        }
      },
      "cpu1_L1I": {
        "LOAD": {
          "hit":0,
          "miss":0
        },
        "RFO": {
          "hit":0,
          "miss":0
        },
        "PREFETCH": {
          "hit":0,
          "miss":0
        },
        "WRITE": {
          "hit":0,
          "miss":0
        },
        "TRANSLATION": {
          "hit":0,
          "miss":0
        },
        "mshr full": 0,
        "prefetch requested": 0,
        "prefetch issued": 0,
        "prefetch filled": 0,
        "prefetch useful": 0,
        "prefetch useless": 0,
        "prefetch late": 0,
        "pf_useful_at_l2_from_l1":          0,
        "pf_late_at_l2_from_l1":          0,
        "pf_useless_at_l2_from_l1":          0,
        "pf_at_l2_to_l1":          0,
        "pf_fill_this_level":          0,
        "miss latency": null,
        "cache queues": {
          "PQ_ACCESS": 0,
          "PQ_FULL": 0,
          "PQ_TO_CACHE": 0,
          "PQ_MERGED": 0,
          "RQ_ACCESS": 0,
          "RQ_MERGED": 0,
          "RQ_FULL": 0,
          "WQ_ACCESS": 0,
          "WQ_MERGED": 0,
          "WQ_FULL": 0
        }
      },
      "cpu1_ITLB": {
        "LOAD": {
          "hit":0,
          "miss":0
        },
        "RFO": {
          "hit":0,
          "miss":0
        },
        "PREFETCH": {
          "hit":0,
          "miss":0
        },
        "WRITE": {
          "hit":0,
          "miss":0
        },
        "TRANSLATION": {
          "hit":0,
          "miss":0
        },
        "mshr full": 0,
        "prefetch requested": 0,
        "prefetch issued": 0,
        "prefetch filled": 0,
        "prefetch useful": 0,
        "prefetch useless": 0,
        "prefetch late": 0,
        "pf_useful_at_l2_from_l1":          0,
        "pf_late_at_l2_from_l1":          0,
        "pf_useless_at_l2_from_l1":          0,
        "pf_at_l2_to_l1":          0,
        "pf_fill_this_level":          0,
        "miss latency": null,
        "cache queues": {
          "PQ_ACCESS": 0,
          "PQ_FULL": 0,
          "PQ_TO_CACHE": 0,
          "PQ_MERGED": 0,
          "RQ_ACCESS": 0,
          "RQ_MERGED": 0,
          "RQ_FULL": 0,
          "WQ_ACCESS": 0,
          "WQ_MERGED": 0,
          "WQ_FULL": 0
        }
      },
      "cpu1_DTLB": {
        "LOAD": {
          "hit":10771940,
          "miss":157063
        },
        "RFO": {
          "hit":0,
          "miss":0
        },
        "PREFETCH": {
          "hit":0,
          "miss":0
        },
        "WRITE": {
          "hit":0,
          "miss":0
        },
        "TRANSLATION": {
          "hit":0,
          "miss":0
        },
        "mshr full": 0,
        "prefetch requested": 0,
        "prefetch issued": 0,
        "prefetch filled": 0,
        "prefetch useful": 0,
        "prefetch useless": 0,
        "prefetch late": 0,
        "pf_useful_at_l2_from_l1":          0,
        "pf_late_at_l2_from_l1":          0,
        "pf_useless_at_l2_from_l1":          0,
        "pf_at_l2_to_l1":          0,
        "pf_fill_this_level":          0,
        "miss latency": 1.40357,
        "cache queues": {
          "PQ_ACCESS": 0,
          "PQ_FULL": 0,
          "PQ_TO_CACHE": 0,
          "PQ_MERGED": 0,
          "RQ_ACCESS": 11121524,
          "RQ_MERGED": 0,
          "RQ_FULL": 192522,
          "WQ_ACCESS": 0,
          "WQ_MERGED": 0,
          "WQ_FULL": 0
        }
      },
      "cpu0_L1I": {
        "LOAD": {
          "hit":0,
          "miss":0
        },
        "RFO": {
          "hit":0,
          "miss":0
        },
        "PREFETCH": {
          "hit":0,
          "miss":0
        },
        "WRITE": {
          "hit":0,
          "miss":0
        },
        "TRANSLATION": {
          "hit":0,
          "miss":0
        },
        "mshr full": 0,
        "prefetch requested": 0,
        "prefetch issued": 0,
        "prefetch filled": 0,
        "prefetch useful": 0,
        "prefetch useless": 0,
        "prefetch late": 0,
        "pf_useful_at_l2_from_l1":          0,
        "pf_late_at_l2_from_l1":          0,
        "pf_useless_at_l2_from_l1":          0,
        "pf_at_l2_to_l1":          0,
        "pf_fill_this_level":          0,
        "miss latency": null,
        "cache queues": {
          "PQ_ACCESS": 0,
          "PQ_FULL": 0,
          "PQ_TO_CACHE": 0,
          "PQ_MERGED": 0,
          "RQ_ACCESS": 0,
          "RQ_MERGED": 0,
          "RQ_FULL": 0,
          "WQ_ACCESS": 0,
          "WQ_MERGED": 0,
          "WQ_FULL": 0
        }
      },
      "cpu0_ITLB": {
        "LOAD": {
          "hit":0,
          "miss":0
        },
        "RFO": {
          "hit":0,
          "miss":0
        },
        "PREFETCH": {
          "hit":0,
          "miss":0
        },
        "WRITE": {
          "hit":0,
          "miss":0
        },
        "TRANSLATION": {
          "hit":0,
          "miss":0
        },
        "mshr full": 0,
        "prefetch requested": 0,
        "prefetch issued": 0,
        "prefetch filled": 0,
        "prefetch useful": 0,
        "prefetch useless": 0,
        "prefetch late": 0,
        "pf_useful_at_l2_from_l1":          0,
        "pf_late_at_l2_from_l1":          0,
        "pf_useless_at_l2_from_l1":          0,
        "pf_at_l2_to_l1":          0,
        "pf_fill_this_level":          0,
        "miss latency": null,
        "cache queues": {
          "PQ_ACCESS": 0,
          "PQ_FULL": 0,
          "PQ_TO_CACHE": 0,
          "PQ_MERGED": 0,
          "RQ_ACCESS": 0,
          "RQ_MERGED": 0,
          "RQ_FULL": 0,
          "WQ_ACCESS": 0,
          "WQ_MERGED": 0,
          "WQ_FULL": 0
        }
      },
      "cpu0_DTLB": {
        "LOAD": {
          "hit":11648460,
          "miss":153602
        },
        "RFO": {
          "hit":0,
          "miss":0
        },
        "PREFETCH": {
          "hit":0,
          "miss":0
        },
        "WRITE": {
          "hit":0,
          "miss":0
        },
        "TRANSLATION": {
          "hit":0,
          "miss":0
        },
        "mshr full": 0,
        "prefetch requested": 0,
        "prefetch issued": 0,
        "prefetch filled": 0,
        "prefetch useful": 0,
        "prefetch useless": 0,
        "prefetch late": 0,
        "pf_useful_at_l2_from_l1":          0,
        "pf_late_at_l2_from_l1":          0,
        "pf_useless_at_l2_from_l1":          0,
        "pf_at_l2_to_l1":          0,
        "pf_fill_this_level":          0,
        "miss latency": 1.46073,
        "cache queues": {
          "PQ_ACCESS": 0,
          "PQ_FULL": 0,
          "PQ_TO_CACHE": 0,
          "PQ_MERGED": 0,
          "RQ_ACCESS": 12146167,
          "RQ_MERGED": 0,
          "RQ_FULL": 344105,
          "WQ_ACCESS": 0,
          "WQ_MERGED": 0,
          "WQ_FULL": 0
        }
      },
      "cpu3_STLB": {
        "LOAD": {
          "hit":16739,
          "miss":17320
        },
        "RFO": {
          "hit":0,
          "miss":0
        },
        "PREFETCH": {
          "hit":0,
          "miss":0
        },
        "WRITE": {
          "hit":0,
          "miss":0
        },
        "TRANSLATION": {
          "hit":0,
          "miss":0
        },
        "mshr full": 0,
        "prefetch requested": 0,
        "prefetch issued": 0,
        "prefetch filled": 0,
        "prefetch useful": 0,
        "prefetch useless": 0,
        "prefetch late": 0,
        "pf_useful_at_l2_from_l1":          0,
        "pf_late_at_l2_from_l1":          0,
        "pf_useless_at_l2_from_l1":          0,
        "pf_at_l2_to_l1":          0,
        "pf_fill_this_level":          0,
        "miss latency": 11.4704,
        "cache queues": {
          "PQ_ACCESS": 0,
          "PQ_FULL": 0,
          "PQ_TO_CACHE": 0,
          "PQ_MERGED": 0,
          "RQ_ACCESS": 34059,
          "RQ_MERGED": 0,
          "RQ_FULL": 0,
          "WQ_ACCESS": 0,
          "WQ_MERGED": 0,
          "WQ_FULL": 0
        }
      },
      "cpu2_STLB": {
        "LOAD": {
          "hit":16548,
          "miss":17181
        },
        "RFO": {
          "hit":0,
          "miss":0
        },
        "PREFETCH": {
          "hit":0,
          "miss":0
        },
        "WRITE": {
          "hit":0,
          "miss":0
        },
        "TRANSLATION": {
          "hit":0,
          "miss":0
        },
        "mshr full": 0,
        "prefetch requested": 0,
        "prefetch issued": 0,
        "prefetch filled": 0,
        "prefetch useful": 0,
        "prefetch useless": 0,
        "prefetch late": 0,
        "pf_useful_at_l2_from_l1":          0,
        "pf_late_at_l2_from_l1":          0,
        "pf_useless_at_l2_from_l1":          0,
        "pf_at_l2_to_l1":          0,
        "pf_fill_this_level":          0,
        "miss latency": 11.5383,
        "cache queues": {
          "PQ_ACCESS": 0,
          "PQ_FULL": 0,
          "PQ_TO_CACHE": 0,
          "PQ_MERGED": 0,
          "RQ_ACCESS": 33729,
          "RQ_MERGED": 0,
          "RQ_FULL": 0,
          "WQ_ACCESS": 0,
          "WQ_MERGED": 0,
          "WQ_FULL": 0
        }
      },
      "cpu1_STLB": {
        "LOAD": {
          "hit":16862,
          "miss":17331
        },
        "RFO": {
          "hit":0,
          "miss":0
        },
        "PREFETCH": {
          "hit":0,
          "miss":0
        },
        "WRITE": {
          "hit":0,
          "miss":0
        },
        "TRANSLATION": {
          "hit":0,
          "miss":0
        },
        "mshr full": 0,
        "prefetch requested": 0,
        "prefetch issued": 0,
        "prefetch filled": 0,
        "prefetch useful": 0,
        "prefetch useless": 0,
        "prefetch late": 0,
        "pf_useful_at_l2_from_l1":          0,
        "pf_late_at_l2_from_l1":          0,
        "pf_useless_at_l2_from_l1":          0,
        "pf_at_l2_to_l1":          0,
        "pf_fill_this_level":          0,
        "miss latency": 11.7226,
        "cache queues": {
          "PQ_ACCESS": 0,
          "PQ_FULL": 0,
          "PQ_TO_CACHE": 0,
          "PQ_MERGED": 0,
          "RQ_ACCESS": 34193,
          "RQ_MERGED": 0,
          "RQ_FULL": 0,
          "WQ_ACCESS": 0,
          "WQ_MERGED": 0,
          "WQ_FULL": 0
        }
      },
      "cpu0_STLB": {
        "LOAD": {
          "hit":16701,
          "miss":17237
        },
        "RFO": {
          "hit":0,
          "miss":0
        },
        "PREFETCH": {
          "hit":0,
          "miss":0
        },
        "WRITE": {
          "hit":0,
          "miss":0
        },
        "TRANSLATION": {
          "hit":0,
          "miss":0
        },
        "mshr full": 0,
        "prefetch requested": 0,
        "prefetch issued": 0,
        "prefetch filled": 0,
        "prefetch useful": 0,
        "prefetch useless": 0,
        "prefetch late": 0,
        "pf_useful_at_l2_from_l1":          0,
        "pf_late_at_l2_from_l1":          0,
        "pf_useless_at_l2_from_l1":          0,
        "pf_at_l2_to_l1":          0,
        "pf_fill_this_level":          0,
        "miss latency": 11.9999,
        "cache queues": {
          "PQ_ACCESS": 0,
          "PQ_FULL": 0,
          "PQ_TO_CACHE": 0,
          "PQ_MERGED": 0,
          "RQ_ACCESS": 33938,
          "RQ_MERGED": 0,
          "RQ_FULL": 0,
          "WQ_ACCESS": 0,
          "WQ_MERGED": 0,
          "WQ_FULL": 0
        }
      },
      "cpu3_L1D": {
        "LOAD": {
          "hit":4793518,
          "miss":1217862
        },
        "RFO": {
          "hit":0,
          "miss":0
        },
        "PREFETCH": {
          "hit":55011,
          "miss":482749
        },
        "WRITE": {
          "hit":5211647,
          "miss":1509
        },
        "TRANSLATION": {
          "hit":12280,
          "miss":5046
        },
        "mshr full": 96013881,
        "prefetch requested": 537761,
        "prefetch issued": 537761,
        "prefetch filled": 33197,
        "prefetch useful": 29452,
        "prefetch useless": 13125,
        "prefetch late": 9394,
        "pf_useful_at_l2_from_l1":          0,
        "pf_late_at_l2_from_l1":          0,
        "pf_useless_at_l2_from_l1":          0,
        "pf_at_l2_to_l1":          1,
        "pf_fill_this_level":      33185,
        "miss latency": 63.2229,
        "cache queues": {
          "PQ_ACCESS": 537761,
          "PQ_FULL": 0,
          "PQ_TO_CACHE": 537761,
          "PQ_MERGED": 0,
          "RQ_ACCESS": 2129176730,
          "RQ_MERGED": 929704,
          "RQ_FULL": 2122235697,
          "WQ_ACCESS": 5674853,
          "WQ_MERGED": 461697,
          "WQ_FULL": 0
        }
      },
      "cpu2_L1D": {
        "LOAD": {
          "hit":5456232,
          "miss":1263839
        },
        "RFO": {
          "hit":0,
          "miss":0
        },
        "PREFETCH": {
          "hit":43381,
          "miss":422451
        },
        "WRITE": {
          "hit":5508969,
          "miss":1525
        },
        "TRANSLATION": {
          "hit":12237,
          "miss":4949
        },
        "mshr full": 105110001,
        "prefetch requested": 465832,
        "prefetch issued": 465832,
        "prefetch filled": 33652,
        "prefetch useful": 29780,
        "prefetch useless": 12791,
        "prefetch late": 8933,
        "pf_useful_at_l2_from_l1":          0,
        "pf_late_at_l2_from_l1":          0,
        "pf_useless_at_l2_from_l1":          0,
        "pf_at_l2_to_l1":          0,
        "pf_fill_this_level":      33648,
        "miss latency": 61.7572,
        "cache queues": {
          "PQ_ACCESS": 465832,
          "PQ_FULL": 0,
          "PQ_TO_CACHE": 465832,
          "PQ_MERGED": 0,
          "RQ_ACCESS": 2158206250,
          "RQ_MERGED": 100226,
          "RQ_FULL": 2151385969,
          "WQ_ACCESS": 5550183,
          "WQ_MERGED": 39685,
          "WQ_FULL": 0
        }
      },
      "cpu1_L1D": {
        "LOAD": {
          "hit":4915848,
          "miss":1221766
        },
        "RFO": {
          "hit":0,
          "miss":0
        },
        "PREFETCH": {
          "hit":40192,
          "miss":420704
        },
        "WRITE": {
          "hit":5478299,
          "miss":1580
        },
        "TRANSLATION": {
          "hit":12253,
          "miss":5084
        },
        "mshr full": 96644730,
        "prefetch requested": 460899,
        "prefetch issued": 460899,
        "prefetch filled": 39524,
        "prefetch useful": 35305,
        "prefetch useless": 14258,
        "prefetch late": 10056,
        "pf_useful_at_l2_from_l1":          0,
        "pf_late_at_l2_from_l1":          0,
        "pf_useless_at_l2_from_l1":          0,
        "pf_at_l2_to_l1":          0,
        "pf_fill_this_level":      39524,
        "miss latency": 63.7562,
        "cache queues": {
          "PQ_ACCESS": 460899,
          "PQ_FULL": 0,
          "PQ_TO_CACHE": 460899,
          "PQ_MERGED": 0,
          "RQ_ACCESS": 2139296660,
          "RQ_MERGED": 889768,
          "RQ_FULL": 2132269342,
          "WQ_ACCESS": 5769609,
          "WQ_MERGED": 289730,
          "WQ_FULL": 0
        }
      },
      "cpu0_L1D": {
        "LOAD": {
          "hit":5370886,
          "miss":1249859
        },
        "RFO": {
          "hit":0,
          "miss":0
        },
        "PREFETCH": {
          "hit":42522,
          "miss":423168
        },
        "WRITE": {
          "hit":5551727,
          "miss":1545
        },
        "TRANSLATION": {
          "hit":12224,
          "miss":5019
        },
        "mshr full": 104311215,
        "prefetch requested": 465691,
        "prefetch issued": 465691,
        "prefetch filled": 34660,
        "prefetch useful": 31166,
        "prefetch useless": 13138,
        "prefetch late": 9663,
        "pf_useful_at_l2_from_l1":          0,
        "pf_late_at_l2_from_l1":          0,
        "pf_useless_at_l2_from_l1":          0,
        "pf_at_l2_to_l1":          0,
        "pf_fill_this_level":      34660,
        "miss latency": 62.2201,
        "cache queues": {
          "PQ_ACCESS": 465691,
          "PQ_FULL": 0,
          "PQ_TO_CACHE": 465691,
          "PQ_MERGED": 0,
          "RQ_ACCESS": 2165883826,
          "RQ_MERGED": 335861,
          "RQ_FULL": 2158927248,
          "WQ_ACCESS": 5699920,
          "WQ_MERGED": 146648,
          "WQ_FULL": 0
        }
      },
      "cpu3_L2C": {
        "LOAD": {
          "hit":148943,
          "miss":771296
        },
        "RFO": {
          "hit":421,
          "miss":32
        },
        "PREFETCH": {
          "hit":158310,
          "miss":289211
        },
        "WRITE": {
          "hit":15668,
          "miss":0
        },
        "TRANSLATION": {
          "hit":3184,
          "miss":1862
        },
        "mshr full": 609214,
        "prefetch requested": 0,
        "prefetch issued": 0,
        "prefetch filled": 269531,
        "prefetch useful": 0,
        "prefetch useless": 0,
        "prefetch late": 0,
        "pf_useful_at_l2_from_l1":     161108,
        "pf_late_at_l2_from_l1":      18813,
        "pf_useless_at_l2_from_l1":      82495,
        "pf_at_l2_to_l1":        402,
        "pf_fill_this_level":     228693,
        "miss latency": 118.359,
        "cache queues": {
          "PQ_ACCESS": 484917,
          "PQ_FULL": 37393,
          "PQ_TO_CACHE": 447524,
          "PQ_MERGED": 0,
          "RQ_ACCESS": 925740,
          "RQ_MERGED": 0,
          "RQ_FULL": 0,
          "WQ_ACCESS": 15971,
          "WQ_MERGED": 0,
          "WQ_FULL": 0
        }
      },
      "cpu2_L2C": {
        "LOAD": {
          "hit":142800,
          "miss":772573
        },
        "RFO": {
          "hit":427,
          "miss":29
        },
        "PREFETCH": {
          "hit":111498,
          "miss":276160
        },
        "WRITE": {
          "hit":15550,
          "miss":0
        },
        "TRANSLATION": {
          "hit":3019,
          "miss":1930
        },
        "mshr full": 448659,
        "prefetch requested": 0,
        "prefetch issued": 0,
        "prefetch filled": 258465,
        "prefetch useful": 0,
        "prefetch useless": 0,
        "prefetch late": 0,
        "pf_useful_at_l2_from_l1":     153235,
        "pf_late_at_l2_from_l1":      17111,
        "pf_useless_at_l2_from_l1":      77750,
        "pf_at_l2_to_l1":        361,
        "pf_fill_this_level":     217481,
        "miss latency": 117.853,
        "cache queues": {
          "PQ_ACCESS": 405701,
          "PQ_FULL": 18041,
          "PQ_TO_CACHE": 387660,
          "PQ_MERGED": 0,
          "RQ_ACCESS": 920784,
          "RQ_MERGED": 0,
          "RQ_FULL": 0,
          "WQ_ACCESS": 15815,
          "WQ_MERGED": 0,
          "WQ_FULL": 0
        }
      },
      "cpu1_L2C": {
        "LOAD": {
          "hit":146513,
          "miss":767802
        },
        "RFO": {
          "hit":418,
          "miss":42
        },
        "PREFETCH": {
          "hit":93319,
          "miss":292141
        },
        "WRITE": {
          "hit":16034,
          "miss":0
        },
        "TRANSLATION": {
          "hit":3122,
          "miss":1962
        },
        "mshr full": 678779,
        "prefetch requested": 0,
        "prefetch issued": 0,
        "prefetch filled": 273892,
        "prefetch useful": 0,
        "prefetch useless": 0,
        "prefetch late": 0,
        "pf_useful_at_l2_from_l1":     157424,
        "pf_late_at_l2_from_l1":      17595,
        "pf_useless_at_l2_from_l1":      82615,
        "pf_at_l2_to_l1":        314,
        "pf_fill_this_level":     226057,
        "miss latency": 119.077,
        "cache queues": {
          "PQ_ACCESS": 431734,
          "PQ_FULL": 46261,
          "PQ_TO_CACHE": 385473,
          "PQ_MERGED": 10,
          "RQ_ACCESS": 919865,
          "RQ_MERGED": 0,
          "RQ_FULL": 0,
          "WQ_ACCESS": 16333,
          "WQ_MERGED": 0,
          "WQ_FULL": 0
        }
      },
      "cpu0_L2C": {
        "LOAD": {
          "hit":147288,
          "miss":766952
        },
        "RFO": {
          "hit":438,
          "miss":29
        },
        "PREFETCH": {
          "hit":102641,
          "miss":285505
        },
        "WRITE": {
          "hit":15990,
          "miss":0
        },
        "TRANSLATION": {
          "hit":3019,
          "miss":2000
        },
        "mshr full": 562058,
        "prefetch requested": 0,
        "prefetch issued": 0,
        "prefetch filled": 267319,
        "prefetch useful": 0,
        "prefetch useless": 0,
        "prefetch late": 0,
        "pf_useful_at_l2_from_l1":     158099,
        "pf_late_at_l2_from_l1":      17636,
        "pf_useless_at_l2_from_l1":      80422,
        "pf_at_l2_to_l1":        311,
        "pf_fill_this_level":     224596,
        "miss latency": 118.982,
        "cache queues": {
          "PQ_ACCESS": 414730,
          "PQ_FULL": 26576,
          "PQ_TO_CACHE": 388154,
          "PQ_MERGED": 5,
          "RQ_ACCESS": 919730,
          "RQ_MERGED": 0,
          "RQ_FULL": 0,
          "WQ_ACCESS": 16233,
          "WQ_MERGED": 0,
          "WQ_FULL": 0
        }
      },
      "LLC": {
        "LOAD": {
          "hit": [995, 1125, 1236, 1157],
          "miss": [748336, 749094, 754240, 751340]
        },
        "RFO": {
          "hit": [7, 18, 7, 7],
          "miss": [22, 24, 21, 25]
        },
        "PREFETCH": {
          "hit": [4064, 5293, 4583, 5698],
          "miss": [280907, 286216, 270996, 282653]
        },
        "WRITE": {
          "hit": [9302, 9670, 9424, 9148],
          "miss": [0, 0, 0, 0]
        },
        "TRANSLATION": {
          "hit": [762, 700, 687, 621],
          "miss": [1238, 1262, 1243, 1241]
        },
        "mshr full": 0,
        "prefetch requested": 0,
        "prefetch issued": 0,
        "prefetch filled": 1120722,
        "prefetch useful": 0,
        "prefetch useless": 0,
        "prefetch late": 0,
        "pf_useful_at_l2_from_l1":          0,
        "pf_late_at_l2_from_l1":          0,
        "pf_useless_at_l2_from_l1":          0,
        "pf_at_l2_to_l1":        164,
        "pf_fill_this_level":          0,
        "miss latency": 120.054,
        "cache queues": {
          "PQ_ACCESS": 1140410,
          "PQ_FULL": 0,
          "PQ_TO_CACHE": 1140410,
          "PQ_MERGED": 0,
          "RQ_ACCESS": 3015354,
          "RQ_MERGED": 0,
          "RQ_FULL": 0,
          "WQ_ACCESS": 38746,
          "WQ_MERGED": 0,
          "WQ_FULL": 0
        }
      },
      "DRAM": [
        {
          "RQ ROW_BUFFER_HIT": 1639962,
          "RQ ROW_BUFFER_MISS": 2488181,
          "PQ FULL": 9738540,
          "WQ ROW_BUFFER_HIT": 3131,
          "WQ ROW_BUFFER_MISS": 30933,
          "WQ FULL": 0,
          "AVG DBUS CONGESTED CYCLE": 3.95798
        }
      ]

    }
  }
]
cpu3_ITLB
cpu3_DTLB
cpu2_ITLB
cpu2_DTLB
cpu1_ITLB
cpu1_DTLB
cpu0_ITLB
cpu0_DTLB
cpu3_STLB
cpu2_STLB
cpu1_STLB
cpu0_STLB
Prefetch Request to L1: 235172, Prefetch Request to L2: 1695011
Invalid by Eviction: 78180
Invalid by Max: 46099
Final L1D Threshold: 0.901
Final Demand Reserve: 25.0%

╔═══════════════════════════════════════╗
║       CLIP Filter Statistics         ║
╚═══════════════════════════════════════╝
[CLIP CPU3 Stats]
  Total candidates:        995953
  Prefetches issued:       537761 (54.0%)
  Dropped (not critical):  458192 (46.1%)
  Dropped (low accuracy):  0 (0.0%)
  Critical loads detected: 74077000
  Phase changes:           0

Filter table begin
 ┌────────────────────┬─────────────┐
 | Region             | Offset      |
 ├────────────────────┼─────────────┤
 | 0x0000000000006a91 | 0           |
 ├────────────────────┼─────────────┤
 | 0x0000000000008cdd | 0           |
 ├────────────────────┼─────────────┤
 | 0x00000000000062b8 | 31          |
 ├────────────────────┼─────────────┤
 | 0x0000000000007294 | 0           |
 ├────────────────────┼─────────────┤
 | 0x0000000000005bba | 0           |
 ├────────────────────┼─────────────┤
 | 0x000000000000031d | 11          |
 ├────────────────────┼─────────────┤
 | 0x0000000000000269 | 1           |
 ├────────────────────┼─────────────┤
 | 0x000000000000033c | 31          |
 ├────────────────────┼─────────────┤
 | 0x000000000000793e | 31          |
 ├────────────────────┼─────────────┤
 | 0x000000000000033d | 0           |
 ├────────────────────┼─────────────┤
 | 0x0000000000008a18 | 0           |
 └────────────────────┴─────────────┘
Filter table end
Accumulation table begin
 ┌────────────────────┬─────────────┬─────────────┬──────────────────────────────────────────────────────────────────┐
 | Region             | Offset      | Second      | Pattern                                                          |
 ├────────────────────┼─────────────┼─────────────┼──────────────────────────────────────────────────────────────────┤
 | 0x0000000000000834 | 31          | 30          | 1 1 1 1 1 1 1 1 1 1 0 1 1 1 1 1 1 1 1 1 1 1 1 0 1 1 1 1 1 1 1 1  |
 ├────────────────────┼─────────────┼─────────────┼──────────────────────────────────────────────────────────────────┤
 | 0x000000000000034d | 10          | 9           | 0 0 0 0 0 0 0 0 0 1 1 0 0 0 0 0 0 0 0 0 0 0 0 0 0 0 0 0 0 0 0 0  |
 ├────────────────────┼─────────────┼─────────────┼──────────────────────────────────────────────────────────────────┤
 | 0x0000000000000348 | 14          | 13          | 0 0 0 0 0 0 0 0 0 0 0 0 0 1 1 0 0 0 0 0 0 0 0 0 0 0 0 0 0 0 0 0  |
 ├────────────────────┼─────────────┼─────────────┼──────────────────────────────────────────────────────────────────┤
 | 0x0000000000000309 | 22          | 21          | 0 0 0 0 0 0 0 0 0 0 0 0 0 0 0 0 0 0 0 0 1 1 1 0 0 1 1 0 0 0 0 0  |
 ├────────────────────┼─────────────┼─────────────┼──────────────────────────────────────────────────────────────────┤
 | 0x0000000000008ded | 24          | 23          | 0 0 0 0 0 0 0 0 0 0 0 0 0 0 0 0 0 0 0 0 0 0 0 1 1 1 1 0 0 0 0 0  |
 ├────────────────────┼─────────────┼─────────────┼──────────────────────────────────────────────────────────────────┤
 | 0x000000000000030a | 16          | 15          | 1 1 1 0 0 0 0 0 0 0 0 0 0 0 0 1 1 0 0 0 0 0 0 0 0 0 0 0 0 0 0 0  |
 ├────────────────────┼─────────────┼─────────────┼──────────────────────────────────────────────────────────────────┤
 | 0x0000000000008db2 | 0           | 2           | 1 1 1 1 1 1 1 1 1 1 1 1 1 0 0 0 0 0 0 0 0 0 0 0 0 0 0 0 0 0 0 0  |
 ├────────────────────┼─────────────┼─────────────┼──────────────────────────────────────────────────────────────────┤
 | 0x0000000000008d06 | 8           | 7           | 0 0 0 0 0 0 1 1 1 1 1 0 0 0 0 0 0 0 0 0 0 0 0 0 0 0 0 0 0 0 0 0  |
 ├────────────────────┼─────────────┼─────────────┼──────────────────────────────────────────────────────────────────┤
 | 0x0000000000008cdc | 28          | 27          | 0 0 0 0 0 0 0 0 0 0 0 0 0 0 0 0 0 0 0 0 0 0 0 0 0 0 0 1 1 1 1 1  |
 ├────────────────────┼─────────────┼─────────────┼──────────────────────────────────────────────────────────────────┤
 | 0x0000000000008d96 | 24          | 23          | 0 0 0 0 0 0 0 0 0 0 0 0 0 0 0 0 0 0 0 0 0 0 1 1 1 1 1 1 1 1 1 1  |
 ├────────────────────┼─────────────┼─────────────┼──────────────────────────────────────────────────────────────────┤
 | 0x0000000000008dcf | 18          | 17          | 0 0 0 0 0 0 0 0 0 0 0 0 0 0 0 0 0 1 1 0 0 0 0 0 0 0 0 0 0 0 0 0  |
 ├────────────────────┼─────────────┼─────────────┼──────────────────────────────────────────────────────────────────┤
 | 0x0000000000008835 | 6           | 5           | 0 0 0 0 1 1 1 0 0 0 0 0 0 0 0 0 0 0 0 0 0 0 0 0 0 0 0 0 0 0 0 0  |
 ├────────────────────┼─────────────┼─────────────┼──────────────────────────────────────────────────────────────────┤
 | 0x0000000000000845 | 30          | 29          | 1 0 1 1 0 1 1 0 1 1 0 1 1 0 1 1 0 1 1 0 1 1 0 1 1 0 1 1 0 1 1 0  |
 ├────────────────────┼─────────────┼─────────────┼──────────────────────────────────────────────────────────────────┤
 | 0x0000000000008d77 | 0           | 2           | 1 1 1 1 1 1 1 1 1 1 1 1 1 1 1 1 1 1 1 0 1 1 1 1 1 1 1 1 1 1 1 1  |
 ├────────────────────┼─────────────┼─────────────┼──────────────────────────────────────────────────────────────────┤
 | 0x000000000000083d | 31          | 28          | 0 1 1 0 1 1 0 1 1 0 1 1 0 1 1 0 1 1 0 1 1 0 1 1 0 1 1 0 1 1 0 1  |
 ├────────────────────┼─────────────┼─────────────┼──────────────────────────────────────────────────────────────────┤
 | 0x0000000000008dd2 | 2           | 1           | 0 1 1 1 1 1 1 0 0 1 1 0 0 0 0 1 1 1 1 0 0 1 1 0 0 0 0 0 0 0 0 1  |
 ├────────────────────┼─────────────┼─────────────┼──────────────────────────────────────────────────────────────────┤
 | 0x0000000000000865 | 30          | 31          | 0 0 0 0 0 0 0 0 0 0 0 0 0 0 0 0 0 0 0 0 0 0 0 0 1 1 0 1 1 0 1 1  |
 ├────────────────────┼─────────────┼─────────────┼──────────────────────────────────────────────────────────────────┤
 | 0x0000000000008b49 | 30          | 29          | 0 0 0 0 0 0 0 0 0 0 0 0 0 0 0 0 0 0 0 0 0 0 0 0 0 0 0 0 0 1 1 0  |
 ├────────────────────┼─────────────┼─────────────┼──────────────────────────────────────────────────────────────────┤
 | 0x0000000000008dda | 0           | 2           | 1 1 1 1 1 1 1 0 1 1 1 1 1 1 1 1 1 1 1 1 1 1 1 1 1 1 1 0 0 0 0 0  |
 ├────────────────────┼─────────────┼─────────────┼──────────────────────────────────────────────────────────────────┤
 | 0x000000000000030b | 14          | 13          | 0 0 0 0 0 0 0 0 0 0 0 0 0 1 1 0 0 0 0 0 0 0 0 0 0 0 0 0 0 0 0 0  |
 ├────────────────────┼─────────────┼─────────────┼──────────────────────────────────────────────────────────────────┤
 | 0x0000000000008b80 | 24          | 23          | 0 0 0 0 0 0 0 0 0 0 0 0 0 0 0 0 0 0 0 0 0 0 0 1 1 0 0 0 0 0 0 0  |
 ├────────────────────┼─────────────┼─────────────┼──────────────────────────────────────────────────────────────────┤
 | 0x00000000000075a9 | 12          | 11          | 0 0 0 0 0 0 0 0 0 0 0 1 1 0 0 0 0 0 0 0 0 0 0 0 0 0 0 0 0 0 0 0  |
 ├────────────────────┼─────────────┼─────────────┼──────────────────────────────────────────────────────────────────┤
 | 0x0000000000000351 | 2           | 1           | 0 1 1 0 0 0 0 0 0 0 0 0 0 0 0 0 0 0 0 0 0 0 0 0 0 0 0 0 0 0 0 0  |
 ├────────────────────┼─────────────┼─────────────┼──────────────────────────────────────────────────────────────────┤
 | 0x0000000000008dd3 | 0           | 2           | 1 1 1 0 0 1 1 0 0 1 1 0 0 0 0 0 0 0 0 0 1 1 1 1 1 1 1 0 1 1 1 1  |
 ├────────────────────┼─────────────┼─────────────┼──────────────────────────────────────────────────────────────────┤
 | 0x0000000000004f95 | 16          | 15          | 0 0 0 0 0 0 0 0 0 0 0 0 0 0 1 1 1 0 0 0 0 0 0 0 0 0 0 0 0 0 0 0  |
 ├────────────────────┼─────────────┼─────────────┼──────────────────────────────────────────────────────────────────┤
 | 0x000000000000032f | 10          | 9           | 0 0 0 0 0 0 0 0 1 1 1 0 0 0 0 0 0 0 0 0 0 0 0 0 0 0 0 0 0 0 0 0  |
 ├────────────────────┼─────────────┼─────────────┼──────────────────────────────────────────────────────────────────┤
 | 0x0000000000008d97 | 0           | 2           | 1 1 1 1 1 1 1 0 0 0 0 0 0 0 0 0 0 0 0 0 0 0 0 0 0 0 0 0 0 0 0 0  |
 ├────────────────────┼─────────────┼─────────────┼──────────────────────────────────────────────────────────────────┤
 | 0x0000000000008e08 | 0           | 2           | 1 1 1 0 0 0 0 0 0 0 0 0 0 0 0 0 0 0 0 0 0 0 0 0 0 0 0 0 0 0 0 0  |
 ├────────────────────┼─────────────┼─────────────┼──────────────────────────────────────────────────────────────────┤
 | 0x0000000000000844 | 31          | 28          | 0 1 1 0 1 1 0 1 1 0 1 1 0 1 1 0 1 1 0 1 1 0 1 1 0 1 1 0 1 1 0 1  |
 ├────────────────────┼─────────────┼─────────────┼──────────────────────────────────────────────────────────────────┤
 | 0x000000000000085f | 30          | 31          | 0 0 0 0 0 0 0 0 0 0 0 0 1 0 1 1 0 1 1 1 1 1 1 1 1 1 1 1 1 0 1 1  |
 ├────────────────────┼─────────────┼─────────────┼──────────────────────────────────────────────────────────────────┤
 | 0x0000000000000304 | 16          | 15          | 0 0 0 0 0 0 0 0 0 0 0 0 0 0 0 1 1 0 0 0 0 0 0 0 0 0 0 0 0 0 0 0  |
 ├────────────────────┼─────────────┼─────────────┼──────────────────────────────────────────────────────────────────┤
 | 0x00000000000061d8 | 18          | 17          | 0 0 0 0 0 0 0 0 0 0 0 0 0 0 0 0 1 1 1 0 0 0 0 0 0 0 0 0 0 0 0 0  |
 └────────────────────┴─────────────┴─────────────┴──────────────────────────────────────────────────────────────────┘
Accumulation table end
Offset pattern table begin
 ┌────────────────────┬─────────────┬──────────────────────────────────────────────────────────────────────────────────────────────────┐
 | Key                | Second      | Pattern                                                                                          |
 ├────────────────────┼─────────────┼──────────────────────────────────────────────────────────────────────────────────────────────────┤
 | 0x0000000000000000 | 6           | 27 21 22 17 17 18 19 13 14 17 18 15 16 18 19 17 17 15 16 6 6 11 12 10 10 11 12 8 9 13 13 11      |
 ├────────────────────┼─────────────┼──────────────────────────────────────────────────────────────────────────────────────────────────┤
 | 0x0000000000000001 | 2           | 31 31 22 2 7 5 2 6 5 3 7 4 1 6 5 3 8 6 2 5 4 1 5 5 1 6 5 1 5 5 1 5                               |
 ├────────────────────┼─────────────┼──────────────────────────────────────────────────────────────────────────────────────────────────┤
 | 0x0000000000000002 | 1           | 31 30 31 5 7 7 8 8 9 13 15 9 10 11 11 11 14 14 15 5 6 8 9 6 7 8 9 8 8 7 8 9                      |
 ├────────────────────┼─────────────┼──────────────────────────────────────────────────────────────────────────────────────────────────┤
 | 0x0000000000000003 | 4           | 26 7 11 26 18 4 7 3 2 3 2 1 3 2 1 3 2 1 3 2 1 3 2 1 3 2 1 3 2 1 3 2                              |
 ├────────────────────┼─────────────┼──────────────────────────────────────────────────────────────────────────────────────────────────┤
 | 0x0000000000000004 | 3           | 20 0 8 19 20 6 6 4 4 2 3 4 5 2 2 3 3 1 1 4 4 4 4 2 2 2 2 1 1 2 2 3                               |
 ├────────────────────┼─────────────┼──────────────────────────────────────────────────────────────────────────────────────────────────┤
 | 0x0000000000000005 | 4           | 25 2 7 5 7 25 21 0 3 2 0 3 2 0 3 2 0 3 2 0 3 2 0 3 2 0 3 2 0 3 2 0                               |
 ├────────────────────┼─────────────┼──────────────────────────────────────────────────────────────────────────────────────────────────┤
 | 0x0000000000000006 | 5           | 20 0 3 5 8 19 20 6 6 6 6 3 3 3 3 3 3 4 4 0 0 1 1 0 0 1 1 0 0 1 1 1                               |
 ├────────────────────┼─────────────┼──────────────────────────────────────────────────────────────────────────────────────────────────┤
 | 0x0000000000000007 | 8           | 23 8 7 3 10 8 5 23 19 3 9 6 2 8 5 2 8 6 2 6 6 2 7 6 2 7 6 1 6 5 1 7                              |
 ├────────────────────┼─────────────┼──────────────────────────────────────────────────────────────────────────────────────────────────┤
 | 0x0000000000000008 | 7           | 20 0 1 1 1 0 5 19 20 7 7 2 2 2 2 2 2 0 1 0 0 0 0 0 0 2 2 1 2 1 1 3                               |
 ├────────────────────┼─────────────┼──────────────────────────────────────────────────────────────────────────────────────────────────┤
 | 0x0000000000000009 | 10          | 18 8 2 11 9 1 11 10 4 18 14 3 11 8 1 9 8 1 9 8 1 9 8 1 9 8 1 9 8 1 9 8                           |
 ├────────────────────┼─────────────┼──────────────────────────────────────────────────────────────────────────────────────────────────┤
 | 0x000000000000000a | 9           | 18 0 2 3 3 0 4 5 9 17 18 5 6 2 3 4 4 3 4 2 2 1 2 1 1 2 2 2 2 1 2 1                               |
 ├────────────────────┼─────────────┼──────────────────────────────────────────────────────────────────────────────────────────────────┤
 | 0x000000000000000b | 10          | 29 3 20 16 3 21 16 4 21 16 8 29 24 3 20 16 3 20 16 3 20 16 3 20 16 3 20 16 3 20 16 3             |
 ├────────────────────┼─────────────┼──────────────────────────────────────────────────────────────────────────────────────────────────┤
 | 0x000000000000000c | 11          | 28 1 0 3 4 5 6 1 0 2 15 26 28 10 9 7 7 6 8 2 1 3 3 0 2 2 1 2 1 0 2 2                             |
 ├────────────────────┼─────────────┼──────────────────────────────────────────────────────────────────────────────────────────────────┤
 | 0x000000000000000d | 14          | 24 20 10 10 20 10 10 20 10 10 21 10 11 24 13 11 21 11 11 20 10 10 20 10 10 20 10 10 20 10 10 20  |
 ├────────────────────┼─────────────┼──────────────────────────────────────────────────────────────────────────────────────────────────┤
 | 0x000000000000000e | 13          | 25 0 1 2 2 1 1 0 0 0 3 3 9 24 25 5 6 4 4 2 2 3 3 2 2 3 3 2 2 3 3 2                               |
 ├────────────────────┼─────────────┼──────────────────────────────────────────────────────────────────────────────────────────────────┤
 | 0x000000000000000f | 16          | 18 9 5 15 9 5 14 9 5 14 9 5 15 10 6 18 12 5 14 9 5 14 9 5 14 9 5 14 9 5 14 9                     |
 ├────────────────────┼─────────────┼──────────────────────────────────────────────────────────────────────────────────────────────────┤
 | 0x0000000000000010 | 15          | 23 1 1 0 2 2 1 1 1 0 2 3 1 1 11 21 23 4 3 2 2 1 2 2 1 2 2 1 2 3 1 1                              |
 ├────────────────────┼─────────────┼──────────────────────────────────────────────────────────────────────────────────────────────────┤
 | 0x0000000000000011 | 18          | 22 8 19 11 8 20 12 8 20 12 8 20 12 8 20 12 9 22 12 8 18 10 8 18 10 8 18 10 8 18 10 8             |
 ├────────────────────┼─────────────┼──────────────────────────────────────────────────────────────────────────────────────────────────┤
 | 0x0000000000000012 | 17          | 17 1 2 5 5 0 1 1 0 1 4 3 5 2 4 5 10 15 17 7 6 5 5 2 3 2 1 2 2 1 3 3                              |
 ├────────────────────┼─────────────┼──────────────────────────────────────────────────────────────────────────────────────────────────┤
 | 0x0000000000000013 | 20          | 18 11 10 2 11 10 2 11 9 2 11 10 1 11 10 2 11 10 5 18 17 2 11 10 2 10 10 2 11 10 2 11             |
 ├────────────────────┼─────────────┼──────────────────────────────────────────────────────────────────────────────────────────────────┤
 | 0x0000000000000014 | 19          | 31 0 0 0 0 0 0 0 0 0 0 0 0 0 0 0 0 0 13 26 31 10 11 5 4 9 9 4 4 4 4 4                            |
 ├────────────────────┼─────────────┼──────────────────────────────────────────────────────────────────────────────────────────────────┤
 | 0x0000000000000015 | 22          | 17 5 4 9 6 5 9 6 5 8 6 5 8 6 4 8 6 5 9 6 12 17 13 5 8 12 12 7 5 5 8 5                            |
 ├────────────────────┼─────────────┼──────────────────────────────────────────────────────────────────────────────────────────────────┤
 | 0x0000000000000016 | 21          | 26 0 0 0 0 0 0 0 0 0 0 0 0 0 0 0 0 0 3 3 11 25 26 3 3 7 6 1 1 1 1 0                              |
 ├────────────────────┼─────────────┼──────────────────────────────────────────────────────────────────────────────────────────────────┤
 | 0x0000000000000017 | 24          | 21 11 18 13 11 18 13 10 17 15 11 16 13 11 18 15 10 17 15 9 17 15 12 21 16 10 18 15 11 16 14 11   |
 ├────────────────────┼─────────────┼──────────────────────────────────────────────────────────────────────────────────────────────────┤
 | 0x0000000000000018 | 23          | 17 1 1 2 2 1 2 1 1 2 1 1 2 1 1 2 1 1 4 4 4 2 8 15 17 6 6 5 5 2 4 4                               |
 ├────────────────────┼─────────────┼──────────────────────────────────────────────────────────────────────────────────────────────────┤
 | 0x0000000000000019 | 26          | 25 21 16 12 21 17 13 21 15 13 19 16 13 19 16 13 20 16 13 21 16 12 21 15 15 25 17 13 21 16 13 21  |
 ├────────────────────┼─────────────┼──────────────────────────────────────────────────────────────────────────────────────────────────┤
 | 0x000000000000001a | 25          | 19 0 2 2 0 2 2 0 2 2 0 2 2 0 2 2 0 2 4 3 6 3 3 5 7 16 19 5 3 4 4 2                               |
 ├────────────────────┼─────────────┼──────────────────────────────────────────────────────────────────────────────────────────────────┤
 | 0x000000000000001b | 28          | 31 22 14 28 22 14 30 22 14 30 21 15 30 21 15 29 20 15 29 22 15 29 22 14 30 22 14 31 22 13 30 22  |
 ├────────────────────┼─────────────┼──────────────────────────────────────────────────────────────────────────────────────────────────┤
 | 0x000000000000001c | 27          | 21 8 8 2 9 8 3 8 8 3 9 8 3 8 7 3 7 8 3 10 10 4 10 8 3 9 14 15 21 12 9 11                         |
 ├────────────────────┼─────────────┼──────────────────────────────────────────────────────────────────────────────────────────────────┤
 | 0x000000000000001d | 30          | 16 0 15 15 0 15 15 0 15 15 0 15 15 0 15 15 0 15 15 0 15 15 0 15 15 0 15 15 0 16 15 0             |
 ├────────────────────┼─────────────┼──────────────────────────────────────────────────────────────────────────────────────────────────┤
 | 0x000000000000001e | 31          | 26 17 10 19 17 8 21 17 8 21 17 10 21 15 10 21 16 10 19 18 11 19 17 10 21 17 9 22 20 14 26 16     |
 ├────────────────────┼─────────────┼──────────────────────────────────────────────────────────────────────────────────────────────────┤
 | 0x000000000000001f | 28          | 30 24 22 15 23 23 13 24 23 14 24 21 13 25 21 14 25 21 15 25 22 15 25 22 13 24 23 15 26 23 16 30  |
 └────────────────────┴─────────────┴──────────────────────────────────────────────────────────────────────────────────────────────────┘
Offset pattern table end
PC pattern table begin
 ┌────────────────────┬─────────────┬──────────────────────────────────────────────────┐
 | Key                | Second      | Pattern                                          |
 ├────────────────────┼─────────────┼──────────────────────────────────────────────────┤
 | 0x0000000000000000 | 15          | 23 0 0 0 0 0 0 23 23 0 0 0 0 0 0 0               |
 ├────────────────────┼─────────────┼──────────────────────────────────────────────────┤
 | 0x0000000000000003 | 30          | 17 16 16 16 16 16 16 16 16 16 16 16 16 16 16 16  |
 ├────────────────────┼─────────────┼──────────────────────────────────────────────────┤
 | 0x0000000000000008 | 3           | 25 5 6 6 7 5 4 4 3 3 3 4 3 3 3 2                 |
 ├────────────────────┼─────────────┼──────────────────────────────────────────────────┤
 | 0x000000000000000b | 2           | 31 1 1 2 2 1 1 7 9 7 8 7 6 7 7 6                 |
 ├────────────────────┼─────────────┼──────────────────────────────────────────────────┤
 | 0x000000000000000f | 19          | 22 0 0 0 0 0 0 0 1 2 18 17 18 18 0 0             |
 ├────────────────────┼─────────────┼──────────────────────────────────────────────────┤
 | 0x0000000000000010 | 16          | 31 5 2 6 10 7 3 6 6 3 3 2 2 3 4 3                |
 ├────────────────────┼─────────────┼──────────────────────────────────────────────────┤
 | 0x0000000000000011 | 7           | 28 10 9 11 9 8 11 13 13 12 7 11 12 11 9 8        |
 ├────────────────────┼─────────────┼──────────────────────────────────────────────────┤
 | 0x0000000000000012 | 11          | 18 8 8 8 8 8 8 8 8 8 16 16 16 16 8 8             |
 ├────────────────────┼─────────────┼──────────────────────────────────────────────────┤
 | 0x0000000000000014 | 15          | 6 0 0 0 0 0 0 6 6 0 0 0 0 0 0 0                  |
 ├────────────────────┼─────────────┼──────────────────────────────────────────────────┤
 | 0x0000000000000015 | 11          | 1 1 1 1 1 1 1 1 0 0 0 0 0 0 0 0                  |
 ├────────────────────┼─────────────┼──────────────────────────────────────────────────┤
 | 0x0000000000000017 | 30          | 17 16 16 16 16 16 16 16 16 16 16 16 16 16 16 16  |
 ├────────────────────┼─────────────┼──────────────────────────────────────────────────┤
 | 0x0000000000000019 | 25          | 22 1 2 1 1 2 1 2 1 4 8 5 2 5 5 4                 |
 ├────────────────────┼─────────────┼──────────────────────────────────────────────────┤
 | 0x000000000000001b | 30          | 18 17 17 17 17 17 17 17 17 17 17 17 17 17 17 17  |
 ├────────────────────┼─────────────┼──────────────────────────────────────────────────┤
 | 0x000000000000001c | 28          | 28 0 0 1 1 0 0 0 0 8 10 5 1 12 12 27             |
 ├────────────────────┼─────────────┼──────────────────────────────────────────────────┤
 | 0x000000000000001e | 9           | 20 19 18 17 15 15 13 11 10 9 7 6 5 4 2 2         |
 ├────────────────────┼─────────────┼──────────────────────────────────────────────────┤
 | 0x000000000000001f | 30          | 20 19 19 19 19 19 19 19 19 19 19 19 19 19 19 19  |
 └────────────────────┴─────────────┴──────────────────────────────────────────────────┘
PC pattern table end
Prefetch buffer begin
 ┌────────────────────┬──────────────────────────────────────────────────────────────────┐
 | Region             | Pattern                                                          |
 ├────────────────────┼──────────────────────────────────────────────────────────────────┤
 | 0x0000000000008b48 | 2 2 2 2 2 2 2 2 2 2 2 2 2 2 2 2 2 2 0 0 0 0 2 2 2 2 2 2 2 2 2 2  |
 ├────────────────────┼──────────────────────────────────────────────────────────────────┤
 | 0x0000000000008cb5 | 2 0 0 0 0 0 0 0 0 0 0 0 0 0 0 0 0 0 0 0 0 0 0 0 0 0 0 0 0 0 0 0  |
 ├────────────────────┼──────────────────────────────────────────────────────────────────┤
 | 0x0000000000008c45 | 0 0 0 0 0 0 0 0 0 0 0 0 0 2 2 0 0 2 2 2 0 0 2 2 2 2 2 2 2 2 2 0  |
 ├────────────────────┼──────────────────────────────────────────────────────────────────┤
 | 0x0000000000008d82 | 0 0 0 0 0 0 0 0 0 2 2 2 2 0 0 2 2 2 2 2 2 2 2 2 2 2 2 2 2 2 2 2  |
 ├────────────────────┼──────────────────────────────────────────────────────────────────┤
 | 0x0000000000008da0 | 2 2 2 2 2 2 0 0 0 0 0 0 0 0 0 0 0 2 2 2 2 2 0 0 0 0 0 0 0 0 0 2  |
 ├────────────────────┼──────────────────────────────────────────────────────────────────┤
 | 0x0000000000008aad | 0 0 0 0 0 0 2 2 1 2 2 2 2 2 2 2 0 0 0 0 0 2 0 0 0 0 0 0 0 0 0 0  |
 ├────────────────────┼──────────────────────────────────────────────────────────────────┤
 | 0x0000000000008d83 | 2 2 0 0 0 0 0 0 0 0 0 2 2 2 2 2 2 2 2 2 2 2 2 2 2 2 2 2 2 2 2 2  |
 ├────────────────────┼──────────────────────────────────────────────────────────────────┤
 | 0x0000000000008c63 | 0 0 0 0 0 0 0 0 2 2 2 2 2 0 0 0 0 0 0 0 0 0 0 0 0 0 0 0 0 0 0 0  |
 ├────────────────────┼──────────────────────────────────────────────────────────────────┤
 | 0x0000000000000824 | 0 2 0 0 2 0 0 0 0 0 0 0 0 0 0 0 0 0 0 0 0 0 0 0 0 0 0 0 0 0 0 0  |
 ├────────────────────┼──────────────────────────────────────────────────────────────────┤
 | 0x0000000000000865 | 2 2 2 2 2 2 2 2 2 2 2 2 2 2 2 2 2 2 2 0 0 0 0 0 0 0 0 0 0 0 0 0  |
 ├────────────────────┼──────────────────────────────────────────────────────────────────┤
 | 0x0000000000008e08 | 0 0 0 0 0 0 0 0 0 0 0 0 0 0 0 0 0 2 2 2 2 2 2 2 2 2 2 2 2 2 2 2  |
 ├────────────────────┼──────────────────────────────────────────────────────────────────┤
 | 0x0000000000008d68 | 2 2 2 2 0 0 0 0 0 0 0 0 0 2 2 0 0 0 2 2 2 2 0 0 0 0 0 0 0 0 0 0  |
 ├────────────────────┼──────────────────────────────────────────────────────────────────┤
 | 0x0000000000008da1 | 0 0 0 0 0 0 0 0 0 2 2 2 2 2 2 2 2 2 2 2 2 2 2 2 2 2 2 2 2 2 2 2  |
 ├────────────────────┼──────────────────────────────────────────────────────────────────┤
 | 0x0000000000008cf3 | 2 2 2 2 2 2 2 2 2 2 2 2 0 0 0 0 0 0 0 0 0 2 2 2 2 2 2 2 2 2 2 2  |
 ├────────────────────┼──────────────────────────────────────────────────────────────────┤
 | 0x0000000000008d08 | 2 2 2 2 0 0 0 0 0 0 0 0 0 0 0 0 0 0 0 0 0 0 0 0 0 0 0 0 0 2 2 2  |
 ├────────────────────┼──────────────────────────────────────────────────────────────────┤
 | 0x0000000000000744 | 0 0 0 0 0 0 0 0 0 0 0 0 0 0 0 0 0 0 0 0 0 0 0 0 0 0 0 0 0 0 0 1  |
 ├────────────────────┼──────────────────────────────────────────────────────────────────┤
 | 0x0000000000008be5 | 2 2 2 2 2 2 2 0 0 0 0 0 0 0 0 0 0 0 0 0 0 0 0 0 0 0 0 0 0 0 0 0  |
 ├────────────────────┼──────────────────────────────────────────────────────────────────┤
 | 0x0000000000008e04 | 2 2 2 2 0 0 0 0 0 0 0 0 0 2 2 2 2 2 2 2 2 2 2 2 2 2 2 2 2 2 2 2  |
 ├────────────────────┼──────────────────────────────────────────────────────────────────┤
 | 0x0000000000008dce | 2 2 2 2 0 0 0 0 0 0 0 0 0 2 2 2 2 2 2 2 2 2 2 2 2 2 2 2 2 2 2 2  |
 ├────────────────────┼──────────────────────────────────────────────────────────────────┤
 | 0x0000000000008ccb | 2 2 2 2 2 2 2 2 2 2 0 0 0 0 0 0 0 0 0 0 0 2 2 2 2 2 2 2 2 2 2 2  |
 ├────────────────────┼──────────────────────────────────────────────────────────────────┤
 | 0x0000000000008ad3 | 2 2 2 2 2 2 2 2 2 2 2 2 2 2 2 2 2 2 2 2 2 0 0 2 2 2 2 2 2 2 2 2  |
 ├────────────────────┼──────────────────────────────────────────────────────────────────┤
 | 0x0000000000008ded | 2 2 2 2 2 2 2 2 2 2 2 2 2 2 2 0 0 0 0 0 0 0 0 0 0 0 0 0 0 0 0 0  |
 ├────────────────────┼──────────────────────────────────────────────────────────────────┤
 | 0x00000000000088d1 | 2 2 2 2 2 2 2 2 2 2 2 2 2 2 2 2 0 0 0 0 0 0 0 0 0 2 2 2 2 2 2 2  |
 ├────────────────────┼──────────────────────────────────────────────────────────────────┤
 | 0x0000000000008865 | 2 2 0 2 2 0 2 1 2 2 2 2 2 2 2 2 2 0 0 0 0 2 0 2 2 0 2 2 0 2 2 0  |
 ├────────────────────┼──────────────────────────────────────────────────────────────────┤
 | 0x0000000000008cd0 | 2 2 2 2 1 2 2 2 2 2 2 2 2 2 0 0 0 0 0 0 0 0 0 2 2 2 2 2 2 2 2 0  |
 ├────────────────────┼──────────────────────────────────────────────────────────────────┤
 | 0x0000000000008dcf | 2 2 2 2 1 2 2 2 2 2 2 2 2 2 2 2 0 0 0 0 0 2 2 2 2 2 2 2 2 2 2 2  |
 ├────────────────────┼──────────────────────────────────────────────────────────────────┤
 | 0x0000000000008cc1 | 2 2 2 2 2 2 2 2 2 2 2 2 2 2 2 2 2 2 2 2 0 2 2 0 0 0 0 0 0 0 0 0  |
 └────────────────────┴──────────────────────────────────────────────────────────────────┘
Prefetch buffer end
Filter by PPT: 0
Prefetch Request to L1: 235172, Prefetch Request to L2: 1695011
Invalid by Eviction: 78277
Invalid by Max: 55967
Final L1D Threshold: 0.901
Final Demand Reserve: 25.0%

╔═══════════════════════════════════════╗
║       CLIP Filter Statistics         ║
╚═══════════════════════════════════════╝
[CLIP CPU2 Stats]
  Total candidates:        1164309
  Prefetches issued:       465832 (40.1%)
  Dropped (not critical):  698477 (60.0%)
  Dropped (low accuracy):  0 (0.0%)
  Critical loads detected: 73912163
  Phase changes:           0

Filter table begin
 ┌────────────────────┬─────────────┐
 | Region             | Offset      |
 ├────────────────────┼─────────────┤
 | 0x0000000000000317 | 11          |
 ├────────────────────┼─────────────┤
 | 0x0000000000006632 | 31          |
 ├────────────────────┼─────────────┤
 | 0x00000000000072b0 | 0           |
 ├────────────────────┼─────────────┤
 | 0x000000000000025f | 1           |
 ├────────────────────┼─────────────┤
 | 0x0000000000008ddf | 0           |
 ├────────────────────┼─────────────┤
 | 0x0000000000008dde | 31          |
 ├────────────────────┼─────────────┤
 | 0x0000000000006a47 | 0           |
 ├────────────────────┼─────────────┤
 | 0x0000000000000335 | 0           |
 ├────────────────────┼─────────────┤
 | 0x000000000000798a | 31          |
 ├────────────────────┼─────────────┤
 | 0x0000000000006924 | 0           |
 ├────────────────────┼─────────────┤
 | 0x0000000000000334 | 31          |
 └────────────────────┴─────────────┘
Filter table end
Accumulation table begin
 ┌────────────────────┬─────────────┬─────────────┬──────────────────────────────────────────────────────────────────┐
 | Region             | Offset      | Second      | Pattern                                                          |
 ├────────────────────┼─────────────┼─────────────┼──────────────────────────────────────────────────────────────────┤
 | 0x000000000000032d | 10          | 9           | 0 0 0 0 0 0 0 0 1 1 1 0 0 0 0 0 0 0 0 0 0 0 0 0 0 0 0 0 0 0 0 0  |
 ├────────────────────┼─────────────┼─────────────┼──────────────────────────────────────────────────────────────────┤
 | 0x0000000000000663 | 30          | 29          | 0 0 0 0 0 0 0 0 0 0 0 0 0 0 0 0 0 0 0 0 0 1 1 1 1 1 1 1 1 1 1 0  |
 ├────────────────────┼─────────────┼─────────────┼──────────────────────────────────────────────────────────────────┤
 | 0x0000000000008df0 | 22          | 21          | 0 0 0 0 0 0 0 0 0 0 0 0 0 0 0 0 0 0 0 0 0 1 1 0 0 0 0 0 0 0 0 0  |
 ├────────────────────┼─────────────┼─────────────┼──────────────────────────────────────────────────────────────────┤
 | 0x0000000000004f85 | 12          | 11          | 0 0 0 0 0 0 0 0 0 0 1 1 1 1 1 0 0 0 0 0 0 0 0 0 0 0 0 0 0 0 0 0  |
 ├────────────────────┼─────────────┼─────────────┼──────────────────────────────────────────────────────────────────┤
 | 0x0000000000008ace | 28          | 27          | 0 0 0 0 0 0 0 0 0 0 0 0 0 0 0 0 0 0 0 0 0 0 0 0 0 0 1 1 1 0 0 0  |
 ├────────────────────┼─────────────┼─────────────┼──────────────────────────────────────────────────────────────────┤
 | 0x0000000000008dfc | 2           | 1           | 1 1 1 0 0 0 0 0 0 0 0 0 0 0 0 0 0 0 0 0 0 0 0 0 0 0 0 0 0 0 0 0  |
 ├────────────────────┼─────────────┼─────────────┼──────────────────────────────────────────────────────────────────┤
 | 0x00000000000075fd | 6           | 5           | 0 0 1 1 1 1 1 1 1 0 0 0 0 0 0 0 0 0 0 0 0 0 0 0 0 0 0 0 0 0 0 0  |
 ├────────────────────┼─────────────┼─────────────┼──────────────────────────────────────────────────────────────────┤
 | 0x00000000000002f2 | 2           | 1           | 1 1 1 0 0 0 0 0 0 0 0 0 0 0 0 1 1 0 0 0 0 0 0 0 0 0 0 0 0 0 0 0  |
 ├────────────────────┼─────────────┼─────────────┼──────────────────────────────────────────────────────────────────┤
 | 0x00000000000002f1 | 22          | 21          | 0 0 0 0 0 0 0 0 0 0 0 0 0 0 0 0 0 0 0 0 1 1 1 0 0 1 1 0 0 0 0 0  |
 ├────────────────────┼─────────────┼─────────────┼──────────────────────────────────────────────────────────────────┤
 | 0x000000000000034b | 10          | 9           | 0 0 0 0 0 0 0 0 0 1 1 0 0 0 0 0 0 0 0 0 0 0 0 0 0 0 0 0 0 0 0 0  |
 ├────────────────────┼─────────────┼─────────────┼──────────────────────────────────────────────────────────────────┤
 | 0x0000000000008dfa | 12          | 11          | 0 0 0 0 0 0 0 0 0 0 0 1 1 0 0 0 0 0 0 0 0 0 0 0 0 0 0 0 0 0 0 0  |
 ├────────────────────┼─────────────┼─────────────┼──────────────────────────────────────────────────────────────────┤
 | 0x0000000000008d87 | 2           | 1           | 1 1 1 1 1 1 1 1 1 0 1 1 1 0 0 0 0 0 1 1 1 1 1 1 1 1 1 0 0 0 0 0  |
 ├────────────────────┼─────────────┼─────────────┼──────────────────────────────────────────────────────────────────┤
 | 0x0000000000008dbb | 4           | 3           | 0 0 1 1 1 0 0 0 0 0 0 0 0 0 0 0 0 0 1 1 1 0 1 1 1 1 1 1 1 1 1 1  |
 ├────────────────────┼─────────────┼─────────────┼──────────────────────────────────────────────────────────────────┤
 | 0x0000000000008dee | 4           | 3           | 0 0 0 1 1 0 0 0 0 0 0 1 1 0 0 0 0 0 0 1 1 1 1 0 0 0 0 1 1 0 1 1  |
 ├────────────────────┼─────────────┼─────────────┼──────────────────────────────────────────────────────────────────┤
 | 0x000000000000065a | 30          | 31          | 1 1 0 1 1 0 1 1 0 1 1 0 1 1 0 1 1 0 1 1 0 1 1 0 1 1 0 1 1 0 1 1  |
 ├────────────────────┼─────────────┼─────────────┼──────────────────────────────────────────────────────────────────┤
 | 0x0000000000000344 | 14          | 13          | 0 0 0 0 0 0 0 0 0 0 0 0 0 1 1 0 0 0 0 0 0 0 0 0 0 0 0 0 0 0 0 0  |
 ├────────────────────┼─────────────┼─────────────┼──────────────────────────────────────────────────────────────────┤
 | 0x00000000000061c0 | 16          | 15          | 0 0 0 0 0 0 0 0 0 0 0 0 0 0 1 1 1 0 0 0 0 0 0 0 0 0 0 0 0 0 0 0  |
 ├────────────────────┼─────────────┼─────────────┼──────────────────────────────────────────────────────────────────┤
 | 0x0000000000008dfe | 20          | 19          | 0 0 0 0 0 0 0 0 0 0 0 0 0 0 0 0 0 0 0 1 1 0 0 0 0 1 1 0 0 0 0 0  |
 ├────────────────────┼─────────────┼─────────────┼──────────────────────────────────────────────────────────────────┤
 | 0x0000000000008e0b | 28          | 27          | 0 0 0 0 0 0 0 0 0 0 0 0 0 0 0 0 0 0 0 0 0 0 0 0 0 0 0 1 1 0 0 0  |
 ├────────────────────┼─────────────┼─────────────┼──────────────────────────────────────────────────────────────────┤
 | 0x000000000000034f | 0           | 2           | 1 1 1 0 0 0 0 0 0 0 0 0 0 0 0 0 0 0 0 0 0 0 0 0 0 0 0 0 0 0 0 0  |
 ├────────────────────┼─────────────┼─────────────┼──────────────────────────────────────────────────────────────────┤
 | 0x0000000000008dc8 | 4           | 3           | 0 0 1 1 1 0 0 0 0 0 0 0 0 0 0 0 0 0 0 0 0 0 0 0 0 0 0 0 0 0 0 0  |
 ├────────────────────┼─────────────┼─────────────┼──────────────────────────────────────────────────────────────────┤
 | 0x0000000000008df1 | 6           | 5           | 0 0 0 0 0 1 1 0 0 0 0 0 0 0 0 0 0 0 0 0 0 0 1 1 1 0 0 0 0 0 0 0  |
 ├────────────────────┼─────────────┼─────────────┼──────────────────────────────────────────────────────────────────┤
 | 0x000000000000063e | 31          | 29          | 1 1 1 1 1 1 1 1 1 1 1 1 0 1 1 1 1 1 1 1 1 1 1 1 1 0 1 1 1 1 1 1  |
 ├────────────────────┼─────────────┼─────────────┼──────────────────────────────────────────────────────────────────┤
 | 0x0000000000008df4 | 0           | 10          | 1 0 1 1 1 0 1 1 1 1 1 1 1 0 1 1 1 0 0 0 0 0 0 0 0 0 0 0 0 0 0 0  |
 ├────────────────────┼─────────────┼─────────────┼──────────────────────────────────────────────────────────────────┤
 | 0x0000000000008dd5 | 28          | 27          | 0 0 0 0 0 0 0 0 0 0 0 0 0 0 0 0 0 0 0 1 1 0 0 0 0 0 1 1 1 0 1 1  |
 ├────────────────────┼─────────────┼─────────────┼──────────────────────────────────────────────────────────────────┤
 | 0x00000000000002f3 | 14          | 13          | 0 0 0 0 0 0 0 0 0 0 0 0 0 1 1 0 0 0 0 0 0 0 0 0 0 0 0 0 0 0 0 0  |
 ├────────────────────┼─────────────┼─────────────┼──────────────────────────────────────────────────────────────────┤
 | 0x0000000000008df7 | 22          | 21          | 0 0 0 0 0 0 0 0 0 0 0 0 0 0 0 0 0 0 0 0 0 1 1 0 0 0 0 0 0 0 0 0  |
 ├────────────────────┼─────────────┼─────────────┼──────────────────────────────────────────────────────────────────┤
 | 0x0000000000008dfb | 4           | 3           | 0 0 1 1 1 1 1 0 0 0 0 0 0 0 0 0 0 0 0 0 0 0 0 0 0 0 0 0 0 0 0 0  |
 ├────────────────────┼─────────────┼─────────────┼──────────────────────────────────────────────────────────────────┤
 | 0x000000000000066b | 29          | 30          | 0 0 0 0 0 0 0 0 0 0 0 0 0 0 0 0 0 0 0 0 1 1 0 1 1 0 1 1 0 1 1 0  |
 ├────────────────────┼─────────────┼─────────────┼──────────────────────────────────────────────────────────────────┤
 | 0x0000000000000302 | 16          | 15          | 0 0 0 0 0 0 0 0 0 0 0 0 0 0 0 1 1 0 0 0 0 0 0 0 0 0 0 0 0 0 0 0  |
 ├────────────────────┼─────────────┼─────────────┼──────────────────────────────────────────────────────────────────┤
 | 0x0000000000008def | 0           | 12          | 1 0 0 1 1 0 0 0 0 0 1 1 1 0 0 0 0 0 0 0 0 0 0 0 0 0 0 0 0 0 0 0  |
 ├────────────────────┼─────────────┼─────────────┼──────────────────────────────────────────────────────────────────┤
 | 0x0000000000008da2 | 22          | 21          | 0 0 0 0 0 0 0 0 0 0 0 0 0 0 0 0 0 0 1 1 1 1 1 0 0 0 0 0 0 0 0 0  |
 └────────────────────┴─────────────┴─────────────┴──────────────────────────────────────────────────────────────────┘
Accumulation table end
Offset pattern table begin
 ┌────────────────────┬─────────────┬──────────────────────────────────────────────────────────────────────────────────────────────────┐
 | Key                | Second      | Pattern                                                                                          |
 ├────────────────────┼─────────────┼──────────────────────────────────────────────────────────────────────────────────────────────────┤
 | 0x0000000000000000 | 2           | 31 19 23 18 18 19 21 15 15 16 17 17 17 16 17 18 19 11 17 13 13 10 12 12 13 12 15 14 15 9 13 12   |
 ├────────────────────┼─────────────┼──────────────────────────────────────────────────────────────────────────────────────────────────┤
 | 0x0000000000000001 | 2           | 28 28 21 3 6 3 2 5 4 2 5 3 2 4 3 3 6 4 3 4 3 1 3 3 1 4 3 1 4 3 2 4                               |
 ├────────────────────┼─────────────┼──────────────────────────────────────────────────────────────────────────────────────────────────┤
 | 0x0000000000000002 | 1           | 25 24 25 9 10 5 7 9 9 7 9 6 8 5 6 12 12 8 10 8 8 6 9 6 8 6 7 7 7 5 6 7                           |
 ├────────────────────┼─────────────┼──────────────────────────────────────────────────────────────────────────────────────────────────┤
 | 0x0000000000000003 | 4           | 25 7 11 25 17 3 4 3 2 4 3 2 4 3 1 3 3 1 3 2 1 3 3 1 3 3 0 2 2 0 2 2                              |
 ├────────────────────┼─────────────┼──────────────────────────────────────────────────────────────────────────────────────────────────┤
 | 0x0000000000000004 | 5           | 28 0 10 27 28 6 7 5 5 4 5 6 6 3 4 5 5 3 3 3 3 5 5 1 2 3 3 2 2 2 2 0                              |
 ├────────────────────┼─────────────┼──────────────────────────────────────────────────────────────────────────────────────────────────┤
 | 0x0000000000000005 | 6           | 18 2 7 5 6 18 15 1 6 5 1 6 5 1 6 5 1 6 5 1 6 5 1 6 5 1 6 5 1 6 5 1                               |
 ├────────────────────┼─────────────┼──────────────────────────────────────────────────────────────────────────────────────────────────┤
 | 0x0000000000000006 | 5           | 31 1 3 7 11 29 31 10 8 10 11 2 4 6 4 4 4 6 7 2 1 4 4 2 3 3 2 2 2 4 6 4                           |
 ├────────────────────┼─────────────┼──────────────────────────────────────────────────────────────────────────────────────────────────┤
 | 0x0000000000000007 | 6           | 21 9 4 5 11 6 8 21 15 5 10 4 5 9 4 5 9 4 5 8 4 5 9 4 4 8 4 4 8 4 4 8                             |
 ├────────────────────┼─────────────┼──────────────────────────────────────────────────────────────────────────────────────────────────┤
 | 0x0000000000000008 | 7           | 30 0 2 2 1 1 9 28 30 12 11 3 3 3 4 2 1 2 2 0 1 2 1 1 1 3 4 4 4 3 4 4                             |
 ├────────────────────┼─────────────┼──────────────────────────────────────────────────────────────────────────────────────────────────┤
 | 0x0000000000000009 | 8           | 28 14 9 23 15 9 22 15 9 28 18 8 22 14 6 21 14 7 21 13 7 21 14 7 21 14 7 20 13 6 20 13            |
 ├────────────────────┼─────────────┼──────────────────────────────────────────────────────────────────────────────────────────────────┤
 | 0x000000000000000a | 9           | 24 0 2 2 3 1 4 5 12 23 24 7 7 4 5 4 4 3 3 2 2 3 3 2 2 1 1 3 3 1 2 2                              |
 ├────────────────────┼─────────────┼──────────────────────────────────────────────────────────────────────────────────────────────────┤
 | 0x000000000000000b | 10          | 24 3 16 15 3 17 15 3 17 15 3 24 20 2 16 14 2 16 14 2 16 14 2 16 14 2 16 14 2 16 14 2             |
 ├────────────────────┼─────────────┼──────────────────────────────────────────────────────────────────────────────────────────────────┤
 | 0x000000000000000c | 11          | 27 2 0 5 5 0 2 2 0 2 17 24 27 12 9 4 4 3 6 4 2 4 4 0 3 3 1 2 2 0 2 3                             |
 ├────────────────────┼─────────────┼──────────────────────────────────────────────────────────────────────────────────────────────────┤
 | 0x000000000000000d | 14          | 16 12 6 5 12 7 5 12 7 5 13 8 7 16 10 6 13 6 5 12 6 5 12 6 5 12 6 5 12 6 5 12                     |
 ├────────────────────┼─────────────┼──────────────────────────────────────────────────────────────────────────────────────────────────┤
 | 0x000000000000000e | 13          | 24 1 1 2 2 1 0 1 1 0 2 3 10 23 24 5 5 4 3 3 4 3 3 4 3 3 4 4 4 3 3 2                              |
 ├────────────────────┼─────────────┼──────────────────────────────────────────────────────────────────────────────────────────────────┤
 | 0x000000000000000f | 16          | 29 16 7 24 16 8 25 16 8 25 16 8 25 16 11 29 20 7 23 15 7 23 15 7 23 15 7 23 15 7 23 15           |
 ├────────────────────┼─────────────┼──────────────────────────────────────────────────────────────────────────────────────────────────┤
 | 0x0000000000000010 | 15          | 18 1 2 1 2 1 1 1 1 0 1 2 2 1 6 17 18 5 5 2 2 2 2 2 1 2 2 1 1 2 1 1                               |
 ├────────────────────┼─────────────┼──────────────────────────────────────────────────────────────────────────────────────────────────┤
 | 0x0000000000000011 | 18          | 29 7 24 18 7 23 18 7 24 18 7 25 19 7 25 19 10 29 21 7 24 18 7 24 18 7 24 18 7 24 18 6            |
 ├────────────────────┼─────────────┼──────────────────────────────────────────────────────────────────────────────────────────────────┤
 | 0x0000000000000012 | 17          | 29 4 3 9 9 1 5 4 1 4 9 6 9 5 6 9 21 25 29 9 6 7 7 2 6 4 1 5 4 2 6 5                              |
 ├────────────────────┼─────────────┼──────────────────────────────────────────────────────────────────────────────────────────────────┤
 | 0x0000000000000013 | 20          | 24 19 18 3 19 18 3 19 17 3 19 18 2 18 18 2 20 18 5 24 22 2 19 18 3 19 17 3 19 18 3 19            |
 ├────────────────────┼─────────────┼──────────────────────────────────────────────────────────────────────────────────────────────────┤
 | 0x0000000000000014 | 22          | 29 0 1 1 0 1 1 0 1 1 0 1 1 0 1 1 0 1 10 23 29 10 9 4 4 6 8 3 2 3 3 1                             |
 ├────────────────────┼─────────────┼──────────────────────────────────────────────────────────────────────────────────────────────────┤
 | 0x0000000000000015 | 22          | 18 5 4 7 5 4 7 5 4 7 6 4 7 6 4 7 6 4 7 5 13 18 15 4 6 12 12 6 5 4 6 5                            |
 ├────────────────────┼─────────────┼──────────────────────────────────────────────────────────────────────────────────────────────────┤
 | 0x0000000000000016 | 20          | 30 2 1 0 2 2 1 2 1 1 1 2 1 1 2 1 1 2 2 4 14 28 30 4 3 7 7 3 3 3 3 3                              |
 ├────────────────────┼─────────────┼──────────────────────────────────────────────────────────────────────────────────────────────────┤
 | 0x0000000000000017 | 24          | 21 12 19 12 13 19 13 12 19 13 13 18 11 12 18 13 12 19 13 13 18 13 14 21 13 11 19 13 13 19 13 13  |
 ├────────────────────┼─────────────┼──────────────────────────────────────────────────────────────────────────────────────────────────┤
 | 0x0000000000000018 | 23          | 25 4 2 5 4 2 5 4 2 5 4 2 4 4 2 5 4 2 8 8 6 5 12 21 25 9 9 9 8 4 7 7                              |
 ├────────────────────┼─────────────┼──────────────────────────────────────────────────────────────────────────────────────────────────┤
 | 0x0000000000000019 | 26          | 20 18 15 7 18 15 8 18 15 8 17 14 8 16 15 8 17 15 8 17 16 9 19 14 8 20 14 9 19 15 9 18            |
 ├────────────────────┼─────────────┼──────────────────────────────────────────────────────────────────────────────────────────────────┤
 | 0x000000000000001a | 29          | 21 2 4 5 2 5 4 2 5 4 2 5 4 2 5 4 2 5 6 4 7 5 4 7 8 17 21 7 5 7 7 3                               |
 ├────────────────────┼─────────────┼──────────────────────────────────────────────────────────────────────────────────────────────────┤
 | 0x000000000000001b | 26          | 30 21 18 28 21 15 29 18 19 29 20 20 29 20 20 28 20 20 24 21 17 28 21 19 29 21 19 30 20 19 29 16  |
 ├────────────────────┼─────────────┼──────────────────────────────────────────────────────────────────────────────────────────────────┤
 | 0x000000000000001c | 27          | 21 11 9 4 11 9 5 11 9 5 11 7 4 11 9 5 10 9 6 13 11 5 11 9 3 11 15 14 21 12 9 13                  |
 ├────────────────────┼─────────────┼──────────────────────────────────────────────────────────────────────────────────────────────────┤
 | 0x000000000000001d | 30          | 31 0 29 29 0 29 29 0 29 29 0 29 29 0 29 29 0 29 29 0 29 29 0 29 29 0 29 29 0 31 30 0             |
 ├────────────────────┼─────────────┼──────────────────────────────────────────────────────────────────────────────────────────────────┤
 | 0x000000000000001e | 29          | 31 17 8 17 17 6 19 17 6 19 17 8 19 15 8 19 16 8 19 19 10 17 17 8 19 17 8 23 23 18 31 20          |
 ├────────────────────┼─────────────┼──────────────────────────────────────────────────────────────────────────────────────────────────┤
 | 0x000000000000001f | 28          | 18 13 12 7 13 13 6 13 13 6 13 13 7 14 12 6 14 13 8 15 14 8 14 13 7 14 15 9 16 13 9 18            |
 └────────────────────┴─────────────┴──────────────────────────────────────────────────────────────────────────────────────────────────┘
Offset pattern table end
PC pattern table begin
 ┌────────────────────┬─────────────┬──────────────────────────────────────────────────┐
 | Key                | Second      | Pattern                                          |
 ├────────────────────┼─────────────┼──────────────────────────────────────────────────┤
 | 0x0000000000000000 | 15          | 16 0 0 0 0 0 0 16 16 0 0 0 0 0 0 0               |
 ├────────────────────┼─────────────┼──────────────────────────────────────────────────┤
 | 0x0000000000000003 | 17          | 31 29 29 29 29 29 29 29 29 29 29 29 29 30 30 29  |
 ├────────────────────┼─────────────┼──────────────────────────────────────────────────┤
 | 0x0000000000000008 | 3           | 25 5 6 6 7 5 4 4 3 3 3 4 3 3 3 2                 |
 ├────────────────────┼─────────────┼──────────────────────────────────────────────────┤
 | 0x000000000000000b | 26          | 29 2 2 3 3 4 3 2 1 7 12 6 5 6 4 3                |
 ├────────────────────┼─────────────┼──────────────────────────────────────────────────┤
 | 0x000000000000000f | 28          | 24 0 0 0 1 2 1 1 2 1 16 17 16 14 1 1             |
 ├────────────────────┼─────────────┼──────────────────────────────────────────────────┤
 | 0x0000000000000010 | 22          | 17 2 1 3 6 5 1 4 3 0 0 0 1 1 1 2                 |
 ├────────────────────┼─────────────┼──────────────────────────────────────────────────┤
 | 0x0000000000000011 | 13          | 27 7 7 7 5 6 7 7 5 11 15 10 8 10 8 5             |
 ├────────────────────┼─────────────┼──────────────────────────────────────────────────┤
 | 0x0000000000000012 | 10          | 27 15 14 14 14 14 14 16 16 15 24 24 24 24 15 15  |
 ├────────────────────┼─────────────┼──────────────────────────────────────────────────┤
 | 0x0000000000000014 | 15          | 7 0 0 0 0 0 0 7 7 0 0 0 0 0 0 0                  |
 ├────────────────────┼─────────────┼──────────────────────────────────────────────────┤
 | 0x0000000000000017 | 30          | 21 20 20 20 20 20 20 20 20 20 20 20 20 20 20 20  |
 ├────────────────────┼─────────────┼──────────────────────────────────────────────────┤
 | 0x0000000000000019 | 2           | 20 3 3 2 2 3 2 5 6 5 5 3 4 5 2 2                 |
 ├────────────────────┼─────────────┼──────────────────────────────────────────────────┤
 | 0x000000000000001b | 29          | 31 30 30 30 30 30 30 30 30 30 30 30 30 30 30 30  |
 ├────────────────────┼─────────────┼──────────────────────────────────────────────────┤
 | 0x000000000000001c | 30          | 27 0 0 0 0 0 0 0 0 4 6 3 1 9 9 26                |
 ├────────────────────┼─────────────┼──────────────────────────────────────────────────┤
 | 0x000000000000001e | 9           | 23 22 21 20 18 17 15 13 12 10 8 7 5 4 2 2        |
 ├────────────────────┼─────────────┼──────────────────────────────────────────────────┤
 | 0x000000000000001f | 10          | 31 30 30 30 30 30 30 30 30 30 30 30 30 30 30 30  |
 └────────────────────┴─────────────┴──────────────────────────────────────────────────┘
PC pattern table end
Prefetch buffer begin
 ┌────────────────────┬──────────────────────────────────────────────────────────────────┐
 | Region             | Pattern                                                          |
 ├────────────────────┼──────────────────────────────────────────────────────────────────┤
 | 0x0000000000008dfa | 2 2 2 2 2 2 2 2 0 0 0 0 0 0 0 0 0 2 2 2 0 0 2 2 2 2 2 2 2 2 2 2  |
 ├────────────────────┼──────────────────────────────────────────────────────────────────┤
 | 0x0000000000008d7d | 0 0 0 0 2 2 0 0 2 2 2 2 2 2 2 2 2 2 2 2 2 2 0 2 2 0 0 0 0 2 2 2  |
 ├────────────────────┼──────────────────────────────────────────────────────────────────┤
 | 0x0000000000008df0 | 2 2 2 2 2 2 2 2 2 2 2 1 2 2 2 2 2 0 0 0 0 0 0 0 0 0 0 0 2 2 0 0  |
 ├────────────────────┼──────────────────────────────────────────────────────────────────┤
 | 0x0000000000008d33 | 2 2 2 2 2 2 2 2 2 2 2 2 2 2 2 2 2 2 0 0 0 0 2 2 2 2 2 2 2 2 2 2  |
 ├────────────────────┼──────────────────────────────────────────────────────────────────┤
 | 0x0000000000008de4 | 0 0 0 0 0 0 0 0 0 2 2 2 2 2 2 2 2 2 2 2 2 2 2 2 2 2 2 2 2 2 2 2  |
 ├────────────────────┼──────────────────────────────────────────────────────────────────┤
 | 0x0000000000008d63 | 2 2 2 2 2 2 2 2 2 2 2 2 2 2 2 2 2 2 2 2 2 0 0 2 2 2 2 2 2 2 2 2  |
 ├────────────────────┼──────────────────────────────────────────────────────────────────┤
 | 0x0000000000008d86 | 2 2 2 2 2 2 2 2 2 2 2 2 2 2 2 2 2 2 2 0 0 0 0 2 2 2 2 2 0 0 2 2  |
 ├────────────────────┼──────────────────────────────────────────────────────────────────┤
 | 0x0000000000008d79 | 2 2 2 2 2 2 2 2 2 2 2 2 2 2 2 2 2 2 2 2 2 0 0 0 2 2 2 2 2 2 2 2  |
 ├────────────────────┼──────────────────────────────────────────────────────────────────┤
 | 0x000000000000066b | 1 2 1 1 2 1 1 2 1 1 2 1 1 0 0 0 0 0 0 0 0 0 0 0 0 0 0 0 2 0 0 1  |
 ├────────────────────┼──────────────────────────────────────────────────────────────────┤
 | 0x0000000000008dfe | 2 2 2 2 2 2 2 2 1 2 2 2 2 2 2 2 0 0 0 0 0 0 0 0 0 0 0 2 2 2 2 2  |
 ├────────────────────┼──────────────────────────────────────────────────────────────────┤
 | 0x0000000000008b25 | 2 2 2 2 2 2 2 2 2 2 2 2 2 2 2 2 2 2 0 0 0 0 0 2 2 2 2 2 2 2 2 2  |
 ├────────────────────┼──────────────────────────────────────────────────────────────────┤
 | 0x0000000000008def | 0 0 0 0 0 0 0 0 0 0 0 0 0 0 0 0 0 0 0 0 2 2 2 2 2 2 2 2 2 2 2 2  |
 ├────────────────────┼──────────────────────────────────────────────────────────────────┤
 | 0x0000000000008df1 | 2 2 2 2 2 0 0 2 2 2 2 2 2 2 0 2 0 0 0 0 0 0 0 0 0 0 0 0 0 2 2 2  |
 ├────────────────────┼──────────────────────────────────────────────────────────────────┤
 | 0x0000000000008dfb | 0 0 0 0 0 0 0 0 0 0 0 0 0 0 0 0 0 0 0 0 0 0 0 0 2 2 2 2 2 2 2 2  |
 ├────────────────────┼──────────────────────────────────────────────────────────────────┤
 | 0x0000000000008dd0 | 0 0 0 0 0 0 0 0 0 0 0 0 0 0 0 0 0 0 0 0 0 0 0 0 0 0 0 0 0 0 0 2  |
 ├────────────────────┼──────────────────────────────────────────────────────────────────┤
 | 0x0000000000008df7 | 2 2 2 2 2 2 2 2 2 2 2 1 2 2 2 2 2 2 0 0 0 0 0 0 0 0 0 2 2 2 0 0  |
 ├────────────────────┼──────────────────────────────────────────────────────────────────┤
 | 0x0000000000008dcb | 2 2 2 2 2 2 2 2 2 2 2 2 2 2 2 2 2 2 2 2 2 0 0 2 2 2 2 2 2 2 2 2  |
 ├────────────────────┼──────────────────────────────────────────────────────────────────┤
 | 0x0000000000008dd5 | 2 2 2 2 2 0 2 2 2 2 2 2 2 2 0 0 0 0 0 0 0 0 0 0 0 0 0 0 0 0 0 0  |
 ├────────────────────┼──────────────────────────────────────────────────────────────────┤
 | 0x0000000000008d49 | 0 0 2 2 2 2 2 2 2 2 2 2 2 0 0 0 0 0 0 0 0 0 0 0 0 0 0 0 0 0 2 2  |
 ├────────────────────┼──────────────────────────────────────────────────────────────────┤
 | 0x0000000000008e0b | 2 2 2 2 2 2 2 2 2 2 2 2 2 2 2 2 2 2 2 2 2 2 2 0 0 0 0 0 0 0 0 0  |
 ├────────────────────┼──────────────────────────────────────────────────────────────────┤
 | 0x0000000000008de3 | 2 2 2 2 2 2 2 2 2 2 2 2 2 2 2 2 2 2 0 0 0 0 0 0 0 0 0 0 0 0 0 0  |
 ├────────────────────┼──────────────────────────────────────────────────────────────────┤
 | 0x0000000000008bbf | 2 2 2 2 2 2 2 2 2 2 2 2 2 2 2 2 2 2 0 0 0 0 2 2 2 2 2 2 2 2 2 2  |
 ├────────────────────┼──────────────────────────────────────────────────────────────────┤
 | 0x0000000000008dde | 2 2 2 2 2 2 2 2 2 2 2 2 2 2 2 2 2 2 2 2 2 2 2 2 2 2 2 2 2 2 1 0  |
 ├────────────────────┼──────────────────────────────────────────────────────────────────┤
 | 0x0000000000008dca | 0 0 0 0 0 0 0 0 0 0 0 0 0 0 0 0 0 0 0 0 0 0 0 0 0 0 0 2 2 2 2 2  |
 ├────────────────────┼──────────────────────────────────────────────────────────────────┤
 | 0x0000000000008de8 | 0 0 0 0 0 0 0 0 0 2 2 2 2 2 2 2 2 2 2 2 2 2 2 2 2 2 2 2 2 2 2 2  |
 ├────────────────────┼──────────────────────────────────────────────────────────────────┤
 | 0x0000000000008dc0 | 0 0 2 0 2 2 2 2 2 2 2 2 2 2 2 2 2 2 2 2 2 2 0 0 0 0 0 0 0 0 0 2  |
 ├────────────────────┼──────────────────────────────────────────────────────────────────┤
 | 0x0000000000008df3 | 2 2 0 0 2 2 2 2 2 2 2 2 2 2 2 2 2 2 2 2 2 2 0 0 0 0 0 0 0 0 0 2  |
 ├────────────────────┼──────────────────────────────────────────────────────────────────┤
 | 0x0000000000008dfc | 0 0 0 0 0 0 0 0 0 0 0 0 0 0 0 2 2 2 2 2 2 2 2 2 2 2 2 2 2 2 2 2  |
 ├────────────────────┼──────────────────────────────────────────────────────────────────┤
 | 0x0000000000008dd4 | 0 0 0 0 0 0 0 0 0 0 0 0 2 2 2 2 2 0 0 0 0 0 0 0 2 2 2 2 2 2 2 2  |
 └────────────────────┴──────────────────────────────────────────────────────────────────┘
Prefetch buffer end
Filter by PPT: 0
Prefetch Request to L1: 235172, Prefetch Request to L2: 1695011
Invalid by Eviction: 77830
Invalid by Max: 36913
Final L1D Threshold: 0.901
Final Demand Reserve: 25.0%

╔═══════════════════════════════════════╗
║       CLIP Filter Statistics         ║
╚═══════════════════════════════════════╝
[CLIP CPU1 Stats]
  Total candidates:        995865
  Prefetches issued:       460899 (46.3%)
  Dropped (not critical):  534966 (53.8%)
  Dropped (low accuracy):  0 (0.0%)
  Critical loads detected: 73797870
  Phase changes:           0

Filter table begin
 ┌────────────────────┬─────────────┐
 | Region             | Offset      |
 ├────────────────────┼─────────────┤
 | 0x00000000000087e1 | 0           |
 ├────────────────────┼─────────────┤
 | 0x0000000000008940 | 31          |
 ├────────────────────┼─────────────┤
 | 0x00000000000073e7 | 31          |
 ├────────────────────┼─────────────┤
 | 0x0000000000000337 | 0           |
 ├────────────────────┼─────────────┤
 | 0x0000000000000313 | 11          |
 ├────────────────────┼─────────────┤
 | 0x0000000000000336 | 31          |
 ├────────────────────┼─────────────┤
 | 0x000000000000714e | 0           |
 ├────────────────────┼─────────────┤
 | 0x0000000000008deb | 31          |
 ├────────────────────┼─────────────┤
 | 0x0000000000008e00 | 0           |
 ├────────────────────┼─────────────┤
 | 0x0000000000000255 | 1           |
 ├────────────────────┼─────────────┤
 | 0x0000000000006224 | 31          |
 ├────────────────────┼─────────────┤
 | 0x0000000000007820 | 31          |
 └────────────────────┴─────────────┘
Filter table end
Accumulation table begin
 ┌────────────────────┬─────────────┬─────────────┬──────────────────────────────────────────────────────────────────┐
 | Region             | Offset      | Second      | Pattern                                                          |
 ├────────────────────┼─────────────┼─────────────┼──────────────────────────────────────────────────────────────────┤
 | 0x0000000000008ab5 | 30          | 29          | 0 0 0 0 0 0 0 0 0 0 0 0 0 0 0 0 0 0 0 0 0 0 0 0 0 0 0 0 0 1 1 1  |
 ├────────────────────┼─────────────┼─────────────┼──────────────────────────────────────────────────────────────────┤
 | 0x0000000000000341 | 10          | 9           | 0 0 0 0 0 0 0 0 0 1 1 0 0 0 0 0 0 0 0 0 0 0 0 0 0 0 0 0 0 0 0 0  |
 ├────────────────────┼─────────────┼─────────────┼──────────────────────────────────────────────────────────────────┤
 | 0x00000000000002e5 | 14          | 13          | 0 0 0 0 0 0 0 0 0 0 0 0 0 1 1 0 0 0 0 0 0 0 0 0 0 0 0 0 0 0 0 0  |
 ├────────────────────┼─────────────┼─────────────┼──────────────────────────────────────────────────────────────────┤
 | 0x0000000000008cce | 5           | 6           | 0 0 0 0 1 1 1 0 0 0 0 0 0 0 0 0 0 0 0 0 0 0 0 0 0 0 0 0 0 0 0 0  |
 ├────────────────────┼─────────────┼─────────────┼──────────────────────────────────────────────────────────────────┤
 | 0x0000000000008db8 | 0           | 2           | 1 1 1 1 1 1 1 1 1 1 1 1 1 1 1 0 0 0 0 0 0 0 0 0 0 0 0 0 0 0 0 0  |
 ├────────────────────┼─────────────┼─────────────┼──────────────────────────────────────────────────────────────────┤
 | 0x0000000000000a21 | 31          | 28          | 0 1 1 0 1 1 0 1 1 0 1 1 0 1 1 0 1 1 0 1 1 0 1 1 0 1 1 0 1 1 0 1  |
 ├────────────────────┼─────────────┼─────────────┼──────────────────────────────────────────────────────────────────┤
 | 0x0000000000008de7 | 2           | 1           | 0 1 1 0 0 0 0 0 0 0 0 0 0 0 0 1 1 0 0 0 0 0 0 0 0 0 0 0 0 0 0 0  |
 ├────────────────────┼─────────────┼─────────────┼──────────────────────────────────────────────────────────────────┤
 | 0x000000000000612c | 18          | 17          | 0 0 0 0 0 0 0 0 0 0 0 0 0 0 0 0 1 1 1 0 0 0 0 0 0 0 0 0 0 0 0 0  |
 ├────────────────────┼─────────────┼─────────────┼──────────────────────────────────────────────────────────────────┤
 | 0x00000000000002fe | 15          | 16          | 0 0 0 0 0 0 0 0 0 0 0 0 0 0 0 1 1 0 0 0 0 0 0 0 0 0 0 0 0 0 0 0  |
 ├────────────────────┼─────────────┼─────────────┼──────────────────────────────────────────────────────────────────┤
 | 0x0000000000000a3a | 31          | 30          | 0 0 0 0 0 0 0 0 0 0 0 0 0 0 0 0 0 0 0 1 1 1 1 1 0 1 1 1 1 1 1 1  |
 ├────────────────────┼─────────────┼─────────────┼──────────────────────────────────────────────────────────────────┤
 | 0x0000000000000a0c | 31          | 29          | 1 1 1 1 1 1 1 1 1 1 1 1 0 1 1 1 1 1 1 1 1 1 1 1 1 0 1 1 1 1 1 1  |
 ├────────────────────┼─────────────┼─────────────┼──────────────────────────────────────────────────────────────────┤
 | 0x0000000000008e06 | 2           | 1           | 0 1 1 0 0 0 0 0 0 0 0 0 0 0 0 0 0 0 0 0 0 0 0 0 0 0 0 0 0 0 0 0  |
 ├────────────────────┼─────────────┼─────────────┼──────────────────────────────────────────────────────────────────┤
 | 0x0000000000008d99 | 0           | 2           | 1 1 1 1 1 1 1 1 1 0 0 0 0 0 0 0 0 0 0 0 0 0 0 0 0 0 0 0 0 0 0 0  |
 ├────────────────────┼─────────────┼─────────────┼──────────────────────────────────────────────────────────────────┤
 | 0x0000000000000a41 | 29          | 30          | 1 0 1 1 0 1 1 0 1 1 0 1 1 0 1 1 0 1 1 0 1 1 0 1 1 0 1 1 0 1 1 0  |
 ├────────────────────┼─────────────┼─────────────┼──────────────────────────────────────────────────────────────────┤
 | 0x0000000000008dd8 | 2           | 1           | 0 1 1 0 0 0 0 0 0 1 1 0 0 0 0 0 0 0 0 0 0 0 0 1 1 1 1 0 0 0 0 0  |
 ├────────────────────┼─────────────┼─────────────┼──────────────────────────────────────────────────────────────────┤
 | 0x0000000000000347 | 2           | 1           | 0 1 1 0 0 0 0 0 0 0 0 0 0 0 0 0 0 0 0 0 0 0 0 0 0 0 0 0 0 0 0 0  |
 ├────────────────────┼─────────────┼─────────────┼──────────────────────────────────────────────────────────────────┤
 | 0x0000000000000a40 | 31          | 28          | 0 1 1 0 1 1 0 1 1 0 1 1 0 1 1 0 1 1 0 1 1 0 1 1 0 1 1 0 1 1 0 1  |
 ├────────────────────┼─────────────┼─────────────┼──────────────────────────────────────────────────────────────────┤
 | 0x0000000000008e02 | 2           | 1           | 0 1 1 0 0 0 0 0 0 0 0 0 0 0 0 0 0 0 0 0 0 0 0 0 0 0 0 0 0 0 0 0  |
 ├────────────────────┼─────────────┼─────────────┼──────────────────────────────────────────────────────────────────┤
 | 0x0000000000000a49 | 30          | 31          | 0 0 0 0 0 0 0 0 0 0 0 0 0 0 0 0 0 0 0 0 0 1 1 0 1 1 0 1 1 0 1 1  |
 ├────────────────────┼─────────────┼─────────────┼──────────────────────────────────────────────────────────────────┤
 | 0x00000000000002e1 | 21          | 22          | 0 0 0 0 0 0 0 0 0 0 0 0 0 0 0 0 0 0 0 0 1 1 1 0 0 1 1 0 0 0 0 0  |
 ├────────────────────┼─────────────┼─────────────┼──────────────────────────────────────────────────────────────────┤
 | 0x0000000000000319 | 10          | 9           | 0 0 0 0 0 0 0 0 1 1 1 0 0 0 0 0 0 0 0 0 0 0 0 0 0 0 0 0 0 0 0 0  |
 ├────────────────────┼─────────────┼─────────────┼──────────────────────────────────────────────────────────────────┤
 | 0x00000000000073d7 | 14          | 13          | 0 0 0 0 0 0 0 0 0 0 0 0 1 1 1 0 0 0 0 0 0 0 0 0 0 0 0 0 0 0 0 0  |
 ├────────────────────┼─────────────┼─────────────┼──────────────────────────────────────────────────────────────────┤
 | 0x0000000000000a3b | 30          | 29          | 1 1 1 1 1 0 1 1 1 1 1 1 1 1 1 1 1 1 0 1 1 1 1 1 1 1 1 1 1 1 1 0  |
 ├────────────────────┼─────────────┼─────────────┼──────────────────────────────────────────────────────────────────┤
 | 0x0000000000004f71 | 16          | 15          | 0 0 0 0 0 0 0 0 0 0 0 0 0 0 0 1 1 0 0 0 0 0 0 0 0 0 0 0 0 0 0 0  |
 ├────────────────────┼─────────────┼─────────────┼──────────────────────────────────────────────────────────────────┤
 | 0x000000000000033e | 14          | 13          | 0 0 0 0 0 0 0 0 0 0 0 0 0 1 1 0 0 0 0 0 0 0 0 0 0 0 0 0 0 0 0 0  |
 ├────────────────────┼─────────────┼─────────────┼──────────────────────────────────────────────────────────────────┤
 | 0x0000000000008de0 | 0           | 2           | 1 1 1 1 1 1 1 0 0 1 1 1 1 1 1 1 1 1 1 1 1 1 1 1 1 1 1 1 1 0 0 0  |
 ├────────────────────┼─────────────┼─────────────┼──────────────────────────────────────────────────────────────────┤
 | 0x00000000000002e4 | 2           | 1           | 1 1 1 0 0 0 0 0 0 0 0 0 0 0 0 1 1 0 0 0 0 0 0 0 0 0 0 0 0 0 0 0  |
 ├────────────────────┼─────────────┼─────────────┼──────────────────────────────────────────────────────────────────┤
 | 0x000000000000892e | 28          | 27          | 0 0 0 0 0 0 0 0 0 0 0 0 0 0 0 0 0 0 0 0 0 0 0 0 0 0 0 1 1 0 0 0  |
 ├────────────────────┼─────────────┼─────────────┼──────────────────────────────────────────────────────────────────┤
 | 0x0000000000008d98 | 28          | 27          | 0 0 0 0 0 0 0 0 0 0 0 0 0 0 0 0 0 0 0 0 0 0 0 0 0 0 1 1 1 1 1 1  |
 ├────────────────────┼─────────────┼─────────────┼──────────────────────────────────────────────────────────────────┤
 | 0x0000000000008b20 | 24          | 23          | 0 0 0 0 0 0 0 0 0 0 0 0 0 0 0 0 0 0 0 0 0 0 0 1 1 1 1 0 0 0 0 0  |
 ├────────────────────┼─────────────┼─────────────┼──────────────────────────────────────────────────────────────────┤
 | 0x0000000000008dd9 | 2           | 1           | 0 1 1 0 0 0 0 1 1 1 1 1 1 0 0 1 1 1 1 0 0 0 0 1 1 1 1 1 1 0 0 0  |
 ├────────────────────┼─────────────┼─────────────┼──────────────────────────────────────────────────────────────────┤
 | 0x00000000000086ff | 8           | 7           | 0 0 0 0 0 0 1 1 1 0 0 0 0 0 0 0 0 0 0 0 0 0 0 0 0 0 0 0 0 0 0 0  |
 └────────────────────┴─────────────┴─────────────┴──────────────────────────────────────────────────────────────────┘
Accumulation table end
Offset pattern table begin
 ┌────────────────────┬─────────────┬──────────────────────────────────────────────────────────────────────────────────────────────────┐
 | Key                | Second      | Pattern                                                                                          |
 ├────────────────────┼─────────────┼──────────────────────────────────────────────────────────────────────────────────────────────────┤
 | 0x0000000000000000 | 2           | 30 23 24 17 19 18 19 18 18 20 20 18 20 19 19 17 19 21 21 9 10 13 13 12 12 14 15 12 13 17 17 12   |
 ├────────────────────┼─────────────┼──────────────────────────────────────────────────────────────────────────────────────────────────┤
 | 0x0000000000000001 | 2           | 29 29 24 7 9 5 6 8 8 8 11 6 5 6 7 8 11 9 8 5 4 4 6 5 5 7 7 4 6 5 5 7                             |
 ├────────────────────┼─────────────┼──────────────────────────────────────────────────────────────────────────────────────────────────┤
 | 0x0000000000000002 | 1           | 25 24 25 5 5 5 6 5 6 9 10 5 5 8 9 13 14 11 11 3 4 5 5 5 5 5 5 6 6 6 6 9                          |
 ├────────────────────┼─────────────┼──────────────────────────────────────────────────────────────────────────────────────────────────┤
 | 0x0000000000000003 | 4           | 27 3 21 27 19 9 10 3 8 8 3 8 9 3 7 9 3 7 9 2 7 6 1 5 6 1 6 7 1 5 7 2                             |
 ├────────────────────┼─────────────┼──────────────────────────────────────────────────────────────────────────────────────────────────┤
 | 0x0000000000000004 | 5           | 25 0 10 24 25 8 9 7 7 4 5 5 6 3 4 6 6 1 2 4 4 4 4 2 2 3 3 1 1 2 2 2                              |
 ├────────────────────┼─────────────┼──────────────────────────────────────────────────────────────────────────────────────────────────┤
 | 0x0000000000000005 | 4           | 16 0 5 4 8 16 15 1 5 3 1 4 3 1 4 4 1 4 3 1 4 3 0 4 3 1 4 3 0 4 3 0                               |
 ├────────────────────┼─────────────┼──────────────────────────────────────────────────────────────────────────────────────────────────┤
 | 0x0000000000000006 | 5           | 27 1 1 4 10 25 27 7 6 4 4 1 1 3 3 4 4 4 5 1 1 2 3 1 1 1 1 1 0 1 2 2                              |
 ├────────────────────┼─────────────┼──────────────────────────────────────────────────────────────────────────────────────────────────┤
 | 0x0000000000000007 | 6           | 30 10 5 9 12 5 18 30 23 11 15 5 9 12 3 8 12 5 8 10 5 8 12 5 8 12 4 6 10 3 6 10                   |
 ├────────────────────┼─────────────┼──────────────────────────────────────────────────────────────────────────────────────────────────┤
 | 0x0000000000000008 | 7           | 23 0 1 2 2 0 9 22 23 8 7 2 2 2 2 3 2 0 1 0 0 1 1 0 0 1 1 1 2 1 1 2                               |
 ├────────────────────┼─────────────┼──────────────────────────────────────────────────────────────────────────────────────────────────┤
 | 0x0000000000000009 | 8           | 28 15 5 21 16 5 21 16 10 28 21 6 21 14 5 19 14 5 19 14 5 19 14 5 19 14 5 19 14 5 19 14           |
 ├────────────────────┼─────────────┼──────────────────────────────────────────────────────────────────────────────────────────────────┤
 | 0x000000000000000a | 9           | 17 0 2 2 3 1 4 5 8 16 17 5 6 5 5 4 4 3 3 2 2 1 2 2 1 2 2 2 2 1 1 1                               |
 ├────────────────────┼─────────────┼──────────────────────────────────────────────────────────────────────────────────────────────────┤
 | 0x000000000000000b | 12          | 30 4 19 15 4 20 15 4 19 15 8 30 25 5 20 15 4 19 15 4 19 15 4 19 15 4 19 15 4 19 15 4             |
 ├────────────────────┼─────────────┼──────────────────────────────────────────────────────────────────────────────────────────────────┤
 | 0x000000000000000c | 11          | 18 1 0 2 2 2 3 1 0 1 8 16 18 7 6 4 4 3 4 1 0 2 1 0 2 1 0 1 1 0 1 1                               |
 ├────────────────────┼─────────────┼──────────────────────────────────────────────────────────────────────────────────────────────────┤
 | 0x000000000000000d | 12          | 27 26 14 12 26 14 12 26 14 12 25 14 13 27 14 12 26 14 12 26 13 12 26 13 12 26 14 12 26 14 12 26  |
 ├────────────────────┼─────────────┼──────────────────────────────────────────────────────────────────────────────────────────────────┤
 | 0x000000000000000e | 15          | 29 0 1 2 2 1 1 0 0 0 3 5 10 28 29 7 8 7 7 3 3 3 3 3 3 3 4 2 1 3 3 1                              |
 ├────────────────────┼─────────────┼──────────────────────────────────────────────────────────────────────────────────────────────────┤
 | 0x000000000000000f | 14          | 17 9 4 13 9 4 13 9 4 13 9 4 13 9 7 17 12 4 13 9 4 13 9 4 13 8 4 13 9 4 13 9                      |
 ├────────────────────┼─────────────┼──────────────────────────────────────────────────────────────────────────────────────────────────┤
 | 0x0000000000000010 | 15          | 28 1 2 1 1 2 2 0 0 0 1 2 2 2 12 27 28 7 7 4 3 2 3 2 2 4 3 1 2 2 2 2                              |
 ├────────────────────┼─────────────┼──────────────────────────────────────────────────────────────────────────────────────────────────┤
 | 0x0000000000000011 | 16          | 18 7 17 10 7 17 10 7 17 10 7 17 10 7 17 10 7 18 10 7 17 10 7 17 10 7 17 10 7 17 10 7             |
 ├────────────────────┼─────────────┼──────────────────────────────────────────────────────────────────────────────────────────────────┤
 | 0x0000000000000012 | 17          | 17 0 2 3 3 0 1 0 0 0 3 3 3 1 3 4 9 15 17 6 5 5 4 4 4 2 2 1 1 2 2 1                               |
 ├────────────────────┼─────────────┼──────────────────────────────────────────────────────────────────────────────────────────────────┤
 | 0x0000000000000013 | 18          | 28 19 15 5 19 16 6 19 16 6 19 16 6 19 16 5 18 16 12 28 24 7 21 17 7 20 17 7 19 16 7 20           |
 ├────────────────────┼─────────────┼──────────────────────────────────────────────────────────────────────────────────────────────────┤
 | 0x0000000000000014 | 22          | 22 0 0 0 0 0 0 0 0 0 0 0 0 0 0 0 0 0 8 18 22 9 8 3 3 4 5 2 2 2 2 1                               |
 ├────────────────────┼─────────────┼──────────────────────────────────────────────────────────────────────────────────────────────────┤
 | 0x0000000000000015 | 20          | 17 4 2 5 4 2 5 4 2 5 4 2 5 4 2 5 4 2 5 4 13 17 15 2 5 13 11 5 4 2 5 4                            |
 ├────────────────────┼─────────────┼──────────────────────────────────────────────────────────────────────────────────────────────────┤
 | 0x0000000000000016 | 21          | 20 0 0 0 0 0 0 0 0 0 0 0 0 0 0 0 0 0 1 2 12 19 20 3 3 10 10 1 1 1 1 1                            |
 ├────────────────────┼─────────────┼──────────────────────────────────────────────────────────────────────────────────────────────────┤
 | 0x0000000000000017 | 24          | 31 11 29 21 13 29 20 13 28 22 13 28 22 13 26 22 12 28 22 12 29 23 15 31 24 14 29 21 14 28 23 14  |
 ├────────────────────┼─────────────┼──────────────────────────────────────────────────────────────────────────────────────────────────┤
 | 0x0000000000000018 | 23          | 26 1 1 2 1 1 2 1 1 2 1 1 2 1 1 2 1 1 4 4 4 3 11 24 26 10 10 8 7 4 5 4                            |
 ├────────────────────┼─────────────┼──────────────────────────────────────────────────────────────────────────────────────────────────┤
 | 0x0000000000000019 | 26          | 31 29 22 9 29 22 11 29 22 11 29 21 11 28 22 11 27 22 11 29 22 11 29 22 10 31 23 11 29 20 11 29   |
 ├────────────────────┼─────────────┼──────────────────────────────────────────────────────────────────────────────────────────────────┤
 | 0x000000000000001a | 25          | 25 1 2 2 1 2 2 1 2 2 1 2 2 1 2 2 1 2 5 5 6 2 5 8 11 23 25 10 9 8 8 7                             |
 ├────────────────────┼─────────────┼──────────────────────────────────────────────────────────────────────────────────────────────────┤
 | 0x000000000000001b | 26          | 20 15 11 19 15 8 19 15 10 19 15 11 18 15 11 19 15 11 16 15 11 18 15 11 19 14 11 20 15 11 19 12   |
 ├────────────────────┼─────────────┼──────────────────────────────────────────────────────────────────────────────────────────────────┤
 | 0x000000000000001c | 27          | 27 7 7 2 8 7 3 8 7 3 8 6 3 8 7 3 7 7 4 10 9 4 9 7 2 8 19 22 27 14 12 15                          |
 ├────────────────────┼─────────────┼──────────────────────────────────────────────────────────────────────────────────────────────────┤
 | 0x000000000000001d | 30          | 24 0 23 23 0 23 23 0 23 23 0 23 23 0 23 23 0 23 23 0 23 23 0 23 23 0 23 23 0 24 23 0             |
 ├────────────────────┼─────────────┼──────────────────────────────────────────────────────────────────────────────────────────────────┤
 | 0x000000000000001e | 29          | 20 15 5 14 15 4 15 15 4 15 15 5 15 13 5 15 14 5 14 15 5 14 15 5 15 15 3 16 18 8 20 16            |
 ├────────────────────┼─────────────┼──────────────────────────────────────────────────────────────────────────────────────────────────┤
 | 0x000000000000001f | 27          | 23 19 19 11 19 20 9 19 20 10 19 19 10 20 18 10 20 19 11 19 19 11 19 19 10 19 20 10 20 20 11 23   |
 └────────────────────┴─────────────┴──────────────────────────────────────────────────────────────────────────────────────────────────┘
Offset pattern table end
PC pattern table begin
 ┌────────────────────┬─────────────┬──────────────────────────────────────────────────┐
 | Key                | Second      | Pattern                                          |
 ├────────────────────┼─────────────┼──────────────────────────────────────────────────┤
 | 0x0000000000000000 | 15          | 28 0 0 0 0 0 0 28 28 0 0 0 0 0 0 0               |
 ├────────────────────┼─────────────┼──────────────────────────────────────────────────┤
 | 0x0000000000000003 | 29          | 20 19 19 19 19 19 19 19 19 19 19 19 19 19 19 19  |
 ├────────────────────┼─────────────┼──────────────────────────────────────────────────┤
 | 0x0000000000000008 | 3           | 25 5 6 6 7 5 4 4 3 3 3 4 3 3 3 2                 |
 ├────────────────────┼─────────────┼──────────────────────────────────────────────────┤
 | 0x000000000000000b | 22          | 26 0 3 3 2 3 3 3 1 5 6 2 3 6 6 3                 |
 ├────────────────────┼─────────────┼──────────────────────────────────────────────────┤
 | 0x000000000000000f | 25          | 24 1 0 0 0 0 0 1 1 0 21 22 20 21 0 0             |
 ├────────────────────┼─────────────┼──────────────────────────────────────────────────┤
 | 0x0000000000000010 | 12          | 19 0 0 1 1 3 6 5 2 0 2 2 3 4 5 3                 |
 ├────────────────────┼─────────────┼──────────────────────────────────────────────────┤
 | 0x0000000000000011 | 7           | 24 8 7 9 9 8 9 11 11 9 7 8 8 9 10 10             |
 ├────────────────────┼─────────────┼──────────────────────────────────────────────────┤
 | 0x0000000000000012 | 8           | 16 5 5 5 5 5 5 6 6 5 14 14 14 14 5 5             |
 ├────────────────────┼─────────────┼──────────────────────────────────────────────────┤
 | 0x0000000000000014 | 15          | 4 0 0 0 0 0 0 4 4 0 0 0 0 0 0 0                  |
 ├────────────────────┼─────────────┼──────────────────────────────────────────────────┤
 | 0x0000000000000017 | 30          | 28 27 27 27 27 27 27 27 27 27 27 27 27 27 27 27  |
 ├────────────────────┼─────────────┼──────────────────────────────────────────────────┤
 | 0x0000000000000019 | 29          | 20 0 1 1 1 2 1 2 2 6 12 8 3 2 1 1                |
 ├────────────────────┼─────────────┼──────────────────────────────────────────────────┤
 | 0x000000000000001b | 2           | 19 18 18 18 18 18 18 18 18 18 18 18 18 18 18 18  |
 ├────────────────────┼─────────────┼──────────────────────────────────────────────────┤
 | 0x000000000000001c | 27          | 29 0 0 1 1 0 0 0 0 8 10 4 1 13 13 28             |
 ├────────────────────┼─────────────┼──────────────────────────────────────────────────┤
 | 0x000000000000001e | 9           | 19 18 18 17 15 14 12 10 10 9 7 7 6 5 3 2         |
 ├────────────────────┼─────────────┼──────────────────────────────────────────────────┤
 | 0x000000000000001f | 9           | 26 25 25 25 25 25 25 25 25 25 25 25 25 25 25 25  |
 └────────────────────┴─────────────┴──────────────────────────────────────────────────┘
PC pattern table end
Prefetch buffer begin
 ┌────────────────────┬──────────────────────────────────────────────────────────────────┐
 | Region             | Pattern                                                          |
 ├────────────────────┼──────────────────────────────────────────────────────────────────┤
 | 0x0000000000008deb | 2 2 2 2 2 2 2 2 2 2 2 2 2 2 2 2 2 2 2 2 2 2 2 0 0 0 0 0 0 0 0 0  |
 ├────────────────────┼──────────────────────────────────────────────────────────────────┤
 | 0x0000000000008cef | 2 2 2 2 2 2 2 2 2 2 2 2 2 2 2 2 2 2 2 2 2 2 2 2 2 2 2 0 0 0 0 0  |
 ├────────────────────┼──────────────────────────────────────────────────────────────────┤
 | 0x0000000000008e06 | 0 0 0 0 0 0 0 0 0 2 2 2 2 2 2 2 2 2 2 2 2 2 2 2 2 2 2 2 2 2 2 2  |
 ├────────────────────┼──────────────────────────────────────────────────────────────────┤
 | 0x0000000000008d22 | 2 2 2 0 0 0 0 0 0 0 0 0 0 0 0 0 0 0 0 0 0 0 0 0 0 0 0 0 0 0 2 2  |
 ├────────────────────┼──────────────────────────────────────────────────────────────────┤
 | 0x0000000000008ce0 | 0 0 0 0 0 0 0 0 0 0 0 0 0 0 0 0 0 0 0 0 0 0 0 0 0 0 0 2 2 2 2 2  |
 ├────────────────────┼──────────────────────────────────────────────────────────────────┤
 | 0x0000000000008c29 | 2 2 2 2 2 0 0 0 0 0 0 0 0 0 0 0 0 0 0 0 0 0 0 0 0 0 0 0 0 0 0 0  |
 ├────────────────────┼──────────────────────────────────────────────────────────────────┤
 | 0x0000000000008cfe | 2 2 2 2 2 2 2 2 2 2 2 2 2 2 0 0 0 0 0 0 0 0 0 2 2 2 2 2 2 2 2 2  |
 ├────────────────────┼──────────────────────────────────────────────────────────────────┤
 | 0x0000000000008d55 | 0 0 0 0 0 0 0 0 0 2 2 2 2 2 2 2 2 2 2 2 2 2 2 2 2 2 2 2 2 2 2 2  |
 ├────────────────────┼──────────────────────────────────────────────────────────────────┤
 | 0x0000000000008c93 | 2 2 2 2 2 2 2 2 2 2 2 2 2 2 2 0 0 0 0 0 0 0 0 0 0 0 0 0 0 0 0 0  |
 ├────────────────────┼──────────────────────────────────────────────────────────────────┤
 | 0x0000000000008cd8 | 2 2 2 2 2 2 2 2 2 2 0 0 0 0 0 0 0 0 0 0 0 0 2 2 2 2 2 2 2 2 2 2  |
 ├────────────────────┼──────────────────────────────────────────────────────────────────┤
 | 0x0000000000008cff | 2 2 2 2 2 2 2 2 2 2 2 2 2 2 0 0 0 0 0 0 0 0 0 2 2 2 2 2 2 2 2 2  |
 ├────────────────────┼──────────────────────────────────────────────────────────────────┤
 | 0x0000000000008cbe | 2 2 0 0 0 0 0 0 0 0 0 0 0 0 0 0 0 0 0 0 0 0 0 0 0 0 0 0 0 0 0 0  |
 ├────────────────────┼──────────────────────────────────────────────────────────────────┤
 | 0x0000000000008d23 | 0 0 0 0 0 0 0 0 0 0 0 0 0 0 0 0 0 0 0 0 0 0 0 0 0 2 2 2 2 2 2 2  |
 ├────────────────────┼──────────────────────────────────────────────────────────────────┤
 | 0x0000000000008d54 | 2 2 2 2 2 2 2 2 2 2 2 2 2 2 2 2 2 2 2 2 2 2 2 2 2 2 2 2 2 2 1 0  |
 ├────────────────────┼──────────────────────────────────────────────────────────────────┤
 | 0x0000000000008e02 | 0 0 0 0 0 0 0 0 0 2 2 2 2 2 2 2 2 2 2 2 2 2 2 2 2 2 2 2 2 2 2 2  |
 ├────────────────────┼──────────────────────────────────────────────────────────────────┤
 | 0x0000000000008d8f | 0 0 0 0 0 0 0 0 0 0 0 0 0 0 0 0 0 0 0 0 0 0 0 0 0 0 2 2 2 2 2 2  |
 ├────────────────────┼──────────────────────────────────────────────────────────────────┤
 | 0x0000000000008d61 | 0 0 0 0 0 0 0 0 0 0 0 0 0 0 0 0 0 2 2 2 2 2 2 2 2 2 2 2 2 2 2 2  |
 ├────────────────────┼──────────────────────────────────────────────────────────────────┤
 | 0x0000000000008d7f | 1 2 2 2 2 0 0 0 0 0 0 0 0 0 0 0 0 0 0 0 0 0 0 0 0 0 0 0 0 0 0 0  |
 ├────────────────────┼──────────────────────────────────────────────────────────────────┤
 | 0x0000000000008de6 | 0 0 0 0 0 0 0 0 0 2 2 2 2 2 2 2 2 2 2 2 2 2 2 2 2 2 2 2 2 0 0 2  |
 ├────────────────────┼──────────────────────────────────────────────────────────────────┤
 | 0x0000000000008dbc | 0 0 0 0 0 0 0 0 0 2 2 2 2 2 2 2 2 2 2 2 2 2 2 2 2 2 2 2 2 2 0 0  |
 ├────────────────────┼──────────────────────────────────────────────────────────────────┤
 | 0x0000000000008903 | 2 2 2 2 2 2 2 0 0 0 0 0 0 0 0 0 0 0 0 0 0 0 0 0 0 0 0 0 0 0 0 0  |
 ├────────────────────┼──────────────────────────────────────────────────────────────────┤
 | 0x0000000000008d8e | 0 0 0 0 0 0 0 0 0 2 2 2 2 2 2 2 2 0 0 2 2 2 2 2 2 2 2 2 2 2 2 2  |
 ├────────────────────┼──────────────────────────────────────────────────────────────────┤
 | 0x0000000000008d3a | 2 0 0 0 0 0 0 0 0 0 0 0 0 0 0 0 0 0 0 0 0 0 0 0 0 0 0 0 0 0 0 0  |
 ├────────────────────┼──────────────────────────────────────────────────────────────────┤
 | 0x0000000000008dbd | 0 0 2 2 2 2 0 0 0 0 0 0 0 0 0 2 2 2 2 2 2 2 2 2 2 2 2 2 2 2 2 2  |
 ├────────────────────┼──────────────────────────────────────────────────────────────────┤
 | 0x0000000000008de7 | 0 0 0 0 0 0 0 0 0 2 2 2 2 0 0 0 0 0 0 0 0 2 2 2 2 2 2 2 2 2 2 2  |
 ├────────────────────┼──────────────────────────────────────────────────────────────────┤
 | 0x0000000000008da9 | 2 2 2 2 2 2 0 0 0 0 0 2 2 2 2 2 2 2 2 2 2 2 2 2 2 2 2 2 2 2 2 2  |
 ├────────────────────┼──────────────────────────────────────────────────────────────────┤
 | 0x0000000000008d60 | 2 2 0 0 0 0 0 0 0 0 0 2 2 0 0 2 2 2 2 2 2 2 2 2 2 2 2 2 2 2 2 2  |
 └────────────────────┴──────────────────────────────────────────────────────────────────┘
Prefetch buffer end
Filter by PPT: 0
Prefetch Request to L1: 235172, Prefetch Request to L2: 1695011
Invalid by Eviction: 78226
Invalid by Max: 41520
Final L1D Threshold: 0.901
Final Demand Reserve: 25.0%

╔═══════════════════════════════════════╗
║       CLIP Filter Statistics         ║
╚═══════════════════════════════════════╝
[CLIP CPU0 Stats]
  Total candidates:        1022344
  Prefetches issued:       465691 (45.6%)
  Dropped (not critical):  556653 (54.5%)
  Dropped (low accuracy):  0 (0.0%)
  Critical loads detected: 73834285
  Phase changes:           0

Filter table begin
 ┌────────────────────┬─────────────┐
 | Region             | Offset      |
 ├────────────────────┼─────────────┤
 | 0x0000000000000291 | 1           |
 ├────────────────────┼─────────────┤
 | 0x0000000000000329 | 11          |
 ├────────────────────┼─────────────┤
 | 0x00000000000064e2 | 31          |
 ├────────────────────┼─────────────┤
 | 0x0000000000008dc2 | 0           |
 ├────────────────────┼─────────────┤
 | 0x000000000000622c | 31          |
 ├────────────────────┼─────────────┤
 | 0x0000000000000342 | 31          |
 ├────────────────────┼─────────────┤
 | 0x0000000000000343 | 0           |
 ├────────────────────┼─────────────┤
 | 0x0000000000007894 | 31          |
 └────────────────────┴─────────────┘
Filter table end
Accumulation table begin
 ┌────────────────────┬─────────────┬─────────────┬──────────────────────────────────────────────────────────────────┐
 | Region             | Offset      | Second      | Pattern                                                          |
 ├────────────────────┼─────────────┼─────────────┼──────────────────────────────────────────────────────────────────┤
 | 0x0000000000008abc | 24          | 23          | 0 0 0 0 0 0 0 0 0 0 0 0 0 0 0 0 0 0 0 0 0 0 1 1 1 1 1 0 0 0 0 0  |
 ├────────────────────┼─────────────┼─────────────┼──────────────────────────────────────────────────────────────────┤
 | 0x000000000000030c | 16          | 15          | 0 0 0 0 0 0 0 0 0 0 0 0 0 0 0 1 1 0 0 0 0 0 0 0 0 0 0 0 0 0 0 0  |
 ├────────────────────┼─────────────┼─────────────┼──────────────────────────────────────────────────────────────────┤
 | 0x0000000000008ddd | 6           | 5           | 0 0 0 0 0 1 1 0 0 0 0 0 0 0 0 1 1 0 0 0 0 0 0 0 0 0 0 0 0 0 0 0  |
 ├────────────────────┼─────────────┼─────────────┼──────────────────────────────────────────────────────────────────┤
 | 0x0000000000007471 | 12          | 11          | 0 0 0 0 0 0 0 0 0 0 0 1 1 0 0 0 0 0 0 0 0 0 0 0 0 0 0 0 0 0 0 0  |
 ├────────────────────┼─────────────┼─────────────┼──────────────────────────────────────────────────────────────────┤
 | 0x00000000000008a7 | 30          | 31          | 1 1 0 1 1 0 1 1 0 1 1 0 1 1 0 1 1 0 1 1 0 1 1 0 1 1 0 1 1 0 1 1  |
 ├────────────────────┼─────────────┼─────────────┼──────────────────────────────────────────────────────────────────┤
 | 0x0000000000000324 | 16          | 15          | 1 1 1 0 0 0 0 0 0 0 0 0 0 0 0 1 1 0 0 0 0 0 0 0 0 0 0 0 0 0 0 0  |
 ├────────────────────┼─────────────┼─────────────┼──────────────────────────────────────────────────────────────────┤
 | 0x0000000000008dc6 | 0           | 2           | 1 1 1 0 0 0 0 0 0 0 0 1 1 0 0 1 1 1 1 0 0 0 0 0 0 0 1 1 1 1 1 1  |
 ├────────────────────┼─────────────┼─────────────┼──────────────────────────────────────────────────────────────────┤
 | 0x0000000000000339 | 10          | 9           | 0 0 0 0 0 0 0 0 1 1 1 0 0 0 0 0 0 0 0 0 0 0 0 0 0 0 0 0 0 0 0 0  |
 ├────────────────────┼─────────────┼─────────────┼──────────────────────────────────────────────────────────────────┤
 | 0x0000000000000359 | 10          | 9           | 0 0 0 0 0 0 0 0 0 1 1 0 0 0 0 0 0 0 0 0 0 0 0 0 0 0 0 0 0 0 0 0  |
 ├────────────────────┼─────────────┼─────────────┼──────────────────────────────────────────────────────────────────┤
 | 0x00000000000008ce | 31          | 29          | 0 0 0 0 0 0 0 0 0 0 0 0 0 0 0 0 0 0 0 0 0 0 0 0 0 1 1 0 1 1 0 1  |
 ├────────────────────┼─────────────┼─────────────┼──────────────────────────────────────────────────────────────────┤
 | 0x00000000000008b6 | 30          | 31          | 1 1 0 1 1 0 1 1 0 1 1 0 1 1 0 1 1 0 1 1 0 1 1 0 1 1 0 1 1 0 1 1  |
 ├────────────────────┼─────────────┼─────────────┼──────────────────────────────────────────────────────────────────┤
 | 0x00000000000008ae | 31          | 29          | 1 1 1 1 1 1 1 0 1 1 1 1 1 1 1 1 1 1 1 1 0 1 1 1 1 1 1 1 1 1 1 1  |
 ├────────────────────┼─────────────┼─────────────┼──────────────────────────────────────────────────────────────────┤
 | 0x0000000000008dcc | 14          | 13          | 0 0 0 0 0 0 0 0 0 0 0 0 0 1 1 0 0 1 1 0 0 0 0 0 0 0 0 0 0 0 0 0  |
 ├────────────────────┼─────────────┼─────────────┼──────────────────────────────────────────────────────────────────┤
 | 0x0000000000008a83 | 31          | 30          | 0 0 0 0 0 0 0 0 0 0 0 0 0 0 0 0 0 0 0 0 0 0 0 0 0 0 0 0 0 0 1 1  |
 ├────────────────────┼─────────────┼─────────────┼──────────────────────────────────────────────────────────────────┤
 | 0x0000000000004f61 | 16          | 15          | 0 0 0 0 0 0 0 0 0 0 0 0 0 0 1 1 1 0 0 0 0 0 0 0 0 0 0 0 0 0 0 0  |
 ├────────────────────┼─────────────┼─────────────┼──────────────────────────────────────────────────────────────────┤
 | 0x00000000000087d1 | 6           | 5           | 0 0 0 0 1 1 1 0 0 0 0 0 0 0 0 0 0 0 0 0 0 0 0 0 0 0 0 0 0 0 0 0  |
 ├────────────────────┼─────────────┼─────────────┼──────────────────────────────────────────────────────────────────┤
 | 0x0000000000000352 | 14          | 13          | 0 0 0 0 0 0 0 0 0 0 0 0 0 1 1 0 0 0 0 0 0 0 0 0 0 0 0 0 0 0 0 0  |
 ├────────────────────┼─────────────┼─────────────┼──────────────────────────────────────────────────────────────────┤
 | 0x0000000000008df8 | 0           | 2           | 1 1 1 1 1 1 1 0 0 0 0 0 0 0 0 0 0 0 0 0 0 0 0 0 0 0 0 0 0 0 0 0  |
 ├────────────────────┼─────────────┼─────────────┼──────────────────────────────────────────────────────────────────┤
 | 0x00000000000008cf | 29          | 30          | 1 0 1 1 0 1 1 0 1 1 0 1 1 0 1 1 0 1 1 0 1 1 0 1 1 0 1 1 0 1 1 0  |
 ├────────────────────┼─────────────┼─────────────┼──────────────────────────────────────────────────────────────────┤
 | 0x0000000000008ddc | 4           | 3           | 0 0 0 1 1 0 0 1 1 1 1 0 0 0 0 1 1 0 0 0 0 0 0 0 0 0 0 0 0 0 0 0  |
 ├────────────────────┼─────────────┼─────────────┼──────────────────────────────────────────────────────────────────┤
 | 0x0000000000008d40 | 26          | 25          | 0 0 0 0 0 0 0 0 0 0 0 0 0 0 0 0 0 0 0 0 0 0 0 0 1 1 1 1 1 0 0 0  |
 ├────────────────────┼─────────────┼─────────────┼──────────────────────────────────────────────────────────────────┤
 | 0x00000000000008d7 | 30          | 31          | 0 0 0 0 0 0 0 0 0 0 0 0 0 0 1 0 1 1 1 1 1 1 1 1 1 1 0 1 1 1 1 1  |
 ├────────────────────┼─────────────┼─────────────┼──────────────────────────────────────────────────────────────────┤
 | 0x0000000000000325 | 14          | 13          | 0 0 0 0 0 0 0 0 0 0 0 0 0 1 1 0 0 0 0 0 0 0 0 0 0 0 0 0 0 0 0 0  |
 ├────────────────────┼─────────────┼─────────────┼──────────────────────────────────────────────────────────────────┤
 | 0x000000000000035b | 2           | 1           | 0 1 1 0 0 0 0 0 0 0 0 0 0 0 0 0 0 0 0 0 0 0 0 0 0 0 0 0 0 0 0 0  |
 ├────────────────────┼─────────────┼─────────────┼──────────────────────────────────────────────────────────────────┤
 | 0x0000000000008dc7 | 0           | 2           | 1 1 1 1 1 1 1 0 0 1 1 1 1 1 1 0 1 1 1 0 0 0 0 0 0 1 1 1 1 0 0 0  |
 ├────────────────────┼─────────────┼─────────────┼──────────────────────────────────────────────────────────────────┤
 | 0x0000000000006128 | 18          | 17          | 0 0 0 0 0 0 0 0 0 0 0 0 0 0 0 0 1 1 1 0 0 0 0 0 0 0 0 0 0 0 0 0  |
 ├────────────────────┼─────────────┼─────────────┼──────────────────────────────────────────────────────────────────┤
 | 0x0000000000008cb2 | 10          | 9           | 0 0 0 0 0 1 1 0 0 1 1 1 1 1 1 0 0 0 0 0 0 0 0 0 0 0 0 0 0 0 0 0  |
 ├────────────────────┼─────────────┼─────────────┼──────────────────────────────────────────────────────────────────┤
 | 0x0000000000008dd6 | 0           | 2           | 1 1 1 1 1 0 1 1 1 1 1 1 1 1 1 1 1 1 1 1 1 1 1 1 1 0 0 0 0 0 0 0  |
 ├────────────────────┼─────────────┼─────────────┼──────────────────────────────────────────────────────────────────┤
 | 0x0000000000000323 | 22          | 21          | 0 0 0 0 0 0 0 0 0 0 0 0 0 0 0 0 0 0 0 0 1 1 1 0 0 1 1 0 0 0 0 0  |
 ├────────────────────┼─────────────┼─────────────┼──────────────────────────────────────────────────────────────────┤
 | 0x00000000000008b7 | 31          | 29          | 0 1 1 0 1 1 0 1 1 0 1 1 0 1 1 0 1 1 0 1 1 0 1 1 0 1 1 0 1 1 0 1  |
 ├────────────────────┼─────────────┼─────────────┼──────────────────────────────────────────────────────────────────┤
 | 0x0000000000008d29 | 30          | 29          | 0 0 0 0 0 0 0 0 0 0 0 0 0 0 0 0 0 0 0 0 0 0 0 0 0 0 0 0 0 1 1 1  |
 ├────────────────────┼─────────────┼─────────────┼──────────────────────────────────────────────────────────────────┤
 | 0x0000000000008c81 | 0           | 2           | 1 1 1 1 1 1 1 1 1 0 0 0 0 0 0 0 0 0 0 0 0 0 0 0 0 0 0 0 0 0 0 0  |
 └────────────────────┴─────────────┴─────────────┴──────────────────────────────────────────────────────────────────┘
Accumulation table end
Offset pattern table begin
 ┌────────────────────┬─────────────┬──────────────────────────────────────────────────────────────────────────────────────────────────┐
 | Key                | Second      | Pattern                                                                                          |
 ├────────────────────┼─────────────┼──────────────────────────────────────────────────────────────────────────────────────────────────┤
 | 0x0000000000000000 | 5           | 20 17 17 13 14 15 16 11 12 14 15 12 13 14 14 14 14 13 13 6 7 10 10 9 10 10 11 7 8 11 11 10       |
 ├────────────────────┼─────────────┼──────────────────────────────────────────────────────────────────────────────────────────────────┤
 | 0x0000000000000001 | 2           | 16 16 12 2 5 3 2 4 4 3 6 3 1 4 4 3 5 4 3 3 2 0 3 2 1 3 3 0 3 3 1 3                               |
 ├────────────────────┼─────────────┼──────────────────────────────────────────────────────────────────────────────────────────────────┤
 | 0x0000000000000002 | 1           | 30 29 30 6 8 7 8 8 9 13 15 10 10 11 12 13 15 15 16 6 6 9 9 7 7 8 9 7 8 7 8 10                    |
 ├────────────────────┼─────────────┼──────────────────────────────────────────────────────────────────────────────────────────────────┤
 | 0x0000000000000003 | 2           | 23 4 13 23 18 4 6 4 4 6 4 3 6 3 2 6 4 3 6 2 3 6 3 3 6 3 3 5 2 2 5 2                              |
 ├────────────────────┼─────────────┼──────────────────────────────────────────────────────────────────────────────────────────────────┤
 | 0x0000000000000004 | 3           | 16 0 6 15 16 5 5 3 3 1 2 3 3 1 2 2 2 1 2 4 4 2 3 1 1 2 2 2 2 1 2 1                               |
 ├────────────────────┼─────────────┼──────────────────────────────────────────────────────────────────────────────────────────────────┤
 | 0x0000000000000005 | 6           | 22 0 6 6 7 22 21 1 4 4 1 4 4 0 3 3 0 3 3 0 3 3 0 3 3 0 3 3 0 3 3 0                               |
 ├────────────────────┼─────────────┼──────────────────────────────────────────────────────────────────────────────────────────────────┤
 | 0x0000000000000006 | 5           | 19 0 2 4 6 18 19 5 5 6 6 2 3 3 2 3 2 5 5 1 0 2 2 1 2 2 1 1 1 1 2 2                               |
 ├────────────────────┼─────────────┼──────────────────────────────────────────────────────────────────────────────────────────────────┤
 | 0x0000000000000007 | 6           | 28 12 9 7 14 8 12 28 22 5 11 6 6 10 6 5 9 5 5 9 5 5 8 5 5 9 5 5 9 5 5 9                          |
 ├────────────────────┼─────────────┼──────────────────────────────────────────────────────────────────────────────────────────────────┤
 | 0x0000000000000008 | 7           | 28 0 2 2 2 0 9 27 28 11 10 3 3 3 3 3 3 1 1 0 1 2 1 1 1 3 4 2 3 2 3 4                             |
 ├────────────────────┼─────────────┼──────────────────────────────────────────────────────────────────────────────────────────────────┤
 | 0x0000000000000009 | 8           | 21 8 5 13 8 5 13 8 6 21 14 6 14 8 5 13 8 5 13 8 5 13 8 5 13 8 5 13 8 5 13 8                      |
 ├────────────────────┼─────────────┼──────────────────────────────────────────────────────────────────────────────────────────────────┤
 | 0x000000000000000a | 9           | 26 0 4 5 5 1 6 9 14 25 26 9 9 5 6 6 7 6 5 3 3 2 4 3 3 3 3 3 3 3 2 2                              |
 ├────────────────────┼─────────────┼──────────────────────────────────────────────────────────────────────────────────────────────────┤
 | 0x000000000000000b | 10          | 23 2 15 13 2 15 13 2 15 13 4 23 20 2 15 13 2 15 13 2 15 13 2 15 13 2 15 13 2 15 13 2             |
 ├────────────────────┼─────────────┼──────────────────────────────────────────────────────────────────────────────────────────────────┤
 | 0x000000000000000c | 11          | 18 1 0 2 3 2 3 1 0 1 9 16 18 5 4 3 2 2 3 1 1 2 2 0 1 1 0 1 1 0 1 1                               |
 ├────────────────────┼─────────────┼──────────────────────────────────────────────────────────────────────────────────────────────────┤
 | 0x000000000000000d | 12          | 20 16 11 6 17 11 6 17 11 6 18 12 9 20 13 7 18 10 6 16 10 6 16 10 6 16 10 6 16 10 6 16            |
 ├────────────────────┼─────────────┼──────────────────────────────────────────────────────────────────────────────────────────────────┤
 | 0x000000000000000e | 13          | 21 0 1 2 2 1 1 0 0 0 2 3 7 20 21 5 6 5 5 3 4 4 4 2 2 3 3 2 2 2 2 1                               |
 ├────────────────────┼─────────────┼──────────────────────────────────────────────────────────────────────────────────────────────────┤
 | 0x000000000000000f | 14          | 20 10 4 15 11 4 15 10 4 14 10 4 15 11 7 20 15 5 16 10 4 14 10 4 14 10 4 14 10 4 14 10            |
 ├────────────────────┼─────────────┼──────────────────────────────────────────────────────────────────────────────────────────────────┤
 | 0x0000000000000010 | 15          | 31 1 3 2 3 2 1 1 1 0 3 4 3 2 15 29 31 7 7 5 5 2 4 3 2 3 3 0 2 2 1 2                              |
 ├────────────────────┼─────────────┼──────────────────────────────────────────────────────────────────────────────────────────────────┤
 | 0x0000000000000011 | 16          | 30 11 27 16 11 27 17 11 27 16 12 28 17 11 27 16 11 30 18 12 28 16 11 27 16 11 27 16 11 27 16 10  |
 ├────────────────────┼─────────────┼──────────────────────────────────────────────────────────────────────────────────────────────────┤
 | 0x0000000000000012 | 17          | 26 1 3 7 6 1 2 1 1 2 5 5 6 3 6 7 16 24 26 6 6 6 5 4 5 3 2 3 2 3 4 4                              |
 ├────────────────────┼─────────────┼──────────────────────────────────────────────────────────────────────────────────────────────────┤
 | 0x0000000000000013 | 18          | 26 17 11 9 17 10 9 17 11 9 17 11 8 16 11 8 17 11 11 26 19 10 18 12 10 18 11 10 18 12 10 18       |
 ├────────────────────┼─────────────┼──────────────────────────────────────────────────────────────────────────────────────────────────┤
 | 0x0000000000000014 | 19          | 30 0 0 0 0 0 0 0 0 0 0 0 0 0 0 0 0 0 14 26 30 7 9 4 4 7 8 3 3 3 3 2                              |
 ├────────────────────┼─────────────┼──────────────────────────────────────────────────────────────────────────────────────────────────┤
 | 0x0000000000000015 | 22          | 27 4 5 7 5 5 7 5 5 7 5 5 5 5 4 7 5 5 7 5 22 27 24 5 7 17 20 6 6 6 8 5                            |
 ├────────────────────┼─────────────┼──────────────────────────────────────────────────────────────────────────────────────────────────┤
 | 0x0000000000000016 | 21          | 28 0 0 0 0 0 0 0 0 0 0 0 0 0 0 0 0 0 2 3 12 27 28 5 5 8 8 3 3 3 3 2                              |
 ├────────────────────┼─────────────┼──────────────────────────────────────────────────────────────────────────────────────────────────┤
 | 0x0000000000000017 | 22          | 17 6 14 10 6 15 11 6 15 11 7 14 11 7 14 11 5 14 11 7 14 12 7 17 13 6 15 11 7 14 11 7             |
 ├────────────────────┼─────────────┼──────────────────────────────────────────────────────────────────────────────────────────────────┤
 | 0x0000000000000018 | 23          | 17 1 0 2 1 0 1 1 0 2 1 1 1 1 1 1 1 1 3 3 3 2 7 15 17 6 6 5 5 2 3 3                               |
 ├────────────────────┼─────────────┼──────────────────────────────────────────────────────────────────────────────────────────────────┤
 | 0x0000000000000019 | 24          | 16 14 10 6 14 10 6 14 10 7 14 10 7 14 10 6 14 10 6 14 10 6 14 10 7 16 11 6 14 10 7 14            |
 ├────────────────────┼─────────────┼──────────────────────────────────────────────────────────────────────────────────────────────────┤
 | 0x000000000000001a | 25          | 31 1 4 4 2 5 4 1 5 4 1 5 3 1 5 4 1 4 7 6 9 4 6 10 12 27 31 8 6 7 7 4                             |
 ├────────────────────┼─────────────┼──────────────────────────────────────────────────────────────────────────────────────────────────┤
 | 0x000000000000001b | 26          | 29 21 13 27 21 14 27 21 13 27 21 15 27 18 15 26 21 15 27 21 15 26 21 14 27 21 13 29 21 14 27 21  |
 ├────────────────────┼─────────────┼──────────────────────────────────────────────────────────────────────────────────────────────────┤
 | 0x000000000000001c | 27          | 17 6 5 2 6 5 2 6 5 2 6 5 2 6 5 2 5 5 3 8 7 3 7 5 2 6 10 13 17 9 8 9                              |
 ├────────────────────┼─────────────┼──────────────────────────────────────────────────────────────────────────────────────────────────┤
 | 0x000000000000001d | 30          | 20 0 19 19 0 19 19 0 19 19 0 19 19 0 19 19 0 19 19 0 19 19 0 19 19 0 19 19 0 20 19 0             |
 ├────────────────────┼─────────────┼──────────────────────────────────────────────────────────────────────────────────────────────────┤
 | 0x000000000000001e | 31          | 27 15 11 19 15 10 21 15 9 21 15 11 21 14 11 21 13 11 20 15 12 19 15 11 21 15 11 23 19 15 27 16   |
 ├────────────────────┼─────────────┼──────────────────────────────────────────────────────────────────────────────────────────────────┤
 | 0x000000000000001f | 27          | 31 26 24 16 26 26 15 27 26 15 26 24 15 28 24 15 28 24 17 28 26 17 27 24 15 27 26 16 28 26 16 31  |
 └────────────────────┴─────────────┴──────────────────────────────────────────────────────────────────────────────────────────────────┘
Offset pattern table end
PC pattern table begin
 ┌────────────────────┬─────────────┬──────────────────────────────────────────────────┐
 | Key                | Second      | Pattern                                          |
 ├────────────────────┼─────────────┼──────────────────────────────────────────────────┤
 | 0x0000000000000000 | 15          | 27 0 0 0 0 0 0 27 27 0 0 0 0 0 0 0               |
 ├────────────────────┼─────────────┼──────────────────────────────────────────────────┤
 | 0x0000000000000003 | 14          | 30 28 28 28 29 29 29 29 29 29 29 29 29 29 29 29  |
 ├────────────────────┼─────────────┼──────────────────────────────────────────────────┤
 | 0x0000000000000008 | 3           | 25 5 6 6 7 5 4 4 3 3 3 4 3 3 3 2                 |
 ├────────────────────┼─────────────┼──────────────────────────────────────────────────┤
 | 0x000000000000000b | 8           | 26 0 2 2 1 3 3 2 3 7 12 8 5 4 1 0                |
 ├────────────────────┼─────────────┼──────────────────────────────────────────────────┤
 | 0x000000000000000d | 16          | 1 1 1 1 1 1 1 1 1 0 0 0 0 0 0 0                  |
 ├────────────────────┼─────────────┼──────────────────────────────────────────────────┤
 | 0x000000000000000f | 2           | 30 1 1 1 2 3 1 1 2 2 22 22 21 21 1 1             |
 ├────────────────────┼─────────────┼──────────────────────────────────────────────────┤
 | 0x0000000000000010 | 31          | 26 6 3 4 11 9 1 6 6 1 1 1 1 1 3 4                |
 ├────────────────────┼─────────────┼──────────────────────────────────────────────────┤
 | 0x0000000000000011 | 7           | 22 8 8 9 8 8 7 11 13 10 7 9 9 9 9 9              |
 ├────────────────────┼─────────────┼──────────────────────────────────────────────────┤
 | 0x0000000000000012 | 11          | 25 9 9 9 9 9 9 10 10 9 23 23 23 23 9 9           |
 ├────────────────────┼─────────────┼──────────────────────────────────────────────────┤
 | 0x0000000000000014 | 16          | 7 0 0 0 0 0 0 7 7 0 0 0 0 0 0 0                  |
 ├────────────────────┼─────────────┼──────────────────────────────────────────────────┤
 | 0x0000000000000017 | 30          | 27 26 26 26 26 26 26 26 26 26 26 26 26 26 26 26  |
 ├────────────────────┼─────────────┼──────────────────────────────────────────────────┤
 | 0x0000000000000019 | 26          | 27 1 1 1 1 2 1 2 1 9 13 5 2 6 6 6                |
 ├────────────────────┼─────────────┼──────────────────────────────────────────────────┤
 | 0x000000000000001a | 15          | 1 0 0 0 0 0 0 1 1 0 0 0 0 0 0 0                  |
 ├────────────────────┼─────────────┼──────────────────────────────────────────────────┤
 | 0x000000000000001b | 2           | 28 27 27 27 27 27 27 27 27 27 27 27 27 27 27 27  |
 ├────────────────────┼─────────────┼──────────────────────────────────────────────────┤
 | 0x000000000000001c | 27          | 28 0 0 1 1 0 0 0 0 9 12 5 1 13 15 27             |
 ├────────────────────┼─────────────┼──────────────────────────────────────────────────┤
 | 0x000000000000001e | 9           | 21 20 19 18 17 17 15 13 13 12 10 8 6 5 3 2       |
 ├────────────────────┼─────────────┼──────────────────────────────────────────────────┤
 | 0x000000000000001f | 30          | 19 18 18 18 18 18 18 18 18 18 18 18 18 18 18 18  |
 └────────────────────┴─────────────┴──────────────────────────────────────────────────┘
PC pattern table end
Prefetch buffer begin
 ┌────────────────────┬──────────────────────────────────────────────────────────────────┐
 | Region             | Pattern                                                          |
 ├────────────────────┼──────────────────────────────────────────────────────────────────┤
 | 0x0000000000008c79 | 0 0 0 0 0 0 0 0 0 2 2 2 2 2 2 2 2 2 2 2 2 2 2 2 2 2 2 2 2 2 2 2  |
 ├────────────────────┼──────────────────────────────────────────────────────────────────┤
 | 0x0000000000008d93 | 2 2 2 2 2 2 2 2 2 2 0 0 0 0 0 0 0 0 0 0 0 0 0 0 0 0 0 2 2 2 2 2  |
 ├────────────────────┼──────────────────────────────────────────────────────────────────┤
 | 0x0000000000008bf9 | 2 2 2 2 2 2 2 2 2 2 2 2 2 2 2 2 2 2 2 2 2 2 0 0 0 0 0 0 0 0 0 2  |
 ├────────────────────┼──────────────────────────────────────────────────────────────────┤
 | 0x0000000000008cd3 | 0 0 0 0 0 0 0 0 0 0 0 0 0 0 0 0 0 0 0 0 0 0 0 0 0 0 0 0 0 0 0 2  |
 ├────────────────────┼──────────────────────────────────────────────────────────────────┤
 | 0x00000000000008ce | 2 2 2 2 2 2 2 0 0 0 0 0 0 0 0 0 0 0 0 0 0 0 0 0 0 0 0 0 0 0 0 0  |
 ├────────────────────┼──────────────────────────────────────────────────────────────────┤
 | 0x0000000000008dcc | 2 2 2 2 2 2 2 2 2 2 0 0 0 0 0 0 0 0 0 0 0 2 2 2 2 2 2 2 2 2 2 2  |
 ├────────────────────┼──────────────────────────────────────────────────────────────────┤
 | 0x0000000000008bd1 | 2 2 2 2 2 2 2 2 2 2 2 2 2 2 2 2 2 2 2 2 2 0 0 2 2 2 2 2 2 2 2 2  |
 ├────────────────────┼──────────────────────────────────────────────────────────────────┤
 | 0x0000000000008b2f | 2 2 2 2 2 2 2 0 0 0 0 0 0 0 0 0 0 0 0 0 0 0 0 0 0 0 0 0 0 0 0 0  |
 ├────────────────────┼──────────────────────────────────────────────────────────────────┤
 | 0x0000000000008ddc | 0 0 0 0 0 0 0 0 0 0 0 0 0 0 0 0 0 0 0 0 0 0 0 0 0 0 2 2 2 2 2 2  |
 ├────────────────────┼──────────────────────────────────────────────────────────────────┤
 | 0x0000000000008d0e | 2 2 2 2 0 0 0 0 0 0 0 0 0 2 2 0 0 0 0 2 2 2 0 0 0 0 0 0 0 0 0 0  |
 ├────────────────────┼──────────────────────────────────────────────────────────────────┤
 | 0x00000000000008b7 | 2 0 0 0 0 0 0 0 0 2 0 0 2 0 0 0 0 0 0 0 0 0 0 0 0 0 0 0 0 0 0 0  |
 ├────────────────────┼──────────────────────────────────────────────────────────────────┤
 | 0x0000000000008d6d | 2 2 2 2 2 2 2 2 2 2 2 2 2 2 2 0 0 0 0 0 0 0 0 0 0 0 0 0 0 0 0 0  |
 ├────────────────────┼──────────────────────────────────────────────────────────────────┤
 | 0x0000000000008d92 | 2 2 2 2 0 0 0 0 0 0 0 0 0 2 2 2 2 2 2 0 0 0 0 0 2 2 2 2 2 2 2 2  |
 ├────────────────────┼──────────────────────────────────────────────────────────────────┤
 | 0x0000000000008d58 | 2 2 2 2 0 0 0 0 0 0 0 0 0 2 2 2 2 2 2 2 2 2 2 2 2 2 2 2 2 2 2 2  |
 ├────────────────────┼──────────────────────────────────────────────────────────────────┤
 | 0x0000000000008ce2 | 0 0 0 0 0 0 0 0 0 0 0 0 0 0 0 0 0 0 0 0 0 0 0 0 0 0 0 0 0 0 2 2  |
 ├────────────────────┼──────────────────────────────────────────────────────────────────┤
 | 0x0000000000008d1c | 0 0 0 0 0 0 0 0 0 2 2 2 2 0 0 2 2 2 2 2 2 2 2 2 2 2 2 2 2 2 2 2  |
 ├────────────────────┼──────────────────────────────────────────────────────────────────┤
 | 0x0000000000008d2f | 0 0 0 0 0 0 0 0 0 2 2 2 2 2 2 2 2 2 2 2 2 2 2 2 2 2 2 2 2 2 2 2  |
 ├────────────────────┼──────────────────────────────────────────────────────────────────┤
 | 0x0000000000008ca9 | 2 2 0 0 0 0 0 0 0 0 0 0 0 0 0 0 0 0 0 0 0 0 0 0 0 0 0 2 2 2 2 2  |
 ├────────────────────┼──────────────────────────────────────────────────────────────────┤
 | 0x00000000000007d7 | 0 0 0 0 0 0 0 2 0 0 2 0 0 0 0 0 0 0 0 0 0 0 0 0 0 0 0 0 0 0 0 0  |
 ├────────────────────┼──────────────────────────────────────────────────────────────────┤
 | 0x0000000000008c80 | 2 2 2 2 2 2 2 2 2 2 2 2 2 2 2 2 2 2 2 2 2 2 0 0 0 0 0 0 0 0 0 2  |
 ├────────────────────┼──────────────────────────────────────────────────────────────────┤
 | 0x0000000000008d1d | 2 2 0 0 0 0 0 0 0 0 0 2 2 2 2 2 2 2 2 2 2 2 2 2 2 2 2 2 2 2 2 2  |
 ├────────────────────┼──────────────────────────────────────────────────────────────────┤
 | 0x0000000000008cb6 | 2 2 2 2 0 0 0 0 0 0 0 0 0 0 0 0 0 0 0 0 0 0 0 0 0 0 2 2 2 2 2 2  |
 ├────────────────────┼──────────────────────────────────────────────────────────────────┤
 | 0x0000000000008d2e | 2 2 2 2 2 2 0 0 0 0 0 0 0 0 0 0 0 2 2 2 2 2 0 0 0 0 0 0 0 0 0 2  |
 ├────────────────────┼──────────────────────────────────────────────────────────────────┤
 | 0x0000000000008d59 | 2 2 2 1 2 2 2 2 2 2 2 2 2 2 2 2 2 0 0 0 0 2 2 2 2 2 2 2 2 2 2 2  |
 ├────────────────────┼──────────────────────────────────────────────────────────────────┤
 | 0x0000000000008dac | 2 2 2 1 2 2 0 0 0 0 0 0 0 0 0 0 0 0 0 0 0 0 0 0 0 0 0 0 0 0 0 0  |
 └────────────────────┴──────────────────────────────────────────────────────────────────┘
Prefetch buffer end
Filter by PPT: 0
cpu3_L2C
Num Con Filled: 0
Num Con Useful: 0 Useless:0 Accuracy: -nan
cpu2_L2C
Num Con Filled: 0
Num Con Useful: 0 Useless:0 Accuracy: -nan
cpu1_L2C
Num Con Filled: 0
Num Con Useful: 0 Useless:0 Accuracy: -nan
cpu0_L2C
Num Con Filled: 0
Num Con Useful: 0 Useless:0 Accuracy: -nan
LLC
