41 41 41
Available num physical pages: 35184372088576
WARNING: physical memory size is smaller than virtual memory size

*** ChampSim Multicore Out-of-Order Simulator ***

Warmup Instructions: 20000000
Simulation Instructions: 25000000
Number of CPUs: 4
Page size: 4096

Basic BTB sets: 1024 ways: 8 indirect buffer size: 4096 RAS size: 64
Basic BTB sets: 1024 ways: 8 indirect buffer size: 4096 RAS size: 64
Basic BTB sets: 1024 ways: 8 indirect buffer size: 4096 RAS size: 64
Basic BTB sets: 1024 ways: 8 indirect buffer size: 4096 RAS size: 64
cpu0_L1D PMP Adaptive prefetcher CLIP Filter
cpu1_L1D PMP Adaptive prefetcher CLIP Filter
cpu2_L1D PMP Adaptive prefetcher CLIP Filter
cpu3_L1D PMP Adaptive prefetcher CLIP Filter
Off-chip DRAM Size: 8 GiB Channels: 1 Width: 64-bit Data Rate: 3200 MT/s
Heartbeat CPU 3 instructions: 10000002 cycles: 2500125 heartbeat IPC: 3.99981 cumulative IPC: 3.99981 (Simulation time: 0 hr 1 min 26 sec) 
Heartbeat CPU 1 instructions: 10000001 cycles: 2500153 heartbeat IPC: 3.99976 cumulative IPC: 3.99976 (Simulation time: 0 hr 1 min 26 sec) 
Heartbeat CPU 0 instructions: 10000000 cycles: 2538874 heartbeat IPC: 3.93876 cumulative IPC: 3.93876 (Simulation time: 0 hr 1 min 27 sec) 
Heartbeat CPU 2 instructions: 10000001 cycles: 2642331 heartbeat IPC: 3.78454 cumulative IPC: 3.78454 (Simulation time: 0 hr 1 min 30 sec) 
Heartbeat CPU 3 instructions: 20000002 cycles: 5000125 heartbeat IPC: 4 cumulative IPC: 3.99991 (Simulation time: 0 hr 2 min 57 sec) 
Max paddr 45M
Warmup finished CPU 3 instructions: 20000002 cycles: 5000126 cumulative IPC: 3.9999 (Simulation time: 0 hr 2 min 57 sec) 
Heartbeat CPU 1 instructions: 20000001 cycles: 5000153 heartbeat IPC: 4 cumulative IPC: 3.99988 (Simulation time: 0 hr 2 min 57 sec) 
Max paddr 45M
Warmup finished CPU 1 instructions: 20000001 cycles: 5000154 cumulative IPC: 3.99988 (Simulation time: 0 hr 2 min 57 sec) 
Heartbeat CPU 2 instructions: 20000002 cycles: 5251180 heartbeat IPC: 3.83311 cumulative IPC: 3.80867 (Simulation time: 0 hr 3 min 6 sec) 
Max paddr 46M
Warmup finished CPU 2 instructions: 20000002 cycles: 5251181 cumulative IPC: 3.80867 (Simulation time: 0 hr 3 min 6 sec) 
Heartbeat CPU 0 instructions: 20000000 cycles: 5480343 heartbeat IPC: 3.39967 cumulative IPC: 3.64941 (Simulation time: 0 hr 3 min 15 sec) 
Max paddr 47M
Warmup finished CPU 0 instructions: 20000000 cycles: 5480344 cumulative IPC: 3.64941 (Simulation time: 0 hr 3 min 15 sec) 

Warmup complete CPU 0 instructions: 20000000 cycles: 5480344 (Simulation time: 0 hr 3 min 15 sec) 


Warmup complete CPU 1 instructions: 21920761 cycles: 5480344 (Simulation time: 0 hr 3 min 15 sec) 


Warmup complete CPU 2 instructions: 20888733 cycles: 5480344 (Simulation time: 0 hr 3 min 15 sec) 


Warmup complete CPU 3 instructions: 21920874 cycles: 5480344 (Simulation time: 0 hr 3 min 15 sec) 

Heartbeat CPU 1 instructions: 30000003 cycles: 8098548 heartbeat IPC: 3.22748 cumulative IPC: 3.0858 (Simulation time: 0 hr 4 min 19 sec) 
Heartbeat CPU 3 instructions: 30000001 cycles: 8915761 heartbeat IPC: 2.55387 cumulative IPC: 2.35172 (Simulation time: 0 hr 4 min 38 sec) 
Heartbeat CPU 1 instructions: 40000002 cycles: 11441319 heartbeat IPC: 2.99153 cumulative IPC: 3.03294 (Simulation time: 0 hr 5 min 31 sec) 
Heartbeat CPU 3 instructions: 40000000 cycles: 13107454 heartbeat IPC: 2.38568 cumulative IPC: 2.37038 (Simulation time: 0 hr 6 min 7 sec) 
Max paddr 51M
Simulation finished CPU 1 instructions: 25000000 cycles: 8341449 cumulative IPC: 2.99709 (Simulation time: 0 hr 6 min 21 sec) 
Heartbeat CPU 1 instructions: 50000003 cycles: 14828892 heartbeat IPC: 2.95197 cumulative IPC: 3.0036 (Simulation time: 0 hr 6 min 42 sec) 
Max paddr 51M
Simulation finished CPU 3 instructions: 25000002 cycles: 10680021 cumulative IPC: 2.34082 (Simulation time: 0 hr 7 min 11 sec) 
Heartbeat CPU 3 instructions: 50000004 cycles: 17482488 heartbeat IPC: 2.2857 cumulative IPC: 2.33951 (Simulation time: 0 hr 7 min 39 sec) 
Heartbeat CPU 1 instructions: 60000002 cycles: 18178290 heartbeat IPC: 2.98562 cumulative IPC: 2.99886 (Simulation time: 0 hr 7 min 56 sec) 
Heartbeat CPU 3 instructions: 60000002 cycles: 21442670 heartbeat IPC: 2.52514 cumulative IPC: 2.38557 (Simulation time: 0 hr 9 min 12 sec) 
Heartbeat CPU 1 instructions: 70000001 cycles: 21798597 heartbeat IPC: 2.7622 cumulative IPC: 2.94635 (Simulation time: 0 hr 9 min 20 sec) 
Heartbeat CPU 1 instructions: 80000002 cycles: 25461126 heartbeat IPC: 2.73036 cumulative IPC: 2.90676 (Simulation time: 0 hr 10 min 35 sec) 
Heartbeat CPU 3 instructions: 70000003 cycles: 25843046 heartbeat IPC: 2.27254 cumulative IPC: 2.36114 (Simulation time: 0 hr 10 min 42 sec) 
Heartbeat CPU 1 instructions: 90000001 cycles: 29056022 heartbeat IPC: 2.78173 cumulative IPC: 2.88769 (Simulation time: 0 hr 11 min 44 sec) 
Heartbeat CPU 3 instructions: 80000001 cycles: 30279192 heartbeat IPC: 2.25421 cumulative IPC: 2.34201 (Simulation time: 0 hr 12 min 10 sec) 
Heartbeat CPU 2 instructions: 30000003 cycles: 31685847 heartbeat IPC: 0.378292 cumulative IPC: 0.347686 (Simulation time: 0 hr 12 min 42 sec) 
Heartbeat CPU 1 instructions: 100000000 cycles: 32510160 heartbeat IPC: 2.89508 cumulative IPC: 2.88864 (Simulation time: 0 hr 13 min 0 sec) 
Heartbeat CPU 3 instructions: 90000000 cycles: 34086066 heartbeat IPC: 2.62683 cumulative IPC: 2.37992 (Simulation time: 0 hr 13 min 36 sec) 
Heartbeat CPU 0 instructions: 30000000 cycles: 35320646 heartbeat IPC: 0.335118 cumulative IPC: 0.335118 (Simulation time: 0 hr 14 min 6 sec) 
Heartbeat CPU 1 instructions: 110000002 cycles: 35635936 heartbeat IPC: 3.19921 cumulative IPC: 2.92083 (Simulation time: 0 hr 14 min 14 sec) 
Heartbeat CPU 3 instructions: 100000003 cycles: 38189587 heartbeat IPC: 2.43694 cumulative IPC: 2.38707 (Simulation time: 0 hr 15 min 10 sec) 
Heartbeat CPU 1 instructions: 120000002 cycles: 38975184 heartbeat IPC: 2.99469 cumulative IPC: 2.92819 (Simulation time: 0 hr 15 min 27 sec) 
Heartbeat CPU 1 instructions: 130000000 cycles: 42330830 heartbeat IPC: 2.98006 cumulative IPC: 2.93292 (Simulation time: 0 hr 16 min 42 sec) 
Heartbeat CPU 3 instructions: 110000002 cycles: 42350934 heartbeat IPC: 2.40307 cumulative IPC: 2.38888 (Simulation time: 0 hr 16 min 42 sec) 
Heartbeat CPU 1 instructions: 140000004 cycles: 45777440 heartbeat IPC: 2.90141 cumulative IPC: 2.93022 (Simulation time: 0 hr 17 min 59 sec) 
Heartbeat CPU 3 instructions: 120000001 cycles: 46578437 heartbeat IPC: 2.36547 cumulative IPC: 2.38647 (Simulation time: 0 hr 18 min 19 sec) 
Heartbeat CPU 0 instructions: 40000003 cycles: 47141656 heartbeat IPC: 0.845952 cumulative IPC: 0.480062 (Simulation time: 0 hr 18 min 35 sec) 
Heartbeat CPU 1 instructions: 150000001 cycles: 49087595 heartbeat IPC: 3.02101 cumulative IPC: 2.93711 (Simulation time: 0 hr 19 min 19 sec) 
Heartbeat CPU 3 instructions: 130000003 cycles: 50588704 heartbeat IPC: 2.49361 cumulative IPC: 2.39599 (Simulation time: 0 hr 19 min 49 sec) 
Heartbeat CPU 1 instructions: 160000004 cycles: 52821797 heartbeat IPC: 2.67795 cumulative IPC: 2.91667 (Simulation time: 0 hr 20 min 33 sec) 
Heartbeat CPU 3 instructions: 140000002 cycles: 54780395 heartbeat IPC: 2.38568 cumulative IPC: 2.39512 (Simulation time: 0 hr 21 min 16 sec) 
Max paddr 63M
Simulation finished CPU 0 instructions: 25000002 cycles: 49837272 cumulative IPC: 0.501633 (Simulation time: 0 hr 21 min 28 sec) 
Heartbeat CPU 1 instructions: 170000004 cycles: 56215136 heartbeat IPC: 2.94695 cumulative IPC: 2.9187 (Simulation time: 0 hr 21 min 48 sec) 
Heartbeat CPU 2 instructions: 40000000 cycles: 57516188 heartbeat IPC: 0.387142 cumulative IPC: 0.367272 (Simulation time: 0 hr 22 min 18 sec) 
Heartbeat CPU 3 instructions: 150000001 cycles: 58719183 heartbeat IPC: 2.53886 cumulative IPC: 2.40575 (Simulation time: 0 hr 22 min 46 sec) 
Heartbeat CPU 1 instructions: 180000002 cycles: 59372924 heartbeat IPC: 3.16678 cumulative IPC: 2.93323 (Simulation time: 0 hr 23 min 1 sec) 
Heartbeat CPU 0 instructions: 50000000 cycles: 60750829 heartbeat IPC: 0.734799 cumulative IPC: 0.542786 (Simulation time: 0 hr 23 min 35 sec) 
Heartbeat CPU 1 instructions: 190000002 cycles: 62540321 heartbeat IPC: 3.15717 cumulative IPC: 2.94566 (Simulation time: 0 hr 24 min 16 sec) 
Heartbeat CPU 3 instructions: 160000000 cycles: 62715971 heartbeat IPC: 2.50201 cumulative IPC: 2.41247 (Simulation time: 0 hr 24 min 20 sec) 
Heartbeat CPU 1 instructions: 200000003 cycles: 65837140 heartbeat IPC: 3.03323 cumulative IPC: 2.95045 (Simulation time: 0 hr 25 min 33 sec) 
Heartbeat CPU 3 instructions: 170000001 cycles: 67122497 heartbeat IPC: 2.26937 cumulative IPC: 2.40224 (Simulation time: 0 hr 26 min 1 sec) 
Heartbeat CPU 1 instructions: 210000000 cycles: 69587205 heartbeat IPC: 2.66662 cumulative IPC: 2.93384 (Simulation time: 0 hr 26 min 57 sec) 
Max paddr 68M
Simulation finished CPU 2 instructions: 25000002 cycles: 64663417 cumulative IPC: 0.386618 (Simulation time: 0 hr 27 min 8 sec) 

Simulation complete CPU 0 instructions: 37090200 cycles: 64663417 (Simulation time: 0 hr 27 min 8 sec) 


Simulation complete CPU 1 instructions: 189562346 cycles: 64663417 (Simulation time: 0 hr 27 min 8 sec) 


Simulation complete CPU 2 instructions: 25000002 cycles: 64663417 (Simulation time: 0 hr 27 min 8 sec) 


Simulation complete CPU 3 instructions: 154421899 cycles: 64663417 (Simulation time: 0 hr 27 min 8 sec) 


ChampSim completed all CPUs

[
  {
    "name": "Simulation",
    "traces": [
      "../../traces/429.mcf-217B.champsimtrace.xz",
      "../../traces/403.gcc-48B.champsimtrace.xz",
      "../../traces/450.soplex-247B.champsimtrace.xz",
      "../../traces/400.perlbench-50B.champsimtrace.xz"
    ],
    "roi": {
      "cores": [
        {
          "instructions": 25000002,
          "cycles": 49837272,
          "Avg ROB occupancy at mispredict": 78.5058, 
          "mispredict": {
            "BRANCH_DIRECT_JUMP": 0,
            "BRANCH_INDIRECT": 0,
            "BRANCH_CONDITIONAL": 64230,
            "BRANCH_DIRECT_CALL": 0,
            "BRANCH_INDIRECT_CALL": 0,
            "BRANCH_RETURN": 0
          }
        },
        {
          "instructions": 25000000,
          "cycles": 8341449,
          "Avg ROB occupancy at mispredict": 57.06, 
          "mispredict": {
            "BRANCH_DIRECT_JUMP": 12,
            "BRANCH_INDIRECT": 0,
            "BRANCH_CONDITIONAL": 21872,
            "BRANCH_DIRECT_CALL": 98,
            "BRANCH_INDIRECT_CALL": 2,
            "BRANCH_RETURN": 101
          }
        },
        {
          "instructions": 25000002,
          "cycles": 64663417,
          "Avg ROB occupancy at mispredict": 12.7803, 
          "mispredict": {
            "BRANCH_DIRECT_JUMP": 19,
            "BRANCH_INDIRECT": 6,
            "BRANCH_CONDITIONAL": 846738,
            "BRANCH_DIRECT_CALL": 3,
            "BRANCH_INDIRECT_CALL": 18,
            "BRANCH_RETURN": 23
          }
        },
        {
          "instructions": 25000002,
          "cycles": 10680021,
          "Avg ROB occupancy at mispredict": 37.2501, 
          "mispredict": {
            "BRANCH_DIRECT_JUMP": 44,
            "BRANCH_INDIRECT": 128,
            "BRANCH_CONDITIONAL": 228145,
            "BRANCH_DIRECT_CALL": 20,
            "BRANCH_INDIRECT_CALL": 139,
            "BRANCH_RETURN": 50
          }
        }
      ],
      "cpu3_L1I": {
        "LOAD": {
          "hit":30055,
          "miss":3625
        },
        "RFO": {
          "hit":0,
          "miss":0
        },
        "PREFETCH": {
          "hit":0,
          "miss":0
        },
        "WRITE": {
          "hit":0,
          "miss":0
        },
        "TRANSLATION": {
          "hit":0,
          "miss":0
        },
        "mshr full": 0,
        "prefetch requested": 0,
        "prefetch issued": 0,
        "prefetch filled": 0,
        "prefetch useful": 0,
        "prefetch useless": 0,
        "prefetch late": 0,
        "pf_useful_at_l2_from_l1":          0,
        "pf_late_at_l2_from_l1":          0,
        "pf_useless_at_l2_from_l1":          0,
        "pf_at_l2_to_l1":          0,
        "pf_fill_this_level":          0,
        "miss latency": 5.0259,
        "cache queues": {
          "PQ_ACCESS": 0,
          "PQ_FULL": 0,
          "PQ_TO_CACHE": 0,
          "PQ_MERGED": 0,
          "RQ_ACCESS": 172655,
          "RQ_MERGED": 462,
          "RQ_FULL": 0,
          "WQ_ACCESS": 0,
          "WQ_MERGED": 0,
          "WQ_FULL": 0
        }
      },
      "cpu3_ITLB": {
        "LOAD": {
          "hit":33379,
          "miss":5
        },
        "RFO": {
          "hit":0,
          "miss":0
        },
        "PREFETCH": {
          "hit":0,
          "miss":0
        },
        "WRITE": {
          "hit":0,
          "miss":0
        },
        "TRANSLATION": {
          "hit":0,
          "miss":0
        },
        "mshr full": 0,
        "prefetch requested": 0,
        "prefetch issued": 0,
        "prefetch filled": 0,
        "prefetch useful": 0,
        "prefetch useless": 0,
        "prefetch late": 0,
        "pf_useful_at_l2_from_l1":          0,
        "pf_late_at_l2_from_l1":          0,
        "pf_useless_at_l2_from_l1":          0,
        "pf_at_l2_to_l1":          0,
        "pf_fill_this_level":          0,
        "miss latency": 8.91251,
        "cache queues": {
          "PQ_ACCESS": 0,
          "PQ_FULL": 0,
          "PQ_TO_CACHE": 0,
          "PQ_MERGED": 0,
          "RQ_ACCESS": 170878,
          "RQ_MERGED": 0,
          "RQ_FULL": 0,
          "WQ_ACCESS": 0,
          "WQ_MERGED": 0,
          "WQ_FULL": 0
        }
      },
      "cpu3_DTLB": {
        "LOAD": {
          "hit":8384073,
          "miss":4911
        },
        "RFO": {
          "hit":0,
          "miss":0
        },
        "PREFETCH": {
          "hit":0,
          "miss":0
        },
        "WRITE": {
          "hit":0,
          "miss":0
        },
        "TRANSLATION": {
          "hit":0,
          "miss":0
        },
        "mshr full": 0,
        "prefetch requested": 0,
        "prefetch issued": 0,
        "prefetch filled": 0,
        "prefetch useful": 0,
        "prefetch useless": 0,
        "prefetch late": 0,
        "pf_useful_at_l2_from_l1":          0,
        "pf_late_at_l2_from_l1":          0,
        "pf_useless_at_l2_from_l1":          0,
        "pf_at_l2_to_l1":          0,
        "pf_fill_this_level":          0,
        "miss latency": 9.07098,
        "cache queues": {
          "PQ_ACCESS": 0,
          "PQ_FULL": 0,
          "PQ_TO_CACHE": 0,
          "PQ_MERGED": 0,
          "RQ_ACCESS": 53837153,
          "RQ_MERGED": 0,
          "RQ_FULL": 35059,
          "WQ_ACCESS": 0,
          "WQ_MERGED": 0,
          "WQ_FULL": 0
        }
      },
      "cpu2_L1I": {
        "LOAD": {
          "hit":1803,
          "miss":147
        },
        "RFO": {
          "hit":0,
          "miss":0
        },
        "PREFETCH": {
          "hit":0,
          "miss":0
        },
        "WRITE": {
          "hit":0,
          "miss":0
        },
        "TRANSLATION": {
          "hit":0,
          "miss":0
        },
        "mshr full": 0,
        "prefetch requested": 0,
        "prefetch issued": 0,
        "prefetch filled": 0,
        "prefetch useful": 0,
        "prefetch useless": 0,
        "prefetch late": 0,
        "pf_useful_at_l2_from_l1":          0,
        "pf_late_at_l2_from_l1":          0,
        "pf_useless_at_l2_from_l1":          0,
        "pf_at_l2_to_l1":          0,
        "pf_fill_this_level":          0,
        "miss latency": 22.6795,
        "cache queues": {
          "PQ_ACCESS": 0,
          "PQ_FULL": 0,
          "PQ_TO_CACHE": 0,
          "PQ_MERGED": 0,
          "RQ_ACCESS": 1976,
          "RQ_MERGED": 26,
          "RQ_FULL": 0,
          "WQ_ACCESS": 0,
          "WQ_MERGED": 0,
          "WQ_FULL": 0
        }
      },
      "cpu2_ITLB": {
        "LOAD": {
          "hit":1911,
          "miss":0
        },
        "RFO": {
          "hit":0,
          "miss":0
        },
        "PREFETCH": {
          "hit":0,
          "miss":0
        },
        "WRITE": {
          "hit":0,
          "miss":0
        },
        "TRANSLATION": {
          "hit":0,
          "miss":0
        },
        "mshr full": 0,
        "prefetch requested": 0,
        "prefetch issued": 0,
        "prefetch filled": 0,
        "prefetch useful": 0,
        "prefetch useless": 0,
        "prefetch late": 0,
        "pf_useful_at_l2_from_l1":          0,
        "pf_late_at_l2_from_l1":          0,
        "pf_useless_at_l2_from_l1":          0,
        "pf_at_l2_to_l1":          0,
        "pf_fill_this_level":          0,
        "miss latency": null,
        "cache queues": {
          "PQ_ACCESS": 0,
          "PQ_FULL": 0,
          "PQ_TO_CACHE": 0,
          "PQ_MERGED": 0,
          "RQ_ACCESS": 1911,
          "RQ_MERGED": 0,
          "RQ_FULL": 0,
          "WQ_ACCESS": 0,
          "WQ_MERGED": 0,
          "WQ_FULL": 0
        }
      },
      "cpu2_DTLB": {
        "LOAD": {
          "hit":7635171,
          "miss":339044
        },
        "RFO": {
          "hit":0,
          "miss":0
        },
        "PREFETCH": {
          "hit":0,
          "miss":0
        },
        "WRITE": {
          "hit":0,
          "miss":0
        },
        "TRANSLATION": {
          "hit":0,
          "miss":0
        },
        "mshr full": 37483,
        "prefetch requested": 0,
        "prefetch issued": 0,
        "prefetch filled": 0,
        "prefetch useful": 0,
        "prefetch useless": 0,
        "prefetch late": 0,
        "pf_useful_at_l2_from_l1":          0,
        "pf_late_at_l2_from_l1":          0,
        "pf_useless_at_l2_from_l1":          0,
        "pf_at_l2_to_l1":          0,
        "pf_fill_this_level":          0,
        "miss latency": 1.09752,
        "cache queues": {
          "PQ_ACCESS": 0,
          "PQ_FULL": 0,
          "PQ_TO_CACHE": 0,
          "PQ_MERGED": 0,
          "RQ_ACCESS": 9367497,
          "RQ_MERGED": 0,
          "RQ_FULL": 1393282,
          "WQ_ACCESS": 0,
          "WQ_MERGED": 0,
          "WQ_FULL": 0
        }
      },
      "cpu1_L1I": {
        "LOAD": {
          "hit":1775,
          "miss":0
        },
        "RFO": {
          "hit":0,
          "miss":0
        },
        "PREFETCH": {
          "hit":0,
          "miss":0
        },
        "WRITE": {
          "hit":0,
          "miss":0
        },
        "TRANSLATION": {
          "hit":0,
          "miss":0
        },
        "mshr full": 0,
        "prefetch requested": 0,
        "prefetch issued": 0,
        "prefetch filled": 0,
        "prefetch useful": 0,
        "prefetch useless": 0,
        "prefetch late": 0,
        "pf_useful_at_l2_from_l1":          0,
        "pf_late_at_l2_from_l1":          0,
        "pf_useless_at_l2_from_l1":          0,
        "pf_at_l2_to_l1":          0,
        "pf_fill_this_level":          0,
        "miss latency": null,
        "cache queues": {
          "PQ_ACCESS": 0,
          "PQ_FULL": 0,
          "PQ_TO_CACHE": 0,
          "PQ_MERGED": 0,
          "RQ_ACCESS": 14930,
          "RQ_MERGED": 46,
          "RQ_FULL": 0,
          "WQ_ACCESS": 0,
          "WQ_MERGED": 0,
          "WQ_FULL": 0
        }
      },
      "cpu1_ITLB": {
        "LOAD": {
          "hit":1748,
          "miss":0
        },
        "RFO": {
          "hit":0,
          "miss":0
        },
        "PREFETCH": {
          "hit":0,
          "miss":0
        },
        "WRITE": {
          "hit":0,
          "miss":0
        },
        "TRANSLATION": {
          "hit":0,
          "miss":0
        },
        "mshr full": 0,
        "prefetch requested": 0,
        "prefetch issued": 0,
        "prefetch filled": 0,
        "prefetch useful": 0,
        "prefetch useless": 0,
        "prefetch late": 0,
        "pf_useful_at_l2_from_l1":          0,
        "pf_late_at_l2_from_l1":          0,
        "pf_useless_at_l2_from_l1":          0,
        "pf_at_l2_to_l1":          0,
        "pf_fill_this_level":          0,
        "miss latency": null,
        "cache queues": {
          "PQ_ACCESS": 0,
          "PQ_FULL": 0,
          "PQ_TO_CACHE": 0,
          "PQ_MERGED": 0,
          "RQ_ACCESS": 14659,
          "RQ_MERGED": 0,
          "RQ_FULL": 0,
          "WQ_ACCESS": 0,
          "WQ_MERGED": 0,
          "WQ_FULL": 0
        }
      },
      "cpu1_DTLB": {
        "LOAD": {
          "hit":7898251,
          "miss":6545
        },
        "RFO": {
          "hit":0,
          "miss":0
        },
        "PREFETCH": {
          "hit":0,
          "miss":0
        },
        "WRITE": {
          "hit":0,
          "miss":0
        },
        "TRANSLATION": {
          "hit":0,
          "miss":0
        },
        "mshr full": 0,
        "prefetch requested": 0,
        "prefetch issued": 0,
        "prefetch filled": 0,
        "prefetch useful": 0,
        "prefetch useless": 0,
        "prefetch late": 0,
        "pf_useful_at_l2_from_l1":          0,
        "pf_late_at_l2_from_l1":          0,
        "pf_useless_at_l2_from_l1":          0,
        "pf_at_l2_to_l1":          0,
        "pf_fill_this_level":          0,
        "miss latency": 31.5732,
        "cache queues": {
          "PQ_ACCESS": 0,
          "PQ_FULL": 0,
          "PQ_TO_CACHE": 0,
          "PQ_MERGED": 0,
          "RQ_ACCESS": 59862554,
          "RQ_MERGED": 0,
          "RQ_FULL": 0,
          "WQ_ACCESS": 0,
          "WQ_MERGED": 0,
          "WQ_FULL": 0
        }
      },
      "cpu0_L1I": {
        "LOAD": {
          "hit":0,
          "miss":0
        },
        "RFO": {
          "hit":0,
          "miss":0
        },
        "PREFETCH": {
          "hit":0,
          "miss":0
        },
        "WRITE": {
          "hit":0,
          "miss":0
        },
        "TRANSLATION": {
          "hit":0,
          "miss":0
        },
        "mshr full": 0,
        "prefetch requested": 0,
        "prefetch issued": 0,
        "prefetch filled": 0,
        "prefetch useful": 0,
        "prefetch useless": 0,
        "prefetch late": 0,
        "pf_useful_at_l2_from_l1":          0,
        "pf_late_at_l2_from_l1":          0,
        "pf_useless_at_l2_from_l1":          0,
        "pf_at_l2_to_l1":          0,
        "pf_fill_this_level":          0,
        "miss latency": null,
        "cache queues": {
          "PQ_ACCESS": 0,
          "PQ_FULL": 0,
          "PQ_TO_CACHE": 0,
          "PQ_MERGED": 0,
          "RQ_ACCESS": 0,
          "RQ_MERGED": 0,
          "RQ_FULL": 0,
          "WQ_ACCESS": 0,
          "WQ_MERGED": 0,
          "WQ_FULL": 0
        }
      },
      "cpu0_ITLB": {
        "LOAD": {
          "hit":0,
          "miss":0
        },
        "RFO": {
          "hit":0,
          "miss":0
        },
        "PREFETCH": {
          "hit":0,
          "miss":0
        },
        "WRITE": {
          "hit":0,
          "miss":0
        },
        "TRANSLATION": {
          "hit":0,
          "miss":0
        },
        "mshr full": 0,
        "prefetch requested": 0,
        "prefetch issued": 0,
        "prefetch filled": 0,
        "prefetch useful": 0,
        "prefetch useless": 0,
        "prefetch late": 0,
        "pf_useful_at_l2_from_l1":          0,
        "pf_late_at_l2_from_l1":          0,
        "pf_useless_at_l2_from_l1":          0,
        "pf_at_l2_to_l1":          0,
        "pf_fill_this_level":          0,
        "miss latency": null,
        "cache queues": {
          "PQ_ACCESS": 0,
          "PQ_FULL": 0,
          "PQ_TO_CACHE": 0,
          "PQ_MERGED": 0,
          "RQ_ACCESS": 0,
          "RQ_MERGED": 0,
          "RQ_FULL": 0,
          "WQ_ACCESS": 0,
          "WQ_MERGED": 0,
          "WQ_FULL": 0
        }
      },
      "cpu0_DTLB": {
        "LOAD": {
          "hit":11344132,
          "miss":163187
        },
        "RFO": {
          "hit":0,
          "miss":0
        },
        "PREFETCH": {
          "hit":0,
          "miss":0
        },
        "WRITE": {
          "hit":0,
          "miss":0
        },
        "TRANSLATION": {
          "hit":0,
          "miss":0
        },
        "mshr full": 0,
        "prefetch requested": 0,
        "prefetch issued": 0,
        "prefetch filled": 0,
        "prefetch useful": 0,
        "prefetch useless": 0,
        "prefetch late": 0,
        "pf_useful_at_l2_from_l1":          0,
        "pf_late_at_l2_from_l1":          0,
        "pf_useless_at_l2_from_l1":          0,
        "pf_at_l2_to_l1":          0,
        "pf_fill_this_level":          0,
        "miss latency": 1.07237,
        "cache queues": {
          "PQ_ACCESS": 0,
          "PQ_FULL": 0,
          "PQ_TO_CACHE": 0,
          "PQ_MERGED": 0,
          "RQ_ACCESS": 17562604,
          "RQ_MERGED": 0,
          "RQ_FULL": 437607,
          "WQ_ACCESS": 0,
          "WQ_MERGED": 0,
          "WQ_FULL": 0
        }
      },
      "cpu3_STLB": {
        "LOAD": {
          "hit":2125,
          "miss":256
        },
        "RFO": {
          "hit":0,
          "miss":0
        },
        "PREFETCH": {
          "hit":0,
          "miss":0
        },
        "WRITE": {
          "hit":0,
          "miss":0
        },
        "TRANSLATION": {
          "hit":0,
          "miss":0
        },
        "mshr full": 0,
        "prefetch requested": 0,
        "prefetch issued": 0,
        "prefetch filled": 0,
        "prefetch useful": 0,
        "prefetch useless": 0,
        "prefetch late": 0,
        "pf_useful_at_l2_from_l1":          0,
        "pf_late_at_l2_from_l1":          0,
        "pf_useless_at_l2_from_l1":          0,
        "pf_at_l2_to_l1":          0,
        "pf_fill_this_level":          0,
        "miss latency": 154.643,
        "cache queues": {
          "PQ_ACCESS": 0,
          "PQ_FULL": 0,
          "PQ_TO_CACHE": 0,
          "PQ_MERGED": 0,
          "RQ_ACCESS": 10257,
          "RQ_MERGED": 0,
          "RQ_FULL": 0,
          "WQ_ACCESS": 0,
          "WQ_MERGED": 0,
          "WQ_FULL": 0
        }
      },
      "cpu2_STLB": {
        "LOAD": {
          "hit":112354,
          "miss":19865
        },
        "RFO": {
          "hit":0,
          "miss":0
        },
        "PREFETCH": {
          "hit":0,
          "miss":0
        },
        "WRITE": {
          "hit":0,
          "miss":0
        },
        "TRANSLATION": {
          "hit":0,
          "miss":0
        },
        "mshr full": 0,
        "prefetch requested": 0,
        "prefetch issued": 0,
        "prefetch filled": 0,
        "prefetch useful": 0,
        "prefetch useless": 0,
        "prefetch late": 0,
        "pf_useful_at_l2_from_l1":          0,
        "pf_late_at_l2_from_l1":          0,
        "pf_useless_at_l2_from_l1":          0,
        "pf_at_l2_to_l1":          0,
        "pf_fill_this_level":          0,
        "miss latency": 15.3144,
        "cache queues": {
          "PQ_ACCESS": 0,
          "PQ_FULL": 0,
          "PQ_TO_CACHE": 0,
          "PQ_MERGED": 0,
          "RQ_ACCESS": 132219,
          "RQ_MERGED": 0,
          "RQ_FULL": 0,
          "WQ_ACCESS": 0,
          "WQ_MERGED": 0,
          "WQ_FULL": 0
        }
      },
      "cpu1_STLB": {
        "LOAD": {
          "hit":3993,
          "miss":567
        },
        "RFO": {
          "hit":0,
          "miss":0
        },
        "PREFETCH": {
          "hit":0,
          "miss":0
        },
        "WRITE": {
          "hit":0,
          "miss":0
        },
        "TRANSLATION": {
          "hit":0,
          "miss":0
        },
        "mshr full": 0,
        "prefetch requested": 0,
        "prefetch issued": 0,
        "prefetch filled": 0,
        "prefetch useful": 0,
        "prefetch useless": 0,
        "prefetch late": 0,
        "pf_useful_at_l2_from_l1":          0,
        "pf_late_at_l2_from_l1":          0,
        "pf_useless_at_l2_from_l1":          0,
        "pf_at_l2_to_l1":          0,
        "pf_fill_this_level":          0,
        "miss latency": 330.78,
        "cache queues": {
          "PQ_ACCESS": 0,
          "PQ_FULL": 0,
          "PQ_TO_CACHE": 0,
          "PQ_MERGED": 0,
          "RQ_ACCESS": 38116,
          "RQ_MERGED": 0,
          "RQ_FULL": 0,
          "WQ_ACCESS": 0,
          "WQ_MERGED": 0,
          "WQ_FULL": 0
        }
      },
      "cpu0_STLB": {
        "LOAD": {
          "hit":16515,
          "miss":17196
        },
        "RFO": {
          "hit":0,
          "miss":0
        },
        "PREFETCH": {
          "hit":0,
          "miss":0
        },
        "WRITE": {
          "hit":0,
          "miss":0
        },
        "TRANSLATION": {
          "hit":0,
          "miss":0
        },
        "mshr full": 0,
        "prefetch requested": 0,
        "prefetch issued": 0,
        "prefetch filled": 0,
        "prefetch useful": 0,
        "prefetch useless": 0,
        "prefetch late": 0,
        "pf_useful_at_l2_from_l1":          0,
        "pf_late_at_l2_from_l1":          0,
        "pf_useless_at_l2_from_l1":          0,
        "pf_at_l2_to_l1":          0,
        "pf_fill_this_level":          0,
        "miss latency": 8.05967,
        "cache queues": {
          "PQ_ACCESS": 0,
          "PQ_FULL": 0,
          "PQ_TO_CACHE": 0,
          "PQ_MERGED": 0,
          "RQ_ACCESS": 71356,
          "RQ_MERGED": 0,
          "RQ_FULL": 0,
          "WQ_ACCESS": 0,
          "WQ_MERGED": 0,
          "WQ_FULL": 0
        }
      },
      "cpu3_L1D": {
        "LOAD": {
          "hit":5412293,
          "miss":6654
        },
        "RFO": {
          "hit":0,
          "miss":0
        },
        "PREFETCH": {
          "hit":1230,
          "miss":5641
        },
        "WRITE": {
          "hit":3183325,
          "miss":624
        },
        "TRANSLATION": {
          "hit":22,
          "miss":235
        },
        "mshr full": 1626,
        "prefetch requested": 29053,
        "prefetch issued": 29053,
        "prefetch filled": 244,
        "prefetch useful": 46,
        "prefetch useless": 197,
        "prefetch late": 4,
        "pf_useful_at_l2_from_l1":          0,
        "pf_late_at_l2_from_l1":          0,
        "pf_useless_at_l2_from_l1":          0,
        "pf_at_l2_to_l1":          0,
        "pf_fill_this_level":        244,
        "miss latency": 65.7358,
        "cache queues": {
          "PQ_ACCESS": 29053,
          "PQ_FULL": 0,
          "PQ_TO_CACHE": 29053,
          "PQ_MERGED": 0,
          "RQ_ACCESS": 35286942,
          "RQ_MERGED": 999719,
          "RQ_FULL": 0,
          "WQ_ACCESS": 21052098,
          "WQ_MERGED": 114078,
          "WQ_FULL": 0
        }
      },
      "cpu2_L1D": {
        "LOAD": {
          "hit":4907395,
          "miss":1806162
        },
        "RFO": {
          "hit":0,
          "miss":0
        },
        "PREFETCH": {
          "hit":115878,
          "miss":1266438
        },
        "WRITE": {
          "hit":893612,
          "miss":583614
        },
        "TRANSLATION": {
          "hit":7525,
          "miss":12104
        },
        "mshr full": 15127841,
        "prefetch requested": 1382396,
        "prefetch issued": 1382396,
        "prefetch filled": 97150,
        "prefetch useful": 93602,
        "prefetch useless": 6667,
        "prefetch late": 3131,
        "pf_useful_at_l2_from_l1":          0,
        "pf_late_at_l2_from_l1":          0,
        "pf_useless_at_l2_from_l1":          0,
        "pf_at_l2_to_l1":          0,
        "pf_fill_this_level":      97149,
        "miss latency": 10.6388,
        "cache queues": {
          "PQ_ACCESS": 1382396,
          "PQ_FULL": 0,
          "PQ_TO_CACHE": 1382396,
          "PQ_MERGED": 79,
          "RQ_ACCESS": 133366003,
          "RQ_MERGED": 750398,
          "RQ_FULL": 125902016,
          "WQ_ACCESS": 2979954,
          "WQ_MERGED": 153,
          "WQ_FULL": 1502575
        }
      },
      "cpu1_L1D": {
        "LOAD": {
          "hit":3692896,
          "miss":22738
        },
        "RFO": {
          "hit":0,
          "miss":0
        },
        "PREFETCH": {
          "hit":431020,
          "miss":913782
        },
        "WRITE": {
          "hit":4511387,
          "miss":4220
        },
        "TRANSLATION": {
          "hit":21,
          "miss":546
        },
        "mshr full": 0,
        "prefetch requested": 10684155,
        "prefetch issued": 10684155,
        "prefetch filled": 4783,
        "prefetch useful": 230,
        "prefetch useless": 4513,
        "prefetch late": 11,
        "pf_useful_at_l2_from_l1":          0,
        "pf_late_at_l2_from_l1":          0,
        "pf_useless_at_l2_from_l1":          0,
        "pf_at_l2_to_l1":          0,
        "pf_fill_this_level":       4780,
        "miss latency": 6.4671,
        "cache queues": {
          "PQ_ACCESS": 10684155,
          "PQ_FULL": 0,
          "PQ_TO_CACHE": 10684155,
          "PQ_MERGED": 6,
          "RQ_ACCESS": 28416747,
          "RQ_MERGED": 259478,
          "RQ_FULL": 0,
          "WQ_ACCESS": 34464256,
          "WQ_MERGED": 232983,
          "WQ_FULL": 0
        }
      },
      "cpu0_L1D": {
        "LOAD": {
          "hit":5255955,
          "miss":1230366
        },
        "RFO": {
          "hit":0,
          "miss":0
        },
        "PREFETCH": {
          "hit":37521,
          "miss":403682
        },
        "WRITE": {
          "hit":5399427,
          "miss":1609
        },
        "TRANSLATION": {
          "hit":12287,
          "miss":4914
        },
        "mshr full": 47064398,
        "prefetch requested": 712390,
        "prefetch issued": 712390,
        "prefetch filled": 75463,
        "prefetch useful": 58549,
        "prefetch useless": 28180,
        "prefetch late": 11267,
        "pf_useful_at_l2_from_l1":          0,
        "pf_late_at_l2_from_l1":          0,
        "pf_useless_at_l2_from_l1":          0,
        "pf_at_l2_to_l1":          0,
        "pf_fill_this_level":      75463,
        "miss latency": 30.6622,
        "cache queues": {
          "PQ_ACCESS": 712390,
          "PQ_FULL": 0,
          "PQ_TO_CACHE": 712390,
          "PQ_MERGED": 0,
          "RQ_ACCESS": 953542818,
          "RQ_MERGED": 492582,
          "RQ_FULL": 943029689,
          "WQ_ACCESS": 7871582,
          "WQ_MERGED": 213204,
          "WQ_FULL": 0
        }
      },
      "cpu3_L2C": {
        "LOAD": {
          "hit":3475,
          "miss":1911
        },
        "RFO": {
          "hit":99,
          "miss":91
        },
        "PREFETCH": {
          "hit":1870,
          "miss":3653
        },
        "WRITE": {
          "hit":283,
          "miss":0
        },
        "TRANSLATION": {
          "hit":100,
          "miss":135
        },
        "mshr full": 15946,
        "prefetch requested": 0,
        "prefetch issued": 0,
        "prefetch filled": 14669,
        "prefetch useful": 0,
        "prefetch useless": 0,
        "prefetch late": 0,
        "pf_useful_at_l2_from_l1":       5858,
        "pf_late_at_l2_from_l1":        543,
        "pf_useless_at_l2_from_l1":       5868,
        "pf_at_l2_to_l1":         20,
        "pf_fill_this_level":      14480,
        "miss latency": 568.203,
        "cache queues": {
          "PQ_ACCESS": 24443,
          "PQ_FULL": 13,
          "PQ_TO_CACHE": 24430,
          "PQ_MERGED": 0,
          "RQ_ACCESS": 24962,
          "RQ_MERGED": 0,
          "RQ_FULL": 0,
          "WQ_ACCESS": 1186,
          "WQ_MERGED": 0,
          "WQ_FULL": 0
        }
      },
      "cpu2_L2C": {
        "LOAD": {
          "hit":493207,
          "miss":471675
        },
        "RFO": {
          "hit":15958,
          "miss":144590
        },
        "PREFETCH": {
          "hit":400788,
          "miss":836071
        },
        "WRITE": {
          "hit":480336,
          "miss":0
        },
        "TRANSLATION": {
          "hit":4426,
          "miss":7678
        },
        "mshr full": 2889405,
        "prefetch requested": 0,
        "prefetch issued": 0,
        "prefetch filled": 790388,
        "prefetch useful": 0,
        "prefetch useless": 0,
        "prefetch late": 0,
        "pf_useful_at_l2_from_l1":     357415,
        "pf_late_at_l2_from_l1":      40470,
        "pf_useless_at_l2_from_l1":     374573,
        "pf_at_l2_to_l1":        874,
        "pf_fill_this_level":     694470,
        "miss latency": 63.9082,
        "cache queues": {
          "PQ_ACCESS": 1591305,
          "PQ_FULL": 354386,
          "PQ_TO_CACHE": 1236919,
          "PQ_MERGED": 36,
          "RQ_ACCESS": 1137654,
          "RQ_MERGED": 0,
          "RQ_FULL": 0,
          "WQ_ACCESS": 480428,
          "WQ_MERGED": 0,
          "WQ_FULL": 0
        }
      },
      "cpu1_L2C": {
        "LOAD": {
          "hit":15361,
          "miss":2045
        },
        "RFO": {
          "hit":67,
          "miss":733
        },
        "PREFETCH": {
          "hit":897483,
          "miss":15590
        },
        "WRITE": {
          "hit":1950,
          "miss":0
        },
        "TRANSLATION": {
          "hit":230,
          "miss":316
        },
        "mshr full": 160104,
        "prefetch requested": 0,
        "prefetch issued": 0,
        "prefetch filled": 119575,
        "prefetch useful": 0,
        "prefetch useless": 0,
        "prefetch late": 0,
        "pf_useful_at_l2_from_l1":      26973,
        "pf_late_at_l2_from_l1":       1234,
        "pf_useless_at_l2_from_l1":      86927,
        "pf_at_l2_to_l1":        604,
        "pf_fill_this_level":     118742,
        "miss latency": 1533.8,
        "cache queues": {
          "PQ_ACCESS": 7241811,
          "PQ_FULL": 28508,
          "PQ_TO_CACHE": 7213303,
          "PQ_MERGED": 76,
          "RQ_ACCESS": 145202,
          "RQ_MERGED": 0,
          "RQ_FULL": 0,
          "WQ_ACCESS": 15686,
          "WQ_MERGED": 0,
          "WQ_FULL": 0
        }
      },
      "cpu0_L2C": {
        "LOAD": {
          "hit":148903,
          "miss":763284
        },
        "RFO": {
          "hit":456,
          "miss":30
        },
        "PREFETCH": {
          "hit":82892,
          "miss":284505
        },
        "WRITE": {
          "hit":15539,
          "miss":0
        },
        "TRANSLATION": {
          "hit":3099,
          "miss":1815
        },
        "mshr full": 195019,
        "prefetch requested": 0,
        "prefetch issued": 0,
        "prefetch filled": 439037,
        "prefetch useful": 0,
        "prefetch useless": 0,
        "prefetch late": 0,
        "pf_useful_at_l2_from_l1":     235350,
        "pf_late_at_l2_from_l1":      18571,
        "pf_useless_at_l2_from_l1":     137712,
        "pf_at_l2_to_l1":        445,
        "pf_fill_this_level":     354957,
        "miss latency": 59.4429,
        "cache queues": {
          "PQ_ACCESS": 596095,
          "PQ_FULL": 10644,
          "PQ_TO_CACHE": 585451,
          "PQ_MERGED": 3,
          "RQ_ACCESS": 1723994,
          "RQ_MERGED": 0,
          "RQ_FULL": 0,
          "WQ_ACCESS": 25716,
          "WQ_MERGED": 0,
          "WQ_FULL": 0
        }
      },
      "LLC": {
        "LOAD": {
          "hit": [167104, 16, 149423, 0],
          "miss": [583838, 1889, 281774, 1796]
        },
        "RFO": {
          "hit": [19, 4, 89063, 0],
          "miss": [11, 729, 55524, 91]
        },
        "PREFETCH": {
          "hit": [55715, 171, 246909, 0],
          "miss": [228274, 15412, 583959, 3644]
        },
        "WRITE": {
          "hit": [9377, 474, 368766, 0],
          "miss": [0, 0, 0, 0]
        },
        "TRANSLATION": {
          "hit": [905, 4, 3298, 0],
          "miss": [910, 312, 4380, 135]
        },
        "mshr full": 0,
        "prefetch requested": 0,
        "prefetch issued": 0,
        "prefetch filled": 1056060,
        "prefetch useful": 0,
        "prefetch useless": 0,
        "prefetch late": 0,
        "pf_useful_at_l2_from_l1":          0,
        "pf_late_at_l2_from_l1":          0,
        "pf_useless_at_l2_from_l1":          0,
        "pf_at_l2_to_l1":      18137,
        "pf_fill_this_level":          0,
        "miss latency": 95.9106,
        "cache queues": {
          "PQ_ACCESS": 1424512,
          "PQ_FULL": 0,
          "PQ_TO_CACHE": 1424512,
          "PQ_MERGED": 0,
          "RQ_ACCESS": 2084656,
          "RQ_MERGED": 0,
          "RQ_FULL": 0,
          "WQ_ACCESS": 396819,
          "WQ_MERGED": 0,
          "WQ_FULL": 0
        }
      },
      "DRAM": [
        {
          "RQ ROW_BUFFER_HIT": 1085893,
          "RQ ROW_BUFFER_MISS": 1061999,
          "PQ FULL": 347567,
          "WQ ROW_BUFFER_HIT": 18059,
          "WQ ROW_BUFFER_MISS": 170051,
          "WQ FULL": 0,
          "AVG DBUS CONGESTED CYCLE": 3.96379
        }
      ]

    },
    "sim": {
      "cores": [
        {
          "instructions": 37090200,
          "cycles": 64663417,
          "Avg ROB occupancy at mispredict": 76.5919, 
          "mispredict": {
            "BRANCH_DIRECT_JUMP": 0,
            "BRANCH_INDIRECT": 0,
            "BRANCH_CONDITIONAL": 97738,
            "BRANCH_DIRECT_CALL": 0,
            "BRANCH_INDIRECT_CALL": 0,
            "BRANCH_RETURN": 0
          }
        },
        {
          "instructions": 189562346,
          "cycles": 64663417,
          "Avg ROB occupancy at mispredict": 57.6662, 
          "mispredict": {
            "BRANCH_DIRECT_JUMP": 72,
            "BRANCH_INDIRECT": 1,
            "BRANCH_CONDITIONAL": 168100,
            "BRANCH_DIRECT_CALL": 706,
            "BRANCH_INDIRECT_CALL": 14,
            "BRANCH_RETURN": 705
          }
        },
        {
          "instructions": 25000002,
          "cycles": 64663417,
          "Avg ROB occupancy at mispredict": 12.7803, 
          "mispredict": {
            "BRANCH_DIRECT_JUMP": 19,
            "BRANCH_INDIRECT": 6,
            "BRANCH_CONDITIONAL": 846738,
            "BRANCH_DIRECT_CALL": 3,
            "BRANCH_INDIRECT_CALL": 18,
            "BRANCH_RETURN": 23
          }
        },
        {
          "instructions": 154421899,
          "cycles": 64663417,
          "Avg ROB occupancy at mispredict": 38.3452, 
          "mispredict": {
            "BRANCH_DIRECT_JUMP": 335,
            "BRANCH_INDIRECT": 54325,
            "BRANCH_CONDITIONAL": 1276116,
            "BRANCH_DIRECT_CALL": 767,
            "BRANCH_INDIRECT_CALL": 611,
            "BRANCH_RETURN": 174
          }
        }
      ],
      "cpu3_L1I": {
        "LOAD": {
          "hit":156338,
          "miss":15855
        },
        "RFO": {
          "hit":0,
          "miss":0
        },
        "PREFETCH": {
          "hit":0,
          "miss":0
        },
        "WRITE": {
          "hit":0,
          "miss":0
        },
        "TRANSLATION": {
          "hit":0,
          "miss":0
        },
        "mshr full": 0,
        "prefetch requested": 0,
        "prefetch issued": 0,
        "prefetch filled": 0,
        "prefetch useful": 0,
        "prefetch useless": 0,
        "prefetch late": 0,
        "pf_useful_at_l2_from_l1":          0,
        "pf_late_at_l2_from_l1":          0,
        "pf_useless_at_l2_from_l1":          0,
        "pf_at_l2_to_l1":          0,
        "pf_fill_this_level":          0,
        "miss latency": 1.1491,
        "cache queues": {
          "PQ_ACCESS": 0,
          "PQ_FULL": 0,
          "PQ_TO_CACHE": 0,
          "PQ_MERGED": 0,
          "RQ_ACCESS": 172655,
          "RQ_MERGED": 462,
          "RQ_FULL": 0,
          "WQ_ACCESS": 0,
          "WQ_MERGED": 0,
          "WQ_FULL": 0
        }
      },
      "cpu3_ITLB": {
        "LOAD": {
          "hit":170873,
          "miss":5
        },
        "RFO": {
          "hit":0,
          "miss":0
        },
        "PREFETCH": {
          "hit":0,
          "miss":0
        },
        "WRITE": {
          "hit":0,
          "miss":0
        },
        "TRANSLATION": {
          "hit":0,
          "miss":0
        },
        "mshr full": 0,
        "prefetch requested": 0,
        "prefetch issued": 0,
        "prefetch filled": 0,
        "prefetch useful": 0,
        "prefetch useless": 0,
        "prefetch late": 0,
        "pf_useful_at_l2_from_l1":          0,
        "pf_late_at_l2_from_l1":          0,
        "pf_useless_at_l2_from_l1":          0,
        "pf_at_l2_to_l1":          0,
        "pf_fill_this_level":          0,
        "miss latency": 8.91251,
        "cache queues": {
          "PQ_ACCESS": 0,
          "PQ_FULL": 0,
          "PQ_TO_CACHE": 0,
          "PQ_MERGED": 0,
          "RQ_ACCESS": 170878,
          "RQ_MERGED": 0,
          "RQ_FULL": 0,
          "WQ_ACCESS": 0,
          "WQ_MERGED": 0,
          "WQ_FULL": 0
        }
      },
      "cpu3_DTLB": {
        "LOAD": {
          "hit":53780980,
          "miss":21113
        },
        "RFO": {
          "hit":0,
          "miss":0
        },
        "PREFETCH": {
          "hit":0,
          "miss":0
        },
        "WRITE": {
          "hit":0,
          "miss":0
        },
        "TRANSLATION": {
          "hit":0,
          "miss":0
        },
        "mshr full": 0,
        "prefetch requested": 0,
        "prefetch issued": 0,
        "prefetch filled": 0,
        "prefetch useful": 0,
        "prefetch useless": 0,
        "prefetch late": 0,
        "pf_useful_at_l2_from_l1":          0,
        "pf_late_at_l2_from_l1":          0,
        "pf_useless_at_l2_from_l1":          0,
        "pf_at_l2_to_l1":          0,
        "pf_fill_this_level":          0,
        "miss latency": 2.10996,
        "cache queues": {
          "PQ_ACCESS": 0,
          "PQ_FULL": 0,
          "PQ_TO_CACHE": 0,
          "PQ_MERGED": 0,
          "RQ_ACCESS": 53837153,
          "RQ_MERGED": 0,
          "RQ_FULL": 35059,
          "WQ_ACCESS": 0,
          "WQ_MERGED": 0,
          "WQ_FULL": 0
        }
      },
      "cpu2_L1I": {
        "LOAD": {
          "hit":1803,
          "miss":147
        },
        "RFO": {
          "hit":0,
          "miss":0
        },
        "PREFETCH": {
          "hit":0,
          "miss":0
        },
        "WRITE": {
          "hit":0,
          "miss":0
        },
        "TRANSLATION": {
          "hit":0,
          "miss":0
        },
        "mshr full": 0,
        "prefetch requested": 0,
        "prefetch issued": 0,
        "prefetch filled": 0,
        "prefetch useful": 0,
        "prefetch useless": 0,
        "prefetch late": 0,
        "pf_useful_at_l2_from_l1":          0,
        "pf_late_at_l2_from_l1":          0,
        "pf_useless_at_l2_from_l1":          0,
        "pf_at_l2_to_l1":          0,
        "pf_fill_this_level":          0,
        "miss latency": 22.6795,
        "cache queues": {
          "PQ_ACCESS": 0,
          "PQ_FULL": 0,
          "PQ_TO_CACHE": 0,
          "PQ_MERGED": 0,
          "RQ_ACCESS": 1976,
          "RQ_MERGED": 26,
          "RQ_FULL": 0,
          "WQ_ACCESS": 0,
          "WQ_MERGED": 0,
          "WQ_FULL": 0
        }
      },
      "cpu2_ITLB": {
        "LOAD": {
          "hit":1911,
          "miss":0
        },
        "RFO": {
          "hit":0,
          "miss":0
        },
        "PREFETCH": {
          "hit":0,
          "miss":0
        },
        "WRITE": {
          "hit":0,
          "miss":0
        },
        "TRANSLATION": {
          "hit":0,
          "miss":0
        },
        "mshr full": 0,
        "prefetch requested": 0,
        "prefetch issued": 0,
        "prefetch filled": 0,
        "prefetch useful": 0,
        "prefetch useless": 0,
        "prefetch late": 0,
        "pf_useful_at_l2_from_l1":          0,
        "pf_late_at_l2_from_l1":          0,
        "pf_useless_at_l2_from_l1":          0,
        "pf_at_l2_to_l1":          0,
        "pf_fill_this_level":          0,
        "miss latency": null,
        "cache queues": {
          "PQ_ACCESS": 0,
          "PQ_FULL": 0,
          "PQ_TO_CACHE": 0,
          "PQ_MERGED": 0,
          "RQ_ACCESS": 1911,
          "RQ_MERGED": 0,
          "RQ_FULL": 0,
          "WQ_ACCESS": 0,
          "WQ_MERGED": 0,
          "WQ_FULL": 0
        }
      },
      "cpu2_DTLB": {
        "LOAD": {
          "hit":7635171,
          "miss":339044
        },
        "RFO": {
          "hit":0,
          "miss":0
        },
        "PREFETCH": {
          "hit":0,
          "miss":0
        },
        "WRITE": {
          "hit":0,
          "miss":0
        },
        "TRANSLATION": {
          "hit":0,
          "miss":0
        },
        "mshr full": 37483,
        "prefetch requested": 0,
        "prefetch issued": 0,
        "prefetch filled": 0,
        "prefetch useful": 0,
        "prefetch useless": 0,
        "prefetch late": 0,
        "pf_useful_at_l2_from_l1":          0,
        "pf_late_at_l2_from_l1":          0,
        "pf_useless_at_l2_from_l1":          0,
        "pf_at_l2_to_l1":          0,
        "pf_fill_this_level":          0,
        "miss latency": 1.09752,
        "cache queues": {
          "PQ_ACCESS": 0,
          "PQ_FULL": 0,
          "PQ_TO_CACHE": 0,
          "PQ_MERGED": 0,
          "RQ_ACCESS": 9367497,
          "RQ_MERGED": 0,
          "RQ_FULL": 1393282,
          "WQ_ACCESS": 0,
          "WQ_MERGED": 0,
          "WQ_FULL": 0
        }
      },
      "cpu1_L1I": {
        "LOAD": {
          "hit":14882,
          "miss":2
        },
        "RFO": {
          "hit":0,
          "miss":0
        },
        "PREFETCH": {
          "hit":0,
          "miss":0
        },
        "WRITE": {
          "hit":0,
          "miss":0
        },
        "TRANSLATION": {
          "hit":0,
          "miss":0
        },
        "mshr full": 0,
        "prefetch requested": 0,
        "prefetch issued": 0,
        "prefetch filled": 0,
        "prefetch useful": 0,
        "prefetch useless": 0,
        "prefetch late": 0,
        "pf_useful_at_l2_from_l1":          0,
        "pf_late_at_l2_from_l1":          0,
        "pf_useless_at_l2_from_l1":          0,
        "pf_at_l2_to_l1":          0,
        "pf_fill_this_level":          0,
        "miss latency": 83.0313,
        "cache queues": {
          "PQ_ACCESS": 0,
          "PQ_FULL": 0,
          "PQ_TO_CACHE": 0,
          "PQ_MERGED": 0,
          "RQ_ACCESS": 14930,
          "RQ_MERGED": 46,
          "RQ_FULL": 0,
          "WQ_ACCESS": 0,
          "WQ_MERGED": 0,
          "WQ_FULL": 0
        }
      },
      "cpu1_ITLB": {
        "LOAD": {
          "hit":14659,
          "miss":0
        },
        "RFO": {
          "hit":0,
          "miss":0
        },
        "PREFETCH": {
          "hit":0,
          "miss":0
        },
        "WRITE": {
          "hit":0,
          "miss":0
        },
        "TRANSLATION": {
          "hit":0,
          "miss":0
        },
        "mshr full": 0,
        "prefetch requested": 0,
        "prefetch issued": 0,
        "prefetch filled": 0,
        "prefetch useful": 0,
        "prefetch useless": 0,
        "prefetch late": 0,
        "pf_useful_at_l2_from_l1":          0,
        "pf_late_at_l2_from_l1":          0,
        "pf_useless_at_l2_from_l1":          0,
        "pf_at_l2_to_l1":          0,
        "pf_fill_this_level":          0,
        "miss latency": null,
        "cache queues": {
          "PQ_ACCESS": 0,
          "PQ_FULL": 0,
          "PQ_TO_CACHE": 0,
          "PQ_MERGED": 0,
          "RQ_ACCESS": 14659,
          "RQ_MERGED": 0,
          "RQ_FULL": 0,
          "WQ_ACCESS": 0,
          "WQ_MERGED": 0,
          "WQ_FULL": 0
        }
      },
      "cpu1_DTLB": {
        "LOAD": {
          "hit":59809758,
          "miss":52798
        },
        "RFO": {
          "hit":0,
          "miss":0
        },
        "PREFETCH": {
          "hit":0,
          "miss":0
        },
        "WRITE": {
          "hit":0,
          "miss":0
        },
        "TRANSLATION": {
          "hit":0,
          "miss":0
        },
        "mshr full": 0,
        "prefetch requested": 0,
        "prefetch issued": 0,
        "prefetch filled": 0,
        "prefetch useful": 0,
        "prefetch useless": 0,
        "prefetch late": 0,
        "pf_useful_at_l2_from_l1":          0,
        "pf_late_at_l2_from_l1":          0,
        "pf_useless_at_l2_from_l1":          0,
        "pf_at_l2_to_l1":          0,
        "pf_fill_this_level":          0,
        "miss latency": 3.91391,
        "cache queues": {
          "PQ_ACCESS": 0,
          "PQ_FULL": 0,
          "PQ_TO_CACHE": 0,
          "PQ_MERGED": 0,
          "RQ_ACCESS": 59862554,
          "RQ_MERGED": 0,
          "RQ_FULL": 0,
          "WQ_ACCESS": 0,
          "WQ_MERGED": 0,
          "WQ_FULL": 0
        }
      },
      "cpu0_L1I": {
        "LOAD": {
          "hit":0,
          "miss":0
        },
        "RFO": {
          "hit":0,
          "miss":0
        },
        "PREFETCH": {
          "hit":0,
          "miss":0
        },
        "WRITE": {
          "hit":0,
          "miss":0
        },
        "TRANSLATION": {
          "hit":0,
          "miss":0
        },
        "mshr full": 0,
        "prefetch requested": 0,
        "prefetch issued": 0,
        "prefetch filled": 0,
        "prefetch useful": 0,
        "prefetch useless": 0,
        "prefetch late": 0,
        "pf_useful_at_l2_from_l1":          0,
        "pf_late_at_l2_from_l1":          0,
        "pf_useless_at_l2_from_l1":          0,
        "pf_at_l2_to_l1":          0,
        "pf_fill_this_level":          0,
        "miss latency": null,
        "cache queues": {
          "PQ_ACCESS": 0,
          "PQ_FULL": 0,
          "PQ_TO_CACHE": 0,
          "PQ_MERGED": 0,
          "RQ_ACCESS": 0,
          "RQ_MERGED": 0,
          "RQ_FULL": 0,
          "WQ_ACCESS": 0,
          "WQ_MERGED": 0,
          "WQ_FULL": 0
        }
      },
      "cpu0_ITLB": {
        "LOAD": {
          "hit":0,
          "miss":0
        },
        "RFO": {
          "hit":0,
          "miss":0
        },
        "PREFETCH": {
          "hit":0,
          "miss":0
        },
        "WRITE": {
          "hit":0,
          "miss":0
        },
        "TRANSLATION": {
          "hit":0,
          "miss":0
        },
        "mshr full": 0,
        "prefetch requested": 0,
        "prefetch issued": 0,
        "prefetch filled": 0,
        "prefetch useful": 0,
        "prefetch useless": 0,
        "prefetch late": 0,
        "pf_useful_at_l2_from_l1":          0,
        "pf_late_at_l2_from_l1":          0,
        "pf_useless_at_l2_from_l1":          0,
        "pf_at_l2_to_l1":          0,
        "pf_fill_this_level":          0,
        "miss latency": null,
        "cache queues": {
          "PQ_ACCESS": 0,
          "PQ_FULL": 0,
          "PQ_TO_CACHE": 0,
          "PQ_MERGED": 0,
          "RQ_ACCESS": 0,
          "RQ_MERGED": 0,
          "RQ_FULL": 0,
          "WQ_ACCESS": 0,
          "WQ_MERGED": 0,
          "WQ_FULL": 0
        }
      },
      "cpu0_DTLB": {
        "LOAD": {
          "hit":16730807,
          "miss":394193
        },
        "RFO": {
          "hit":0,
          "miss":0
        },
        "PREFETCH": {
          "hit":0,
          "miss":0
        },
        "WRITE": {
          "hit":0,
          "miss":0
        },
        "TRANSLATION": {
          "hit":0,
          "miss":0
        },
        "mshr full": 0,
        "prefetch requested": 0,
        "prefetch issued": 0,
        "prefetch filled": 0,
        "prefetch useful": 0,
        "prefetch useless": 0,
        "prefetch late": 0,
        "pf_useful_at_l2_from_l1":          0,
        "pf_late_at_l2_from_l1":          0,
        "pf_useless_at_l2_from_l1":          0,
        "pf_at_l2_to_l1":          0,
        "pf_fill_this_level":          0,
        "miss latency": 0.443935,
        "cache queues": {
          "PQ_ACCESS": 0,
          "PQ_FULL": 0,
          "PQ_TO_CACHE": 0,
          "PQ_MERGED": 0,
          "RQ_ACCESS": 17562604,
          "RQ_MERGED": 0,
          "RQ_FULL": 437607,
          "WQ_ACCESS": 0,
          "WQ_MERGED": 0,
          "WQ_FULL": 0
        }
      },
      "cpu3_STLB": {
        "LOAD": {
          "hit":9446,
          "miss":811
        },
        "RFO": {
          "hit":0,
          "miss":0
        },
        "PREFETCH": {
          "hit":0,
          "miss":0
        },
        "WRITE": {
          "hit":0,
          "miss":0
        },
        "TRANSLATION": {
          "hit":0,
          "miss":0
        },
        "mshr full": 0,
        "prefetch requested": 0,
        "prefetch issued": 0,
        "prefetch filled": 0,
        "prefetch useful": 0,
        "prefetch useless": 0,
        "prefetch late": 0,
        "pf_useful_at_l2_from_l1":          0,
        "pf_late_at_l2_from_l1":          0,
        "pf_useless_at_l2_from_l1":          0,
        "pf_at_l2_to_l1":          0,
        "pf_fill_this_level":          0,
        "miss latency": 48.8146,
        "cache queues": {
          "PQ_ACCESS": 0,
          "PQ_FULL": 0,
          "PQ_TO_CACHE": 0,
          "PQ_MERGED": 0,
          "RQ_ACCESS": 10257,
          "RQ_MERGED": 0,
          "RQ_FULL": 0,
          "WQ_ACCESS": 0,
          "WQ_MERGED": 0,
          "WQ_FULL": 0
        }
      },
      "cpu2_STLB": {
        "LOAD": {
          "hit":112354,
          "miss":19865
        },
        "RFO": {
          "hit":0,
          "miss":0
        },
        "PREFETCH": {
          "hit":0,
          "miss":0
        },
        "WRITE": {
          "hit":0,
          "miss":0
        },
        "TRANSLATION": {
          "hit":0,
          "miss":0
        },
        "mshr full": 0,
        "prefetch requested": 0,
        "prefetch issued": 0,
        "prefetch filled": 0,
        "prefetch useful": 0,
        "prefetch useless": 0,
        "prefetch late": 0,
        "pf_useful_at_l2_from_l1":          0,
        "pf_late_at_l2_from_l1":          0,
        "pf_useless_at_l2_from_l1":          0,
        "pf_at_l2_to_l1":          0,
        "pf_fill_this_level":          0,
        "miss latency": 15.3144,
        "cache queues": {
          "PQ_ACCESS": 0,
          "PQ_FULL": 0,
          "PQ_TO_CACHE": 0,
          "PQ_MERGED": 0,
          "RQ_ACCESS": 132219,
          "RQ_MERGED": 0,
          "RQ_FULL": 0,
          "WQ_ACCESS": 0,
          "WQ_MERGED": 0,
          "WQ_FULL": 0
        }
      },
      "cpu1_STLB": {
        "LOAD": {
          "hit":34354,
          "miss":3762
        },
        "RFO": {
          "hit":0,
          "miss":0
        },
        "PREFETCH": {
          "hit":0,
          "miss":0
        },
        "WRITE": {
          "hit":0,
          "miss":0
        },
        "TRANSLATION": {
          "hit":0,
          "miss":0
        },
        "mshr full": 0,
        "prefetch requested": 0,
        "prefetch issued": 0,
        "prefetch filled": 0,
        "prefetch useful": 0,
        "prefetch useless": 0,
        "prefetch late": 0,
        "pf_useful_at_l2_from_l1":          0,
        "pf_late_at_l2_from_l1":          0,
        "pf_useless_at_l2_from_l1":          0,
        "pf_at_l2_to_l1":          0,
        "pf_fill_this_level":          0,
        "miss latency": 49.8543,
        "cache queues": {
          "PQ_ACCESS": 0,
          "PQ_FULL": 0,
          "PQ_TO_CACHE": 0,
          "PQ_MERGED": 0,
          "RQ_ACCESS": 38116,
          "RQ_MERGED": 0,
          "RQ_FULL": 0,
          "WQ_ACCESS": 0,
          "WQ_MERGED": 0,
          "WQ_FULL": 0
        }
      },
      "cpu0_STLB": {
        "LOAD": {
          "hit":40029,
          "miss":31327
        },
        "RFO": {
          "hit":0,
          "miss":0
        },
        "PREFETCH": {
          "hit":0,
          "miss":0
        },
        "WRITE": {
          "hit":0,
          "miss":0
        },
        "TRANSLATION": {
          "hit":0,
          "miss":0
        },
        "mshr full": 0,
        "prefetch requested": 0,
        "prefetch issued": 0,
        "prefetch filled": 0,
        "prefetch useful": 0,
        "prefetch useless": 0,
        "prefetch late": 0,
        "pf_useful_at_l2_from_l1":          0,
        "pf_late_at_l2_from_l1":          0,
        "pf_useless_at_l2_from_l1":          0,
        "pf_at_l2_to_l1":          0,
        "pf_fill_this_level":          0,
        "miss latency": 4.42411,
        "cache queues": {
          "PQ_ACCESS": 0,
          "PQ_FULL": 0,
          "PQ_TO_CACHE": 0,
          "PQ_MERGED": 0,
          "RQ_ACCESS": 71356,
          "RQ_MERGED": 0,
          "RQ_FULL": 0,
          "WQ_ACCESS": 0,
          "WQ_MERGED": 0,
          "WQ_FULL": 0
        }
      },
      "cpu3_L1D": {
        "LOAD": {
          "hit":34213964,
          "miss":28500
        },
        "RFO": {
          "hit":0,
          "miss":0
        },
        "PREFETCH": {
          "hit":4141,
          "miss":24912
        },
        "WRITE": {
          "hit":20935282,
          "miss":2731
        },
        "TRANSLATION": {
          "hit":51,
          "miss":760
        },
        "mshr full": 1626,
        "prefetch requested": 29053,
        "prefetch issued": 29053,
        "prefetch filled": 244,
        "prefetch useful": 46,
        "prefetch useless": 197,
        "prefetch late": 4,
        "pf_useful_at_l2_from_l1":          0,
        "pf_late_at_l2_from_l1":          0,
        "pf_useless_at_l2_from_l1":          0,
        "pf_at_l2_to_l1":          0,
        "pf_fill_this_level":        244,
        "miss latency": 15.2691,
        "cache queues": {
          "PQ_ACCESS": 29053,
          "PQ_FULL": 0,
          "PQ_TO_CACHE": 29053,
          "PQ_MERGED": 0,
          "RQ_ACCESS": 35286942,
          "RQ_MERGED": 999719,
          "RQ_FULL": 0,
          "WQ_ACCESS": 21052098,
          "WQ_MERGED": 114078,
          "WQ_FULL": 0
        }
      },
      "cpu2_L1D": {
        "LOAD": {
          "hit":4907395,
          "miss":1806162
        },
        "RFO": {
          "hit":0,
          "miss":0
        },
        "PREFETCH": {
          "hit":115878,
          "miss":1266438
        },
        "WRITE": {
          "hit":893612,
          "miss":583614
        },
        "TRANSLATION": {
          "hit":7525,
          "miss":12104
        },
        "mshr full": 15127841,
        "prefetch requested": 1382396,
        "prefetch issued": 1382396,
        "prefetch filled": 97150,
        "prefetch useful": 93602,
        "prefetch useless": 6667,
        "prefetch late": 3131,
        "pf_useful_at_l2_from_l1":          0,
        "pf_late_at_l2_from_l1":          0,
        "pf_useless_at_l2_from_l1":          0,
        "pf_at_l2_to_l1":          0,
        "pf_fill_this_level":      97149,
        "miss latency": 10.6388,
        "cache queues": {
          "PQ_ACCESS": 1382396,
          "PQ_FULL": 0,
          "PQ_TO_CACHE": 1382396,
          "PQ_MERGED": 79,
          "RQ_ACCESS": 133366003,
          "RQ_MERGED": 750398,
          "RQ_FULL": 125902016,
          "WQ_ACCESS": 2979954,
          "WQ_MERGED": 153,
          "WQ_FULL": 1502575
        }
      },
      "cpu1_L1D": {
        "LOAD": {
          "hit":27971180,
          "miss":177905
        },
        "RFO": {
          "hit":0,
          "miss":0
        },
        "PREFETCH": {
          "hit":3465519,
          "miss":7218629
        },
        "WRITE": {
          "hit":34196485,
          "miss":34788
        },
        "TRANSLATION": {
          "hit":157,
          "miss":3611
        },
        "mshr full": 0,
        "prefetch requested": 10684155,
        "prefetch issued": 10684155,
        "prefetch filled": 4783,
        "prefetch useful": 230,
        "prefetch useless": 4513,
        "prefetch late": 11,
        "pf_useful_at_l2_from_l1":          0,
        "pf_late_at_l2_from_l1":          0,
        "pf_useless_at_l2_from_l1":          0,
        "pf_at_l2_to_l1":          0,
        "pf_fill_this_level":       4780,
        "miss latency": 0.8193,
        "cache queues": {
          "PQ_ACCESS": 10684155,
          "PQ_FULL": 0,
          "PQ_TO_CACHE": 10684155,
          "PQ_MERGED": 6,
          "RQ_ACCESS": 28416747,
          "RQ_MERGED": 259478,
          "RQ_FULL": 0,
          "WQ_ACCESS": 34464256,
          "WQ_MERGED": 232983,
          "WQ_FULL": 0
        }
      },
      "cpu0_L1D": {
        "LOAD": {
          "hit":7725793,
          "miss":2294697
        },
        "RFO": {
          "hit":0,
          "miss":0
        },
        "PREFETCH": {
          "hit":56886,
          "miss":655502
        },
        "WRITE": {
          "hit":7655580,
          "miss":2798
        },
        "TRANSLATION": {
          "hit":23051,
          "miss":8284
        },
        "mshr full": 47064398,
        "prefetch requested": 712390,
        "prefetch issued": 712390,
        "prefetch filled": 75463,
        "prefetch useful": 58549,
        "prefetch useless": 28180,
        "prefetch late": 11267,
        "pf_useful_at_l2_from_l1":          0,
        "pf_late_at_l2_from_l1":          0,
        "pf_useless_at_l2_from_l1":          0,
        "pf_at_l2_to_l1":          0,
        "pf_fill_this_level":      75463,
        "miss latency": 16.6037,
        "cache queues": {
          "PQ_ACCESS": 712390,
          "PQ_FULL": 0,
          "PQ_TO_CACHE": 712390,
          "PQ_MERGED": 0,
          "RQ_ACCESS": 953542818,
          "RQ_MERGED": 492582,
          "RQ_FULL": 943029689,
          "WQ_ACCESS": 7871582,
          "WQ_MERGED": 213204,
          "WQ_FULL": 0
        }
      },
      "cpu3_L2C": {
        "LOAD": {
          "hit":16322,
          "miss":7043
        },
        "RFO": {
          "hit":432,
          "miss":405
        },
        "PREFETCH": {
          "hit":9204,
          "miss":15226
        },
        "WRITE": {
          "hit":1182,
          "miss":0
        },
        "TRANSLATION": {
          "hit":342,
          "miss":418
        },
        "mshr full": 15946,
        "prefetch requested": 0,
        "prefetch issued": 0,
        "prefetch filled": 14669,
        "prefetch useful": 0,
        "prefetch useless": 0,
        "prefetch late": 0,
        "pf_useful_at_l2_from_l1":       5858,
        "pf_late_at_l2_from_l1":        543,
        "pf_useless_at_l2_from_l1":       5868,
        "pf_at_l2_to_l1":         20,
        "pf_fill_this_level":      14480,
        "miss latency": 147.624,
        "cache queues": {
          "PQ_ACCESS": 24443,
          "PQ_FULL": 13,
          "PQ_TO_CACHE": 24430,
          "PQ_MERGED": 0,
          "RQ_ACCESS": 24962,
          "RQ_MERGED": 0,
          "RQ_FULL": 0,
          "WQ_ACCESS": 1186,
          "WQ_MERGED": 0,
          "WQ_FULL": 0
        }
      },
      "cpu2_L2C": {
        "LOAD": {
          "hit":493207,
          "miss":471675
        },
        "RFO": {
          "hit":15958,
          "miss":144590
        },
        "PREFETCH": {
          "hit":400788,
          "miss":836071
        },
        "WRITE": {
          "hit":480336,
          "miss":0
        },
        "TRANSLATION": {
          "hit":4426,
          "miss":7678
        },
        "mshr full": 2889405,
        "prefetch requested": 0,
        "prefetch issued": 0,
        "prefetch filled": 790388,
        "prefetch useful": 0,
        "prefetch useless": 0,
        "prefetch late": 0,
        "pf_useful_at_l2_from_l1":     357415,
        "pf_late_at_l2_from_l1":      40470,
        "pf_useless_at_l2_from_l1":     374573,
        "pf_at_l2_to_l1":        874,
        "pf_fill_this_level":     694470,
        "miss latency": 63.9082,
        "cache queues": {
          "PQ_ACCESS": 1591305,
          "PQ_FULL": 354386,
          "PQ_TO_CACHE": 1236919,
          "PQ_MERGED": 36,
          "RQ_ACCESS": 1137654,
          "RQ_MERGED": 0,
          "RQ_FULL": 0,
          "WQ_ACCESS": 480428,
          "WQ_MERGED": 0,
          "WQ_FULL": 0
        }
      },
      "cpu1_L2C": {
        "LOAD": {
          "hit":119413,
          "miss":15689
        },
        "RFO": {
          "hit":637,
          "miss":5843
        },
        "PREFETCH": {
          "hit":7092373,
          "miss":120850
        },
        "WRITE": {
          "hit":15593,
          "miss":0
        },
        "TRANSLATION": {
          "hit":1034,
          "miss":2577
        },
        "mshr full": 160104,
        "prefetch requested": 0,
        "prefetch issued": 0,
        "prefetch filled": 119575,
        "prefetch useful": 0,
        "prefetch useless": 0,
        "prefetch late": 0,
        "pf_useful_at_l2_from_l1":      26973,
        "pf_late_at_l2_from_l1":       1234,
        "pf_useless_at_l2_from_l1":      86927,
        "pf_at_l2_to_l1":        604,
        "pf_fill_this_level":     118742,
        "miss latency": 198.167,
        "cache queues": {
          "PQ_ACCESS": 7241811,
          "PQ_FULL": 28508,
          "PQ_TO_CACHE": 7213303,
          "PQ_MERGED": 76,
          "RQ_ACCESS": 145202,
          "RQ_MERGED": 0,
          "RQ_FULL": 0,
          "WQ_ACCESS": 15686,
          "WQ_MERGED": 0,
          "WQ_FULL": 0
        }
      },
      "cpu0_L2C": {
        "LOAD": {
          "hit":228535,
          "miss":1486368
        },
        "RFO": {
          "hit":748,
          "miss":57
        },
        "PREFETCH": {
          "hit":126832,
          "miss":458611
        },
        "WRITE": {
          "hit":25360,
          "miss":0
        },
        "TRANSLATION": {
          "hit":5153,
          "miss":3131
        },
        "mshr full": 195019,
        "prefetch requested": 0,
        "prefetch issued": 0,
        "prefetch filled": 439037,
        "prefetch useful": 0,
        "prefetch useless": 0,
        "prefetch late": 0,
        "pf_useful_at_l2_from_l1":     235350,
        "pf_late_at_l2_from_l1":      18571,
        "pf_useless_at_l2_from_l1":     137712,
        "pf_at_l2_to_l1":        445,
        "pf_fill_this_level":     354957,
        "miss latency": 30.9805,
        "cache queues": {
          "PQ_ACCESS": 596095,
          "PQ_FULL": 10644,
          "PQ_TO_CACHE": 585451,
          "PQ_MERGED": 3,
          "RQ_ACCESS": 1723994,
          "RQ_MERGED": 0,
          "RQ_FULL": 0,
          "WQ_ACCESS": 25716,
          "WQ_MERGED": 0,
          "WQ_FULL": 0
        }
      },
      "LLC": {
        "LOAD": {
          "hit": [748255, 266, 149423, 0],
          "miss": [719550, 14189, 281774, 6500]
        },
        "RFO": {
          "hit": [40, 10, 89063, 4],
          "miss": [16, 5833, 55524, 401]
        },
        "PREFETCH": {
          "hit": [119457, 2051, 246909, 3],
          "miss": [338151, 118766, 583959, 15209]
        },
        "WRITE": {
          "hit": [15557, 6121, 368766, 0],
          "miss": [0, 0, 0, 0]
        },
        "TRANSLATION": {
          "hit": [1802, 140, 3298, 0],
          "miss": [1329, 2437, 4380, 418]
        },
        "mshr full": 0,
        "prefetch requested": 0,
        "prefetch issued": 0,
        "prefetch filled": 1056060,
        "prefetch useful": 0,
        "prefetch useless": 0,
        "prefetch late": 0,
        "pf_useful_at_l2_from_l1":          0,
        "pf_late_at_l2_from_l1":          0,
        "pf_useless_at_l2_from_l1":          0,
        "pf_at_l2_to_l1":      18137,
        "pf_fill_this_level":          0,
        "miss latency": 80.4915,
        "cache queues": {
          "PQ_ACCESS": 1424512,
          "PQ_FULL": 0,
          "PQ_TO_CACHE": 1424512,
          "PQ_MERGED": 0,
          "RQ_ACCESS": 2084656,
          "RQ_MERGED": 0,
          "RQ_FULL": 0,
          "WQ_ACCESS": 396819,
          "WQ_MERGED": 0,
          "WQ_FULL": 0
        }
      },
      "DRAM": [
        {
          "RQ ROW_BUFFER_HIT": 1085893,
          "RQ ROW_BUFFER_MISS": 1061999,
          "PQ FULL": 347567,
          "WQ ROW_BUFFER_HIT": 18059,
          "WQ ROW_BUFFER_MISS": 170051,
          "WQ FULL": 0,
          "AVG DBUS CONGESTED CYCLE": 3.96379
        }
      ]

    }
  }
]
cpu3_ITLB
cpu3_DTLB
cpu2_ITLB
cpu2_DTLB
cpu1_ITLB
cpu1_DTLB
cpu0_ITLB
cpu0_DTLB
cpu3_STLB
cpu2_STLB
cpu1_STLB
cpu0_STLB
Prefetch Request to L1: 258654, Prefetch Request to L2: 12549340
Invalid by Eviction: 781
Invalid by Max: 4960
Final L1D Threshold: 0.901
Final Demand Reserve: 25.0%

╔═══════════════════════════════════════╗
║       CLIP Filter Statistics         ║
╚═══════════════════════════════════════╝
[CLIP CPU3 Stats]
  Total candidates:        199440
  Prefetches issued:       29053 (14.6%)
  Dropped (not critical):  170387 (85.5%)
  Critical loads detected: 28734
  Phase changes:           0

Filter table begin
 ┌────────────────────┬─────────────┐
 | Region             | Offset      |
 ├────────────────────┼─────────────┤
 | 0x00000000000005f3 | 26          |
 ├────────────────────┼─────────────┤
 | 0x00000000000005d7 | 24          |
 ├────────────────────┼─────────────┤
 | 0x0000000000000aa3 | 0           |
 ├────────────────────┼─────────────┤
 | 0x0000000000000635 | 0           |
 ├────────────────────┼─────────────┤
 | 0x0000000000000603 | 2           |
 ├────────────────────┼─────────────┤
 | 0x000000000000066f | 18          |
 ├────────────────────┼─────────────┤
 | 0x0000000000000642 | 11          |
 ├────────────────────┼─────────────┤
 | 0x00000000000005e9 | 0           |
 ├────────────────────┼─────────────┤
 | 0x00000000000088ce | 24          |
 ├────────────────────┼─────────────┤
 | 0x000000000000602a | 14          |
 ├────────────────────┼─────────────┤
 | 0x00000000000088dc | 31          |
 ├────────────────────┼─────────────┤
 | 0x0000000000000546 | 17          |
 ├────────────────────┼─────────────┤
 | 0x00000000000005d5 | 16          |
 ├────────────────────┼─────────────┤
 | 0x0000000000000698 | 2           |
 ├────────────────────┼─────────────┤
 | 0x0000000000000601 | 14          |
 ├────────────────────┼─────────────┤
 | 0x0000000000000640 | 10          |
 ├────────────────────┼─────────────┤
 | 0x000000000000063e | 1           |
 ├────────────────────┼─────────────┤
 | 0x0000000000000683 | 9           |
 ├────────────────────┼─────────────┤
 | 0x00000000000062b8 | 3           |
 ├────────────────────┼─────────────┤
 | 0x00000000000005f9 | 24          |
 ├────────────────────┼─────────────┤
 | 0x0000000000005bfb | 0           |
 ├────────────────────┼─────────────┤
 | 0x0000000000006a48 | 2           |
 ├────────────────────┼─────────────┤
 | 0x0000000000007a6a | 8           |
 ├────────────────────┼─────────────┤
 | 0x000000000000062a | 13          |
 ├────────────────────┼─────────────┤
 | 0x00000000000005ec | 12          |
 ├────────────────────┼─────────────┤
 | 0x0000000000000543 | 30          |
 ├────────────────────┼─────────────┤
 | 0x00000000000005e5 | 6           |
 ├────────────────────┼─────────────┤
 | 0x000000000000068c | 11          |
 ├────────────────────┼─────────────┤
 | 0x000000000000028f | 0           |
 ├────────────────────┼─────────────┤
 | 0x00000000000066b4 | 6           |
 ├────────────────────┼─────────────┤
 | 0x0000000000000684 | 27          |
 ├────────────────────┼─────────────┤
 | 0x000000000000065c | 6           |
 ├────────────────────┼─────────────┤
 | 0x000000000000894f | 1           |
 ├────────────────────┼─────────────┤
 | 0x0000000000008946 | 19          |
 ├────────────────────┼─────────────┤
 | 0x0000000000000672 | 15          |
 ├────────────────────┼─────────────┤
 | 0x000000000000063a | 13          |
 ├────────────────────┼─────────────┤
 | 0x00000000000005f5 | 7           |
 ├────────────────────┼─────────────┤
 | 0x000000000000060c | 7           |
 ├────────────────────┼─────────────┤
 | 0x0000000000000644 | 2           |
 ├────────────────────┼─────────────┤
 | 0x000000000000052c | 26          |
 ├────────────────────┼─────────────┤
 | 0x000000000000053e | 20          |
 ├────────────────────┼─────────────┤
 | 0x0000000000000513 | 9           |
 ├────────────────────┼─────────────┤
 | 0x000000000000069d | 1           |
 ├────────────────────┼─────────────┤
 | 0x000000000000051a | 20          |
 ├────────────────────┼─────────────┤
 | 0x0000000000000616 | 17          |
 ├────────────────────┼─────────────┤
 | 0x0000000000000686 | 29          |
 └────────────────────┴─────────────┘
Filter table end
Accumulation table begin
 ┌────────────────────┬─────────────┬─────────────┬──────────────────────────────────────────────────────────────────┐
 | Region             | Offset      | Second      | Pattern                                                          |
 ├────────────────────┼─────────────┼─────────────┼──────────────────────────────────────────────────────────────────┤
 | 0x000000000000053a | 8           | 9           | 0 0 0 0 0 0 0 0 1 1 1 0 0 0 0 0 0 0 0 1 1 0 0 0 0 0 0 0 0 0 0 0  |
 ├────────────────────┼─────────────┼─────────────┼──────────────────────────────────────────────────────────────────┤
 | 0x00000000000002d9 | 4           | 5           | 0 0 0 0 1 1 0 0 0 0 0 0 0 0 0 0 0 0 0 0 0 0 0 0 0 0 0 0 0 0 0 0  |
 ├────────────────────┼─────────────┼─────────────┼──────────────────────────────────────────────────────────────────┤
 | 0x000000000000893e | 14          | 0           | 1 1 1 0 0 0 0 0 0 0 0 0 1 1 1 0 1 1 1 1 1 1 1 1 1 1 1 1 0 1 1 1  |
 ├────────────────────┼─────────────┼─────────────┼──────────────────────────────────────────────────────────────────┤
 | 0x000000000000055a | 26          | 27          | 0 0 0 0 0 0 0 0 0 0 0 0 0 0 0 0 0 0 0 0 0 0 0 0 0 0 1 1 1 1 1 1  |
 ├────────────────────┼─────────────┼─────────────┼──────────────────────────────────────────────────────────────────┤
 | 0x0000000000008400 | 25          | 28          | 0 0 0 0 0 0 0 0 0 0 0 0 0 0 0 0 0 0 0 0 0 0 0 0 1 1 0 1 1 0 0 0  |
 ├────────────────────┼─────────────┼─────────────┼──────────────────────────────────────────────────────────────────┤
 | 0x00000000000005f0 | 12          | 13          | 0 0 0 0 0 0 0 0 0 0 1 1 1 1 1 1 0 0 0 0 0 0 0 0 0 0 0 0 0 0 0 0  |
 ├────────────────────┼─────────────┼─────────────┼──────────────────────────────────────────────────────────────────┤
 | 0x0000000000000518 | 21          | 20          | 0 0 0 0 0 0 0 0 0 0 0 0 0 0 0 0 0 0 0 0 1 1 0 0 0 0 0 0 0 0 0 0  |
 ├────────────────────┼─────────────┼─────────────┼──────────────────────────────────────────────────────────────────┤
 | 0x00000000000005fa | 3           | 28          | 0 0 0 1 0 0 0 0 0 0 0 0 0 0 0 0 0 0 0 0 0 0 0 0 0 0 0 0 1 0 0 0  |
 ├────────────────────┼─────────────┼─────────────┼──────────────────────────────────────────────────────────────────┤
 | 0x0000000000008949 | 3           | 26          | 0 0 0 1 1 0 1 1 1 1 1 0 0 1 1 1 0 0 0 0 0 0 1 1 1 0 1 0 0 0 0 0  |
 ├────────────────────┼─────────────┼─────────────┼──────────────────────────────────────────────────────────────────┤
 | 0x0000000000000699 | 15          | 16          | 0 0 0 0 0 0 0 0 0 0 0 0 0 0 1 1 1 0 0 0 0 0 0 0 0 0 0 0 0 0 0 0  |
 ├────────────────────┼─────────────┼─────────────┼──────────────────────────────────────────────────────────────────┤
 | 0x000000000000029b | 0           | 1           | 1 1 1 1 1 1 1 1 1 1 0 0 0 0 0 0 0 0 0 0 0 0 0 0 0 0 0 0 0 0 0 0  |
 ├────────────────────┼─────────────┼─────────────┼──────────────────────────────────────────────────────────────────┤
 | 0x000000000000894a | 2           | 3           | 0 0 1 1 0 0 0 0 0 0 0 0 0 0 0 0 0 0 0 0 0 0 0 0 0 0 0 0 0 0 0 0  |
 ├────────────────────┼─────────────┼─────────────┼──────────────────────────────────────────────────────────────────┤
 | 0x00000000000006a0 | 4           | 5           | 0 0 0 0 1 1 1 1 1 1 1 1 1 1 1 1 1 1 1 1 1 1 1 1 1 1 1 1 1 1 1 1  |
 ├────────────────────┼─────────────┼─────────────┼──────────────────────────────────────────────────────────────────┤
 | 0x0000000000000757 | 0           | 1           | 1 1 1 1 1 1 1 1 1 1 1 1 1 1 1 1 1 1 1 1 1 1 0 0 0 0 0 0 0 0 0 0  |
 ├────────────────────┼─────────────┼─────────────┼──────────────────────────────────────────────────────────────────┤
 | 0x00000000000002cb | 9           | 7           | 0 1 1 1 0 1 1 1 1 1 0 0 0 0 0 0 0 0 0 0 0 0 0 0 0 0 0 0 0 0 0 0  |
 ├────────────────────┼─────────────┼─────────────┼──────────────────────────────────────────────────────────────────┤
 | 0x0000000000000555 | 20          | 21          | 0 0 0 0 0 0 0 0 0 0 0 0 0 0 0 0 0 0 0 0 1 1 0 0 0 0 0 0 0 0 0 0  |
 ├────────────────────┼─────────────┼─────────────┼──────────────────────────────────────────────────────────────────┤
 | 0x000000000000028b | 31          | 24          | 0 0 0 0 0 0 0 0 0 0 1 0 0 1 0 1 0 1 0 0 1 0 0 0 1 1 0 0 0 0 0 1  |
 ├────────────────────┼─────────────┼─────────────┼──────────────────────────────────────────────────────────────────┤
 | 0x000000000000055b | 0           | 1           | 1 1 1 1 1 1 1 1 1 1 1 1 1 1 1 1 1 1 1 1 1 1 1 1 1 1 1 0 0 0 0 0  |
 ├────────────────────┼─────────────┼─────────────┼──────────────────────────────────────────────────────────────────┤
 | 0x000000000000051f | 26          | 28          | 0 0 0 0 0 0 0 0 0 0 0 0 0 0 0 0 0 0 0 0 0 0 0 1 0 0 1 1 1 1 1 0  |
 ├────────────────────┼─────────────┼─────────────┼──────────────────────────────────────────────────────────────────┤
 | 0x00000000000008ac | 0           | 1           | 1 1 1 1 1 1 1 1 1 1 1 1 1 1 1 1 1 1 1 1 1 1 1 1 1 1 1 1 1 1 0 0  |
 ├────────────────────┼─────────────┼─────────────┼──────────────────────────────────────────────────────────────────┤
 | 0x000000000000062f | 12          | 14          | 0 0 0 0 0 0 0 0 0 0 0 0 1 0 1 0 0 0 0 0 0 0 0 0 0 0 0 0 0 0 0 0  |
 ├────────────────────┼─────────────┼─────────────┼──────────────────────────────────────────────────────────────────┤
 | 0x000000000000085f | 29          | 30          | 0 0 0 0 0 0 0 0 0 0 0 0 0 0 0 0 0 0 0 0 0 0 0 0 0 0 0 0 0 1 1 1  |
 ├────────────────────┼─────────────┼─────────────┼──────────────────────────────────────────────────────────────────┤
 | 0x000000000000028e | 20          | 19          | 1 1 0 1 0 0 1 0 1 0 0 0 1 0 0 0 0 0 0 1 1 0 0 0 0 0 0 0 0 1 1 0  |
 ├────────────────────┼─────────────┼─────────────┼──────────────────────────────────────────────────────────────────┤
 | 0x0000000000000520 | 20          | 21          | 0 0 0 0 0 0 0 0 0 0 0 0 0 0 0 0 0 0 0 0 1 1 0 0 0 0 0 0 0 0 0 0  |
 ├────────────────────┼─────────────┼─────────────┼──────────────────────────────────────────────────────────────────┤
 | 0x000000000000027b | 22          | 21          | 0 0 0 0 0 0 0 0 0 0 0 0 0 0 0 0 0 0 1 0 0 1 1 0 0 0 0 0 0 0 0 0  |
 ├────────────────────┼─────────────┼─────────────┼──────────────────────────────────────────────────────────────────┤
 | 0x000000000000894d | 23          | 24          | 0 0 0 0 0 1 1 1 1 1 0 0 0 0 0 0 0 0 1 1 1 1 0 1 1 1 1 1 1 1 0 0  |
 ├────────────────────┼─────────────┼─────────────┼──────────────────────────────────────────────────────────────────┤
 | 0x00000000000002ca | 27          | 28          | 0 0 0 0 0 0 0 0 0 0 0 0 0 0 0 0 0 0 0 0 0 0 0 0 0 1 1 1 1 1 0 0  |
 ├────────────────────┼─────────────┼─────────────┼──────────────────────────────────────────────────────────────────┤
 | 0x00000000000005d6 | 4           | 1           | 0 1 0 0 1 0 0 0 0 0 0 0 0 0 0 0 0 0 0 0 0 0 0 0 0 0 0 0 0 0 0 0  |
 ├────────────────────┼─────────────┼─────────────┼──────────────────────────────────────────────────────────────────┤
 | 0x00000000000084c7 | 5           | 7           | 0 0 0 0 0 1 0 1 0 1 1 0 0 0 0 1 0 1 0 1 1 0 0 0 0 0 0 0 0 0 0 0  |
 ├────────────────────┼─────────────┼─────────────┼──────────────────────────────────────────────────────────────────┤
 | 0x0000000000000756 | 21          | 22          | 0 0 0 0 0 0 0 0 0 0 0 0 0 0 0 0 0 0 0 0 0 1 1 1 1 1 1 1 1 1 1 1  |
 ├────────────────────┼─────────────┼─────────────┼──────────────────────────────────────────────────────────────────┤
 | 0x000000000000054c | 23          | 25          | 0 0 0 0 0 0 0 0 0 0 0 0 0 0 0 0 0 0 0 0 0 0 0 1 0 1 0 0 0 0 0 0  |
 ├────────────────────┼─────────────┼─────────────┼──────────────────────────────────────────────────────────────────┤
 | 0x000000000000029a | 29          | 30          | 0 0 0 0 0 0 0 0 0 0 0 0 0 0 0 0 0 0 0 0 0 0 0 0 0 0 0 0 0 1 1 1  |
 └────────────────────┴─────────────┴─────────────┴──────────────────────────────────────────────────────────────────┘
Accumulation table end
Offset pattern table begin
 ┌────────────────────┬─────────────┬───────────────────────────────────────────────────────────────────────────────────────────────┐
 | Key                | Second      | Pattern                                                                                       |
 ├────────────────────┼─────────────┼───────────────────────────────────────────────────────────────────────────────────────────────┤
 | 0x0000000000000000 | 1           | 20 17 18 16 15 11 10 10 10 10 10 10 10 10 10 10 10 10 10 10 10 10 8 8 8 8 8 9 8 5 3 3         |
 ├────────────────────┼─────────────┼───────────────────────────────────────────────────────────────────────────────────────────────┤
 | 0x0000000000000001 | 0           | 25 25 10 7 8 6 6 4 3 4 5 5 4 5 3 5 5 5 3 3 1 2 1 2 2 1 1 0 1 0 1 0                            |
 ├────────────────────┼─────────────┼───────────────────────────────────────────────────────────────────────────────────────────────┤
 | 0x0000000000000002 | 4           | 20 6 20 12 6 4 6 3 2 1 1 1 2 2 3 3 2 1 0 1 1 1 1 2 2 1 0 1 2 1 1 1                            |
 ├────────────────────┼─────────────┼───────────────────────────────────────────────────────────────────────────────────────────────┤
 | 0x0000000000000003 | 4           | 18 3 5 18 6 2 2 2 1 1 1 1 1 2 1 1 0 0 1 1 0 0 0 0 0 0 1 1 1 0 0 0                             |
 ├────────────────────┼─────────────┼───────────────────────────────────────────────────────────────────────────────────────────────┤
 | 0x0000000000000004 | 5           | 29 4 2 6 29 23 19 20 19 18 17 17 18 18 17 17 20 20 20 21 17 20 17 17 17 16 16 18 17 17 16 16  |
 ├────────────────────┼─────────────┼───────────────────────────────────────────────────────────────────────────────────────────────┤
 | 0x0000000000000005 | 4           | 17 2 2 3 11 17 5 2 2 1 0 0 0 0 0 0 0 0 0 0 0 0 0 0 0 0 0 0 0 0 0 0                            |
 ├────────────────────┼─────────────┼───────────────────────────────────────────────────────────────────────────────────────────────┤
 | 0x0000000000000006 | 7           | 22 7 4 7 3 6 22 12 5 4 1 1 2 1 1 0 1 1 0 2 3 0 0 0 0 0 0 0 0 3 2 0                            |
 ├────────────────────┼─────────────┼───────────────────────────────────────────────────────────────────────────────────────────────┤
 | 0x0000000000000007 | 25          | 28 3 5 1 2 3 11 28 8 3 2 2 2 2 0 2 1 1 0 10 0 0 10 1 0 11 0 0 0 0 0 0                         |
 ├────────────────────┼─────────────┼───────────────────────────────────────────────────────────────────────────────────────────────┤
 | 0x0000000000000008 | 28          | 30 4 3 4 4 4 4 7 30 15 7 4 2 4 4 4 1 1 1 4 4 2 4 3 1 4 2 2 14 1 1 2                           |
 ├────────────────────┼─────────────┼───────────────────────────────────────────────────────────────────────────────────────────────┤
 | 0x0000000000000009 | 10          | 24 5 5 4 4 5 4 7 10 24 10 6 6 3 3 3 2 2 3 3 2 3 1 2 2 2 0 1 1 0 0 2                           |
 ├────────────────────┼─────────────┼───────────────────────────────────────────────────────────────────────────────────────────────┤
 | 0x000000000000000a | 7           | 25 0 0 0 0 0 1 21 2 3 25 2 1 2 1 2 1 1 1 1 1 0 1 1 1 1 1 1 0 0 1 1                            |
 ├────────────────────┼─────────────┼───────────────────────────────────────────────────────────────────────────────────────────────┤
 | 0x000000000000000b | 10          | 29 3 4 4 3 4 5 6 5 4 9 29 12 10 7 6 5 6 5 4 3 5 4 3 5 3 2 4 4 2 2 3                           |
 ├────────────────────┼─────────────┼───────────────────────────────────────────────────────────────────────────────────────────────┤
 | 0x000000000000000c | 11          | 20 1 1 2 1 2 2 2 3 1 11 11 20 5 9 2 1 1 0 0 0 0 1 0 0 0 0 0 1 1 0 0                           |
 ├────────────────────┼─────────────┼───────────────────────────────────────────────────────────────────────────────────────────────┤
 | 0x000000000000000d | 12          | 25 6 4 6 6 4 3 4 5 4 5 8 10 25 12 8 7 4 4 5 4 4 3 4 3 3 3 3 0 3 2 2                           |
 ├────────────────────┼─────────────┼───────────────────────────────────────────────────────────────────────────────────────────────┤
 | 0x000000000000000e | 13          | 31 18 2 1 1 2 2 2 3 3 3 2 2 5 31 9 7 6 19 20 3 4 3 3 1 1 1 1 0 1 1 1                          |
 ├────────────────────┼─────────────┼───────────────────────────────────────────────────────────────────────────────────────────────┤
 | 0x000000000000000f | 16          | 21 0 1 0 0 0 0 0 0 0 1 0 0 2 18 21 19 2 0 1 2 0 0 2 2 2 2 0 0 2 0 2                           |
 ├────────────────────┼─────────────┼───────────────────────────────────────────────────────────────────────────────────────────────┤
 | 0x0000000000000010 | 14          | 19 3 3 5 3 3 3 3 3 2 3 3 6 4 6 7 19 9 7 4 4 4 3 3 3 2 2 3 3 3 2 1                             |
 ├────────────────────┼─────────────┼───────────────────────────────────────────────────────────────────────────────────────────────┤
 | 0x0000000000000011 | 16          | 29 19 1 19 20 19 0 0 0 1 0 0 2 2 1 1 23 29 23 25 3 22 2 2 2 1 2 2 2 2 1 0                     |
 ├────────────────────┼─────────────┼───────────────────────────────────────────────────────────────────────────────────────────────┤
 | 0x0000000000000012 | 17          | 31 20 0 0 1 0 1 0 0 2 1 2 2 2 22 1 3 4 31 24 2 0 2 0 0 0 0 0 0 0 0 0                          |
 ├────────────────────┼─────────────┼───────────────────────────────────────────────────────────────────────────────────────────────┤
 | 0x0000000000000013 | 18          | 31 10 5 7 4 5 8 6 4 5 5 5 8 5 7 4 1 7 13 31 11 6 7 6 5 8 6 5 6 7 4 3                          |
 ├────────────────────┼─────────────┼───────────────────────────────────────────────────────────────────────────────────────────────┤
 | 0x0000000000000014 | 21          | 17 9 0 9 1 0 10 1 2 0 1 1 8 1 1 1 1 1 2 12 17 4 2 1 2 1 1 2 1 10 11 1                         |
 ├────────────────────┼─────────────┼───────────────────────────────────────────────────────────────────────────────────────────────┤
 | 0x0000000000000015 | 22          | 30 0 0 0 0 0 0 0 1 0 0 1 1 0 0 1 0 1 0 1 5 30 23 21 20 19 19 20 20 20 20 19                   |
 ├────────────────────┼─────────────┼───────────────────────────────────────────────────────────────────────────────────────────────┤
 | 0x0000000000000016 | 19          | 20 3 3 4 3 3 3 3 4 3 4 1 1 2 1 2 2 2 3 5 6 7 20 10 7 7 6 6 6 5 4 3                            |
 ├────────────────────┼─────────────┼───────────────────────────────────────────────────────────────────────────────────────────────┤
 | 0x0000000000000017 | 26          | 21 1 1 2 3 2 1 3 1 2 5 4 2 6 6 6 6 6 5 4 4 4 6 21 14 8 5 6 4 7 5 5                            |
 ├────────────────────┼─────────────┼───────────────────────────────────────────────────────────────────────────────────────────────┤
 | 0x0000000000000018 | 31          | 24 0 0 0 0 0 0 0 0 0 1 1 0 0 1 1 0 1 0 0 0 0 2 8 24 2 8 2 0 6 6 20                            |
 ├────────────────────┼─────────────┼───────────────────────────────────────────────────────────────────────────────────────────────┤
 | 0x0000000000000019 | 24          | 27 1 1 0 6 0 0 2 1 3 6 6 2 6 8 8 7 7 2 2 10 3 2 11 16 27 16 12 7 12 13 11                     |
 ├────────────────────┼─────────────┼───────────────────────────────────────────────────────────────────────────────────────────────┤
 | 0x000000000000001a | 27          | 28 0 0 1 1 1 1 1 1 1 1 1 1 1 1 1 1 1 1 1 1 2 1 1 2 2 28 25 14 12 12 12                        |
 ├────────────────────┼─────────────┼───────────────────────────────────────────────────────────────────────────────────────────────┤
 | 0x000000000000001b | 26          | 23 0 0 2 3 2 2 2 2 2 2 3 3 4 3 3 2 2 3 1 3 3 3 2 3 6 10 23 12 5 4 4                           |
 ├────────────────────┼─────────────┼───────────────────────────────────────────────────────────────────────────────────────────────┤
 | 0x000000000000001c | 27          | 23 1 0 1 0 0 0 0 0 0 1 1 1 1 1 2 2 1 1 2 2 1 1 4 3 5 4 7 23 15 7 6                            |
 ├────────────────────┼─────────────┼───────────────────────────────────────────────────────────────────────────────────────────────┤
 | 0x000000000000001d | 28          | 29 0 0 0 2 1 0 1 1 1 1 1 1 2 1 2 2 2 0 1 2 1 0 2 2 2 1 2 10 29 19 19                          |
 ├────────────────────┼─────────────┼───────────────────────────────────────────────────────────────────────────────────────────────┤
 | 0x000000000000001e | 28          | 25 1 0 1 0 0 2 1 1 0 2 2 3 1 2 3 2 3 2 4 4 3 2 4 4 5 8 3 6 10 25 15                           |
 ├────────────────────┼─────────────┼───────────────────────────────────────────────────────────────────────────────────────────────┤
 | 0x000000000000001f | 30          | 20 0 0 0 1 0 0 0 0 1 2 2 1 2 3 4 5 4 3 5 5 2 5 9 10 6 12 9 6 11 13 20                         |
 └────────────────────┴─────────────┴───────────────────────────────────────────────────────────────────────────────────────────────┘
Offset pattern table end
PC pattern table begin
 ┌────────────────────┬─────────────┬──────────────────────────────────────────────────┐
 | Key                | Second      | Pattern                                          |
 ├────────────────────┼─────────────┼──────────────────────────────────────────────────┤
 | 0x0000000000000000 | 13          | 28 4 5 4 3 6 7 4 3 4 4 3 3 4 3 1                 |
 ├────────────────────┼─────────────┼──────────────────────────────────────────────────┤
 | 0x0000000000000001 | 31          | 26 6 5 7 5 3 1 0 1 0 0 3 14 6 5 15               |
 ├────────────────────┼─────────────┼──────────────────────────────────────────────────┤
 | 0x0000000000000002 | 1           | 30 4 2 3 4 3 3 4 3 4 5 3 3 3 3 2                 |
 ├────────────────────┼─────────────┼──────────────────────────────────────────────────┤
 | 0x0000000000000003 | 17          | 21 8 8 6 5 5 5 5 7 6 8 5 8 9 8 8                 |
 ├────────────────────┼─────────────┼──────────────────────────────────────────────────┤
 | 0x0000000000000004 | 22          | 29 12 12 11 8 8 9 8 8 9 10 11 9 9 16 8           |
 ├────────────────────┼─────────────┼──────────────────────────────────────────────────┤
 | 0x0000000000000005 | 7           | 24 6 12 7 4 9 10 10 8 4 9 8 9 10 13 10           |
 ├────────────────────┼─────────────┼──────────────────────────────────────────────────┤
 | 0x0000000000000006 | 10          | 16 6 6 6 7 4 7 5 6 6 7 5 7 6 7 5                 |
 ├────────────────────┼─────────────┼──────────────────────────────────────────────────┤
 | 0x0000000000000007 | 18          | 20 0 0 0 0 1 1 3 0 3 11 0 0 1 1 1                |
 ├────────────────────┼─────────────┼──────────────────────────────────────────────────┤
 | 0x0000000000000008 | 16          | 16 0 0 0 0 0 0 13 12 0 0 0 1 0 0 0               |
 ├────────────────────┼─────────────┼──────────────────────────────────────────────────┤
 | 0x0000000000000009 | 11          | 21 0 0 0 0 11 16 6 1 1 0 3 4 4 4 4               |
 ├────────────────────┼─────────────┼──────────────────────────────────────────────────┤
 | 0x000000000000000a | 21          | 27 11 10 9 9 10 10 12 13 13 9 12 13 13 12 6      |
 ├────────────────────┼─────────────┼──────────────────────────────────────────────────┤
 | 0x000000000000000b | 20          | 12 7 2 9 5 2 5 0 0 9 9 0 0 0 5 7                 |
 ├────────────────────┼─────────────┼──────────────────────────────────────────────────┤
 | 0x000000000000000c | 19          | 19 15 14 4 4 4 4 4 14 15 14 5 4 4 4 2            |
 ├────────────────────┼─────────────┼──────────────────────────────────────────────────┤
 | 0x000000000000000d | 2           | 17 8 5 5 4 2 3 3 3 2 3 1 1 3 5 3                 |
 ├────────────────────┼─────────────┼──────────────────────────────────────────────────┤
 | 0x000000000000000e | 5           | 21 5 14 0 0 0 0 0 0 0 0 1 1 2 0 0                |
 ├────────────────────┼─────────────┼──────────────────────────────────────────────────┤
 | 0x000000000000000f | 19          | 23 15 2 17 3 2 13 1 1 17 17 3 2 3 16 16          |
 ├────────────────────┼─────────────┼──────────────────────────────────────────────────┤
 | 0x0000000000000010 | 27          | 31 16 16 15 15 15 15 15 13 12 15 14 14 16 22 16  |
 ├────────────────────┼─────────────┼──────────────────────────────────────────────────┤
 | 0x0000000000000011 | 5           | 20 11 1 12 3 2 8 0 0 13 13 0 0 2 14 14           |
 ├────────────────────┼─────────────┼──────────────────────────────────────────────────┤
 | 0x0000000000000012 | 10          | 18 2 10 2 3 7 7 8 8 2 9 15 9 16 16 15            |
 ├────────────────────┼─────────────┼──────────────────────────────────────────────────┤
 | 0x0000000000000013 | 30          | 27 1 1 2 3 3 1 2 0 1 2 4 5 5 24 4                |
 ├────────────────────┼─────────────┼──────────────────────────────────────────────────┤
 | 0x0000000000000014 | 14          | 24 13 14 12 13 4 6 5 5 3 4 4 5 4 6 6             |
 ├────────────────────┼─────────────┼──────────────────────────────────────────────────┤
 | 0x0000000000000015 | 7           | 29 1 0 27 0 26 0 1 1 0 0 0 0 0 0 0               |
 ├────────────────────┼─────────────┼──────────────────────────────────────────────────┤
 | 0x0000000000000016 | 13          | 26 0 0 0 0 0 0 25 0 25 0 0 0 0 0 0               |
 ├────────────────────┼─────────────┼──────────────────────────────────────────────────┤
 | 0x0000000000000017 | 25          | 17 1 1 6 4 1 0 2 2 4 0 6 5 0 4 1                 |
 ├────────────────────┼─────────────┼──────────────────────────────────────────────────┤
 | 0x0000000000000018 | 28          | 18 3 4 4 2 1 1 1 1 3 2 0 1 3 4 2                 |
 ├────────────────────┼─────────────┼──────────────────────────────────────────────────┤
 | 0x0000000000000019 | 26          | 27 11 13 12 11 12 14 15 14 13 13 12 12 12 13 12  |
 ├────────────────────┼─────────────┼──────────────────────────────────────────────────┤
 | 0x000000000000001a | 27          | 26 0 2 5 2 2 3 2 3 3 3 7 7 6 6 5                 |
 ├────────────────────┼─────────────┼──────────────────────────────────────────────────┤
 | 0x000000000000001b | 21          | 16 8 10 8 6 4 4 4 4 1 8 4 4 4 4 5                |
 ├────────────────────┼─────────────┼──────────────────────────────────────────────────┤
 | 0x000000000000001c | 26          | 23 10 3 11 4 1 12 2 3 11 13 2 2 3 13 13          |
 ├────────────────────┼─────────────┼──────────────────────────────────────────────────┤
 | 0x000000000000001d | 7           | 30 2 5 9 7 2 6 4 2 6 4 3 2 3 7 4                 |
 ├────────────────────┼─────────────┼──────────────────────────────────────────────────┤
 | 0x000000000000001e | 24          | 24 1 2 2 2 2 2 2 2 4 4 3 4 4 4 3                 |
 ├────────────────────┼─────────────┼──────────────────────────────────────────────────┤
 | 0x000000000000001f | 24          | 27 3 14 4 4 5 5 4 3 3 4 5 6 8 5 4                |
 └────────────────────┴─────────────┴──────────────────────────────────────────────────┘
PC pattern table end
Prefetch buffer begin
 ┌────────────────────┬──────────────────────────────────────────────────────────────────┐
 | Region             | Pattern                                                          |
 ├────────────────────┼──────────────────────────────────────────────────────────────────┤
 | 0x00000000000066b4 | 0 0 0 0 0 0 0 2 0 2 0 0 2 2 0 0 0 0 0 0 2 2 2 2 0 0 0 0 0 0 0 0  |
 ├────────────────────┼──────────────────────────────────────────────────────────────────┤
 | 0x0000000000005bfb | 0 0 0 0 0 0 0 0 0 2 2 2 2 2 2 2 2 2 2 2 2 2 2 2 2 2 2 2 2 2 0 0  |
 ├────────────────────┼──────────────────────────────────────────────────────────────────┤
 | 0x0000000000006bc1 | 2 2 2 2 2 0 0 0 0 0 0 0 0 0 0 2 2 0 0 0 0 0 0 0 0 2 2 2 2 0 0 2  |
 ├────────────────────┼──────────────────────────────────────────────────────────────────┤
 | 0x000000000000644c | 0 0 0 0 0 0 0 0 0 2 0 0 0 0 0 0 0 0 0 0 0 0 0 0 0 0 0 0 0 0 0 0  |
 ├────────────────────┼──────────────────────────────────────────────────────────────────┤
 | 0x000000000000891a | 0 0 0 0 2 2 2 2 2 2 2 2 2 2 2 2 2 2 2 2 2 2 2 2 2 2 2 2 2 2 2 2  |
 ├────────────────────┼──────────────────────────────────────────────────────────────────┤
 | 0x00000000000065e9 | 0 0 0 0 0 0 0 0 0 0 2 0 0 0 0 0 2 2 2 2 0 0 0 2 2 0 0 2 2 2 2 0  |
 ├────────────────────┼──────────────────────────────────────────────────────────────────┤
 | 0x000000000000064c | 0 0 0 0 0 0 0 0 0 0 0 0 0 0 0 0 0 0 0 0 2 2 2 2 2 2 2 2 2 2 2 2  |
 ├────────────────────┼──────────────────────────────────────────────────────────────────┤
 | 0x000000000000602a | 2 2 0 0 2 2 2 2 2 2 2 2 0 0 0 2 0 0 2 2 0 0 0 0 2 2 2 2 2 2 0 0  |
 ├────────────────────┼──────────────────────────────────────────────────────────────────┤
 | 0x0000000000007a6a | 0 0 0 0 2 2 0 0 0 2 2 2 2 2 2 2 2 2 0 0 0 0 0 0 0 0 2 2 0 0 0 0  |
 ├────────────────────┼──────────────────────────────────────────────────────────────────┤
 | 0x0000000000000625 | 2 0 0 0 0 0 0 0 0 0 0 0 0 0 0 0 0 0 0 0 0 0 2 0 2 2 2 2 2 2 0 2  |
 ├────────────────────┼──────────────────────────────────────────────────────────────────┤
 | 0x0000000000007d2c | 0 0 0 0 0 0 0 0 0 0 0 0 0 0 0 2 2 0 0 2 2 0 0 0 0 2 2 0 0 2 0 0  |
 ├────────────────────┼──────────────────────────────────────────────────────────────────┤
 | 0x0000000000005ab9 | 2 2 0 0 0 0 0 0 0 0 0 0 0 0 0 0 0 0 0 0 0 0 0 0 0 0 0 2 2 2 2 2  |
 ├────────────────────┼──────────────────────────────────────────────────────────────────┤
 | 0x0000000000000b2b | 2 0 0 0 0 0 0 0 0 0 0 0 0 2 0 0 0 0 0 0 0 0 0 0 0 0 0 0 2 0 2 2  |
 ├────────────────────┼──────────────────────────────────────────────────────────────────┤
 | 0x00000000000083a3 | 2 2 0 0 0 0 0 2 2 2 2 2 2 2 2 2 2 2 2 2 2 2 2 2 2 2 2 2 2 2 2 2  |
 ├────────────────────┼──────────────────────────────────────────────────────────────────┤
 | 0x00000000000062b8 | 2 0 0 0 2 2 2 2 2 2 2 0 0 0 0 0 0 0 0 0 0 2 2 0 0 0 0 0 0 0 0 2  |
 ├────────────────────┼──────────────────────────────────────────────────────────────────┤
 | 0x0000000000000552 | 2 2 2 2 0 0 0 0 0 0 0 0 0 2 2 2 2 2 2 2 2 2 2 2 2 2 2 2 2 2 2 2  |
 ├────────────────────┼──────────────────────────────────────────────────────────────────┤
 | 0x0000000000008930 | 2 2 2 2 0 2 2 2 2 2 2 2 2 2 2 2 2 2 2 2 2 2 2 2 2 2 2 2 2 2 2 2  |
 ├────────────────────┼──────────────────────────────────────────────────────────────────┤
 | 0x0000000000000b2a | 2 2 0 0 2 2 2 2 0 0 0 0 0 0 0 0 0 0 0 0 0 2 0 0 0 0 0 0 2 2 0 0  |
 ├────────────────────┼──────────────────────────────────────────────────────────────────┤
 | 0x00000000000084c3 | 2 2 2 2 2 2 2 2 2 2 2 2 2 2 2 2 2 2 2 2 2 2 2 2 2 2 0 2 2 2 2 2  |
 ├────────────────────┼──────────────────────────────────────────────────────────────────┤
 | 0x000000000000064e | 2 0 0 0 0 0 0 2 2 0 2 2 2 2 2 2 2 2 2 2 0 2 0 2 0 0 2 2 0 0 0 0  |
 ├────────────────────┼──────────────────────────────────────────────────────────────────┤
 | 0x000000000000627f | 0 0 0 0 0 0 0 0 0 2 2 2 2 2 2 2 2 2 2 2 2 2 2 2 2 2 2 2 2 2 2 2  |
 ├────────────────────┼──────────────────────────────────────────────────────────────────┤
 | 0x00000000000082f3 | 2 2 2 2 2 2 2 2 2 2 2 2 2 2 2 2 0 2 2 2 2 2 2 2 2 2 2 2 2 2 2 2  |
 ├────────────────────┼──────────────────────────────────────────────────────────────────┤
 | 0x0000000000006690 | 2 2 2 2 0 0 0 0 0 0 0 0 0 0 2 2 0 0 0 0 0 0 0 2 2 2 2 0 0 0 2 2  |
 └────────────────────┴──────────────────────────────────────────────────────────────────┘
Prefetch buffer end
Filter by PPT: 0
Prefetch Request to L1: 258654, Prefetch Request to L2: 12549340
Invalid by Eviction: 113497
Invalid by Max: 136974
Final L1D Threshold: 0.901
Final Demand Reserve: 25.0%

╔═══════════════════════════════════════╗
║       CLIP Filter Statistics         ║
╚═══════════════════════════════════════╝
[CLIP CPU2 Stats]
  Total candidates:        6409117
  Prefetches issued:       1382396 (21.6%)
  Dropped (not critical):  5026721 (78.5%)
  Critical loads detected: 11518449
  Phase changes:           0

Filter table begin
 ┌────────────────────┬─────────────┐
 | Region             | Offset      |
 ├────────────────────┼─────────────┤
 | 0x000000000000297a | 8           |
 ├────────────────────┼─────────────┤
 | 0x00000000000002c5 | 25          |
 └────────────────────┴─────────────┘
Filter table end
Accumulation table begin
 ┌────────────────────┬─────────────┬─────────────┬──────────────────────────────────────────────────────────────────┐
 | Region             | Offset      | Second      | Pattern                                                          |
 ├────────────────────┼─────────────┼─────────────┼──────────────────────────────────────────────────────────────────┤
 | 0x0000000000002fb5 | 31          | 29          | 1 1 1 1 1 0 1 1 0 0 1 1 1 0 1 1 1 0 1 1 0 1 1 0 1 0 0 1 1 1 0 1  |
 ├────────────────────┼─────────────┼─────────────┼──────────────────────────────────────────────────────────────────┤
 | 0x0000000000002fad | 31          | 27          | 0 1 1 1 1 0 0 0 0 0 0 0 0 1 1 1 0 0 0 0 0 0 0 0 1 1 1 1 0 0 0 1  |
 ├────────────────────┼─────────────┼─────────────┼──────────────────────────────────────────────────────────────────┤
 | 0x000000000000288d | 31          | 30          | 1 1 1 1 1 1 1 1 1 1 1 1 1 1 1 1 1 1 1 1 1 1 1 1 1 1 1 1 1 1 1 1  |
 ├────────────────────┼─────────────┼─────────────┼──────────────────────────────────────────────────────────────────┤
 | 0x0000000000002878 | 31          | 30          | 1 1 1 1 1 1 1 1 1 1 1 1 1 1 1 1 1 1 1 1 1 1 1 1 1 1 1 1 1 1 1 1  |
 ├────────────────────┼─────────────┼─────────────┼──────────────────────────────────────────────────────────────────┤
 | 0x0000000000002fb3 | 29          | 28          | 1 0 1 0 0 1 1 1 0 1 1 0 1 1 1 0 0 1 1 0 0 1 1 0 1 1 1 0 1 1 0 0  |
 ├────────────────────┼─────────────┼─────────────┼──────────────────────────────────────────────────────────────────┤
 | 0x0000000000002fae | 30          | 29          | 0 1 0 1 0 1 1 0 1 1 1 0 0 1 0 0 1 1 1 1 1 1 0 0 0 1 0 1 1 1 1 0  |
 ├────────────────────┼─────────────┼─────────────┼──────────────────────────────────────────────────────────────────┤
 | 0x0000000000002fb9 | 30          | 29          | 1 0 1 1 1 1 1 0 1 0 1 0 1 1 1 1 1 0 1 0 1 1 0 0 0 1 1 0 0 1 1 0  |
 ├────────────────────┼─────────────┼─────────────┼──────────────────────────────────────────────────────────────────┤
 | 0x0000000000002fa8 | 31          | 30          | 0 0 0 0 1 1 1 0 0 0 0 0 0 0 0 1 0 1 1 0 0 0 0 0 0 0 0 1 0 1 1 1  |
 ├────────────────────┼─────────────┼─────────────┼──────────────────────────────────────────────────────────────────┤
 | 0x0000000000002fb6 | 31          | 30          | 1 0 1 1 0 0 0 0 1 1 1 0 1 1 1 1 1 0 1 0 1 0 1 1 1 1 1 0 1 0 1 1  |
 ├────────────────────┼─────────────┼─────────────┼──────────────────────────────────────────────────────────────────┤
 | 0x0000000000002fab | 28          | 27          | 0 0 1 1 1 1 0 0 0 1 0 0 0 0 1 1 1 0 0 0 0 0 0 0 0 1 0 1 1 0 0 0  |
 ├────────────────────┼─────────────┼─────────────┼──────────────────────────────────────────────────────────────────┤
 | 0x0000000000002881 | 31          | 30          | 1 1 1 1 1 1 1 1 1 1 1 1 1 1 1 1 1 1 1 1 1 1 1 1 1 1 1 1 1 1 1 1  |
 ├────────────────────┼─────────────┼─────────────┼──────────────────────────────────────────────────────────────────┤
 | 0x0000000000002fb0 | 31          | 30          | 1 0 1 1 1 0 0 1 1 0 0 1 1 0 1 1 1 0 1 1 0 0 0 1 0 1 0 1 1 0 1 1  |
 ├────────────────────┼─────────────┼─────────────┼──────────────────────────────────────────────────────────────────┤
 | 0x0000000000002887 | 31          | 30          | 1 1 1 1 1 1 1 1 1 1 1 1 1 1 1 1 1 1 1 1 1 1 1 1 1 1 1 1 1 1 1 1  |
 ├────────────────────┼─────────────┼─────────────┼──────────────────────────────────────────────────────────────────┤
 | 0x0000000000002873 | 31          | 30          | 1 1 1 1 1 1 1 1 1 1 1 1 1 1 1 1 1 1 1 1 1 1 1 1 1 1 1 1 1 1 1 1  |
 ├────────────────────┼─────────────┼─────────────┼──────────────────────────────────────────────────────────────────┤
 | 0x0000000000002fb1 | 31          | 27          | 1 0 0 1 0 0 1 1 1 1 1 1 0 0 0 1 0 1 1 1 1 0 1 1 0 0 0 1 0 0 0 1  |
 ├────────────────────┼─────────────┼─────────────┼──────────────────────────────────────────────────────────────────┤
 | 0x0000000000002faa | 25          | 24          | 0 1 1 1 0 0 0 0 0 0 0 1 1 1 1 0 0 0 0 0 0 0 0 1 1 1 0 0 0 0 0 0  |
 ├────────────────────┼─────────────┼─────────────┼──────────────────────────────────────────────────────────────────┤
 | 0x000000000000288c | 31          | 30          | 0 0 0 0 0 0 0 0 1 1 1 1 1 1 1 1 1 1 1 1 1 1 1 1 1 1 1 1 1 1 1 1  |
 ├────────────────────┼─────────────┼─────────────┼──────────────────────────────────────────────────────────────────┤
 | 0x0000000000002879 | 31          | 30          | 1 1 1 1 1 1 1 1 1 1 1 1 1 1 1 1 1 1 1 1 1 1 1 1 1 1 1 1 1 1 1 1  |
 ├────────────────────┼─────────────┼─────────────┼──────────────────────────────────────────────────────────────────┤
 | 0x0000000000002fb2 | 31          | 29          | 1 1 0 1 0 1 0 1 0 1 1 1 1 1 1 0 1 1 0 0 1 1 1 0 1 1 1 0 1 1 0 1  |
 ├────────────────────┼─────────────┼─────────────┼──────────────────────────────────────────────────────────────────┤
 | 0x0000000000002880 | 31          | 30          | 1 1 1 1 1 1 1 1 1 1 1 1 1 1 1 1 1 1 1 1 1 1 1 1 1 1 1 1 1 1 1 1  |
 ├────────────────────┼─────────────┼─────────────┼──────────────────────────────────────────────────────────────────┤
 | 0x0000000000002886 | 31          | 30          | 1 1 1 1 1 1 1 1 1 1 1 1 1 1 1 1 1 1 1 1 1 1 1 1 1 1 1 1 1 1 1 1  |
 ├────────────────────┼─────────────┼─────────────┼──────────────────────────────────────────────────────────────────┤
 | 0x0000000000002fb4 | 31          | 29          | 0 1 1 0 1 0 0 0 1 1 1 1 0 1 1 0 0 1 1 0 1 0 1 1 0 1 0 1 0 1 0 1  |
 ├────────────────────┼─────────────┼─────────────┼──────────────────────────────────────────────────────────────────┤
 | 0x0000000000002fa9 | 24          | 22          | 0 0 0 0 0 0 0 1 1 1 1 0 0 0 0 0 0 0 0 0 1 1 1 0 1 0 0 0 0 0 0 0  |
 ├────────────────────┼─────────────┼─────────────┼──────────────────────────────────────────────────────────────────┤
 | 0x0000000000002fb7 | 30          | 28          | 0 0 0 1 1 0 0 1 1 0 0 1 1 0 1 0 0 0 1 1 1 1 0 1 1 0 0 1 1 0 1 0  |
 ├────────────────────┼─────────────┼─────────────┼──────────────────────────────────────────────────────────────────┤
 | 0x0000000000002fbb | 29          | 28          | 0 0 0 0 0 0 0 0 0 0 0 0 0 0 0 0 0 0 0 0 0 0 0 0 0 0 0 0 1 1 0 0  |
 ├────────────────────┼─────────────┼─────────────┼──────────────────────────────────────────────────────────────────┤
 | 0x0000000000002fb8 | 31          | 30          | 0 0 0 0 0 0 0 0 0 0 0 0 0 0 0 0 0 0 1 1 0 0 1 0 1 1 0 0 0 0 1 1  |
 ├────────────────────┼─────────────┼─────────────┼──────────────────────────────────────────────────────────────────┤
 | 0x0000000000002fac | 25          | 24          | 1 1 1 1 0 1 1 1 0 1 1 1 1 1 0 1 0 0 0 0 0 1 0 1 1 1 0 0 0 0 0 0  |
 ├────────────────────┼─────────────┼─────────────┼──────────────────────────────────────────────────────────────────┤
 | 0x0000000000002faf | 31          | 25          | 1 1 0 0 0 1 0 0 0 1 1 1 1 1 0 1 1 1 0 1 1 1 1 1 0 1 0 0 0 0 0 1  |
 └────────────────────┴─────────────┴─────────────┴──────────────────────────────────────────────────────────────────┘
Accumulation table end
Offset pattern table begin
 ┌────────────────────┬─────────────┬──────────────────────────────────────────────────────────────────────────────────────────────────┐
 | Key                | Second      | Pattern                                                                                          |
 ├────────────────────┼─────────────┼──────────────────────────────────────────────────────────────────────────────────────────────────┤
 | 0x0000000000000000 | 5           | 27 26 26 26 26 26 26 26 26 26 26 26 26 26 26 26 26 26 26 26 26 26 26 25 25 25 25 25 25 25 25 25  |
 ├────────────────────┼─────────────┼──────────────────────────────────────────────────────────────────────────────────────────────────┤
 | 0x0000000000000001 | 7           | 24 24 9 9 8 6 7 6 7 7 9 6 7 7 8 8 8 7 5 6 7 5 7 7 9 7 10 8 6 6 6 7                               |
 ├────────────────────┼─────────────┼──────────────────────────────────────────────────────────────────────────────────────────────────┤
 | 0x0000000000000002 | 14          | 20 4 20 9 8 9 7 9 6 6 7 7 7 9 8 7 8 9 9 8 6 6 6 6 6 5 5 8 7 5 6 6                                |
 ├────────────────────┼─────────────┼──────────────────────────────────────────────────────────────────────────────────────────────────┤
 | 0x0000000000000003 | 4           | 18 2 2 18 8 5 4 7 6 6 5 5 6 4 6 5 5 6 5 4 4 7 5 4 6 6 4 5 4 6 5 5                                |
 ├────────────────────┼─────────────┼──────────────────────────────────────────────────────────────────────────────────────────────────┤
 | 0x0000000000000004 | 5           | 21 2 4 4 21 8 7 6 7 6 9 8 6 9 5 10 10 8 9 10 8 8 8 9 7 7 8 8 10 8 8 7                            |
 ├────────────────────┼─────────────┼──────────────────────────────────────────────────────────────────────────────────────────────────┤
 | 0x0000000000000005 | 12          | 23 2 2 4 4 23 7 8 6 8 7 8 8 6 7 7 8 7 9 7 6 6 5 6 5 8 7 7 4 6 8 8                                |
 ├────────────────────┼─────────────┼──────────────────────────────────────────────────────────────────────────────────────────────────┤
 | 0x0000000000000006 | 7           | 19 3 3 2 2 4 19 7 5 6 6 3 5 6 3 7 5 5 6 8 6 6 5 7 4 6 4 6 5 5 8 7                                |
 ├────────────────────┼─────────────┼──────────────────────────────────────────────────────────────────────────────────────────────────┤
 | 0x0000000000000007 | 18          | 19 2 2 3 2 4 2 19 6 9 5 4 6 6 7 7 5 6 9 8 8 6 6 9 6 8 6 6 6 6 7 6                                |
 ├────────────────────┼─────────────┼──────────────────────────────────────────────────────────────────────────────────────────────────┤
 | 0x0000000000000008 | 21          | 18 2 1 2 1 1 1 1 18 6 3 2 4 2 2 2 2 2 4 2 4 5 3 4 2 3 2 1 2 1 1 2                                |
 ├────────────────────┼─────────────┼──────────────────────────────────────────────────────────────────────────────────────────────────┤
 | 0x0000000000000009 | 10          | 30 3 5 4 4 6 2 3 7 30 12 14 12 12 9 8 11 10 9 10 11 12 12 10 10 12 11 9 11 9 11 10               |
 ├────────────────────┼─────────────┼──────────────────────────────────────────────────────────────────────────────────────────────────┤
 | 0x000000000000000a | 11          | 18 1 0 3 2 2 2 2 2 2 18 5 4 3 5 4 5 5 5 3 3 4 4 5 5 4 4 4 4 3 5 3                                |
 ├────────────────────┼─────────────┼──────────────────────────────────────────────────────────────────────────────────────────────────┤
 | 0x000000000000000b | 12          | 23 4 3 3 3 2 2 2 2 4 4 23 4 4 5 4 6 3 4 2 3 2 4 2 6 7 5 6 3 4 4 2                                |
 ├────────────────────┼─────────────┼──────────────────────────────────────────────────────────────────────────────────────────────────┤
 | 0x000000000000000c | 13          | 21 2 2 4 1 1 2 1 1 3 2 5 21 5 6 3 3 4 3 5 4 6 4 3 5 5 2 3 1 1 3 5                                |
 ├────────────────────┼─────────────┼──────────────────────────────────────────────────────────────────────────────────────────────────┤
 | 0x000000000000000d | 14          | 26 4 3 3 2 4 2 4 3 3 3 5 5 26 6 6 6 3 2 6 3 3 2 2 3 5 5 6 5 3 4 9                                |
 ├────────────────────┼─────────────┼──────────────────────────────────────────────────────────────────────────────────────────────────┤
 | 0x000000000000000e | 13          | 17 1 1 4 0 2 0 0 2 3 2 2 1 3 17 4 4 1 3 4 2 2 1 2 1 1 3 1 1 2 1 3                                |
 ├────────────────────┼─────────────┼──────────────────────────────────────────────────────────────────────────────────────────────────┤
 | 0x000000000000000f | 16          | 25 3 2 7 6 3 3 1 3 2 3 1 2 4 5 25 9 6 5 5 5 4 5 3 5 2 5 6 6 4 3 3                                |
 ├────────────────────┼─────────────┼──────────────────────────────────────────────────────────────────────────────────────────────────┤
 | 0x0000000000000010 | 28          | 21 1 2 3 2 1 1 2 1 2 3 1 2 4 4 5 21 3 2 2 4 4 5 5 2 2 5 4 4 6 2 3                                |
 ├────────────────────┼─────────────┼──────────────────────────────────────────────────────────────────────────────────────────────────┤
 | 0x0000000000000011 | 18          | 28 3 3 2 2 2 3 3 4 3 1 3 4 5 5 3 7 28 11 8 7 8 7 4 9 5 4 7 4 5 4 7                               |
 ├────────────────────┼─────────────┼──────────────────────────────────────────────────────────────────────────────────────────────────┤
 | 0x0000000000000012 | 12          | 30 1 3 3 3 2 3 2 3 1 1 1 1 2 3 5 6 7 30 12 8 5 5 7 5 3 3 2 3 3 4 4                               |
 ├────────────────────┼─────────────┼──────────────────────────────────────────────────────────────────────────────────────────────────┤
 | 0x0000000000000013 | 17          | 21 0 2 2 3 2 4 3 1 1 2 0 2 2 1 2 3 3 6 21 4 3 2 3 2 0 2 2 2 1 3 4                                |
 ├────────────────────┼─────────────┼──────────────────────────────────────────────────────────────────────────────────────────────────┤
 | 0x0000000000000014 | 21          | 22 1 1 1 0 1 2 5 4 2 0 0 0 2 1 1 0 0 1 4 22 5 2 2 2 2 1 1 1 1 1 3                                |
 ├────────────────────┼─────────────┼──────────────────────────────────────────────────────────────────────────────────────────────────┤
 | 0x0000000000000015 | 23          | 19 1 0 1 1 0 2 2 3 2 3 1 1 1 2 1 1 2 2 1 3 19 5 3 2 4 2 2 3 2 2 2                                |
 ├────────────────────┼─────────────┼──────────────────────────────────────────────────────────────────────────────────────────────────┤
 | 0x0000000000000016 | 7           | 29 1 2 2 4 3 2 5 4 6 5 1 0 3 3 1 3 1 0 3 2 6 29 10 4 4 6 5 3 5 3 4                               |
 ├────────────────────┼─────────────┼──────────────────────────────────────────────────────────────────────────────────────────────────┤
 | 0x0000000000000017 | 16          | 22 1 3 1 2 2 2 1 1 2 3 3 4 0 0 3 2 1 2 2 2 2 3 22 4 3 1 1 1 0 0 1                                |
 ├────────────────────┼─────────────┼──────────────────────────────────────────────────────────────────────────────────────────────────┤
 | 0x0000000000000018 | 12          | 25 1 1 0 1 1 1 2 2 3 2 6 5 1 2 3 4 3 0 1 4 2 6 6 25 2 2 3 2 2 3 1                                |
 ├────────────────────┼─────────────┼──────────────────────────────────────────────────────────────────────────────────────────────────┤
 | 0x0000000000000019 | 26          | 19 4 4 3 2 2 4 1 2 2 4 4 5 5 3 2 1 3 2 1 3 1 3 4 4 19 4 2 3 1 2 3                                |
 ├────────────────────┼─────────────┼──────────────────────────────────────────────────────────────────────────────────────────────────┤
 | 0x000000000000001a | 27          | 26 4 4 3 2 2 1 3 2 4 5 4 4 8 4 2 2 1 2 2 4 3 4 7 4 6 26 5 4 0 0 0                                |
 ├────────────────────┼─────────────┼──────────────────────────────────────────────────────────────────────────────────────────────────┤
 | 0x000000000000001b | 5           | 27 7 4 4 7 4 4 7 6 6 3 8 5 9 8 7 5 5 4 5 6 5 6 6 8 9 8 27 1 2 2 2                                |
 ├────────────────────┼─────────────┼──────────────────────────────────────────────────────────────────────────────────────────────────┤
 | 0x000000000000001c | 29          | 31 9 13 11 6 11 6 8 7 7 8 9 13 11 6 9 9 7 7 7 3 6 11 7 8 7 7 12 31 6 5 4                         |
 ├────────────────────┼─────────────┼──────────────────────────────────────────────────────────────────────────────────────────────────┤
 | 0x000000000000001d | 30          | 20 7 5 5 4 4 3 3 2 4 6 4 2 5 6 4 7 3 3 2 5 5 4 5 4 5 6 5 6 20 2 1                                |
 ├────────────────────┼─────────────┼──────────────────────────────────────────────────────────────────────────────────────────────────┤
 | 0x000000000000001e | 31          | 20 6 7 8 8 10 7 6 7 6 8 5 7 7 8 8 7 9 6 7 7 5 5 6 6 4 9 7 8 6 20 1                               |
 ├────────────────────┼─────────────┼──────────────────────────────────────────────────────────────────────────────────────────────────┤
 | 0x000000000000001f | 30          | 18 13 14 13 14 15 14 15 15 14 14 14 13 13 14 13 14 15 15 16 16 15 13 14 13 13 13 13 13 14 15 18  |
 └────────────────────┴─────────────┴──────────────────────────────────────────────────────────────────────────────────────────────────┘
Offset pattern table end
PC pattern table begin
 ┌────────────────────┬─────────────┬──────────────────────────────────────────────────┐
 | Key                | Second      | Pattern                                          |
 ├────────────────────┼─────────────┼──────────────────────────────────────────────────┤
 | 0x0000000000000000 | 9           | 16 15 15 15 15 15 15 15 15 15 15 15 15 15 15 15  |
 ├────────────────────┼─────────────┼──────────────────────────────────────────────────┤
 | 0x0000000000000001 | 4           | 25 6 5 8 8 3 7 6 5 7 5 6 8 7 5 6                 |
 ├────────────────────┼─────────────┼──────────────────────────────────────────────────┤
 | 0x0000000000000002 | 5           | 22 13 13 11 10 10 10 11 12 12 12 11 12 11 12 12  |
 ├────────────────────┼─────────────┼──────────────────────────────────────────────────┤
 | 0x0000000000000003 | 4           | 19 1 2 0 3 2 2 3 2 3 4 3 2 3 1 0                 |
 ├────────────────────┼─────────────┼──────────────────────────────────────────────────┤
 | 0x0000000000000004 | 27          | 18 4 2 4 3 4 4 4 3 5 2 5 5 4 2 6                 |
 ├────────────────────┼─────────────┼──────────────────────────────────────────────────┤
 | 0x0000000000000005 | 12          | 28 9 8 10 11 10 9 13 13 10 9 12 12 9 11 9        |
 ├────────────────────┼─────────────┼──────────────────────────────────────────────────┤
 | 0x0000000000000006 | 19          | 19 10 11 10 9 12 10 11 11 10 12 11 10 10 9 11    |
 ├────────────────────┼─────────────┼──────────────────────────────────────────────────┤
 | 0x0000000000000007 | 27          | 22 7 9 9 8 9 9 10 10 11 9 8 7 8 9 8              |
 ├────────────────────┼─────────────┼──────────────────────────────────────────────────┤
 | 0x0000000000000008 | 21          | 27 8 6 8 5 6 4 9 5 14 6 6 7 3 8 6                |
 ├────────────────────┼─────────────┼──────────────────────────────────────────────────┤
 | 0x0000000000000009 | 18          | 25 16 16 16 16 17 17 16 16 18 16 17 16 15 15 16  |
 ├────────────────────┼─────────────┼──────────────────────────────────────────────────┤
 | 0x000000000000000a | 8           | 17 1 1 1 1 1 1 2 5 5 6 8 6 6 5 6                 |
 ├────────────────────┼─────────────┼──────────────────────────────────────────────────┤
 | 0x000000000000000b | 31          | 26 2 1 1 4 4 3 2 5 5 6 3 4 2 6 2                 |
 ├────────────────────┼─────────────┼──────────────────────────────────────────────────┤
 | 0x000000000000000c | 26          | 19 5 7 5 6 6 4 5 7 7 7 8 7 6 3 5                 |
 ├────────────────────┼─────────────┼──────────────────────────────────────────────────┤
 | 0x000000000000000d | 19          | 23 5 2 5 6 6 9 5 3 5 4 5 3 5 1 3                 |
 ├────────────────────┼─────────────┼──────────────────────────────────────────────────┤
 | 0x000000000000000e | 0           | 18 8 7 8 8 8 7 8 7 6 8 7 7 8 6 8                 |
 ├────────────────────┼─────────────┼──────────────────────────────────────────────────┤
 | 0x000000000000000f | 0           | 16 3 5 4 3 2 1 4 3 3 3 2 1 3 2 3                 |
 ├────────────────────┼─────────────┼──────────────────────────────────────────────────┤
 | 0x0000000000000010 | 30          | 30 9 12 12 13 15 13 11 13 12 16 12 15 12 12 14   |
 ├────────────────────┼─────────────┼──────────────────────────────────────────────────┤
 | 0x0000000000000011 | 1           | 17 7 6 6 6 6 6 6 6 7 8 8 8 7 9 8                 |
 ├────────────────────┼─────────────┼──────────────────────────────────────────────────┤
 | 0x0000000000000012 | 12          | 19 5 9 6 6 5 4 5 7 7 7 9 7 6 4 6                 |
 ├────────────────────┼─────────────┼──────────────────────────────────────────────────┤
 | 0x0000000000000013 | 30          | 16 10 9 9 10 10 10 11 10 10 9 10 10 11 9 9       |
 ├────────────────────┼─────────────┼──────────────────────────────────────────────────┤
 | 0x0000000000000014 | 15          | 29 7 10 10 10 11 12 11 6 12 10 11 11 9 11 12     |
 ├────────────────────┼─────────────┼──────────────────────────────────────────────────┤
 | 0x0000000000000015 | 22          | 29 11 10 8 8 5 11 7 5 4 9 5 8 9 8 7              |
 ├────────────────────┼─────────────┼──────────────────────────────────────────────────┤
 | 0x0000000000000016 | 10          | 16 2 3 2 2 3 2 3 3 2 3 5 4 5 3 2                 |
 ├────────────────────┼─────────────┼──────────────────────────────────────────────────┤
 | 0x0000000000000017 | 17          | 24 7 7 10 8 6 7 8 10 11 7 7 6 6 6 7              |
 ├────────────────────┼─────────────┼──────────────────────────────────────────────────┤
 | 0x0000000000000018 | 11          | 16 2 2 4 5 3 6 5 3 5 3 2 5 4 2 5                 |
 ├────────────────────┼─────────────┼──────────────────────────────────────────────────┤
 | 0x0000000000000019 | 19          | 31 13 14 13 14 15 16 15 16 15 13 12 13 11 12 13  |
 ├────────────────────┼─────────────┼──────────────────────────────────────────────────┤
 | 0x000000000000001a | 26          | 18 4 5 4 5 2 3 7 8 6 6 7 6 4 5 3                 |
 ├────────────────────┼─────────────┼──────────────────────────────────────────────────┤
 | 0x000000000000001b | 21          | 28 14 19 16 16 19 17 15 16 16 15 16 16 17 14 12  |
 ├────────────────────┼─────────────┼──────────────────────────────────────────────────┤
 | 0x000000000000001c | 20          | 27 20 20 20 20 20 19 21 20 19 22 21 19 19 19 18  |
 ├────────────────────┼─────────────┼──────────────────────────────────────────────────┤
 | 0x000000000000001d | 6           | 31 10 12 10 10 12 11 7 7 12 10 9 10 8 12 10      |
 ├────────────────────┼─────────────┼──────────────────────────────────────────────────┤
 | 0x000000000000001e | 7           | 17 16 16 16 16 16 16 16 16 16 16 16 16 16 16 16  |
 ├────────────────────┼─────────────┼──────────────────────────────────────────────────┤
 | 0x000000000000001f | 20          | 23 8 7 5 6 3 10 5 7 7 7 5 7 7 7 5                |
 └────────────────────┴─────────────┴──────────────────────────────────────────────────┘
PC pattern table end
Prefetch buffer begin
 ┌────────────────────┬──────────────────────────────────────────────────────────────────┐
 | Region             | Pattern                                                          |
 ├────────────────────┼──────────────────────────────────────────────────────────────────┤
 | 0x0000000000002aad | 2 0 0 0 2 2 2 2 2 2 2 2 2 2 2 2 2 2 2 2 2 2 2 2 2 2 2 2 2 2 2 2  |
 ├────────────────────┼──────────────────────────────────────────────────────────────────┤
 | 0x0000000000002a64 | 2 2 2 2 2 2 2 2 0 2 2 2 2 0 2 2 2 2 2 2 2 2 2 2 2 2 0 2 2 0 2 2  |
 ├────────────────────┼──────────────────────────────────────────────────────────────────┤
 | 0x0000000000002a75 | 0 2 2 2 0 2 2 2 2 2 2 2 2 0 2 2 2 2 2 2 2 2 2 2 0 2 0 2 0 2 2 2  |
 ├────────────────────┼──────────────────────────────────────────────────────────────────┤
 | 0x0000000000005588 | 2 2 2 2 2 2 2 2 2 0 2 2 2 2 2 2 2 2 2 2 0 2 2 2 2 2 2 2 2 2 2 2  |
 ├────────────────────┼──────────────────────────────────────────────────────────────────┤
 | 0x0000000000002a70 | 2 2 2 2 2 0 2 2 2 2 2 2 2 2 2 2 2 0 2 2 2 2 2 2 2 2 2 2 2 2 2 2  |
 ├────────────────────┼──────────────────────────────────────────────────────────────────┤
 | 0x0000000000002976 | 2 2 2 2 2 2 2 2 2 2 0 2 2 2 2 2 2 2 2 2 2 2 2 2 2 2 2 2 2 2 2 2  |
 ├────────────────────┼──────────────────────────────────────────────────────────────────┤
 | 0x0000000000002a3a | 2 2 2 0 2 2 2 2 2 2 2 2 2 2 2 2 2 2 2 2 2 2 2 2 2 2 2 2 2 2 2 2  |
 ├────────────────────┼──────────────────────────────────────────────────────────────────┤
 | 0x0000000000002ade | 0 2 2 2 2 2 2 2 2 2 2 2 2 2 2 2 2 2 2 2 2 2 2 2 2 2 2 2 2 2 2 2  |
 ├────────────────────┼──────────────────────────────────────────────────────────────────┤
 | 0x0000000000002f2b | 0 0 0 0 0 0 0 0 0 0 0 2 2 2 2 2 2 2 0 2 0 2 2 0 0 0 0 0 0 0 0 0  |
 ├────────────────────┼──────────────────────────────────────────────────────────────────┤
 | 0x0000000000002f7b | 2 2 2 2 2 2 0 0 0 0 0 0 0 0 0 0 0 0 0 0 0 0 0 0 0 0 0 0 0 0 0 0  |
 ├────────────────────┼──────────────────────────────────────────────────────────────────┤
 | 0x000000000000858b | 2 0 1 2 2 2 2 2 2 2 2 2 2 2 2 2 2 2 2 2 2 2 2 2 2 2 2 2 2 2 2 2  |
 ├────────────────────┼──────────────────────────────────────────────────────────────────┤
 | 0x000000000000297d | 2 2 2 0 2 2 1 2 2 2 2 2 2 2 2 2 2 2 2 2 2 2 2 2 2 2 2 2 2 2 2 2  |
 ├────────────────────┼──────────────────────────────────────────────────────────────────┤
 | 0x0000000000002ed6 | 0 0 0 0 0 0 0 0 0 1 1 1 1 1 1 1 1 1 1 1 1 1 1 1 1 1 1 1 1 1 1 1  |
 ├────────────────────┼──────────────────────────────────────────────────────────────────┤
 | 0x0000000000002fbb | 2 2 2 2 2 2 2 0 0 0 0 0 0 0 0 0 0 0 0 0 0 0 0 0 0 0 0 0 0 0 0 0  |
 ├────────────────────┼──────────────────────────────────────────────────────────────────┤
 | 0x0000000000002f7d | 0 0 0 0 0 0 0 0 0 0 0 0 0 0 0 0 0 0 0 0 0 2 2 2 2 2 1 2 2 2 2 2  |
 ├────────────────────┼──────────────────────────────────────────────────────────────────┤
 | 0x0000000000003001 | 2 2 2 2 2 2 2 2 2 2 2 2 2 2 2 2 2 2 2 2 2 2 2 2 2 2 2 2 2 2 0 2  |
 ├────────────────────┼──────────────────────────────────────────────────────────────────┤
 | 0x000000000000029c | 2 2 2 2 2 2 2 2 2 2 2 2 2 2 2 2 2 2 0 2 2 2 2 2 2 2 2 2 2 2 2 2  |
 ├────────────────────┼──────────────────────────────────────────────────────────────────┤
 | 0x0000000000002a78 | 2 0 1 2 2 2 2 2 2 2 0 2 2 2 2 2 2 2 2 2 2 2 0 2 0 0 0 2 2 0 2 2  |
 ├────────────────────┼──────────────────────────────────────────────────────────────────┤
 | 0x0000000000002a66 | 0 2 2 0 0 0 2 2 0 2 2 2 2 2 2 2 0 2 2 2 0 2 2 2 2 2 2 2 2 2 2 2  |
 ├────────────────────┼──────────────────────────────────────────────────────────────────┤
 | 0x0000000000002a6d | 2 2 2 2 2 2 2 2 2 2 2 2 2 2 2 2 2 2 2 2 2 2 2 2 2 2 2 0 2 2 2 2  |
 ├────────────────────┼──────────────────────────────────────────────────────────────────┤
 | 0x0000000000002a68 | 2 2 2 0 2 2 2 0 2 2 2 2 2 2 2 2 2 2 2 2 2 2 2 2 2 0 2 2 2 2 2 0  |
 ├────────────────────┼──────────────────────────────────────────────────────────────────┤
 | 0x0000000000002a45 | 2 2 2 2 2 2 2 2 2 2 0 0 0 0 2 0 2 2 2 2 2 2 2 2 2 0 0 0 0 0 0 0  |
 ├────────────────────┼──────────────────────────────────────────────────────────────────┤
 | 0x0000000000002ab0 | 2 2 2 2 2 2 2 2 0 0 2 2 2 2 2 2 0 0 2 2 0 2 0 2 2 2 2 2 2 2 2 2  |
 ├────────────────────┼──────────────────────────────────────────────────────────────────┤
 | 0x0000000000002a76 | 2 2 2 2 2 2 2 2 0 2 2 0 0 2 2 2 2 2 2 0 0 2 2 0 2 2 2 2 2 2 2 2  |
 ├────────────────────┼──────────────────────────────────────────────────────────────────┤
 | 0x0000000000002a79 | 2 0 0 2 2 0 2 2 2 2 2 2 2 0 2 2 2 2 0 2 2 2 2 2 2 2 2 2 2 2 2 2  |
 └────────────────────┴──────────────────────────────────────────────────────────────────┘
Prefetch buffer end
Filter by PPT: 0
Prefetch Request to L1: 258654, Prefetch Request to L2: 12549340
Invalid by Eviction: 18486
Invalid by Max: 483822
Final L1D Threshold: 0.901
Final Demand Reserve: 25.0%

╔═══════════════════════════════════════╗
║       CLIP Filter Statistics         ║
╚═══════════════════════════════════════╝
[CLIP CPU1 Stats]
  Total candidates:        12920779
  Prefetches issued:       10684155 (82.7%)
  Dropped (not critical):  2236624 (17.4%)
  Critical loads detected: 177905
  Phase changes:           0

Filter table begin
 ┌────────────────────┬─────────────┐
 | Region             | Offset      |
 ├────────────────────┼─────────────┤
 | 0x0000000000006d4c | 24          |
 ├────────────────────┼─────────────┤
 | 0x0000000000006e6d | 12          |
 ├────────────────────┼─────────────┤
 | 0x00000000000049a2 | 27          |
 ├────────────────────┼─────────────┤
 | 0x000000000000744d | 0           |
 ├────────────────────┼─────────────┤
 | 0x000000000000088f | 18          |
 ├────────────────────┼─────────────┤
 | 0x000000000000026d | 15          |
 ├────────────────────┼─────────────┤
 | 0x0000000000000584 | 0           |
 ├────────────────────┼─────────────┤
 | 0x00000000000066f1 | 6           |
 ├────────────────────┼─────────────┤
 | 0x0000000000006239 | 16          |
 ├────────────────────┼─────────────┤
 | 0x00000000000049c6 | 1           |
 ├────────────────────┼─────────────┤
 | 0x000000000000557c | 22          |
 ├────────────────────┼─────────────┤
 | 0x0000000000004987 | 16          |
 ├────────────────────┼─────────────┤
 | 0x0000000000008372 | 19          |
 ├────────────────────┼─────────────┤
 | 0x000000000000852b | 27          |
 ├────────────────────┼─────────────┤
 | 0x0000000000006e7d | 9           |
 ├────────────────────┼─────────────┤
 | 0x000000000000845b | 5           |
 ├────────────────────┼─────────────┤
 | 0x00000000000082b6 | 20          |
 ├────────────────────┼─────────────┤
 | 0x000000000000173b | 9           |
 ├────────────────────┼─────────────┤
 | 0x0000000000006932 | 15          |
 ├────────────────────┼─────────────┤
 | 0x0000000000006295 | 23          |
 ├────────────────────┼─────────────┤
 | 0x000000000000027d | 7           |
 ├────────────────────┼─────────────┤
 | 0x0000000000000401 | 12          |
 ├────────────────────┼─────────────┤
 | 0x0000000000004d05 | 29          |
 ├────────────────────┼─────────────┤
 | 0x0000000000005a59 | 1           |
 ├────────────────────┼─────────────┤
 | 0x00000000000049fb | 1           |
 ├────────────────────┼─────────────┤
 | 0x00000000000003ae | 26          |
 ├────────────────────┼─────────────┤
 | 0x0000000000005e9f | 4           |
 ├────────────────────┼─────────────┤
 | 0x000000000000604a | 29          |
 ├────────────────────┼─────────────┤
 | 0x0000000000006830 | 5           |
 ├────────────────────┼─────────────┤
 | 0x0000000000005e55 | 24          |
 ├────────────────────┼─────────────┤
 | 0x0000000000000415 | 8           |
 ├────────────────────┼─────────────┤
 | 0x0000000000005f9a | 12          |
 ├────────────────────┼─────────────┤
 | 0x00000000000049cb | 22          |
 ├────────────────────┼─────────────┤
 | 0x0000000000002f4c | 10          |
 ├────────────────────┼─────────────┤
 | 0x000000000000862a | 27          |
 ├────────────────────┼─────────────┤
 | 0x000000000000654e | 4           |
 ├────────────────────┼─────────────┤
 | 0x00000000000089fb | 18          |
 ├────────────────────┼─────────────┤
 | 0x0000000000006c96 | 2           |
 ├────────────────────┼─────────────┤
 | 0x0000000000000874 | 24          |
 ├────────────────────┼─────────────┤
 | 0x0000000000005b11 | 7           |
 ├────────────────────┼─────────────┤
 | 0x000000000000744a | 19          |
 ├────────────────────┼─────────────┤
 | 0x0000000000006f26 | 15          |
 ├────────────────────┼─────────────┤
 | 0x00000000000022ce | 14          |
 ├────────────────────┼─────────────┤
 | 0x0000000000002423 | 3           |
 └────────────────────┴─────────────┘
Filter table end
Accumulation table begin
 ┌────────────────────┬─────────────┬─────────────┬──────────────────────────────────────────────────────────────────┐
 | Region             | Offset      | Second      | Pattern                                                          |
 ├────────────────────┼─────────────┼─────────────┼──────────────────────────────────────────────────────────────────┤
 | 0x0000000000000384 | 4           | 3           | 0 0 0 1 1 0 0 0 0 0 0 0 0 0 0 0 0 0 0 0 0 0 0 0 0 0 0 0 0 0 0 0  |
 ├────────────────────┼─────────────┼─────────────┼──────────────────────────────────────────────────────────────────┤
 | 0x000000000000032d | 25          | 14          | 0 0 0 0 0 0 0 0 0 0 0 0 0 0 1 0 0 0 0 0 0 0 0 0 0 1 0 0 0 0 0 0  |
 ├────────────────────┼─────────────┼─────────────┼──────────────────────────────────────────────────────────────────┤
 | 0x00000000000003e2 | 14          | 13          | 0 0 0 0 0 0 0 0 0 0 0 0 0 1 1 0 0 0 0 0 0 0 0 0 0 0 0 0 0 0 0 0  |
 ├────────────────────┼─────────────┼─────────────┼──────────────────────────────────────────────────────────────────┤
 | 0x000000000000087a | 29          | 30          | 0 0 0 0 0 0 0 0 0 0 0 0 0 0 0 0 0 0 0 0 0 0 0 0 0 0 0 0 0 1 1 0  |
 ├────────────────────┼─────────────┼─────────────┼──────────────────────────────────────────────────────────────────┤
 | 0x000000000000026e | 27          | 14          | 0 0 0 0 0 0 0 0 0 0 0 0 0 0 1 1 0 0 0 0 0 0 0 0 0 0 0 1 0 0 0 0  |
 ├────────────────────┼─────────────┼─────────────┼──────────────────────────────────────────────────────────────────┤
 | 0x0000000000000870 | 29          | 30          | 0 0 0 0 0 0 0 0 0 0 0 0 0 0 0 0 0 0 0 0 0 0 0 0 0 0 0 0 0 1 1 0  |
 ├────────────────────┼─────────────┼─────────────┼──────────────────────────────────────────────────────────────────┤
 | 0x0000000000000399 | 29          | 9           | 0 0 0 0 0 0 0 0 0 1 1 0 0 0 0 0 0 0 0 0 0 0 0 0 0 0 0 0 0 1 1 0  |
 ├────────────────────┼─────────────┼─────────────┼──────────────────────────────────────────────────────────────────┤
 | 0x00000000000003c5 | 17          | 16          | 0 0 0 0 0 0 0 0 0 0 0 0 0 0 0 0 1 1 0 0 0 0 0 0 0 0 0 0 0 0 0 0  |
 ├────────────────────┼─────────────┼─────────────┼──────────────────────────────────────────────────────────────────┤
 | 0x0000000000002525 | 30          | 31          | 0 0 0 0 0 0 0 0 0 0 0 0 0 0 0 0 0 0 0 0 0 0 0 0 0 0 0 0 0 0 1 1  |
 ├────────────────────┼─────────────┼─────────────┼──────────────────────────────────────────────────────────────────┤
 | 0x000000000000086e | 25          | 26          | 0 0 0 0 0 0 0 0 0 0 0 0 0 0 0 0 0 0 0 0 0 0 0 0 0 1 1 0 1 0 0 0  |
 ├────────────────────┼─────────────┼─────────────┼──────────────────────────────────────────────────────────────────┤
 | 0x0000000000000451 | 4           | 3           | 0 0 0 1 1 0 0 0 0 0 0 0 0 0 0 0 0 0 0 0 0 0 0 0 0 0 0 0 0 0 0 0  |
 ├────────────────────┼─────────────┼─────────────┼──────────────────────────────────────────────────────────────────┤
 | 0x0000000000000470 | 19          | 12          | 0 0 0 1 1 0 0 0 0 0 0 1 1 0 0 0 0 0 0 1 0 0 0 0 0 0 0 0 0 0 0 0  |
 ├────────────────────┼─────────────┼─────────────┼──────────────────────────────────────────────────────────────────┤
 | 0x000000000000044f | 31          | 22          | 0 0 0 0 1 1 0 0 0 0 0 0 1 1 1 0 0 0 0 0 0 0 1 1 0 0 0 0 0 0 0 1  |
 ├────────────────────┼─────────────┼─────────────┼──────────────────────────────────────────────────────────────────┤
 | 0x0000000000000275 | 27          | 19          | 0 1 1 0 0 0 0 0 0 0 1 1 0 0 0 0 0 0 1 1 1 0 0 0 0 0 0 1 1 0 0 0  |
 ├────────────────────┼─────────────┼─────────────┼──────────────────────────────────────────────────────────────────┤
 | 0x00000000000003c3 | 12          | 6           | 0 0 0 0 0 1 1 0 0 0 0 0 1 0 0 0 0 0 0 0 0 0 0 0 0 0 0 0 0 0 0 0  |
 ├────────────────────┼─────────────┼─────────────┼──────────────────────────────────────────────────────────────────┤
 | 0x00000000000002bc | 17          | 18          | 0 0 0 0 0 0 0 0 0 0 0 0 0 0 0 0 1 1 1 1 1 1 0 0 1 0 0 0 0 0 0 0  |
 ├────────────────────┼─────────────┼─────────────┼──────────────────────────────────────────────────────────────────┤
 | 0x000000000000032c | 26          | 22          | 0 1 0 0 0 0 0 0 0 0 0 0 0 0 0 0 0 0 0 0 0 1 1 0 0 0 1 0 0 0 0 0  |
 ├────────────────────┼─────────────┼─────────────┼──────────────────────────────────────────────────────────────────┤
 | 0x000000000000043c | 29          | 30          | 1 0 0 0 0 0 0 1 1 0 0 0 0 0 0 0 1 0 0 0 0 0 0 0 1 1 0 0 0 1 1 0  |
 ├────────────────────┼─────────────┼─────────────┼──────────────────────────────────────────────────────────────────┤
 | 0x0000000000000385 | 14          | 3           | 0 0 0 1 1 0 0 0 0 0 0 0 0 0 1 0 0 0 0 0 0 0 0 0 0 0 0 0 0 0 0 0  |
 ├────────────────────┼─────────────┼─────────────┼──────────────────────────────────────────────────────────────────┤
 | 0x000000000000037c | 21          | 0           | 1 0 0 0 0 0 0 0 0 0 0 0 0 0 0 0 0 0 0 0 0 1 0 0 0 0 0 0 0 0 0 0  |
 ├────────────────────┼─────────────┼─────────────┼──────────────────────────────────────────────────────────────────┤
 | 0x0000000000006efc | 15          | 3           | 0 0 0 1 0 0 0 0 0 0 0 0 0 0 0 1 0 0 0 0 0 0 0 0 0 0 0 0 0 0 0 0  |
 ├────────────────────┼─────────────┼─────────────┼──────────────────────────────────────────────────────────────────┤
 | 0x000000000000044e | 28          | 27          | 0 0 0 0 0 0 0 0 0 0 0 0 0 0 0 0 0 0 0 0 0 0 0 0 0 0 0 1 1 0 0 0  |
 ├────────────────────┼─────────────┼─────────────┼──────────────────────────────────────────────────────────────────┤
 | 0x0000000000000274 | 24          | 25          | 0 0 0 0 0 0 0 0 0 0 0 0 0 0 0 0 0 0 0 0 0 0 0 0 1 1 0 0 0 0 0 0  |
 ├────────────────────┼─────────────┼─────────────┼──────────────────────────────────────────────────────────────────┤
 | 0x000000000000026f | 14          | 15          | 0 0 0 0 0 0 0 0 0 0 0 0 0 0 1 1 0 0 0 0 0 0 0 0 0 0 0 0 0 0 0 0  |
 ├────────────────────┼─────────────┼─────────────┼──────────────────────────────────────────────────────────────────┤
 | 0x0000000000000888 | 23          | 29          | 0 0 0 0 0 0 0 0 0 0 0 0 0 0 0 0 0 0 0 0 0 0 0 1 0 0 0 0 0 1 0 0  |
 ├────────────────────┼─────────────┼─────────────┼──────────────────────────────────────────────────────────────────┤
 | 0x0000000000000460 | 14          | 4           | 0 0 0 1 1 0 0 0 0 0 0 0 0 0 1 0 0 0 0 0 0 0 0 0 0 0 0 0 0 0 0 0  |
 ├────────────────────┼─────────────┼─────────────┼──────────────────────────────────────────────────────────────────┤
 | 0x000000000000041e | 6           | 7           | 0 0 0 0 0 0 1 1 0 0 0 0 0 0 0 0 0 0 0 0 0 0 0 0 0 0 0 0 0 0 0 0  |
 ├────────────────────┼─────────────┼─────────────┼──────────────────────────────────────────────────────────────────┤
 | 0x0000000000000398 | 21          | 20          | 0 0 0 0 1 0 0 0 0 0 0 0 0 0 0 0 0 0 0 0 1 1 0 0 0 0 0 0 0 0 0 0  |
 ├────────────────────┼─────────────┼─────────────┼──────────────────────────────────────────────────────────────────┤
 | 0x0000000000000271 | 12          | 13          | 0 0 0 0 0 0 0 0 0 0 0 0 1 1 0 0 0 0 0 0 0 0 0 0 0 0 0 0 0 0 0 0  |
 ├────────────────────┼─────────────┼─────────────┼──────────────────────────────────────────────────────────────────┤
 | 0x0000000000005e2d | 2           | 9           | 0 0 1 0 0 0 0 0 0 1 0 0 0 0 0 0 0 0 0 0 0 0 0 0 0 0 0 0 0 0 0 0  |
 ├────────────────────┼─────────────┼─────────────┼──────────────────────────────────────────────────────────────────┤
 | 0x00000000000003e3 | 23          | 2           | 0 0 1 0 0 0 0 0 0 0 0 0 0 0 0 0 0 0 0 0 0 0 0 1 0 0 0 0 0 0 0 0  |
 ├────────────────────┼─────────────┼─────────────┼──────────────────────────────────────────────────────────────────┤
 | 0x00000000000003c4 | 24          | 25          | 0 0 0 0 0 0 0 0 0 0 0 0 0 0 0 0 0 0 0 0 0 0 0 0 1 1 0 0 0 0 0 0  |
 └────────────────────┴─────────────┴─────────────┴──────────────────────────────────────────────────────────────────┘
Accumulation table end
Offset pattern table begin
 ┌────────────────────┬─────────────┬──────────────────────────────────────────────────────────────────────────────────┐
 | Key                | Second      | Pattern                                                                          |
 ├────────────────────┼─────────────┼──────────────────────────────────────────────────────────────────────────────────┤
 | 0x0000000000000000 | 27          | 27 2 1 18 20 21 4 7 6 18 18 18 3 2 22 22 18 18 0 4 5 7 22 18 2 2 4 24 22 4 0 3   |
 ├────────────────────┼─────────────┼──────────────────────────────────────────────────────────────────────────────────┤
 | 0x0000000000000001 | 27          | 22 22 11 1 0 0 6 0 7 6 17 9 6 0 6 6 13 7 10 10 10 6 7 0 0 6 6 4 4 0 0 0          |
 ├────────────────────┼─────────────┼──────────────────────────────────────────────────────────────────────────────────┤
 | 0x0000000000000002 | 1           | 22 14 22 7 0 0 1 4 4 4 8 6 0 0 0 4 4 0 3 10 9 4 0 0 0 4 4 6 5 0 4 4              |
 ├────────────────────┼─────────────┼──────────────────────────────────────────────────────────────────────────────────┤
 | 0x0000000000000003 | 27          | 31 0 23 31 4 2 0 16 22 6 8 1 18 20 19 6 4 0 2 2 5 22 22 4 0 0 2 20 24 24 4 0     |
 ├────────────────────┼─────────────┼──────────────────────────────────────────────────────────────────────────────────┤
 | 0x0000000000000004 | 3           | 21 0 0 16 21 3 2 7 7 7 8 1 0 0 0 0 0 0 1 0 0 0 0 0 0 0 0 0 1 0 0 0               |
 ├────────────────────┼─────────────┼──────────────────────────────────────────────────────────────────────────────────┤
 | 0x0000000000000005 | 4           | 17 0 0 10 10 17 4 0 0 0 0 8 9 0 0 0 0 0 8 9 9 0 0 0 0 1 9 9 0 0 0 0              |
 ├────────────────────┼─────────────┼──────────────────────────────────────────────────────────────────────────────────┤
 | 0x0000000000000006 | 7           | 19 1 0 0 2 3 19 14 0 1 1 1 1 0 1 2 0 0 0 0 1 2 1 1 1 0 0 0 1 2 0 0               |
 ├────────────────────┼─────────────┼──────────────────────────────────────────────────────────────────────────────────┤
 | 0x0000000000000007 | 6           | 20 0 1 0 1 3 6 20 8 1 0 0 0 0 0 0 0 0 0 0 0 0 0 0 2 0 0 0 0 0 0 0                |
 ├────────────────────┼─────────────┼──────────────────────────────────────────────────────────────────────────────────┤
 | 0x0000000000000008 | 0           | 30 22 0 0 0 0 21 23 30 26 3 0 0 0 25 25 3 0 0 3 3 22 22 1 0 0 3 3 22 22 0 3      |
 ├────────────────────┼─────────────┼──────────────────────────────────────────────────────────────────────────────────┤
 | 0x0000000000000009 | 8           | 26 0 0 22 16 0 0 5 23 26 6 1 0 16 16 0 0 0 16 16 0 0 0 0 0 0 0 16 16 0 0 0       |
 ├────────────────────┼─────────────┼──────────────────────────────────────────────────────────────────────────────────┤
 | 0x000000000000000a | 8           | 19 2 1 1 0 0 1 0 4 4 19 6 1 0 0 0 0 0 2 1 1 0 0 0 0 0 0 1 1 0 0 0                |
 ├────────────────────┼─────────────┼──────────────────────────────────────────────────────────────────────────────────┤
 | 0x000000000000000b | 3           | 27 2 2 1 0 0 0 0 0 3 6 27 16 2 0 0 0 0 3 4 5 10 0 2 0 0 0 3 3 0 0 0              |
 ├────────────────────┼─────────────┼──────────────────────────────────────────────────────────────────────────────────┤
 | 0x000000000000000c | 6           | 26 0 0 9 10 22 22 0 0 0 1 10 26 13 1 0 0 0 10 12 1 1 0 0 0 12 12 1 1 0 0 0       |
 ├────────────────────┼─────────────┼──────────────────────────────────────────────────────────────────────────────────┤
 | 0x000000000000000d | 10          | 19 0 0 1 0 0 2 1 0 0 0 4 6 19 3 2 0 0 0 0 1 0 0 0 0 0 0 0 0 0 0 0                |
 ├────────────────────┼─────────────┼──────────────────────────────────────────────────────────────────────────────────┤
 | 0x000000000000000e | 15          | 21 2 3 11 11 1 0 2 3 3 1 0 0 6 21 7 2 0 1 3 4 3 0 0 0 2 2 0 1 1 3 2              |
 ├────────────────────┼─────────────┼──────────────────────────────────────────────────────────────────────────────────┤
 | 0x000000000000000f | 16          | 16 2 0 0 0 2 2 2 3 0 0 0 3 6 3 16 2 0 0 3 2 0 0 0 0 0 0 0 0 0 0 0                |
 ├────────────────────┼─────────────┼──────────────────────────────────────────────────────────────────────────────────┤
 | 0x0000000000000010 | 14          | 29 0 0 0 0 1 0 0 0 0 1 1 0 1 7 11 29 5 3 1 1 0 0 1 0 0 0 0 0 0 0 0               |
 ├────────────────────┼─────────────┼──────────────────────────────────────────────────────────────────────────────────┤
 | 0x0000000000000011 | 9           | 25 0 11 0 0 0 0 1 11 11 0 0 0 0 1 0 13 25 0 0 1 1 0 0 0 0 0 0 1 1 0 0            |
 ├────────────────────┼─────────────┼──────────────────────────────────────────────────────────────────────────────────┤
 | 0x0000000000000012 | 12          | 17 0 0 0 7 7 7 0 0 0 0 7 7 0 0 0 2 5 17 12 8 4 0 0 4 0 0 0 0 0 0 0               |
 ├────────────────────┼─────────────┼──────────────────────────────────────────────────────────────────────────────────┤
 | 0x0000000000000013 | 14          | 28 5 0 20 20 5 5 5 5 0 0 20 26 5 0 5 0 0 1 28 5 0 0 0 0 0 0 0 0 0 0 0            |
 ├────────────────────┼─────────────┼──────────────────────────────────────────────────────────────────────────────────┤
 | 0x0000000000000014 | 11          | 28 13 24 0 0 13 13 13 11 0 0 25 13 13 0 12 0 0 0 12 28 0 0 0 0 0 0 0 0 0 0 0     |
 ├────────────────────┼─────────────┼──────────────────────────────────────────────────────────────────────────────────┤
 | 0x0000000000000015 | 22          | 29 8 8 0 8 0 8 0 0 0 8 9 9 0 0 0 8 8 8 0 9 29 9 0 0 1 0 0 0 0 0 0                |
 ├────────────────────┼─────────────┼──────────────────────────────────────────────────────────────────────────────────┤
 | 0x0000000000000016 | 21          | 23 0 0 0 0 0 0 0 0 0 1 0 0 0 0 0 0 0 0 0 5 6 23 4 6 0 0 0 0 0 0 0                |
 ├────────────────────┼─────────────┼──────────────────────────────────────────────────────────────────────────────────┤
 | 0x0000000000000017 | 22          | 30 0 6 7 6 6 6 0 1 7 7 0 0 0 7 7 7 0 0 0 0 0 8 30 7 0 0 0 0 3 0 0                |
 ├────────────────────┼─────────────┼──────────────────────────────────────────────────────────────────────────────────┤
 | 0x0000000000000018 | 25          | 16 2 5 5 5 5 0 4 7 4 2 2 5 2 2 2 5 5 0 5 5 0 0 2 16 11 0 5 2 0 0 5               |
 ├────────────────────┼─────────────┼──────────────────────────────────────────────────────────────────────────────────┤
 | 0x0000000000000019 | 26          | 27 6 0 0 2 2 2 2 6 6 6 0 0 0 14 8 8 0 0 8 8 10 10 0 3 27 19 10 2 0 0 2           |
 ├────────────────────┼─────────────┼──────────────────────────────────────────────────────────────────────────────────┤
 | 0x000000000000001a | 25          | 25 5 0 1 8 14 14 6 7 7 2 8 14 7 6 0 7 7 12 14 8 12 5 0 0 7 25 16 9 0 0 2         |
 ├────────────────────┼─────────────┼──────────────────────────────────────────────────────────────────────────────────┤
 | 0x000000000000001b | 28          | 30 9 8 9 10 7 3 3 10 3 9 13 7 5 8 5 0 0 12 16 16 2 0 0 0 0 15 30 18 2 0 0        |
 ├────────────────────┼─────────────┼──────────────────────────────────────────────────────────────────────────────────┤
 | 0x000000000000001c | 27          | 26 4 6 9 9 6 2 5 9 7 10 4 4 5 7 9 1 1 2 3 12 16 11 2 0 0 0 9 26 13 2 1           |
 ├────────────────────┼─────────────┼──────────────────────────────────────────────────────────────────────────────────┤
 | 0x000000000000001d | 28          | 25 6 7 8 0 0 2 5 9 9 7 8 8 0 2 5 7 0 0 0 4 6 10 3 3 3 0 0 5 25 18 0              |
 ├────────────────────┼─────────────┼──────────────────────────────────────────────────────────────────────────────────┤
 | 0x000000000000001e | 29          | 23 15 8 3 0 0 0 3 10 10 7 0 0 6 6 10 10 5 0 4 4 4 5 0 0 3 4 1 1 12 23 9          |
 ├────────────────────┼─────────────┼──────────────────────────────────────────────────────────────────────────────────┤
 | 0x000000000000001f | 27          | 28 2 1 6 20 20 5 3 4 4 11 11 11 5 11 6 8 15 9 10 10 8 7 10 14 12 13 10 2 0 0 28  |
 └────────────────────┴─────────────┴──────────────────────────────────────────────────────────────────────────────────┘
Offset pattern table end
PC pattern table begin
 ┌────────────────────┬─────────────┬───────────────────────────────────────────────┐
 | Key                | Second      | Pattern                                       |
 ├────────────────────┼─────────────┼───────────────────────────────────────────────┤
 | 0x0000000000000000 | 23          | 31 3 1 0 1 2 2 2 6 5 5 5 4 2 7 4              |
 ├────────────────────┼─────────────┼───────────────────────────────────────────────┤
 | 0x0000000000000001 | 1           | 22 8 6 8 9 10 5 9 7 8 12 7 3 10 11 5          |
 ├────────────────────┼─────────────┼───────────────────────────────────────────────┤
 | 0x0000000000000002 | 24          | 20 1 2 1 1 1 1 2 4 4 3 1 2 1 1 1              |
 ├────────────────────┼─────────────┼───────────────────────────────────────────────┤
 | 0x0000000000000004 | 14          | 25 4 4 4 4 4 4 2 1 2 1 3 2 2 2 1              |
 ├────────────────────┼─────────────┼───────────────────────────────────────────────┤
 | 0x0000000000000005 | 11          | 30 1 0 0 0 0 0 2 25 25 25 2 27 0 0 0          |
 ├────────────────────┼─────────────┼───────────────────────────────────────────────┤
 | 0x0000000000000006 | 1           | 29 4 3 3 3 5 5 4 3 1 2 2 3 1 1 1              |
 ├────────────────────┼─────────────┼───────────────────────────────────────────────┤
 | 0x0000000000000007 | 18          | 1 0 0 0 0 0 0 0 1 1 1 0 1 0 0 0               |
 ├────────────────────┼─────────────┼───────────────────────────────────────────────┤
 | 0x0000000000000008 | 31          | 31 12 9 12 13 14 13 13 1 13 22 4 3 7 7 0      |
 ├────────────────────┼─────────────┼───────────────────────────────────────────────┤
 | 0x0000000000000009 | 13          | 16 12 2 15 15 2 12 12 2 2 12 9 6 12 12 2      |
 ├────────────────────┼─────────────┼───────────────────────────────────────────────┤
 | 0x000000000000000a | 25          | 31 5 0 0 0 5 9 0 0 4 4 0 13 4 9 0             |
 ├────────────────────┼─────────────┼───────────────────────────────────────────────┤
 | 0x000000000000000b | 14          | 31 12 10 8 10 14 10 9 7 9 13 10 7 10 13 7     |
 ├────────────────────┼─────────────┼───────────────────────────────────────────────┤
 | 0x000000000000000c | 27          | 31 0 13 13 12 26 13 12 12 26 26 0 0 26 18 30  |
 ├────────────────────┼─────────────┼───────────────────────────────────────────────┤
 | 0x000000000000000d | 29          | 2 0 0 0 0 0 0 0 1 1 1 0 1 0 1 1               |
 ├────────────────────┼─────────────┼───────────────────────────────────────────────┤
 | 0x000000000000000e | 24          | 17 0 0 0 0 0 0 0 0 0 0 0 16 0 0 0             |
 ├────────────────────┼─────────────┼───────────────────────────────────────────────┤
 | 0x000000000000000f | 19          | 2 0 0 0 0 0 0 0 2 2 2 0 2 0 0 0               |
 ├────────────────────┼─────────────┼───────────────────────────────────────────────┤
 | 0x0000000000000010 | 26          | 24 1 7 7 0 0 0 0 0 0 0 6 6 6 12 2             |
 ├────────────────────┼─────────────┼───────────────────────────────────────────────┤
 | 0x0000000000000011 | 4           | 27 0 0 0 0 9 9 0 0 5 17 1 10 0 0 0            |
 ├────────────────────┼─────────────┼───────────────────────────────────────────────┤
 | 0x0000000000000012 | 17          | 25 1 1 0 22 23 1 22 23 23 23 0 0 22 1 23      |
 ├────────────────────┼─────────────┼───────────────────────────────────────────────┤
 | 0x0000000000000013 | 27          | 31 20 0 0 0 25 0 0 0 23 23 0 5 22 22 0        |
 ├────────────────────┼─────────────┼───────────────────────────────────────────────┤
 | 0x0000000000000014 | 18          | 18 2 2 3 3 2 2 1 3 3 2 1 3 1 1 1              |
 ├────────────────────┼─────────────┼───────────────────────────────────────────────┤
 | 0x0000000000000015 | 20          | 24 0 0 0 0 0 0 1 23 23 21 0 20 0 0 0          |
 ├────────────────────┼─────────────┼───────────────────────────────────────────────┤
 | 0x0000000000000016 | 13          | 17 4 4 7 8 2 10 6 1 4 6 3 0 4 6 0             |
 ├────────────────────┼─────────────┼───────────────────────────────────────────────┤
 | 0x0000000000000017 | 22          | 28 7 8 3 7 10 7 6 6 6 10 7 8 8 11 7           |
 ├────────────────────┼─────────────┼───────────────────────────────────────────────┤
 | 0x0000000000000018 | 3           | 22 0 0 0 0 0 0 0 20 0 0 20 20 20 0 0          |
 ├────────────────────┼─────────────┼───────────────────────────────────────────────┤
 | 0x0000000000000019 | 20          | 31 1 0 5 1 1 5 2 9 5 9 3 7 3 3 4              |
 ├────────────────────┼─────────────┼───────────────────────────────────────────────┤
 | 0x000000000000001a | 3           | 22 6 1 2 4 7 2 2 2 6 8 1 6 7 8 4              |
 ├────────────────────┼─────────────┼───────────────────────────────────────────────┤
 | 0x000000000000001b | 16          | 28 0 1 1 0 2 2 3 2 4 3 1 4 2 8 10             |
 ├────────────────────┼─────────────┼───────────────────────────────────────────────┤
 | 0x000000000000001c | 5           | 24 0 0 0 0 0 1 0 1 5 5 0 2 0 12 11            |
 ├────────────────────┼─────────────┼───────────────────────────────────────────────┤
 | 0x000000000000001d | 27          | 31 25 25 0 25 25 25 25 25 25 25 1 4 25 25 25  |
 ├────────────────────┼─────────────┼───────────────────────────────────────────────┤
 | 0x000000000000001e | 20          | 29 2 1 1 1 1 1 2 6 5 5 0 5 0 8 18             |
 ├────────────────────┼─────────────┼───────────────────────────────────────────────┤
 | 0x000000000000001f | 19          | 8 0 0 0 0 0 0 0 7 8 8 0 8 0 0 0               |
 └────────────────────┴─────────────┴───────────────────────────────────────────────┘
PC pattern table end
Prefetch buffer begin
 ┌────────────────────┬──────────────────────────────────────────────────────────────────┐
 | Region             | Pattern                                                          |
 ├────────────────────┼──────────────────────────────────────────────────────────────────┤
 | 0x000000000000086e | 2 0 0 0 0 0 0 2 2 2 0 0 2 2 2 2 2 2 0 0 0 0 0 0 0 0 0 0 0 0 0 0  |
 ├────────────────────┼──────────────────────────────────────────────────────────────────┤
 | 0x000000000000088f | 0 0 0 2 2 2 2 2 0 0 0 0 0 0 0 0 0 0 0 0 0 0 0 0 0 0 0 0 0 0 2 2  |
 ├────────────────────┼──────────────────────────────────────────────────────────────────┤
 | 0x000000000000087a | 2 0 0 0 0 2 2 2 2 2 0 0 0 2 0 2 2 0 0 0 0 0 0 0 0 0 0 0 0 0 0 0  |
 ├────────────────────┼──────────────────────────────────────────────────────────────────┤
 | 0x0000000000000401 | 2 2 2 2 2 2 0 0 0 0 0 0 0 0 0 0 0 0 0 2 2 2 2 2 2 2 2 2 2 2 2 2  |
 ├────────────────────┼──────────────────────────────────────────────────────────────────┤
 | 0x00000000000003e2 | 2 2 2 2 2 2 2 2 0 0 0 0 0 0 0 0 0 0 0 0 0 2 2 2 2 2 2 2 2 2 2 2  |
 ├────────────────────┼──────────────────────────────────────────────────────────────────┤
 | 0x0000000000002525 | 2 2 2 2 2 2 2 2 2 0 2 2 2 2 2 0 2 2 2 0 0 0 0 0 0 0 0 0 0 0 0 0  |
 ├────────────────────┼──────────────────────────────────────────────────────────────────┤
 | 0x0000000000000415 | 0 0 0 0 0 0 0 0 0 0 0 0 0 0 0 0 0 2 2 2 2 2 2 2 2 2 2 2 2 2 2 2  |
 ├────────────────────┼──────────────────────────────────────────────────────────────────┤
 | 0x0000000000000451 | 0 0 0 0 0 0 0 0 0 0 0 0 0 0 0 2 2 2 2 2 2 2 2 2 2 2 2 2 2 2 2 2  |
 ├────────────────────┼──────────────────────────────────────────────────────────────────┤
 | 0x000000000000041e | 2 2 0 0 0 0 0 0 0 0 0 0 0 0 2 2 2 2 2 2 2 2 2 2 2 2 2 2 2 2 2 2  |
 ├────────────────────┼──────────────────────────────────────────────────────────────────┤
 | 0x000000000000044e | 2 2 2 2 2 2 2 2 2 2 2 2 2 2 2 2 2 2 2 2 2 0 0 0 0 0 0 0 0 0 0 0  |
 ├────────────────────┼──────────────────────────────────────────────────────────────────┤
 | 0x0000000000000385 | 0 0 0 0 0 0 0 0 0 0 0 0 0 0 0 0 0 0 0 0 0 0 0 0 2 2 2 2 2 2 2 2  |
 ├────────────────────┼──────────────────────────────────────────────────────────────────┤
 | 0x0000000000006239 | 2 2 2 2 0 0 0 0 0 0 0 0 0 0 0 0 0 0 0 0 0 0 0 0 0 0 0 0 0 2 0 2  |
 ├────────────────────┼──────────────────────────────────────────────────────────────────┤
 | 0x00000000000003c4 | 2 2 2 2 2 2 2 2 2 2 2 2 2 2 2 2 2 2 2 2 0 0 0 0 0 0 0 0 0 0 0 0  |
 ├────────────────────┼──────────────────────────────────────────────────────────────────┤
 | 0x00000000000003e3 | 0 0 0 0 0 0 0 0 0 0 0 0 2 2 2 2 2 2 0 0 0 0 0 0 0 0 0 0 0 0 2 2  |
 ├────────────────────┼──────────────────────────────────────────────────────────────────┤
 | 0x0000000000006e7d | 2 0 0 2 0 0 0 0 0 0 0 0 0 0 0 2 2 2 2 0 0 2 2 2 2 0 0 2 2 2 2 2  |
 ├────────────────────┼──────────────────────────────────────────────────────────────────┤
 | 0x0000000000006f26 | 2 2 2 0 0 0 0 0 0 0 0 0 0 0 0 0 0 0 0 0 0 0 0 0 0 0 0 0 2 0 2 2  |
 ├────────────────────┼──────────────────────────────────────────────────────────────────┤
 | 0x0000000000005e9f | 0 0 0 0 0 0 0 0 0 0 0 0 0 2 2 2 2 2 0 0 0 0 0 0 0 0 0 0 0 0 0 0  |
 ├────────────────────┼──────────────────────────────────────────────────────────────────┤
 | 0x0000000000000453 | 2 2 2 2 0 0 0 0 0 0 0 0 0 0 0 2 0 0 0 0 0 0 0 0 0 0 0 0 0 0 0 0  |
 ├────────────────────┼──────────────────────────────────────────────────────────────────┤
 | 0x0000000000000460 | 0 0 0 0 0 0 0 0 0 0 0 0 0 0 0 0 0 0 0 0 0 0 0 0 0 2 2 2 2 2 2 2  |
 ├────────────────────┼──────────────────────────────────────────────────────────────────┤
 | 0x000000000000037c | 0 0 0 0 0 0 0 0 0 0 0 0 2 2 2 2 2 0 0 0 0 0 0 0 0 0 0 2 2 2 2 2  |
 ├────────────────────┼──────────────────────────────────────────────────────────────────┤
 | 0x0000000000000398 | 0 0 0 0 0 0 0 0 0 0 0 0 0 0 2 2 0 0 0 0 0 0 0 0 0 0 0 0 2 2 2 2  |
 ├────────────────────┼──────────────────────────────────────────────────────────────────┤
 | 0x00000000000003ae | 2 2 2 2 2 2 2 2 2 2 2 2 2 2 2 2 2 2 2 2 2 0 0 0 0 0 0 0 0 0 0 0  |
 ├────────────────────┼──────────────────────────────────────────────────────────────────┤
 | 0x000000000000032d | 2 2 2 2 2 2 2 2 2 0 0 0 0 0 0 0 0 0 0 0 0 0 0 0 0 0 0 0 0 0 0 2  |
 ├────────────────────┼──────────────────────────────────────────────────────────────────┤
 | 0x0000000000000399 | 2 2 2 2 2 0 0 0 0 0 0 0 0 0 0 0 0 2 2 2 0 0 0 0 0 0 0 0 0 0 0 0  |
 ├────────────────────┼──────────────────────────────────────────────────────────────────┤
 | 0x00000000000003c3 | 0 0 0 0 0 0 0 0 0 0 0 0 0 0 0 0 0 0 0 0 0 0 2 2 2 2 2 2 2 2 2 2  |
 ├────────────────────┼──────────────────────────────────────────────────────────────────┤
 | 0x000000000000654e | 0 0 0 0 0 0 0 0 0 0 0 2 2 2 2 0 2 2 2 2 0 0 2 2 2 2 2 2 0 0 2 2  |
 ├────────────────────┼──────────────────────────────────────────────────────────────────┤
 | 0x0000000000006e6d | 2 2 2 2 0 2 2 2 2 2 0 0 0 2 2 2 2 2 2 2 2 2 0 2 1 2 2 2 0 0 2 2  |
 ├────────────────────┼──────────────────────────────────────────────────────────────────┤
 | 0x0000000000004d05 | 2 0 0 2 2 2 2 2 2 2 2 0 0 2 2 2 2 2 0 0 0 0 0 0 0 0 0 0 0 0 0 0  |
 ├────────────────────┼──────────────────────────────────────────────────────────────────┤
 | 0x0000000000005f9a | 2 2 0 0 2 0 0 0 0 0 0 0 0 0 0 0 0 0 0 0 0 0 0 2 2 2 0 0 2 2 2 2  |
 └────────────────────┴──────────────────────────────────────────────────────────────────┘
Prefetch buffer end
Filter by PPT: 0
Prefetch Request to L1: 258654, Prefetch Request to L2: 12549340
Invalid by Eviction: 108475
Invalid by Max: 41340
Final L1D Threshold: 0.901
Final Demand Reserve: 25.0%

╔═══════════════════════════════════════╗
║       CLIP Filter Statistics         ║
╚═══════════════════════════════════════╝
[CLIP CPU0 Stats]
  Total candidates:        1474760
  Prefetches issued:       712390 (48.4%)
  Dropped (not critical):  762370 (51.7%)
  Critical loads detected: 35078990
  Phase changes:           0

Filter table begin
 ┌────────────────────┬─────────────┐
 | Region             | Offset      |
 ├────────────────────┼─────────────┤
 | 0x00000000000070fb | 0           |
 ├────────────────────┼─────────────┤
 | 0x000000000000776c | 31          |
 ├────────────────────┼─────────────┤
 | 0x000000000000881e | 31          |
 ├────────────────────┼─────────────┤
 | 0x0000000000007b95 | 31          |
 ├────────────────────┼─────────────┤
 | 0x0000000000005fbf | 31          |
 ├────────────────────┼─────────────┤
 | 0x00000000000002dd | 26          |
 ├────────────────────┼─────────────┤
 | 0x0000000000007528 | 0           |
 ├────────────────────┼─────────────┤
 | 0x0000000000007eab | 0           |
 ├────────────────────┼─────────────┤
 | 0x0000000000008849 | 0           |
 ├────────────────────┼─────────────┤
 | 0x000000000000809d | 31          |
 ├────────────────────┼─────────────┤
 | 0x000000000000702c | 31          |
 ├────────────────────┼─────────────┤
 | 0x00000000000085bd | 0           |
 └────────────────────┴─────────────┘
Filter table end
Accumulation table begin
 ┌────────────────────┬─────────────┬─────────────┬──────────────────────────────────────────────────────────────────┐
 | Region             | Offset      | Second      | Pattern                                                          |
 ├────────────────────┼─────────────┼─────────────┼──────────────────────────────────────────────────────────────────┤
 | 0x00000000000021fa | 30          | 31          | 1 1 1 1 1 1 1 1 0 1 1 1 1 1 1 1 1 1 1 1 1 0 1 1 1 1 1 1 1 1 1 1  |
 ├────────────────────┼─────────────┼─────────────┼──────────────────────────────────────────────────────────────────┤
 | 0x0000000000002203 | 28          | 29          | 0 1 1 0 1 1 0 1 1 0 1 1 0 1 1 0 1 1 0 1 1 0 1 1 0 1 1 0 1 1 0 1  |
 ├────────────────────┼─────────────┼─────────────┼──────────────────────────────────────────────────────────────────┤
 | 0x0000000000002200 | 31          | 29          | 1 1 1 1 1 1 1 0 1 1 1 1 1 1 1 1 1 1 1 1 0 1 1 1 1 1 1 1 1 1 1 1  |
 ├────────────────────┼─────────────┼─────────────┼──────────────────────────────────────────────────────────────────┤
 | 0x000000000000220c | 30          | 31          | 1 1 0 1 1 0 1 1 0 1 1 0 1 1 0 1 1 0 1 1 0 1 1 0 1 1 0 1 1 0 1 1  |
 ├────────────────────┼─────────────┼─────────────┼──────────────────────────────────────────────────────────────────┤
 | 0x0000000000002214 | 30          | 31          | 1 1 0 1 1 0 1 1 0 1 1 0 1 1 0 1 1 0 1 1 0 1 1 0 1 1 0 1 1 0 1 1  |
 ├────────────────────┼─────────────┼─────────────┼──────────────────────────────────────────────────────────────────┤
 | 0x0000000000002209 | 30          | 31          | 1 1 0 1 1 0 1 1 0 1 1 0 1 1 0 1 1 0 1 1 0 1 1 0 1 1 0 1 1 0 1 1  |
 ├────────────────────┼─────────────┼─────────────┼──────────────────────────────────────────────────────────────────┤
 | 0x0000000000002211 | 31          | 30          | 1 1 1 1 1 1 1 1 1 1 1 0 1 1 1 1 1 1 1 1 1 1 1 1 0 1 1 1 1 1 1 1  |
 ├────────────────────┼─────────────┼─────────────┼──────────────────────────────────────────────────────────────────┤
 | 0x0000000000002205 | 26          | 27          | 1 0 1 1 0 1 1 0 1 1 0 1 1 0 1 1 0 1 1 0 1 1 0 1 1 0 1 1 0 1 1 0  |
 ├────────────────────┼─────────────┼─────────────┼──────────────────────────────────────────────────────────────────┤
 | 0x000000000000220a | 30          | 29          | 1 1 1 1 1 0 1 1 1 1 1 1 1 1 1 1 1 1 0 1 1 1 1 1 1 1 1 1 1 1 1 0  |
 ├────────────────────┼─────────────┼─────────────┼──────────────────────────────────────────────────────────────────┤
 | 0x0000000000002206 | 31          | 30          | 1 1 1 1 1 1 0 1 1 1 1 1 1 1 1 1 1 1 1 0 1 1 1 1 1 1 1 1 1 1 1 1  |
 ├────────────────────┼─────────────┼─────────────┼──────────────────────────────────────────────────────────────────┤
 | 0x000000000000220f | 29          | 30          | 1 0 1 1 0 1 1 0 1 1 0 1 1 0 1 1 0 1 1 0 1 1 0 1 1 0 1 1 0 1 1 0  |
 ├────────────────────┼─────────────┼─────────────┼──────────────────────────────────────────────────────────────────┤
 | 0x0000000000002212 | 29          | 30          | 1 0 1 1 0 1 1 0 1 1 0 1 1 0 1 1 0 1 1 0 1 1 0 1 1 0 1 1 0 1 1 0  |
 ├────────────────────┼─────────────┼─────────────┼──────────────────────────────────────────────────────────────────┤
 | 0x0000000000002217 | 31          | 30          | 1 1 0 0 1 1 1 0 0 0 0 0 0 0 0 0 1 1 1 1 1 1 1 0 1 1 1 1 1 1 1 1  |
 ├────────────────────┼─────────────┼─────────────┼──────────────────────────────────────────────────────────────────┤
 | 0x0000000000002218 | 29          | 25          | 0 0 0 0 0 0 0 0 0 0 0 0 0 0 0 0 0 0 0 1 0 0 1 1 0 1 1 0 0 1 0 0  |
 ├────────────────────┼─────────────┼─────────────┼──────────────────────────────────────────────────────────────────┤
 | 0x00000000000021fc | 19          | 7           | 0 1 1 0 1 1 0 1 1 0 1 1 0 1 1 0 1 1 0 1 1 0 1 1 0 1 1 0 1 1 0 1  |
 ├────────────────────┼─────────────┼─────────────┼──────────────────────────────────────────────────────────────────┤
 | 0x0000000000002219 | 29          | 30          | 0 0 1 1 0 0 0 0 0 0 0 0 0 0 0 0 0 0 0 0 0 0 0 1 0 0 1 1 0 1 1 0  |
 ├────────────────────┼─────────────┼─────────────┼──────────────────────────────────────────────────────────────────┤
 | 0x0000000000002216 | 30          | 31          | 0 0 0 0 0 0 0 0 0 0 0 0 0 0 0 0 0 0 0 0 0 0 0 0 0 0 0 1 1 0 1 1  |
 ├────────────────────┼─────────────┼─────────────┼──────────────────────────────────────────────────────────────────┤
 | 0x0000000000002202 | 30          | 31          | 1 1 0 1 1 0 1 1 0 1 1 0 1 1 0 1 1 0 1 1 0 1 1 0 1 1 0 1 1 0 1 1  |
 ├────────────────────┼─────────────┼─────────────┼──────────────────────────────────────────────────────────────────┤
 | 0x0000000000002201 | 31          | 30          | 1 0 1 1 1 1 1 1 1 1 1 1 1 1 0 1 1 1 1 1 1 1 1 1 1 1 1 0 1 1 1 1  |
 ├────────────────────┼─────────────┼─────────────┼──────────────────────────────────────────────────────────────────┤
 | 0x0000000000002208 | 29          | 30          | 1 0 1 1 0 1 1 0 1 1 0 1 1 0 1 1 0 1 1 0 1 1 0 1 1 0 1 1 0 1 1 0  |
 ├────────────────────┼─────────────┼─────────────┼──────────────────────────────────────────────────────────────────┤
 | 0x000000000000220e | 31          | 28          | 0 1 1 0 1 1 0 1 1 0 1 1 0 1 1 0 1 1 0 1 1 0 1 1 0 1 1 0 1 1 0 1  |
 ├────────────────────┼─────────────┼─────────────┼──────────────────────────────────────────────────────────────────┤
 | 0x0000000000002210 | 31          | 29          | 1 1 1 1 0 1 1 1 1 1 1 1 1 1 1 1 1 0 1 1 1 1 1 1 1 1 1 1 1 1 0 1  |
 ├────────────────────┼─────────────┼─────────────┼──────────────────────────────────────────────────────────────────┤
 | 0x0000000000002215 | 28          | 25          | 0 1 1 0 1 1 0 1 1 0 1 1 0 1 1 0 1 1 0 1 1 0 1 1 0 1 1 0 1 1 0 1  |
 ├────────────────────┼─────────────┼─────────────┼──────────────────────────────────────────────────────────────────┤
 | 0x000000000000220d | 31          | 22          | 0 1 1 0 1 1 0 1 1 0 1 1 0 1 1 0 1 1 0 1 1 0 1 1 0 1 1 0 1 1 0 1  |
 ├────────────────────┼─────────────┼─────────────┼──────────────────────────────────────────────────────────────────┤
 | 0x0000000000002207 | 30          | 31          | 0 1 1 1 1 1 1 1 1 1 1 1 1 0 1 1 1 1 1 1 1 1 1 1 1 1 0 1 1 1 1 1  |
 ├────────────────────┼─────────────┼─────────────┼──────────────────────────────────────────────────────────────────┤
 | 0x000000000000220b | 31          | 22          | 1 1 1 1 1 1 1 1 1 1 1 1 0 1 1 1 1 1 1 1 1 1 1 1 1 0 1 1 1 1 1 1  |
 ├────────────────────┼─────────────┼─────────────┼──────────────────────────────────────────────────────────────────┤
 | 0x00000000000021fe | 27          | 23          | 1 0 1 1 0 1 1 0 1 1 0 1 1 0 1 1 0 1 1 0 1 1 0 1 1 0 1 1 0 1 1 0  |
 ├────────────────────┼─────────────┼─────────────┼──────────────────────────────────────────────────────────────────┤
 | 0x0000000000002204 | 31          | 28          | 0 1 1 0 1 1 0 1 1 0 1 1 0 1 1 0 1 1 0 1 1 0 1 1 0 1 1 0 1 1 0 1  |
 ├────────────────────┼─────────────┼─────────────┼──────────────────────────────────────────────────────────────────┤
 | 0x0000000000002213 | 10          | 9           | 1 1 0 1 1 0 1 1 0 1 1 0 1 1 0 1 1 0 1 1 0 1 1 0 1 1 0 1 1 0 1 1  |
 └────────────────────┴─────────────┴─────────────┴──────────────────────────────────────────────────────────────────┘
Accumulation table end
Offset pattern table begin
 ┌────────────────────┬─────────────┬──────────────────────────────────────────────────────────────────────────────────────────────────┐
 | Key                | Second      | Pattern                                                                                          |
 ├────────────────────┼─────────────┼──────────────────────────────────────────────────────────────────────────────────────────────────┤
 | 0x0000000000000000 | 5           | 24 21 21 10 11 12 12 10 10 9 9 6 7 8 8 8 9 8 8 2 3 2 3 3 4 4 4 3 3 3 3 3                         |
 ├────────────────────┼─────────────┼──────────────────────────────────────────────────────────────────────────────────────────────────┤
 | 0x0000000000000001 | 2           | 31 31 25 6 14 10 6 14 11 9 17 11 7 14 11 7 14 13 9 12 8 4 12 8 4 14 10 4 12 9 5 12               |
 ├────────────────────┼─────────────┼──────────────────────────────────────────────────────────────────────────────────────────────────┤
 | 0x0000000000000002 | 1           | 23 22 23 0 0 0 0 0 0 1 1 0 0 0 0 6 6 1 1 0 0 0 0 0 0 0 0 0 0 0 0 0                               |
 ├────────────────────┼─────────────┼──────────────────────────────────────────────────────────────────────────────────────────────────┤
 | 0x0000000000000003 | 2           | 31 9 17 31 23 7 16 9 7 14 8 6 14 8 6 14 8 6 14 8 6 14 8 6 14 8 6 14 8 6 14 8                     |
 ├────────────────────┼─────────────┼──────────────────────────────────────────────────────────────────────────────────────────────────┤
 | 0x0000000000000004 | 3           | 16 0 6 15 16 4 4 2 2 1 2 1 1 1 1 1 1 1 1 1 1 1 1 1 1 0 1 1 1 1 1 0                               |
 ├────────────────────┼─────────────┼──────────────────────────────────────────────────────────────────────────────────────────────────┤
 | 0x0000000000000005 | 6           | 24 3 17 13 7 24 19 3 15 12 3 15 12 3 14 12 3 14 12 2 14 11 3 14 11 3 14 11 3 13 11 2             |
 ├────────────────────┼─────────────┼──────────────────────────────────────────────────────────────────────────────────────────────────┤
 | 0x0000000000000006 | 5           | 21 1 3 5 11 19 21 7 7 5 5 4 5 2 2 4 3 2 4 2 2 2 2 1 3 2 2 2 2 2 3 1                              |
 ├────────────────────┼─────────────┼──────────────────────────────────────────────────────────────────────────────────────────────────┤
 | 0x0000000000000007 | 6           | 27 14 12 3 15 12 9 27 23 3 14 11 1 12 11 1 12 11 1 12 11 1 12 10 1 12 11 1 12 10 1 12            |
 ├────────────────────┼─────────────┼──────────────────────────────────────────────────────────────────────────────────────────────────┤
 | 0x0000000000000008 | 7           | 28 0 1 2 1 1 6 27 28 4 3 2 2 1 1 2 1 2 2 0 1 0 0 0 0 0 1 0 0 1 1 0                               |
 ├────────────────────┼─────────────┼──────────────────────────────────────────────────────────────────────────────────────────────────┤
 | 0x0000000000000009 | 8           | 26 11 4 13 11 4 13 11 8 26 21 2 11 9 2 11 8 2 11 9 2 11 9 2 11 9 2 11 9 2 11 9                   |
 ├────────────────────┼─────────────┼──────────────────────────────────────────────────────────────────────────────────────────────────┤
 | 0x000000000000000a | 9           | 24 0 0 0 0 0 1 2 11 23 24 1 1 0 0 0 0 0 0 0 0 0 0 0 0 0 0 0 0 0 0 0                              |
 ├────────────────────┼─────────────┼──────────────────────────────────────────────────────────────────────────────────────────────────┤
 | 0x000000000000000b | 10          | 19 2 13 11 2 13 10 2 13 11 7 19 16 3 13 11 2 13 11 2 13 11 2 13 11 2 13 10 2 13 10 2             |
 ├────────────────────┼─────────────┼──────────────────────────────────────────────────────────────────────────────────────────────────┤
 | 0x000000000000000c | 11          | 22 6 0 6 6 0 6 6 0 6 11 14 22 9 4 7 7 1 8 7 1 6 6 0 6 6 0 6 6 0 6 6                              |
 ├────────────────────┼─────────────┼──────────────────────────────────────────────────────────────────────────────────────────────────┤
 | 0x000000000000000d | 12          | 18 14 8 6 14 8 6 14 8 6 14 8 7 18 12 6 14 8 6 13 8 5 13 8 6 13 8 6 13 8 6 13                     |
 ├────────────────────┼─────────────┼──────────────────────────────────────────────────────────────────────────────────────────────────┤
 | 0x000000000000000e | 13          | 23 0 3 3 0 3 3 0 3 3 0 3 11 19 23 3 0 3 3 0 3 3 0 3 3 0 3 3 0 3 3 0                              |
 ├────────────────────┼─────────────┼──────────────────────────────────────────────────────────────────────────────────────────────────┤
 | 0x000000000000000f | 14          | 24 16 3 19 16 3 19 16 3 19 16 3 18 16 3 24 21 3 19 16 2 19 16 3 19 16 3 19 16 3 19 16            |
 ├────────────────────┼─────────────┼──────────────────────────────────────────────────────────────────────────────────────────────────┤
 | 0x0000000000000010 | 15          | 31 3 4 0 4 4 1 4 4 0 3 5 1 4 11 27 31 5 1 3 3 0 3 3 0 3 3 0 3 3 0 3                              |
 ├────────────────────┼─────────────┼──────────────────────────────────────────────────────────────────────────────────────────────────┤
 | 0x0000000000000011 | 16          | 26 6 24 19 6 24 19 6 24 19 6 24 18 6 24 19 6 26 20 6 24 19 6 24 19 6 24 19 6 24 19 6             |
 ├────────────────────┼─────────────┼──────────────────────────────────────────────────────────────────────────────────────────────────┤
 | 0x0000000000000012 | 17          | 17 4 2 7 5 2 6 4 2 6 5 3 8 4 3 8 8 12 17 6 3 7 5 2 7 5 3 6 4 2 6 5                               |
 ├────────────────────┼─────────────┼──────────────────────────────────────────────────────────────────────────────────────────────────┤
 | 0x0000000000000013 | 18          | 25 18 14 5 18 14 5 18 14 5 18 15 4 18 15 4 18 15 10 25 21 5 18 15 5 17 15 5 17 15 5 17           |
 ├────────────────────┼─────────────┼──────────────────────────────────────────────────────────────────────────────────────────────────┤
 | 0x0000000000000014 | 19          | 31 3 11 10 4 10 10 4 10 10 4 10 10 4 10 10 4 11 10 8 31 25 19 11 10 18 26 9 4 11 10 3            |
 ├────────────────────┼─────────────┼──────────────────────────────────────────────────────────────────────────────────────────────────┤
 | 0x0000000000000015 | 22          | 31 14 7 18 14 7 18 13 7 18 14 7 18 12 7 18 14 7 18 14 18 31 26 7 19 25 16 18 14 7 18 14          |
 ├────────────────────┼─────────────┼──────────────────────────────────────────────────────────────────────────────────────────────────┤
 | 0x0000000000000016 | 21          | 26 13 13 5 13 12 6 13 10 6 13 13 6 13 12 6 12 13 7 15 19 16 26 15 8 18 17 6 14 13 7 14           |
 ├────────────────────┼─────────────┼──────────────────────────────────────────────────────────────────────────────────────────────────┤
 | 0x0000000000000017 | 24          | 24 10 22 16 10 21 16 10 22 16 10 21 16 9 22 17 9 22 16 9 22 17 10 24 18 10 22 17 10 21 17 9      |
 ├────────────────────┼─────────────┼──────────────────────────────────────────────────────────────────────────────────────────────────┤
 | 0x0000000000000018 | 23          | 22 11 2 11 11 3 11 11 3 11 11 3 11 10 3 10 10 3 11 11 4 11 15 13 22 12 6 13 11 4 13 11           |
 ├────────────────────┼─────────────┼──────────────────────────────────────────────────────────────────────────────────────────────────┤
 | 0x0000000000000019 | 24          | 16 14 13 6 15 13 6 15 12 6 14 13 7 13 13 7 14 13 7 14 13 6 14 13 7 16 12 7 15 12 7 15            |
 ├────────────────────┼─────────────┼──────────────────────────────────────────────────────────────────────────────────────────────────┤
 | 0x000000000000001a | 25          | 30 12 25 21 10 24 20 11 25 20 11 25 18 12 24 21 12 23 20 11 25 21 11 24 22 14 30 22 13 25 20 11  |
 ├────────────────────┼─────────────┼──────────────────────────────────────────────────────────────────────────────────────────────────┤
 | 0x000000000000001b | 28          | 26 21 10 24 21 9 25 21 11 24 21 11 25 21 11 24 20 11 23 21 11 24 20 11 25 21 11 26 21 10 25 19   |
 ├────────────────────┼─────────────┼──────────────────────────────────────────────────────────────────────────────────────────────────┤
 | 0x000000000000001c | 27          | 20 16 14 7 17 14 8 17 13 8 17 13 8 17 13 8 15 14 8 16 14 7 17 14 7 17 15 10 20 13 9 18           |
 ├────────────────────┼─────────────┼──────────────────────────────────────────────────────────────────────────────────────────────────┤
 | 0x000000000000001d | 30          | 25 4 22 24 4 24 24 3 24 24 4 24 24 3 24 22 4 24 24 4 24 24 3 24 24 4 24 24 2 25 24 4             |
 ├────────────────────┼─────────────┼──────────────────────────────────────────────────────────────────────────────────────────────────┤
 | 0x000000000000001e | 31          | 31 29 12 28 29 10 29 29 10 30 29 11 30 27 12 30 26 12 29 28 12 28 29 12 30 29 10 30 29 9 31 27   |
 ├────────────────────┼─────────────┼──────────────────────────────────────────────────────────────────────────────────────────────────┤
 | 0x000000000000001f | 27          | 29 27 25 15 26 26 14 27 25 14 26 25 14 28 24 15 28 23 15 28 24 15 27 23 14 27 25 14 28 25 13 29  |
 └────────────────────┴─────────────┴──────────────────────────────────────────────────────────────────────────────────────────────────┘
Offset pattern table end
PC pattern table begin
 ┌────────────────────┬─────────────┬──────────────────────────────────────────────────┐
 | Key                | Second      | Pattern                                          |
 ├────────────────────┼─────────────┼──────────────────────────────────────────────────┤
 | 0x0000000000000000 | 15          | 24 0 0 0 0 0 0 24 24 0 0 0 0 0 0 0               |
 ├────────────────────┼─────────────┼──────────────────────────────────────────────────┤
 | 0x0000000000000003 | 29          | 31 30 30 30 30 30 30 30 30 30 30 30 30 30 30 30  |
 ├────────────────────┼─────────────┼──────────────────────────────────────────────────┤
 | 0x0000000000000008 | 3           | 18 2 3 3 3 3 3 3 3 3 3 4 4 2 1 1                 |
 ├────────────────────┼─────────────┼──────────────────────────────────────────────────┤
 | 0x000000000000000b | 26          | 21 1 1 1 1 1 4 3 1 7 5 2 4 4 3 3                 |
 ├────────────────────┼─────────────┼──────────────────────────────────────────────────┤
 | 0x000000000000000f | 0           | 18 0 0 0 1 1 1 0 0 0 13 13 14 14 0 1             |
 ├────────────────────┼─────────────┼──────────────────────────────────────────────────┤
 | 0x0000000000000010 | 24          | 22 4 0 1 4 4 1 9 8 3 3 0 1 1 4 3                 |
 ├────────────────────┼─────────────┼──────────────────────────────────────────────────┤
 | 0x0000000000000011 | 7           | 25 5 1 2 5 5 5 8 6 1 0 1 1 1 1 1                 |
 ├────────────────────┼─────────────┼──────────────────────────────────────────────────┤
 | 0x0000000000000012 | 11          | 27 23 23 23 23 23 23 26 26 23 24 24 24 24 23 23  |
 ├────────────────────┼─────────────┼──────────────────────────────────────────────────┤
 | 0x0000000000000014 | 15          | 6 0 0 0 0 0 0 6 6 0 0 0 0 0 0 0                  |
 ├────────────────────┼─────────────┼──────────────────────────────────────────────────┤
 | 0x0000000000000017 | 30          | 31 30 30 30 30 30 30 30 30 30 30 30 30 30 30 30  |
 ├────────────────────┼─────────────┼──────────────────────────────────────────────────┤
 | 0x0000000000000019 | 2           | 18 2 2 1 1 1 0 0 0 5 9 5 3 4 3 2                 |
 ├────────────────────┼─────────────┼──────────────────────────────────────────────────┤
 | 0x000000000000001b | 2           | 31 30 30 30 30 30 30 30 30 30 30 30 30 30 30 30  |
 ├────────────────────┼─────────────┼──────────────────────────────────────────────────┤
 | 0x000000000000001c | 27          | 22 0 0 0 0 0 0 0 0 2 3 0 1 7 10 21               |
 ├────────────────────┼─────────────┼──────────────────────────────────────────────────┤
 | 0x000000000000001e | 9           | 30 29 27 25 23 22 19 17 15 13 12 10 8 6 4 2      |
 ├────────────────────┼─────────────┼──────────────────────────────────────────────────┤
 | 0x000000000000001f | 30          | 19 18 18 18 18 18 18 18 18 18 18 18 18 18 18 18  |
 └────────────────────┴─────────────┴──────────────────────────────────────────────────┘
PC pattern table end
Prefetch buffer begin
 ┌────────────────────┬──────────────────────────────────────────────────────────────────┐
 | Region             | Pattern                                                          |
 ├────────────────────┼──────────────────────────────────────────────────────────────────┤
 | 0x0000000000002200 | 0 0 0 0 0 0 0 2 0 0 0 0 0 0 0 0 0 0 0 0 2 0 0 0 0 0 0 0 0 0 0 0  |
 ├────────────────────┼──────────────────────────────────────────────────────────────────┤
 | 0x00000000000021fc | 2 0 0 2 0 0 1 0 0 2 0 0 2 0 0 2 0 0 2 0 0 2 0 0 2 0 0 2 0 0 2 0  |
 ├────────────────────┼──────────────────────────────────────────────────────────────────┤
 | 0x0000000000002214 | 0 0 1 0 0 1 0 0 1 0 0 2 0 0 2 0 0 1 0 0 1 0 0 1 0 0 1 0 0 2 0 0  |
 ├────────────────────┼──────────────────────────────────────────────────────────────────┤
 | 0x0000000000002205 | 0 2 0 0 2 0 0 2 0 0 2 0 0 2 0 0 2 0 0 2 0 0 2 0 0 2 0 0 2 0 0 2  |
 ├────────────────────┼──────────────────────────────────────────────────────────────────┤
 | 0x000000000000220a | 0 0 0 0 0 1 0 0 0 0 0 0 0 0 0 0 0 0 2 0 0 0 0 0 0 0 0 0 0 0 0 1  |
 ├────────────────────┼──────────────────────────────────────────────────────────────────┤
 | 0x000000000000220f | 0 2 0 0 2 0 0 2 0 0 2 0 0 2 0 0 2 0 0 2 0 0 2 0 0 2 0 0 2 0 0 1  |
 ├────────────────────┼──────────────────────────────────────────────────────────────────┤
 | 0x0000000000002211 | 0 0 0 0 0 0 0 0 0 0 0 2 0 0 0 0 0 0 0 0 0 0 0 0 1 0 0 0 0 0 0 0  |
 ├────────────────────┼──────────────────────────────────────────────────────────────────┤
 | 0x00000000000021f6 | 0 2 0 0 2 0 0 2 0 0 2 0 0 2 0 0 2 0 0 2 0 0 2 0 0 2 0 0 2 0 0 2  |
 ├────────────────────┼──────────────────────────────────────────────────────────────────┤
 | 0x00000000000021fd | 0 2 0 0 2 0 0 2 0 0 2 0 0 2 0 0 2 0 0 2 0 0 2 0 0 2 0 0 2 0 0 2  |
 ├────────────────────┼──────────────────────────────────────────────────────────────────┤
 | 0x0000000000002215 | 2 0 0 2 0 0 2 0 0 2 0 0 2 0 0 2 0 0 2 0 0 2 0 0 1 0 0 1 0 0 2 0  |
 ├────────────────────┼──────────────────────────────────────────────────────────────────┤
 | 0x0000000000002201 | 0 2 0 0 0 0 0 0 0 0 0 0 0 0 2 0 0 0 0 0 0 0 0 0 0 0 0 1 0 0 0 0  |
 ├────────────────────┼──────────────────────────────────────────────────────────────────┤
 | 0x000000000000220b | 0 0 0 0 0 0 0 0 0 0 0 0 1 0 0 0 0 0 0 0 0 0 0 0 0 2 0 0 0 0 0 0  |
 ├────────────────────┼──────────────────────────────────────────────────────────────────┤
 | 0x000000000000220e | 1 0 0 2 0 0 1 0 0 2 0 0 1 0 0 1 0 0 1 0 0 1 0 0 1 0 0 1 0 0 1 0  |
 ├────────────────────┼──────────────────────────────────────────────────────────────────┤
 | 0x0000000000002204 | 1 0 0 1 0 0 1 0 0 1 0 0 1 0 0 1 0 0 1 0 0 1 0 0 1 0 0 1 0 0 1 0  |
 ├────────────────────┼──────────────────────────────────────────────────────────────────┤
 | 0x0000000000002210 | 0 0 0 0 1 0 0 0 0 0 0 0 0 0 0 0 0 2 0 0 0 0 0 0 0 0 0 0 0 0 1 0  |
 ├────────────────────┼──────────────────────────────────────────────────────────────────┤
 | 0x00000000000021f8 | 0 0 1 0 0 1 0 0 1 0 0 0 0 0 0 0 0 1 0 0 1 0 0 1 0 0 1 0 0 2 0 0  |
 ├────────────────────┼──────────────────────────────────────────────────────────────────┤
 | 0x0000000000002208 | 0 2 0 0 2 0 0 2 0 0 2 0 0 2 0 0 2 0 0 2 0 0 2 0 0 2 0 0 2 0 0 1  |
 ├────────────────────┼──────────────────────────────────────────────────────────────────┤
 | 0x0000000000002219 | 1 2 0 0 2 1 1 2 1 1 2 1 2 2 1 1 2 1 1 2 1 1 2 0 1 2 0 0 2 0 0 2  |
 ├────────────────────┼──────────────────────────────────────────────────────────────────┤
 | 0x0000000000002216 | 2 1 1 2 1 1 2 1 1 2 1 2 2 1 2 2 1 1 2 1 1 2 1 1 2 1 1 0 0 2 0 0  |
 ├────────────────────┼──────────────────────────────────────────────────────────────────┤
 | 0x000000000000220d | 1 0 0 2 0 0 1 0 0 1 0 0 1 0 0 1 0 0 1 0 0 1 0 0 1 0 0 1 0 0 1 0  |
 ├────────────────────┼──────────────────────────────────────────────────────────────────┤
 | 0x0000000000002202 | 0 0 1 0 0 1 0 0 1 0 0 2 0 0 2 0 0 2 0 0 1 0 0 1 0 0 1 0 0 2 0 0  |
 ├────────────────────┼──────────────────────────────────────────────────────────────────┤
 | 0x0000000000002207 | 2 0 0 0 0 0 0 0 0 0 0 0 0 1 0 0 0 0 0 0 0 0 0 0 0 0 1 0 0 0 0 0  |
 ├────────────────────┼──────────────────────────────────────────────────────────────────┤
 | 0x0000000000002213 | 0 0 2 0 0 2 0 0 2 0 0 2 0 0 2 0 0 2 0 0 1 0 0 2 0 0 2 0 0 2 0 0  |
 ├────────────────────┼──────────────────────────────────────────────────────────────────┤
 | 0x00000000000021fe | 0 1 0 0 1 0 0 1 0 0 1 0 0 2 0 0 1 0 0 1 0 0 1 0 0 1 0 0 2 0 0 2  |
 ├────────────────────┼──────────────────────────────────────────────────────────────────┤
 | 0x00000000000021fa | 0 0 0 0 0 0 0 0 1 0 0 0 0 0 0 0 0 0 0 0 0 2 0 0 0 0 0 0 0 0 0 0  |
 ├────────────────────┼──────────────────────────────────────────────────────────────────┤
 | 0x000000000000220c | 0 0 1 0 0 1 0 0 1 0 0 2 0 0 2 0 0 2 0 0 1 0 0 1 0 0 1 0 0 2 0 0  |
 ├────────────────────┼──────────────────────────────────────────────────────────────────┤
 | 0x0000000000002217 | 0 0 2 2 0 0 0 2 2 2 2 2 1 2 2 1 0 0 0 0 0 0 0 2 0 0 0 0 0 0 0 0  |
 ├────────────────────┼──────────────────────────────────────────────────────────────────┤
 | 0x0000000000002212 | 0 2 0 0 2 0 0 2 0 0 2 0 0 2 0 0 2 0 0 2 0 0 2 0 0 2 0 0 2 0 0 1  |
 ├────────────────────┼──────────────────────────────────────────────────────────────────┤
 | 0x0000000000002209 | 0 0 1 0 0 1 0 0 1 0 0 2 0 0 2 0 0 2 0 0 1 0 0 1 0 0 1 0 0 2 0 0  |
 ├────────────────────┼──────────────────────────────────────────────────────────────────┤
 | 0x0000000000002203 | 2 0 0 2 0 0 2 0 0 2 0 0 2 0 0 2 0 0 2 0 0 2 0 0 1 0 0 2 0 0 2 0  |
 ├────────────────────┼──────────────────────────────────────────────────────────────────┤
 | 0x0000000000002218 | 1 2 1 1 2 1 1 2 1 1 2 1 2 2 1 1 2 1 1 0 1 1 0 0 1 0 0 1 2 0 2 2  |
 ├────────────────────┼──────────────────────────────────────────────────────────────────┤
 | 0x0000000000002206 | 0 0 0 0 0 0 1 0 0 0 0 0 0 0 0 0 0 0 0 2 0 0 0 0 0 0 0 0 0 0 0 0  |
 └────────────────────┴──────────────────────────────────────────────────────────────────┘
Prefetch buffer end
Filter by PPT: 0
cpu3_L2C
Num Con Filled: 0
Num Con Useful: 0 Useless:0 Accuracy: -nan
cpu2_L2C
Num Con Filled: 0
Num Con Useful: 0 Useless:0 Accuracy: -nan
cpu1_L2C
Num Con Filled: 0
Num Con Useful: 0 Useless:0 Accuracy: -nan
cpu0_L2C
Num Con Filled: 0
Num Con Useful: 0 Useless:0 Accuracy: -nan
LLC
