41 41 41
Available num physical pages: 35184372088576
WARNING: physical memory size is smaller than virtual memory size

*** ChampSim Multicore Out-of-Order Simulator ***

Warmup Instructions: 20000000
Simulation Instructions: 25000000
Number of CPUs: 4
Page size: 4096

Basic BTB sets: 1024 ways: 8 indirect buffer size: 4096 RAS size: 64
Basic BTB sets: 1024 ways: 8 indirect buffer size: 4096 RAS size: 64
Basic BTB sets: 1024 ways: 8 indirect buffer size: 4096 RAS size: 64
Basic BTB sets: 1024 ways: 8 indirect buffer size: 4096 RAS size: 64
cpu0_L1D PMP Adaptive prefetcher CLIP Filter
cpu1_L1D PMP Adaptive prefetcher CLIP Filter
cpu2_L1D PMP Adaptive prefetcher CLIP Filter
cpu3_L1D PMP Adaptive prefetcher CLIP Filter
Off-chip DRAM Size: 8 GiB Channels: 1 Width: 64-bit Data Rate: 3200 MT/s
Heartbeat CPU 3 instructions: 10000002 cycles: 2500125 heartbeat IPC: 3.99981 cumulative IPC: 3.99981 (Simulation time: 0 hr 1 min 27 sec) 
Heartbeat CPU 1 instructions: 10000001 cycles: 2500153 heartbeat IPC: 3.99976 cumulative IPC: 3.99976 (Simulation time: 0 hr 1 min 27 sec) 
Heartbeat CPU 0 instructions: 10000000 cycles: 2538874 heartbeat IPC: 3.93876 cumulative IPC: 3.93876 (Simulation time: 0 hr 1 min 28 sec) 
Heartbeat CPU 2 instructions: 10000001 cycles: 2642331 heartbeat IPC: 3.78454 cumulative IPC: 3.78454 (Simulation time: 0 hr 1 min 31 sec) 
Heartbeat CPU 3 instructions: 20000002 cycles: 5000125 heartbeat IPC: 4 cumulative IPC: 3.99991 (Simulation time: 0 hr 2 min 55 sec) 
Max paddr 45M
Warmup finished CPU 3 instructions: 20000002 cycles: 5000126 cumulative IPC: 3.9999 (Simulation time: 0 hr 2 min 55 sec) 
Heartbeat CPU 1 instructions: 20000001 cycles: 5000153 heartbeat IPC: 4 cumulative IPC: 3.99988 (Simulation time: 0 hr 2 min 55 sec) 
Max paddr 45M
Warmup finished CPU 1 instructions: 20000001 cycles: 5000154 cumulative IPC: 3.99988 (Simulation time: 0 hr 2 min 55 sec) 
Heartbeat CPU 2 instructions: 20000002 cycles: 5251180 heartbeat IPC: 3.83311 cumulative IPC: 3.80867 (Simulation time: 0 hr 3 min 3 sec) 
Max paddr 46M
Warmup finished CPU 2 instructions: 20000002 cycles: 5251181 cumulative IPC: 3.80867 (Simulation time: 0 hr 3 min 3 sec) 
Heartbeat CPU 0 instructions: 20000000 cycles: 5480343 heartbeat IPC: 3.39967 cumulative IPC: 3.64941 (Simulation time: 0 hr 3 min 12 sec) 
Max paddr 47M
Warmup finished CPU 0 instructions: 20000000 cycles: 5480344 cumulative IPC: 3.64941 (Simulation time: 0 hr 3 min 12 sec) 

Warmup complete CPU 0 instructions: 20000000 cycles: 5480344 (Simulation time: 0 hr 3 min 12 sec) 


Warmup complete CPU 1 instructions: 21920761 cycles: 5480344 (Simulation time: 0 hr 3 min 12 sec) 


Warmup complete CPU 2 instructions: 20888733 cycles: 5480344 (Simulation time: 0 hr 3 min 12 sec) 


Warmup complete CPU 3 instructions: 21920874 cycles: 5480344 (Simulation time: 0 hr 3 min 12 sec) 

Heartbeat CPU 1 instructions: 30000003 cycles: 8092427 heartbeat IPC: 3.23387 cumulative IPC: 3.09303 (Simulation time: 0 hr 4 min 13 sec) 
Heartbeat CPU 3 instructions: 30000001 cycles: 8908621 heartbeat IPC: 2.55853 cumulative IPC: 2.35662 (Simulation time: 0 hr 4 min 32 sec) 
Heartbeat CPU 1 instructions: 40000002 cycles: 11402519 heartbeat IPC: 3.02107 cumulative IPC: 3.05281 (Simulation time: 0 hr 5 min 25 sec) 
Heartbeat CPU 3 instructions: 40000000 cycles: 13066714 heartbeat IPC: 2.40495 cumulative IPC: 2.38311 (Simulation time: 0 hr 6 min 1 sec) 
Max paddr 51M
Simulation finished CPU 1 instructions: 25000000 cycles: 8280191 cumulative IPC: 3.01926 (Simulation time: 0 hr 6 min 15 sec) 
Heartbeat CPU 1 instructions: 50000003 cycles: 14759698 heartbeat IPC: 2.9787 cumulative IPC: 3.026 (Simulation time: 0 hr 6 min 37 sec) 
Max paddr 51M
Simulation finished CPU 3 instructions: 25000002 cycles: 10633401 cumulative IPC: 2.35109 (Simulation time: 0 hr 7 min 6 sec) 
Heartbeat CPU 3 instructions: 50000004 cycles: 17433768 heartbeat IPC: 2.28988 cumulative IPC: 2.34905 (Simulation time: 0 hr 7 min 35 sec) 
Heartbeat CPU 1 instructions: 60000002 cycles: 18104703 heartbeat IPC: 2.98954 cumulative IPC: 3.01634 (Simulation time: 0 hr 7 min 52 sec) 
Heartbeat CPU 3 instructions: 60000002 cycles: 21391430 heartbeat IPC: 2.52675 cumulative IPC: 2.39325 (Simulation time: 0 hr 9 min 12 sec) 
Heartbeat CPU 1 instructions: 70000001 cycles: 21700455 heartbeat IPC: 2.78106 cumulative IPC: 2.96418 (Simulation time: 0 hr 9 min 20 sec) 
Heartbeat CPU 1 instructions: 80000002 cycles: 25365615 heartbeat IPC: 2.7284 cumulative IPC: 2.92072 (Simulation time: 0 hr 10 min 53 sec) 
Heartbeat CPU 3 instructions: 70000003 cycles: 25796636 heartbeat IPC: 2.27005 cumulative IPC: 2.36654 (Simulation time: 0 hr 11 min 3 sec) 
Heartbeat CPU 1 instructions: 90000001 cycles: 28954112 heartbeat IPC: 2.78669 cumulative IPC: 2.90023 (Simulation time: 0 hr 12 min 7 sec) 
Heartbeat CPU 3 instructions: 80000001 cycles: 30267642 heartbeat IPC: 2.23664 cumulative IPC: 2.34311 (Simulation time: 0 hr 12 min 35 sec) 
Heartbeat CPU 2 instructions: 30000004 cycles: 31647563 heartbeat IPC: 0.37884 cumulative IPC: 0.348195 (Simulation time: 0 hr 13 min 7 sec) 
Heartbeat CPU 1 instructions: 100000000 cycles: 32423168 heartbeat IPC: 2.88263 cumulative IPC: 2.89797 (Simulation time: 0 hr 13 min 25 sec) 
Heartbeat CPU 3 instructions: 90000000 cycles: 34070106 heartbeat IPC: 2.62988 cumulative IPC: 2.38125 (Simulation time: 0 hr 14 min 12 sec) 
Heartbeat CPU 0 instructions: 30000000 cycles: 35345622 heartbeat IPC: 0.334837 cumulative IPC: 0.334837 (Simulation time: 0 hr 14 min 51 sec) 
Heartbeat CPU 1 instructions: 110000002 cycles: 35533925 heartbeat IPC: 3.21466 cumulative IPC: 2.93075 (Simulation time: 0 hr 14 min 57 sec) 
Heartbeat CPU 3 instructions: 100000003 cycles: 38165687 heartbeat IPC: 2.44166 cumulative IPC: 2.38882 (Simulation time: 0 hr 16 min 0 sec) 
Heartbeat CPU 1 instructions: 120000002 cycles: 38837224 heartbeat IPC: 3.02728 cumulative IPC: 2.94031 (Simulation time: 0 hr 16 min 15 sec) 
Heartbeat CPU 1 instructions: 130000000 cycles: 42237133 heartbeat IPC: 2.94126 cumulative IPC: 2.94039 (Simulation time: 0 hr 17 min 35 sec) 
Heartbeat CPU 3 instructions: 110000002 cycles: 42317334 heartbeat IPC: 2.40869 cumulative IPC: 2.39106 (Simulation time: 0 hr 17 min 37 sec) 
Heartbeat CPU 1 instructions: 140000004 cycles: 45675018 heartbeat IPC: 2.90877 cumulative IPC: 2.93769 (Simulation time: 0 hr 18 min 53 sec) 
Heartbeat CPU 3 instructions: 120000001 cycles: 46552947 heartbeat IPC: 2.36094 cumulative IPC: 2.38795 (Simulation time: 0 hr 19 min 14 sec) 
Heartbeat CPU 0 instructions: 40000003 cycles: 47855567 heartbeat IPC: 0.799365 cumulative IPC: 0.471974 (Simulation time: 0 hr 19 min 46 sec) 
Heartbeat CPU 1 instructions: 150000001 cycles: 49087201 heartbeat IPC: 2.93068 cumulative IPC: 2.93714 (Simulation time: 0 hr 20 min 15 sec) 
Heartbeat CPU 3 instructions: 130000003 cycles: 50560984 heartbeat IPC: 2.49499 cumulative IPC: 2.39747 (Simulation time: 0 hr 20 min 46 sec) 
Heartbeat CPU 1 instructions: 160000004 cycles: 52755822 heartbeat IPC: 2.72583 cumulative IPC: 2.92074 (Simulation time: 0 hr 21 min 29 sec) 
Heartbeat CPU 3 instructions: 140000002 cycles: 54757085 heartbeat IPC: 2.38317 cumulative IPC: 2.39625 (Simulation time: 0 hr 22 min 15 sec) 
Max paddr 63M
Simulation finished CPU 0 instructions: 25000002 cycles: 50270956 cumulative IPC: 0.497306 (Simulation time: 0 hr 22 min 39 sec) 
Heartbeat CPU 1 instructions: 170000004 cycles: 56200881 heartbeat IPC: 2.90271 cumulative IPC: 2.91952 (Simulation time: 0 hr 22 min 48 sec) 
Heartbeat CPU 2 instructions: 40000000 cycles: 57586849 heartbeat IPC: 0.385516 cumulative IPC: 0.366774 (Simulation time: 0 hr 23 min 23 sec) 
Heartbeat CPU 3 instructions: 150000001 cycles: 58681383 heartbeat IPC: 2.54823 cumulative IPC: 2.40746 (Simulation time: 0 hr 23 min 47 sec) 
Heartbeat CPU 1 instructions: 180000002 cycles: 59329006 heartbeat IPC: 3.19681 cumulative IPC: 2.93563 (Simulation time: 0 hr 24 min 3 sec) 
Heartbeat CPU 0 instructions: 50000000 cycles: 61063888 heartbeat IPC: 0.757099 cumulative IPC: 0.539729 (Simulation time: 0 hr 24 min 47 sec) 
Heartbeat CPU 1 instructions: 190000002 cycles: 62511506 heartbeat IPC: 3.14219 cumulative IPC: 2.94715 (Simulation time: 0 hr 25 min 23 sec) 
Heartbeat CPU 3 instructions: 160000000 cycles: 62653601 heartbeat IPC: 2.51749 cumulative IPC: 2.4151 (Simulation time: 0 hr 25 min 27 sec) 
Heartbeat CPU 1 instructions: 200000003 cycles: 65803967 heartbeat IPC: 3.03725 cumulative IPC: 2.95207 (Simulation time: 0 hr 26 min 54 sec) 
Heartbeat CPU 3 instructions: 170000001 cycles: 67059077 heartbeat IPC: 2.26991 cumulative IPC: 2.40472 (Simulation time: 0 hr 27 min 26 sec) 
Heartbeat CPU 1 instructions: 210000000 cycles: 69503369 heartbeat IPC: 2.70314 cumulative IPC: 2.93769 (Simulation time: 0 hr 28 min 27 sec) 
Max paddr 68M
Simulation finished CPU 2 instructions: 25000002 cycles: 64396587 cumulative IPC: 0.38822 (Simulation time: 0 hr 28 min 36 sec) 

Simulation complete CPU 0 instructions: 37063538 cycles: 64396587 (Simulation time: 0 hr 28 min 36 sec) 


Simulation complete CPU 1 instructions: 189154519 cycles: 64396587 (Simulation time: 0 hr 28 min 36 sec) 


Simulation complete CPU 2 instructions: 25000002 cycles: 64396587 (Simulation time: 0 hr 28 min 36 sec) 


Simulation complete CPU 3 instructions: 153994969 cycles: 64396587 (Simulation time: 0 hr 28 min 36 sec) 


ChampSim completed all CPUs

[
  {
    "name": "Simulation",
    "traces": [
      "../../traces/429.mcf-217B.champsimtrace.xz",
      "../../traces/403.gcc-48B.champsimtrace.xz",
      "../../traces/450.soplex-247B.champsimtrace.xz",
      "../../traces/400.perlbench-50B.champsimtrace.xz"
    ],
    "roi": {
      "cores": [
        {
          "instructions": 25000002,
          "cycles": 50270956,
          "Avg ROB occupancy at mispredict": 78.5296, 
          "mispredict": {
            "BRANCH_DIRECT_JUMP": 0,
            "BRANCH_INDIRECT": 0,
            "BRANCH_CONDITIONAL": 64230,
            "BRANCH_DIRECT_CALL": 0,
            "BRANCH_INDIRECT_CALL": 0,
            "BRANCH_RETURN": 0
          }
        },
        {
          "instructions": 25000000,
          "cycles": 8280191,
          "Avg ROB occupancy at mispredict": 56.9872, 
          "mispredict": {
            "BRANCH_DIRECT_JUMP": 12,
            "BRANCH_INDIRECT": 0,
            "BRANCH_CONDITIONAL": 21872,
            "BRANCH_DIRECT_CALL": 98,
            "BRANCH_INDIRECT_CALL": 2,
            "BRANCH_RETURN": 101
          }
        },
        {
          "instructions": 25000002,
          "cycles": 64396587,
          "Avg ROB occupancy at mispredict": 12.8141, 
          "mispredict": {
            "BRANCH_DIRECT_JUMP": 19,
            "BRANCH_INDIRECT": 6,
            "BRANCH_CONDITIONAL": 846738,
            "BRANCH_DIRECT_CALL": 3,
            "BRANCH_INDIRECT_CALL": 18,
            "BRANCH_RETURN": 23
          }
        },
        {
          "instructions": 25000002,
          "cycles": 10633401,
          "Avg ROB occupancy at mispredict": 37.2562, 
          "mispredict": {
            "BRANCH_DIRECT_JUMP": 44,
            "BRANCH_INDIRECT": 128,
            "BRANCH_CONDITIONAL": 228145,
            "BRANCH_DIRECT_CALL": 20,
            "BRANCH_INDIRECT_CALL": 139,
            "BRANCH_RETURN": 50
          }
        }
      ],
      "cpu3_L1I": {
        "LOAD": {
          "hit":30029,
          "miss":3641
        },
        "RFO": {
          "hit":0,
          "miss":0
        },
        "PREFETCH": {
          "hit":0,
          "miss":0
        },
        "WRITE": {
          "hit":0,
          "miss":0
        },
        "TRANSLATION": {
          "hit":0,
          "miss":0
        },
        "mshr full": 0,
        "prefetch requested": 0,
        "prefetch issued": 0,
        "prefetch filled": 0,
        "prefetch useful": 0,
        "prefetch useless": 0,
        "prefetch late": 0,
        "pf_useful_at_l2_from_l1":          0,
        "pf_late_at_l2_from_l1":          0,
        "pf_useless_at_l2_from_l1":          0,
        "pf_at_l2_to_l1":          0,
        "pf_fill_this_level":          0,
        "miss latency": 5.02122,
        "cache queues": {
          "PQ_ACCESS": 0,
          "PQ_FULL": 0,
          "PQ_TO_CACHE": 0,
          "PQ_MERGED": 0,
          "RQ_ACCESS": 172636,
          "RQ_MERGED": 481,
          "RQ_FULL": 0,
          "WQ_ACCESS": 0,
          "WQ_MERGED": 0,
          "WQ_FULL": 0
        }
      },
      "cpu3_ITLB": {
        "LOAD": {
          "hit":33378,
          "miss":5
        },
        "RFO": {
          "hit":0,
          "miss":0
        },
        "PREFETCH": {
          "hit":0,
          "miss":0
        },
        "WRITE": {
          "hit":0,
          "miss":0
        },
        "TRANSLATION": {
          "hit":0,
          "miss":0
        },
        "mshr full": 0,
        "prefetch requested": 0,
        "prefetch issued": 0,
        "prefetch filled": 0,
        "prefetch useful": 0,
        "prefetch useless": 0,
        "prefetch late": 0,
        "pf_useful_at_l2_from_l1":          0,
        "pf_late_at_l2_from_l1":          0,
        "pf_useless_at_l2_from_l1":          0,
        "pf_at_l2_to_l1":          0,
        "pf_fill_this_level":          0,
        "miss latency": 10.4501,
        "cache queues": {
          "PQ_ACCESS": 0,
          "PQ_FULL": 0,
          "PQ_TO_CACHE": 0,
          "PQ_MERGED": 0,
          "RQ_ACCESS": 170857,
          "RQ_MERGED": 0,
          "RQ_FULL": 0,
          "WQ_ACCESS": 0,
          "WQ_MERGED": 0,
          "WQ_FULL": 0
        }
      },
      "cpu3_DTLB": {
        "LOAD": {
          "hit":8382832,
          "miss":4922
        },
        "RFO": {
          "hit":0,
          "miss":0
        },
        "PREFETCH": {
          "hit":0,
          "miss":0
        },
        "WRITE": {
          "hit":0,
          "miss":0
        },
        "TRANSLATION": {
          "hit":0,
          "miss":0
        },
        "mshr full": 0,
        "prefetch requested": 0,
        "prefetch issued": 0,
        "prefetch filled": 0,
        "prefetch useful": 0,
        "prefetch useless": 0,
        "prefetch late": 0,
        "pf_useful_at_l2_from_l1":          0,
        "pf_late_at_l2_from_l1":          0,
        "pf_useless_at_l2_from_l1":          0,
        "pf_at_l2_to_l1":          0,
        "pf_fill_this_level":          0,
        "miss latency": 8.66903,
        "cache queues": {
          "PQ_ACCESS": 0,
          "PQ_FULL": 0,
          "PQ_TO_CACHE": 0,
          "PQ_MERGED": 0,
          "RQ_ACCESS": 53669460,
          "RQ_MERGED": 0,
          "RQ_FULL": 35080,
          "WQ_ACCESS": 0,
          "WQ_MERGED": 0,
          "WQ_FULL": 0
        }
      },
      "cpu2_L1I": {
        "LOAD": {
          "hit":1801,
          "miss":146
        },
        "RFO": {
          "hit":0,
          "miss":0
        },
        "PREFETCH": {
          "hit":0,
          "miss":0
        },
        "WRITE": {
          "hit":0,
          "miss":0
        },
        "TRANSLATION": {
          "hit":0,
          "miss":0
        },
        "mshr full": 0,
        "prefetch requested": 0,
        "prefetch issued": 0,
        "prefetch filled": 0,
        "prefetch useful": 0,
        "prefetch useless": 0,
        "prefetch late": 0,
        "pf_useful_at_l2_from_l1":          0,
        "pf_late_at_l2_from_l1":          0,
        "pf_useless_at_l2_from_l1":          0,
        "pf_at_l2_to_l1":          0,
        "pf_fill_this_level":          0,
        "miss latency": 23.3018,
        "cache queues": {
          "PQ_ACCESS": 0,
          "PQ_FULL": 0,
          "PQ_TO_CACHE": 0,
          "PQ_MERGED": 0,
          "RQ_ACCESS": 1973,
          "RQ_MERGED": 26,
          "RQ_FULL": 0,
          "WQ_ACCESS": 0,
          "WQ_MERGED": 0,
          "WQ_FULL": 0
        }
      },
      "cpu2_ITLB": {
        "LOAD": {
          "hit":1905,
          "miss":0
        },
        "RFO": {
          "hit":0,
          "miss":0
        },
        "PREFETCH": {
          "hit":0,
          "miss":0
        },
        "WRITE": {
          "hit":0,
          "miss":0
        },
        "TRANSLATION": {
          "hit":0,
          "miss":0
        },
        "mshr full": 0,
        "prefetch requested": 0,
        "prefetch issued": 0,
        "prefetch filled": 0,
        "prefetch useful": 0,
        "prefetch useless": 0,
        "prefetch late": 0,
        "pf_useful_at_l2_from_l1":          0,
        "pf_late_at_l2_from_l1":          0,
        "pf_useless_at_l2_from_l1":          0,
        "pf_at_l2_to_l1":          0,
        "pf_fill_this_level":          0,
        "miss latency": null,
        "cache queues": {
          "PQ_ACCESS": 0,
          "PQ_FULL": 0,
          "PQ_TO_CACHE": 0,
          "PQ_MERGED": 0,
          "RQ_ACCESS": 1905,
          "RQ_MERGED": 0,
          "RQ_FULL": 0,
          "WQ_ACCESS": 0,
          "WQ_MERGED": 0,
          "WQ_FULL": 0
        }
      },
      "cpu2_DTLB": {
        "LOAD": {
          "hit":7634001,
          "miss":338780
        },
        "RFO": {
          "hit":0,
          "miss":0
        },
        "PREFETCH": {
          "hit":0,
          "miss":0
        },
        "WRITE": {
          "hit":0,
          "miss":0
        },
        "TRANSLATION": {
          "hit":0,
          "miss":0
        },
        "mshr full": 34949,
        "prefetch requested": 0,
        "prefetch issued": 0,
        "prefetch filled": 0,
        "prefetch useful": 0,
        "prefetch useless": 0,
        "prefetch late": 0,
        "pf_useful_at_l2_from_l1":          0,
        "pf_late_at_l2_from_l1":          0,
        "pf_useless_at_l2_from_l1":          0,
        "pf_at_l2_to_l1":          0,
        "pf_fill_this_level":          0,
        "miss latency": 1.10942,
        "cache queues": {
          "PQ_ACCESS": 0,
          "PQ_FULL": 0,
          "PQ_TO_CACHE": 0,
          "PQ_MERGED": 0,
          "RQ_ACCESS": 8950126,
          "RQ_MERGED": 0,
          "RQ_FULL": 977345,
          "WQ_ACCESS": 0,
          "WQ_MERGED": 0,
          "WQ_FULL": 0
        }
      },
      "cpu1_L1I": {
        "LOAD": {
          "hit":1780,
          "miss":0
        },
        "RFO": {
          "hit":0,
          "miss":0
        },
        "PREFETCH": {
          "hit":0,
          "miss":0
        },
        "WRITE": {
          "hit":0,
          "miss":0
        },
        "TRANSLATION": {
          "hit":0,
          "miss":0
        },
        "mshr full": 0,
        "prefetch requested": 0,
        "prefetch issued": 0,
        "prefetch filled": 0,
        "prefetch useful": 0,
        "prefetch useless": 0,
        "prefetch late": 0,
        "pf_useful_at_l2_from_l1":          0,
        "pf_late_at_l2_from_l1":          0,
        "pf_useless_at_l2_from_l1":          0,
        "pf_at_l2_to_l1":          0,
        "pf_fill_this_level":          0,
        "miss latency": null,
        "cache queues": {
          "PQ_ACCESS": 0,
          "PQ_FULL": 0,
          "PQ_TO_CACHE": 0,
          "PQ_MERGED": 0,
          "RQ_ACCESS": 14900,
          "RQ_MERGED": 22,
          "RQ_FULL": 0,
          "WQ_ACCESS": 0,
          "WQ_MERGED": 0,
          "WQ_FULL": 0
        }
      },
      "cpu1_ITLB": {
        "LOAD": {
          "hit":1748,
          "miss":0
        },
        "RFO": {
          "hit":0,
          "miss":0
        },
        "PREFETCH": {
          "hit":0,
          "miss":0
        },
        "WRITE": {
          "hit":0,
          "miss":0
        },
        "TRANSLATION": {
          "hit":0,
          "miss":0
        },
        "mshr full": 0,
        "prefetch requested": 0,
        "prefetch issued": 0,
        "prefetch filled": 0,
        "prefetch useful": 0,
        "prefetch useless": 0,
        "prefetch late": 0,
        "pf_useful_at_l2_from_l1":          0,
        "pf_late_at_l2_from_l1":          0,
        "pf_useless_at_l2_from_l1":          0,
        "pf_at_l2_to_l1":          0,
        "pf_fill_this_level":          0,
        "miss latency": null,
        "cache queues": {
          "PQ_ACCESS": 0,
          "PQ_FULL": 0,
          "PQ_TO_CACHE": 0,
          "PQ_MERGED": 0,
          "RQ_ACCESS": 14661,
          "RQ_MERGED": 0,
          "RQ_FULL": 0,
          "WQ_ACCESS": 0,
          "WQ_MERGED": 0,
          "WQ_FULL": 0
        }
      },
      "cpu1_DTLB": {
        "LOAD": {
          "hit":7886947,
          "miss":6546
        },
        "RFO": {
          "hit":0,
          "miss":0
        },
        "PREFETCH": {
          "hit":0,
          "miss":0
        },
        "WRITE": {
          "hit":0,
          "miss":0
        },
        "TRANSLATION": {
          "hit":0,
          "miss":0
        },
        "mshr full": 0,
        "prefetch requested": 0,
        "prefetch issued": 0,
        "prefetch filled": 0,
        "prefetch useful": 0,
        "prefetch useless": 0,
        "prefetch late": 0,
        "pf_useful_at_l2_from_l1":          0,
        "pf_late_at_l2_from_l1":          0,
        "pf_useless_at_l2_from_l1":          0,
        "pf_at_l2_to_l1":          0,
        "pf_fill_this_level":          0,
        "miss latency": 31.3362,
        "cache queues": {
          "PQ_ACCESS": 0,
          "PQ_FULL": 0,
          "PQ_TO_CACHE": 0,
          "PQ_MERGED": 0,
          "RQ_ACCESS": 59721998,
          "RQ_MERGED": 0,
          "RQ_FULL": 0,
          "WQ_ACCESS": 0,
          "WQ_MERGED": 0,
          "WQ_FULL": 0
        }
      },
      "cpu0_L1I": {
        "LOAD": {
          "hit":0,
          "miss":0
        },
        "RFO": {
          "hit":0,
          "miss":0
        },
        "PREFETCH": {
          "hit":0,
          "miss":0
        },
        "WRITE": {
          "hit":0,
          "miss":0
        },
        "TRANSLATION": {
          "hit":0,
          "miss":0
        },
        "mshr full": 0,
        "prefetch requested": 0,
        "prefetch issued": 0,
        "prefetch filled": 0,
        "prefetch useful": 0,
        "prefetch useless": 0,
        "prefetch late": 0,
        "pf_useful_at_l2_from_l1":          0,
        "pf_late_at_l2_from_l1":          0,
        "pf_useless_at_l2_from_l1":          0,
        "pf_at_l2_to_l1":          0,
        "pf_fill_this_level":          0,
        "miss latency": null,
        "cache queues": {
          "PQ_ACCESS": 0,
          "PQ_FULL": 0,
          "PQ_TO_CACHE": 0,
          "PQ_MERGED": 0,
          "RQ_ACCESS": 0,
          "RQ_MERGED": 0,
          "RQ_FULL": 0,
          "WQ_ACCESS": 0,
          "WQ_MERGED": 0,
          "WQ_FULL": 0
        }
      },
      "cpu0_ITLB": {
        "LOAD": {
          "hit":0,
          "miss":0
        },
        "RFO": {
          "hit":0,
          "miss":0
        },
        "PREFETCH": {
          "hit":0,
          "miss":0
        },
        "WRITE": {
          "hit":0,
          "miss":0
        },
        "TRANSLATION": {
          "hit":0,
          "miss":0
        },
        "mshr full": 0,
        "prefetch requested": 0,
        "prefetch issued": 0,
        "prefetch filled": 0,
        "prefetch useful": 0,
        "prefetch useless": 0,
        "prefetch late": 0,
        "pf_useful_at_l2_from_l1":          0,
        "pf_late_at_l2_from_l1":          0,
        "pf_useless_at_l2_from_l1":          0,
        "pf_at_l2_to_l1":          0,
        "pf_fill_this_level":          0,
        "miss latency": null,
        "cache queues": {
          "PQ_ACCESS": 0,
          "PQ_FULL": 0,
          "PQ_TO_CACHE": 0,
          "PQ_MERGED": 0,
          "RQ_ACCESS": 0,
          "RQ_MERGED": 0,
          "RQ_FULL": 0,
          "WQ_ACCESS": 0,
          "WQ_MERGED": 0,
          "WQ_FULL": 0
        }
      },
      "cpu0_DTLB": {
        "LOAD": {
          "hit":11343092,
          "miss":162762
        },
        "RFO": {
          "hit":0,
          "miss":0
        },
        "PREFETCH": {
          "hit":0,
          "miss":0
        },
        "WRITE": {
          "hit":0,
          "miss":0
        },
        "TRANSLATION": {
          "hit":0,
          "miss":0
        },
        "mshr full": 0,
        "prefetch requested": 0,
        "prefetch issued": 0,
        "prefetch filled": 0,
        "prefetch useful": 0,
        "prefetch useless": 0,
        "prefetch late": 0,
        "pf_useful_at_l2_from_l1":          0,
        "pf_late_at_l2_from_l1":          0,
        "pf_useless_at_l2_from_l1":          0,
        "pf_at_l2_to_l1":          0,
        "pf_fill_this_level":          0,
        "miss latency": 1.03529,
        "cache queues": {
          "PQ_ACCESS": 0,
          "PQ_FULL": 0,
          "PQ_TO_CACHE": 0,
          "PQ_MERGED": 0,
          "RQ_ACCESS": 17549344,
          "RQ_MERGED": 0,
          "RQ_FULL": 440599,
          "WQ_ACCESS": 0,
          "WQ_MERGED": 0,
          "WQ_FULL": 0
        }
      },
      "cpu3_STLB": {
        "LOAD": {
          "hit":2126,
          "miss":256
        },
        "RFO": {
          "hit":0,
          "miss":0
        },
        "PREFETCH": {
          "hit":0,
          "miss":0
        },
        "WRITE": {
          "hit":0,
          "miss":0
        },
        "TRANSLATION": {
          "hit":0,
          "miss":0
        },
        "mshr full": 0,
        "prefetch requested": 0,
        "prefetch issued": 0,
        "prefetch filled": 0,
        "prefetch useful": 0,
        "prefetch useless": 0,
        "prefetch late": 0,
        "pf_useful_at_l2_from_l1":          0,
        "pf_late_at_l2_from_l1":          0,
        "pf_useless_at_l2_from_l1":          0,
        "pf_at_l2_to_l1":          0,
        "pf_fill_this_level":          0,
        "miss latency": 147.325,
        "cache queues": {
          "PQ_ACCESS": 0,
          "PQ_FULL": 0,
          "PQ_TO_CACHE": 0,
          "PQ_MERGED": 0,
          "RQ_ACCESS": 10265,
          "RQ_MERGED": 0,
          "RQ_FULL": 0,
          "WQ_ACCESS": 0,
          "WQ_MERGED": 0,
          "WQ_FULL": 0
        }
      },
      "cpu2_STLB": {
        "LOAD": {
          "hit":112374,
          "miss":19863
        },
        "RFO": {
          "hit":0,
          "miss":0
        },
        "PREFETCH": {
          "hit":0,
          "miss":0
        },
        "WRITE": {
          "hit":0,
          "miss":0
        },
        "TRANSLATION": {
          "hit":0,
          "miss":0
        },
        "mshr full": 0,
        "prefetch requested": 0,
        "prefetch issued": 0,
        "prefetch filled": 0,
        "prefetch useful": 0,
        "prefetch useless": 0,
        "prefetch late": 0,
        "pf_useful_at_l2_from_l1":          0,
        "pf_late_at_l2_from_l1":          0,
        "pf_useless_at_l2_from_l1":          0,
        "pf_at_l2_to_l1":          0,
        "pf_fill_this_level":          0,
        "miss latency": 15.5025,
        "cache queues": {
          "PQ_ACCESS": 0,
          "PQ_FULL": 0,
          "PQ_TO_CACHE": 0,
          "PQ_MERGED": 0,
          "RQ_ACCESS": 132237,
          "RQ_MERGED": 0,
          "RQ_FULL": 0,
          "WQ_ACCESS": 0,
          "WQ_MERGED": 0,
          "WQ_FULL": 0
        }
      },
      "cpu1_STLB": {
        "LOAD": {
          "hit":3993,
          "miss":567
        },
        "RFO": {
          "hit":0,
          "miss":0
        },
        "PREFETCH": {
          "hit":0,
          "miss":0
        },
        "WRITE": {
          "hit":0,
          "miss":0
        },
        "TRANSLATION": {
          "hit":0,
          "miss":0
        },
        "mshr full": 0,
        "prefetch requested": 0,
        "prefetch issued": 0,
        "prefetch filled": 0,
        "prefetch useful": 0,
        "prefetch useless": 0,
        "prefetch late": 0,
        "pf_useful_at_l2_from_l1":          0,
        "pf_late_at_l2_from_l1":          0,
        "pf_useless_at_l2_from_l1":          0,
        "pf_at_l2_to_l1":          0,
        "pf_fill_this_level":          0,
        "miss latency": 328.24,
        "cache queues": {
          "PQ_ACCESS": 0,
          "PQ_FULL": 0,
          "PQ_TO_CACHE": 0,
          "PQ_MERGED": 0,
          "RQ_ACCESS": 37995,
          "RQ_MERGED": 0,
          "RQ_FULL": 0,
          "WQ_ACCESS": 0,
          "WQ_MERGED": 0,
          "WQ_FULL": 0
        }
      },
      "cpu0_STLB": {
        "LOAD": {
          "hit":16486,
          "miss":17194
        },
        "RFO": {
          "hit":0,
          "miss":0
        },
        "PREFETCH": {
          "hit":0,
          "miss":0
        },
        "WRITE": {
          "hit":0,
          "miss":0
        },
        "TRANSLATION": {
          "hit":0,
          "miss":0
        },
        "mshr full": 0,
        "prefetch requested": 0,
        "prefetch issued": 0,
        "prefetch filled": 0,
        "prefetch useful": 0,
        "prefetch useless": 0,
        "prefetch late": 0,
        "pf_useful_at_l2_from_l1":          0,
        "pf_late_at_l2_from_l1":          0,
        "pf_useless_at_l2_from_l1":          0,
        "pf_at_l2_to_l1":          0,
        "pf_fill_this_level":          0,
        "miss latency": 7.68924,
        "cache queues": {
          "PQ_ACCESS": 0,
          "PQ_FULL": 0,
          "PQ_TO_CACHE": 0,
          "PQ_MERGED": 0,
          "RQ_ACCESS": 71154,
          "RQ_MERGED": 0,
          "RQ_FULL": 0,
          "WQ_ACCESS": 0,
          "WQ_MERGED": 0,
          "WQ_FULL": 0
        }
      },
      "cpu3_L1D": {
        "LOAD": {
          "hit":5411505,
          "miss":6594
        },
        "RFO": {
          "hit":0,
          "miss":0
        },
        "PREFETCH": {
          "hit":1483,
          "miss":6350
        },
        "WRITE": {
          "hit":3183278,
          "miss":623
        },
        "TRANSLATION": {
          "hit":22,
          "miss":235
        },
        "mshr full": 0,
        "prefetch requested": 32050,
        "prefetch issued": 32050,
        "prefetch filled": 304,
        "prefetch useful": 49,
        "prefetch useless": 251,
        "prefetch late": 2,
        "pf_useful_at_l2_from_l1":          0,
        "pf_late_at_l2_from_l1":          0,
        "pf_useless_at_l2_from_l1":          0,
        "pf_at_l2_to_l1":          0,
        "pf_fill_this_level":        304,
        "miss latency": 62.2807,
        "cache queues": {
          "PQ_ACCESS": 32050,
          "PQ_FULL": 0,
          "PQ_TO_CACHE": 32050,
          "PQ_MERGED": 0,
          "RQ_ACCESS": 35183349,
          "RQ_MERGED": 997054,
          "RQ_FULL": 0,
          "WQ_ACCESS": 20981924,
          "WQ_MERGED": 114145,
          "WQ_FULL": 0
        }
      },
      "cpu2_L1D": {
        "LOAD": {
          "hit":4908145,
          "miss":1803094
        },
        "RFO": {
          "hit":0,
          "miss":0
        },
        "PREFETCH": {
          "hit":116103,
          "miss":1268179
        },
        "WRITE": {
          "hit":894329,
          "miss":582868
        },
        "TRANSLATION": {
          "hit":7503,
          "miss":12124
        },
        "mshr full": 14735923,
        "prefetch requested": 1384347,
        "prefetch issued": 1384347,
        "prefetch filled": 98066,
        "prefetch useful": 94540,
        "prefetch useless": 6763,
        "prefetch late": 3251,
        "pf_useful_at_l2_from_l1":          0,
        "pf_late_at_l2_from_l1":          0,
        "pf_useless_at_l2_from_l1":          0,
        "pf_at_l2_to_l1":          0,
        "pf_fill_this_level":      98065,
        "miss latency": 10.5944,
        "cache queues": {
          "PQ_ACCESS": 1384347,
          "PQ_FULL": 0,
          "PQ_TO_CACHE": 1384347,
          "PQ_MERGED": 65,
          "RQ_ACCESS": 137879518,
          "RQ_MERGED": 752691,
          "RQ_FULL": 130415547,
          "WQ_ACCESS": 3009813,
          "WQ_MERGED": 182,
          "WQ_FULL": 1532434
        }
      },
      "cpu1_L1D": {
        "LOAD": {
          "hit":3692608,
          "miss":22482
        },
        "RFO": {
          "hit":0,
          "miss":0
        },
        "PREFETCH": {
          "hit":425533,
          "miss":924685
        },
        "WRITE": {
          "hit":4511414,
          "miss":4237
        },
        "TRANSLATION": {
          "hit":23,
          "miss":544
        },
        "mshr full": 0,
        "prefetch requested": 10746965,
        "prefetch issued": 10746965,
        "prefetch filled": 4835,
        "prefetch useful": 225,
        "prefetch useless": 4560,
        "prefetch late": 10,
        "pf_useful_at_l2_from_l1":          0,
        "pf_late_at_l2_from_l1":          0,
        "pf_useless_at_l2_from_l1":          0,
        "pf_at_l2_to_l1":          1,
        "pf_fill_this_level":       4833,
        "miss latency": 6.29171,
        "cache queues": {
          "PQ_ACCESS": 10746965,
          "PQ_FULL": 0,
          "PQ_TO_CACHE": 10746965,
          "PQ_MERGED": 6,
          "RQ_ACCESS": 28355868,
          "RQ_MERGED": 259944,
          "RQ_FULL": 0,
          "WQ_ACCESS": 34390605,
          "WQ_MERGED": 232132,
          "WQ_FULL": 0
        }
      },
      "cpu0_L1D": {
        "LOAD": {
          "hit":5253457,
          "miss":1233438
        },
        "RFO": {
          "hit":0,
          "miss":0
        },
        "PREFETCH": {
          "hit":43777,
          "miss":428201
        },
        "WRITE": {
          "hit":5398286,
          "miss":1472
        },
        "TRANSLATION": {
          "hit":12345,
          "miss":4854
        },
        "mshr full": 46034566,
        "prefetch requested": 750200,
        "prefetch issued": 750200,
        "prefetch filled": 72215,
        "prefetch useful": 55829,
        "prefetch useless": 27592,
        "prefetch late": 11207,
        "pf_useful_at_l2_from_l1":          0,
        "pf_late_at_l2_from_l1":          0,
        "pf_useless_at_l2_from_l1":          0,
        "pf_at_l2_to_l1":          0,
        "pf_fill_this_level":      72215,
        "miss latency": 30.1602,
        "cache queues": {
          "PQ_ACCESS": 750200,
          "PQ_FULL": 0,
          "PQ_TO_CACHE": 750200,
          "PQ_MERGED": 1,
          "RQ_ACCESS": 937555837,
          "RQ_MERGED": 492678,
          "RQ_FULL": 927056012,
          "WQ_ACCESS": 7871582,
          "WQ_MERGED": 214496,
          "WQ_FULL": 0
        }
      },
      "cpu3_L2C": {
        "LOAD": {
          "hit":3625,
          "miss":1764
        },
        "RFO": {
          "hit":102,
          "miss":91
        },
        "PREFETCH": {
          "hit":2291,
          "miss":3937
        },
        "WRITE": {
          "hit":284,
          "miss":0
        },
        "TRANSLATION": {
          "hit":99,
          "miss":136
        },
        "mshr full": 23735,
        "prefetch requested": 0,
        "prefetch issued": 0,
        "prefetch filled": 15246,
        "prefetch useful": 0,
        "prefetch useless": 0,
        "prefetch late": 0,
        "pf_useful_at_l2_from_l1":       6073,
        "pf_late_at_l2_from_l1":        511,
        "pf_useless_at_l2_from_l1":       6047,
        "pf_at_l2_to_l1":         25,
        "pf_fill_this_level":      15023,
        "miss latency": 585.373,
        "cache queues": {
          "PQ_ACCESS": 26674,
          "PQ_FULL": 21,
          "PQ_TO_CACHE": 26653,
          "PQ_MERGED": 0,
          "RQ_ACCESS": 24956,
          "RQ_MERGED": 0,
          "RQ_FULL": 0,
          "WQ_ACCESS": 1177,
          "WQ_MERGED": 0,
          "WQ_FULL": 0
        }
      },
      "cpu2_L2C": {
        "LOAD": {
          "hit":492800,
          "miss":471195
        },
        "RFO": {
          "hit":15911,
          "miss":144627
        },
        "PREFETCH": {
          "hit":401365,
          "miss":836866
        },
        "WRITE": {
          "hit":480363,
          "miss":0
        },
        "TRANSLATION": {
          "hit":4445,
          "miss":7679
        },
        "mshr full": 2822850,
        "prefetch requested": 0,
        "prefetch issued": 0,
        "prefetch filled": 791180,
        "prefetch useful": 0,
        "prefetch useless": 0,
        "prefetch late": 0,
        "pf_useful_at_l2_from_l1":     357055,
        "pf_late_at_l2_from_l1":      40568,
        "pf_useless_at_l2_from_l1":     374688,
        "pf_at_l2_to_l1":        908,
        "pf_fill_this_level":     694425,
        "miss latency": 63.7794,
        "cache queues": {
          "PQ_ACCESS": 1562776,
          "PQ_FULL": 324483,
          "PQ_TO_CACHE": 1238293,
          "PQ_MERGED": 31,
          "RQ_ACCESS": 1136770,
          "RQ_MERGED": 0,
          "RQ_FULL": 0,
          "WQ_ACCESS": 480467,
          "WQ_MERGED": 0,
          "WQ_FULL": 0
        }
      },
      "cpu1_L2C": {
        "LOAD": {
          "hit":15178,
          "miss":2030
        },
        "RFO": {
          "hit":70,
          "miss":729
        },
        "PREFETCH": {
          "hit":908589,
          "miss":15407
        },
        "WRITE": {
          "hit":1945,
          "miss":0
        },
        "TRANSLATION": {
          "hit":230,
          "miss":314
        },
        "mshr full": 142311,
        "prefetch requested": 0,
        "prefetch issued": 0,
        "prefetch filled": 118837,
        "prefetch useful": 0,
        "prefetch useless": 0,
        "prefetch late": 0,
        "pf_useful_at_l2_from_l1":      27037,
        "pf_late_at_l2_from_l1":       1219,
        "pf_useless_at_l2_from_l1":      85977,
        "pf_at_l2_to_l1":        609,
        "pf_fill_this_level":     118034,
        "miss latency": 1521.15,
        "cache queues": {
          "PQ_ACCESS": 7285411,
          "PQ_FULL": 29317,
          "PQ_TO_CACHE": 7256094,
          "PQ_MERGED": 65,
          "RQ_ACCESS": 144879,
          "RQ_MERGED": 0,
          "RQ_FULL": 0,
          "WQ_ACCESS": 15588,
          "WQ_MERGED": 0,
          "WQ_FULL": 0
        }
      },
      "cpu0_L2C": {
        "LOAD": {
          "hit":150878,
          "miss":764260
        },
        "RFO": {
          "hit":426,
          "miss":29
        },
        "PREFETCH": {
          "hit":107010,
          "miss":284127
        },
        "WRITE": {
          "hit":15346,
          "miss":0
        },
        "TRANSLATION": {
          "hit":3017,
          "miss":1837
        },
        "mshr full": 165791,
        "prefetch requested": 0,
        "prefetch issued": 0,
        "prefetch filled": 438534,
        "prefetch useful": 0,
        "prefetch useless": 0,
        "prefetch late": 0,
        "pf_useful_at_l2_from_l1":     237819,
        "pf_late_at_l2_from_l1":      18895,
        "pf_useless_at_l2_from_l1":     138268,
        "pf_at_l2_to_l1":        532,
        "pf_fill_this_level":     357837,
        "miss latency": 58.7278,
        "cache queues": {
          "PQ_ACCESS": 620194,
          "PQ_FULL": 5726,
          "PQ_TO_CACHE": 614468,
          "PQ_MERGED": 1,
          "RQ_ACCESS": 1718870,
          "RQ_MERGED": 0,
          "RQ_FULL": 0,
          "WQ_ACCESS": 25465,
          "WQ_MERGED": 0,
          "WQ_FULL": 0
        }
      },
      "LLC": {
        "LOAD": {
          "hit": [162940, 14, 150081, 0],
          "miss": [588556, 1876, 280542, 1668]
        },
        "RFO": {
          "hit": [17, 2, 88935, 0],
          "miss": [12, 727, 55691, 91]
        },
        "PREFETCH": {
          "hit": [54430, 144, 247358, 0],
          "miss": [229141, 15246, 584407, 3931]
        },
        "WRITE": {
          "hit": [9227, 440, 368894, 0],
          "miss": [0, 0, 0, 0]
        },
        "TRANSLATION": {
          "hit": [936, 7, 3289, 0],
          "miss": [901, 307, 4390, 136]
        },
        "mshr full": 0,
        "prefetch requested": 0,
        "prefetch issued": 0,
        "prefetch filled": 1056133,
        "prefetch useful": 0,
        "prefetch useless": 0,
        "prefetch late": 0,
        "pf_useful_at_l2_from_l1":          0,
        "pf_late_at_l2_from_l1":          0,
        "pf_useless_at_l2_from_l1":          0,
        "pf_at_l2_to_l1":      18601,
        "pf_fill_this_level":          0,
        "miss latency": 94.901,
        "cache queues": {
          "PQ_ACCESS": 1425010,
          "PQ_FULL": 0,
          "PQ_TO_CACHE": 1425010,
          "PQ_MERGED": 0,
          "RQ_ACCESS": 2076235,
          "RQ_MERGED": 0,
          "RQ_FULL": 0,
          "WQ_ACCESS": 396693,
          "WQ_MERGED": 0,
          "WQ_FULL": 0
        }
      },
      "DRAM": [
        {
          "RQ ROW_BUFFER_HIT": 1085024,
          "RQ ROW_BUFFER_MISS": 1055898,
          "PQ FULL": 290525,
          "WQ ROW_BUFFER_HIT": 18066,
          "WQ ROW_BUFFER_MISS": 167895,
          "WQ FULL": 0,
          "AVG DBUS CONGESTED CYCLE": 3.9639
        }
      ]

    },
    "sim": {
      "cores": [
        {
          "instructions": 37063538,
          "cycles": 64396587,
          "Avg ROB occupancy at mispredict": 76.6039, 
          "mispredict": {
            "BRANCH_DIRECT_JUMP": 0,
            "BRANCH_INDIRECT": 0,
            "BRANCH_CONDITIONAL": 97738,
            "BRANCH_DIRECT_CALL": 0,
            "BRANCH_INDIRECT_CALL": 0,
            "BRANCH_RETURN": 0
          }
        },
        {
          "instructions": 189154519,
          "cycles": 64396587,
          "Avg ROB occupancy at mispredict": 57.6189, 
          "mispredict": {
            "BRANCH_DIRECT_JUMP": 71,
            "BRANCH_INDIRECT": 1,
            "BRANCH_CONDITIONAL": 167707,
            "BRANCH_DIRECT_CALL": 705,
            "BRANCH_INDIRECT_CALL": 14,
            "BRANCH_RETURN": 704
          }
        },
        {
          "instructions": 25000002,
          "cycles": 64396587,
          "Avg ROB occupancy at mispredict": 12.8141, 
          "mispredict": {
            "BRANCH_DIRECT_JUMP": 19,
            "BRANCH_INDIRECT": 6,
            "BRANCH_CONDITIONAL": 846738,
            "BRANCH_DIRECT_CALL": 3,
            "BRANCH_INDIRECT_CALL": 18,
            "BRANCH_RETURN": 23
          }
        },
        {
          "instructions": 153994969,
          "cycles": 64396587,
          "Avg ROB occupancy at mispredict": 38.3703, 
          "mispredict": {
            "BRANCH_DIRECT_JUMP": 335,
            "BRANCH_INDIRECT": 54001,
            "BRANCH_CONDITIONAL": 1271620,
            "BRANCH_DIRECT_CALL": 767,
            "BRANCH_INDIRECT_CALL": 611,
            "BRANCH_RETURN": 174
          }
        }
      ],
      "cpu3_L1I": {
        "LOAD": {
          "hit":156294,
          "miss":15861
        },
        "RFO": {
          "hit":0,
          "miss":0
        },
        "PREFETCH": {
          "hit":0,
          "miss":0
        },
        "WRITE": {
          "hit":0,
          "miss":0
        },
        "TRANSLATION": {
          "hit":0,
          "miss":0
        },
        "mshr full": 0,
        "prefetch requested": 0,
        "prefetch issued": 0,
        "prefetch filled": 0,
        "prefetch useful": 0,
        "prefetch useless": 0,
        "prefetch late": 0,
        "pf_useful_at_l2_from_l1":          0,
        "pf_late_at_l2_from_l1":          0,
        "pf_useless_at_l2_from_l1":          0,
        "pf_at_l2_to_l1":          0,
        "pf_fill_this_level":          0,
        "miss latency": 1.15266,
        "cache queues": {
          "PQ_ACCESS": 0,
          "PQ_FULL": 0,
          "PQ_TO_CACHE": 0,
          "PQ_MERGED": 0,
          "RQ_ACCESS": 172636,
          "RQ_MERGED": 481,
          "RQ_FULL": 0,
          "WQ_ACCESS": 0,
          "WQ_MERGED": 0,
          "WQ_FULL": 0
        }
      },
      "cpu3_ITLB": {
        "LOAD": {
          "hit":170852,
          "miss":5
        },
        "RFO": {
          "hit":0,
          "miss":0
        },
        "PREFETCH": {
          "hit":0,
          "miss":0
        },
        "WRITE": {
          "hit":0,
          "miss":0
        },
        "TRANSLATION": {
          "hit":0,
          "miss":0
        },
        "mshr full": 0,
        "prefetch requested": 0,
        "prefetch issued": 0,
        "prefetch filled": 0,
        "prefetch useful": 0,
        "prefetch useless": 0,
        "prefetch late": 0,
        "pf_useful_at_l2_from_l1":          0,
        "pf_late_at_l2_from_l1":          0,
        "pf_useless_at_l2_from_l1":          0,
        "pf_at_l2_to_l1":          0,
        "pf_fill_this_level":          0,
        "miss latency": 10.4501,
        "cache queues": {
          "PQ_ACCESS": 0,
          "PQ_FULL": 0,
          "PQ_TO_CACHE": 0,
          "PQ_MERGED": 0,
          "RQ_ACCESS": 170857,
          "RQ_MERGED": 0,
          "RQ_FULL": 0,
          "WQ_ACCESS": 0,
          "WQ_MERGED": 0,
          "WQ_FULL": 0
        }
      },
      "cpu3_DTLB": {
        "LOAD": {
          "hit":53613245,
          "miss":21132
        },
        "RFO": {
          "hit":0,
          "miss":0
        },
        "PREFETCH": {
          "hit":0,
          "miss":0
        },
        "WRITE": {
          "hit":0,
          "miss":0
        },
        "TRANSLATION": {
          "hit":0,
          "miss":0
        },
        "mshr full": 0,
        "prefetch requested": 0,
        "prefetch issued": 0,
        "prefetch filled": 0,
        "prefetch useful": 0,
        "prefetch useless": 0,
        "prefetch late": 0,
        "pf_useful_at_l2_from_l1":          0,
        "pf_late_at_l2_from_l1":          0,
        "pf_useless_at_l2_from_l1":          0,
        "pf_at_l2_to_l1":          0,
        "pf_fill_this_level":          0,
        "miss latency": 2.01917,
        "cache queues": {
          "PQ_ACCESS": 0,
          "PQ_FULL": 0,
          "PQ_TO_CACHE": 0,
          "PQ_MERGED": 0,
          "RQ_ACCESS": 53669460,
          "RQ_MERGED": 0,
          "RQ_FULL": 35080,
          "WQ_ACCESS": 0,
          "WQ_MERGED": 0,
          "WQ_FULL": 0
        }
      },
      "cpu2_L1I": {
        "LOAD": {
          "hit":1801,
          "miss":146
        },
        "RFO": {
          "hit":0,
          "miss":0
        },
        "PREFETCH": {
          "hit":0,
          "miss":0
        },
        "WRITE": {
          "hit":0,
          "miss":0
        },
        "TRANSLATION": {
          "hit":0,
          "miss":0
        },
        "mshr full": 0,
        "prefetch requested": 0,
        "prefetch issued": 0,
        "prefetch filled": 0,
        "prefetch useful": 0,
        "prefetch useless": 0,
        "prefetch late": 0,
        "pf_useful_at_l2_from_l1":          0,
        "pf_late_at_l2_from_l1":          0,
        "pf_useless_at_l2_from_l1":          0,
        "pf_at_l2_to_l1":          0,
        "pf_fill_this_level":          0,
        "miss latency": 23.3018,
        "cache queues": {
          "PQ_ACCESS": 0,
          "PQ_FULL": 0,
          "PQ_TO_CACHE": 0,
          "PQ_MERGED": 0,
          "RQ_ACCESS": 1973,
          "RQ_MERGED": 26,
          "RQ_FULL": 0,
          "WQ_ACCESS": 0,
          "WQ_MERGED": 0,
          "WQ_FULL": 0
        }
      },
      "cpu2_ITLB": {
        "LOAD": {
          "hit":1905,
          "miss":0
        },
        "RFO": {
          "hit":0,
          "miss":0
        },
        "PREFETCH": {
          "hit":0,
          "miss":0
        },
        "WRITE": {
          "hit":0,
          "miss":0
        },
        "TRANSLATION": {
          "hit":0,
          "miss":0
        },
        "mshr full": 0,
        "prefetch requested": 0,
        "prefetch issued": 0,
        "prefetch filled": 0,
        "prefetch useful": 0,
        "prefetch useless": 0,
        "prefetch late": 0,
        "pf_useful_at_l2_from_l1":          0,
        "pf_late_at_l2_from_l1":          0,
        "pf_useless_at_l2_from_l1":          0,
        "pf_at_l2_to_l1":          0,
        "pf_fill_this_level":          0,
        "miss latency": null,
        "cache queues": {
          "PQ_ACCESS": 0,
          "PQ_FULL": 0,
          "PQ_TO_CACHE": 0,
          "PQ_MERGED": 0,
          "RQ_ACCESS": 1905,
          "RQ_MERGED": 0,
          "RQ_FULL": 0,
          "WQ_ACCESS": 0,
          "WQ_MERGED": 0,
          "WQ_FULL": 0
        }
      },
      "cpu2_DTLB": {
        "LOAD": {
          "hit":7634001,
          "miss":338780
        },
        "RFO": {
          "hit":0,
          "miss":0
        },
        "PREFETCH": {
          "hit":0,
          "miss":0
        },
        "WRITE": {
          "hit":0,
          "miss":0
        },
        "TRANSLATION": {
          "hit":0,
          "miss":0
        },
        "mshr full": 34949,
        "prefetch requested": 0,
        "prefetch issued": 0,
        "prefetch filled": 0,
        "prefetch useful": 0,
        "prefetch useless": 0,
        "prefetch late": 0,
        "pf_useful_at_l2_from_l1":          0,
        "pf_late_at_l2_from_l1":          0,
        "pf_useless_at_l2_from_l1":          0,
        "pf_at_l2_to_l1":          0,
        "pf_fill_this_level":          0,
        "miss latency": 1.10942,
        "cache queues": {
          "PQ_ACCESS": 0,
          "PQ_FULL": 0,
          "PQ_TO_CACHE": 0,
          "PQ_MERGED": 0,
          "RQ_ACCESS": 8950126,
          "RQ_MERGED": 0,
          "RQ_FULL": 977345,
          "WQ_ACCESS": 0,
          "WQ_MERGED": 0,
          "WQ_FULL": 0
        }
      },
      "cpu1_L1I": {
        "LOAD": {
          "hit":14876,
          "miss":2
        },
        "RFO": {
          "hit":0,
          "miss":0
        },
        "PREFETCH": {
          "hit":0,
          "miss":0
        },
        "WRITE": {
          "hit":0,
          "miss":0
        },
        "TRANSLATION": {
          "hit":0,
          "miss":0
        },
        "mshr full": 0,
        "prefetch requested": 0,
        "prefetch issued": 0,
        "prefetch filled": 0,
        "prefetch useful": 0,
        "prefetch useless": 0,
        "prefetch late": 0,
        "pf_useful_at_l2_from_l1":          0,
        "pf_late_at_l2_from_l1":          0,
        "pf_useless_at_l2_from_l1":          0,
        "pf_at_l2_to_l1":          0,
        "pf_fill_this_level":          0,
        "miss latency": 98,
        "cache queues": {
          "PQ_ACCESS": 0,
          "PQ_FULL": 0,
          "PQ_TO_CACHE": 0,
          "PQ_MERGED": 0,
          "RQ_ACCESS": 14900,
          "RQ_MERGED": 22,
          "RQ_FULL": 0,
          "WQ_ACCESS": 0,
          "WQ_MERGED": 0,
          "WQ_FULL": 0
        }
      },
      "cpu1_ITLB": {
        "LOAD": {
          "hit":14661,
          "miss":0
        },
        "RFO": {
          "hit":0,
          "miss":0
        },
        "PREFETCH": {
          "hit":0,
          "miss":0
        },
        "WRITE": {
          "hit":0,
          "miss":0
        },
        "TRANSLATION": {
          "hit":0,
          "miss":0
        },
        "mshr full": 0,
        "prefetch requested": 0,
        "prefetch issued": 0,
        "prefetch filled": 0,
        "prefetch useful": 0,
        "prefetch useless": 0,
        "prefetch late": 0,
        "pf_useful_at_l2_from_l1":          0,
        "pf_late_at_l2_from_l1":          0,
        "pf_useless_at_l2_from_l1":          0,
        "pf_at_l2_to_l1":          0,
        "pf_fill_this_level":          0,
        "miss latency": null,
        "cache queues": {
          "PQ_ACCESS": 0,
          "PQ_FULL": 0,
          "PQ_TO_CACHE": 0,
          "PQ_MERGED": 0,
          "RQ_ACCESS": 14661,
          "RQ_MERGED": 0,
          "RQ_FULL": 0,
          "WQ_ACCESS": 0,
          "WQ_MERGED": 0,
          "WQ_FULL": 0
        }
      },
      "cpu1_DTLB": {
        "LOAD": {
          "hit":59669305,
          "miss":52695
        },
        "RFO": {
          "hit":0,
          "miss":0
        },
        "PREFETCH": {
          "hit":0,
          "miss":0
        },
        "WRITE": {
          "hit":0,
          "miss":0
        },
        "TRANSLATION": {
          "hit":0,
          "miss":0
        },
        "mshr full": 0,
        "prefetch requested": 0,
        "prefetch issued": 0,
        "prefetch filled": 0,
        "prefetch useful": 0,
        "prefetch useless": 0,
        "prefetch late": 0,
        "pf_useful_at_l2_from_l1":          0,
        "pf_late_at_l2_from_l1":          0,
        "pf_useless_at_l2_from_l1":          0,
        "pf_at_l2_to_l1":          0,
        "pf_fill_this_level":          0,
        "miss latency": 3.89271,
        "cache queues": {
          "PQ_ACCESS": 0,
          "PQ_FULL": 0,
          "PQ_TO_CACHE": 0,
          "PQ_MERGED": 0,
          "RQ_ACCESS": 59721998,
          "RQ_MERGED": 0,
          "RQ_FULL": 0,
          "WQ_ACCESS": 0,
          "WQ_MERGED": 0,
          "WQ_FULL": 0
        }
      },
      "cpu0_L1I": {
        "LOAD": {
          "hit":0,
          "miss":0
        },
        "RFO": {
          "hit":0,
          "miss":0
        },
        "PREFETCH": {
          "hit":0,
          "miss":0
        },
        "WRITE": {
          "hit":0,
          "miss":0
        },
        "TRANSLATION": {
          "hit":0,
          "miss":0
        },
        "mshr full": 0,
        "prefetch requested": 0,
        "prefetch issued": 0,
        "prefetch filled": 0,
        "prefetch useful": 0,
        "prefetch useless": 0,
        "prefetch late": 0,
        "pf_useful_at_l2_from_l1":          0,
        "pf_late_at_l2_from_l1":          0,
        "pf_useless_at_l2_from_l1":          0,
        "pf_at_l2_to_l1":          0,
        "pf_fill_this_level":          0,
        "miss latency": null,
        "cache queues": {
          "PQ_ACCESS": 0,
          "PQ_FULL": 0,
          "PQ_TO_CACHE": 0,
          "PQ_MERGED": 0,
          "RQ_ACCESS": 0,
          "RQ_MERGED": 0,
          "RQ_FULL": 0,
          "WQ_ACCESS": 0,
          "WQ_MERGED": 0,
          "WQ_FULL": 0
        }
      },
      "cpu0_ITLB": {
        "LOAD": {
          "hit":0,
          "miss":0
        },
        "RFO": {
          "hit":0,
          "miss":0
        },
        "PREFETCH": {
          "hit":0,
          "miss":0
        },
        "WRITE": {
          "hit":0,
          "miss":0
        },
        "TRANSLATION": {
          "hit":0,
          "miss":0
        },
        "mshr full": 0,
        "prefetch requested": 0,
        "prefetch issued": 0,
        "prefetch filled": 0,
        "prefetch useful": 0,
        "prefetch useless": 0,
        "prefetch late": 0,
        "pf_useful_at_l2_from_l1":          0,
        "pf_late_at_l2_from_l1":          0,
        "pf_useless_at_l2_from_l1":          0,
        "pf_at_l2_to_l1":          0,
        "pf_fill_this_level":          0,
        "miss latency": null,
        "cache queues": {
          "PQ_ACCESS": 0,
          "PQ_FULL": 0,
          "PQ_TO_CACHE": 0,
          "PQ_MERGED": 0,
          "RQ_ACCESS": 0,
          "RQ_MERGED": 0,
          "RQ_FULL": 0,
          "WQ_ACCESS": 0,
          "WQ_MERGED": 0,
          "WQ_FULL": 0
        }
      },
      "cpu0_DTLB": {
        "LOAD": {
          "hit":16715313,
          "miss":393435
        },
        "RFO": {
          "hit":0,
          "miss":0
        },
        "PREFETCH": {
          "hit":0,
          "miss":0
        },
        "WRITE": {
          "hit":0,
          "miss":0
        },
        "TRANSLATION": {
          "hit":0,
          "miss":0
        },
        "mshr full": 0,
        "prefetch requested": 0,
        "prefetch issued": 0,
        "prefetch filled": 0,
        "prefetch useful": 0,
        "prefetch useless": 0,
        "prefetch late": 0,
        "pf_useful_at_l2_from_l1":          0,
        "pf_late_at_l2_from_l1":          0,
        "pf_useless_at_l2_from_l1":          0,
        "pf_at_l2_to_l1":          0,
        "pf_fill_this_level":          0,
        "miss latency": 0.428294,
        "cache queues": {
          "PQ_ACCESS": 0,
          "PQ_FULL": 0,
          "PQ_TO_CACHE": 0,
          "PQ_MERGED": 0,
          "RQ_ACCESS": 17549344,
          "RQ_MERGED": 0,
          "RQ_FULL": 440599,
          "WQ_ACCESS": 0,
          "WQ_MERGED": 0,
          "WQ_FULL": 0
        }
      },
      "cpu3_STLB": {
        "LOAD": {
          "hit":9454,
          "miss":811
        },
        "RFO": {
          "hit":0,
          "miss":0
        },
        "PREFETCH": {
          "hit":0,
          "miss":0
        },
        "WRITE": {
          "hit":0,
          "miss":0
        },
        "TRANSLATION": {
          "hit":0,
          "miss":0
        },
        "mshr full": 0,
        "prefetch requested": 0,
        "prefetch issued": 0,
        "prefetch filled": 0,
        "prefetch useful": 0,
        "prefetch useless": 0,
        "prefetch late": 0,
        "pf_useful_at_l2_from_l1":          0,
        "pf_late_at_l2_from_l1":          0,
        "pf_useless_at_l2_from_l1":          0,
        "pf_at_l2_to_l1":          0,
        "pf_fill_this_level":          0,
        "miss latency": 46.5046,
        "cache queues": {
          "PQ_ACCESS": 0,
          "PQ_FULL": 0,
          "PQ_TO_CACHE": 0,
          "PQ_MERGED": 0,
          "RQ_ACCESS": 10265,
          "RQ_MERGED": 0,
          "RQ_FULL": 0,
          "WQ_ACCESS": 0,
          "WQ_MERGED": 0,
          "WQ_FULL": 0
        }
      },
      "cpu2_STLB": {
        "LOAD": {
          "hit":112374,
          "miss":19863
        },
        "RFO": {
          "hit":0,
          "miss":0
        },
        "PREFETCH": {
          "hit":0,
          "miss":0
        },
        "WRITE": {
          "hit":0,
          "miss":0
        },
        "TRANSLATION": {
          "hit":0,
          "miss":0
        },
        "mshr full": 0,
        "prefetch requested": 0,
        "prefetch issued": 0,
        "prefetch filled": 0,
        "prefetch useful": 0,
        "prefetch useless": 0,
        "prefetch late": 0,
        "pf_useful_at_l2_from_l1":          0,
        "pf_late_at_l2_from_l1":          0,
        "pf_useless_at_l2_from_l1":          0,
        "pf_at_l2_to_l1":          0,
        "pf_fill_this_level":          0,
        "miss latency": 15.5025,
        "cache queues": {
          "PQ_ACCESS": 0,
          "PQ_FULL": 0,
          "PQ_TO_CACHE": 0,
          "PQ_MERGED": 0,
          "RQ_ACCESS": 132237,
          "RQ_MERGED": 0,
          "RQ_FULL": 0,
          "WQ_ACCESS": 0,
          "WQ_MERGED": 0,
          "WQ_FULL": 0
        }
      },
      "cpu1_STLB": {
        "LOAD": {
          "hit":34247,
          "miss":3748
        },
        "RFO": {
          "hit":0,
          "miss":0
        },
        "PREFETCH": {
          "hit":0,
          "miss":0
        },
        "WRITE": {
          "hit":0,
          "miss":0
        },
        "TRANSLATION": {
          "hit":0,
          "miss":0
        },
        "mshr full": 0,
        "prefetch requested": 0,
        "prefetch issued": 0,
        "prefetch filled": 0,
        "prefetch useful": 0,
        "prefetch useless": 0,
        "prefetch late": 0,
        "pf_useful_at_l2_from_l1":          0,
        "pf_late_at_l2_from_l1":          0,
        "pf_useless_at_l2_from_l1":          0,
        "pf_at_l2_to_l1":          0,
        "pf_fill_this_level":          0,
        "miss latency": 49.6563,
        "cache queues": {
          "PQ_ACCESS": 0,
          "PQ_FULL": 0,
          "PQ_TO_CACHE": 0,
          "PQ_MERGED": 0,
          "RQ_ACCESS": 37995,
          "RQ_MERGED": 0,
          "RQ_FULL": 0,
          "WQ_ACCESS": 0,
          "WQ_MERGED": 0,
          "WQ_FULL": 0
        }
      },
      "cpu0_STLB": {
        "LOAD": {
          "hit":39991,
          "miss":31163
        },
        "RFO": {
          "hit":0,
          "miss":0
        },
        "PREFETCH": {
          "hit":0,
          "miss":0
        },
        "WRITE": {
          "hit":0,
          "miss":0
        },
        "TRANSLATION": {
          "hit":0,
          "miss":0
        },
        "mshr full": 0,
        "prefetch requested": 0,
        "prefetch issued": 0,
        "prefetch filled": 0,
        "prefetch useful": 0,
        "prefetch useless": 0,
        "prefetch late": 0,
        "pf_useful_at_l2_from_l1":          0,
        "pf_late_at_l2_from_l1":          0,
        "pf_useless_at_l2_from_l1":          0,
        "pf_at_l2_to_l1":          0,
        "pf_fill_this_level":          0,
        "miss latency": 4.2425,
        "cache queues": {
          "PQ_ACCESS": 0,
          "PQ_FULL": 0,
          "PQ_TO_CACHE": 0,
          "PQ_MERGED": 0,
          "RQ_ACCESS": 71154,
          "RQ_MERGED": 0,
          "RQ_FULL": 0,
          "WQ_ACCESS": 0,
          "WQ_MERGED": 0,
          "WQ_FULL": 0
        }
      },
      "cpu3_L1D": {
        "LOAD": {
          "hit":34113022,
          "miss":28421
        },
        "RFO": {
          "hit":0,
          "miss":0
        },
        "PREFETCH": {
          "hit":4895,
          "miss":27155
        },
        "WRITE": {
          "hit":20865096,
          "miss":2682
        },
        "TRANSLATION": {
          "hit":52,
          "miss":759
        },
        "mshr full": 0,
        "prefetch requested": 32050,
        "prefetch issued": 32050,
        "prefetch filled": 304,
        "prefetch useful": 49,
        "prefetch useless": 251,
        "prefetch late": 2,
        "pf_useful_at_l2_from_l1":          0,
        "pf_late_at_l2_from_l1":          0,
        "pf_useless_at_l2_from_l1":          0,
        "pf_at_l2_to_l1":          0,
        "pf_fill_this_level":        304,
        "miss latency": 14.4782,
        "cache queues": {
          "PQ_ACCESS": 32050,
          "PQ_FULL": 0,
          "PQ_TO_CACHE": 32050,
          "PQ_MERGED": 0,
          "RQ_ACCESS": 35183349,
          "RQ_MERGED": 997054,
          "RQ_FULL": 0,
          "WQ_ACCESS": 20981924,
          "WQ_MERGED": 114145,
          "WQ_FULL": 0
        }
      },
      "cpu2_L1D": {
        "LOAD": {
          "hit":4908145,
          "miss":1803094
        },
        "RFO": {
          "hit":0,
          "miss":0
        },
        "PREFETCH": {
          "hit":116103,
          "miss":1268179
        },
        "WRITE": {
          "hit":894329,
          "miss":582868
        },
        "TRANSLATION": {
          "hit":7503,
          "miss":12124
        },
        "mshr full": 14735923,
        "prefetch requested": 1384347,
        "prefetch issued": 1384347,
        "prefetch filled": 98066,
        "prefetch useful": 94540,
        "prefetch useless": 6763,
        "prefetch late": 3251,
        "pf_useful_at_l2_from_l1":          0,
        "pf_late_at_l2_from_l1":          0,
        "pf_useless_at_l2_from_l1":          0,
        "pf_at_l2_to_l1":          0,
        "pf_fill_this_level":      98065,
        "miss latency": 10.5944,
        "cache queues": {
          "PQ_ACCESS": 1384347,
          "PQ_FULL": 0,
          "PQ_TO_CACHE": 1384347,
          "PQ_MERGED": 65,
          "RQ_ACCESS": 137879518,
          "RQ_MERGED": 752691,
          "RQ_FULL": 130415547,
          "WQ_ACCESS": 3009813,
          "WQ_MERGED": 182,
          "WQ_FULL": 1532434
        }
      },
      "cpu1_L1D": {
        "LOAD": {
          "hit":27910495,
          "miss":177308
        },
        "RFO": {
          "hit":0,
          "miss":0
        },
        "PREFETCH": {
          "hit":3485511,
          "miss":7261448
        },
        "WRITE": {
          "hit":34123833,
          "miss":34640
        },
        "TRANSLATION": {
          "hit":140,
          "miss":3614
        },
        "mshr full": 0,
        "prefetch requested": 10746965,
        "prefetch issued": 10746965,
        "prefetch filled": 4835,
        "prefetch useful": 225,
        "prefetch useless": 4560,
        "prefetch late": 10,
        "pf_useful_at_l2_from_l1":          0,
        "pf_late_at_l2_from_l1":          0,
        "pf_useless_at_l2_from_l1":          0,
        "pf_at_l2_to_l1":          1,
        "pf_fill_this_level":       4833,
        "miss latency": 0.80084,
        "cache queues": {
          "PQ_ACCESS": 10746965,
          "PQ_FULL": 0,
          "PQ_TO_CACHE": 10746965,
          "PQ_MERGED": 6,
          "RQ_ACCESS": 28355868,
          "RQ_MERGED": 259944,
          "RQ_FULL": 0,
          "WQ_ACCESS": 34390605,
          "WQ_MERGED": 232132,
          "WQ_FULL": 0
        }
      },
      "cpu0_L1D": {
        "LOAD": {
          "hit":7720260,
          "miss":2286830
        },
        "RFO": {
          "hit":0,
          "miss":0
        },
        "PREFETCH": {
          "hit":64661,
          "miss":685538
        },
        "WRITE": {
          "hit":7654451,
          "miss":2635
        },
        "TRANSLATION": {
          "hit":22965,
          "miss":8206
        },
        "mshr full": 46034566,
        "prefetch requested": 750200,
        "prefetch issued": 750200,
        "prefetch filled": 72215,
        "prefetch useful": 55829,
        "prefetch useless": 27592,
        "prefetch late": 11207,
        "pf_useful_at_l2_from_l1":          0,
        "pf_late_at_l2_from_l1":          0,
        "pf_useless_at_l2_from_l1":          0,
        "pf_at_l2_to_l1":          0,
        "pf_fill_this_level":      72215,
        "miss latency": 16.447,
        "cache queues": {
          "PQ_ACCESS": 750200,
          "PQ_FULL": 0,
          "PQ_TO_CACHE": 750200,
          "PQ_MERGED": 1,
          "RQ_ACCESS": 937555837,
          "RQ_MERGED": 492678,
          "RQ_FULL": 927056012,
          "WQ_ACCESS": 7871582,
          "WQ_MERGED": 214496,
          "WQ_FULL": 0
        }
      },
      "cpu3_L2C": {
        "LOAD": {
          "hit":16576,
          "miss":6783
        },
        "RFO": {
          "hit":449,
          "miss":388
        },
        "PREFETCH": {
          "hit":10884,
          "miss":15769
        },
        "WRITE": {
          "hit":1171,
          "miss":0
        },
        "TRANSLATION": {
          "hit":347,
          "miss":412
        },
        "mshr full": 23735,
        "prefetch requested": 0,
        "prefetch issued": 0,
        "prefetch filled": 15246,
        "prefetch useful": 0,
        "prefetch useless": 0,
        "prefetch late": 0,
        "pf_useful_at_l2_from_l1":       6073,
        "pf_late_at_l2_from_l1":        511,
        "pf_useless_at_l2_from_l1":       6047,
        "pf_at_l2_to_l1":         25,
        "pf_fill_this_level":      15023,
        "miss latency": 149.873,
        "cache queues": {
          "PQ_ACCESS": 26674,
          "PQ_FULL": 21,
          "PQ_TO_CACHE": 26653,
          "PQ_MERGED": 0,
          "RQ_ACCESS": 24956,
          "RQ_MERGED": 0,
          "RQ_FULL": 0,
          "WQ_ACCESS": 1177,
          "WQ_MERGED": 0,
          "WQ_FULL": 0
        }
      },
      "cpu2_L2C": {
        "LOAD": {
          "hit":492800,
          "miss":471195
        },
        "RFO": {
          "hit":15911,
          "miss":144627
        },
        "PREFETCH": {
          "hit":401365,
          "miss":836866
        },
        "WRITE": {
          "hit":480363,
          "miss":0
        },
        "TRANSLATION": {
          "hit":4445,
          "miss":7679
        },
        "mshr full": 2822850,
        "prefetch requested": 0,
        "prefetch issued": 0,
        "prefetch filled": 791180,
        "prefetch useful": 0,
        "prefetch useless": 0,
        "prefetch late": 0,
        "pf_useful_at_l2_from_l1":     357055,
        "pf_late_at_l2_from_l1":      40568,
        "pf_useless_at_l2_from_l1":     374688,
        "pf_at_l2_to_l1":        908,
        "pf_fill_this_level":     694425,
        "miss latency": 63.7794,
        "cache queues": {
          "PQ_ACCESS": 1562776,
          "PQ_FULL": 324483,
          "PQ_TO_CACHE": 1238293,
          "PQ_MERGED": 31,
          "RQ_ACCESS": 1136770,
          "RQ_MERGED": 0,
          "RQ_FULL": 0,
          "WQ_ACCESS": 480467,
          "WQ_MERGED": 0,
          "WQ_FULL": 0
        }
      },
      "cpu1_L2C": {
        "LOAD": {
          "hit":119278,
          "miss":15517
        },
        "RFO": {
          "hit":671,
          "miss":5795
        },
        "PREFETCH": {
          "hit":7135938,
          "miss":120091
        },
        "WRITE": {
          "hit":15498,
          "miss":0
        },
        "TRANSLATION": {
          "hit":1055,
          "miss":2559
        },
        "mshr full": 142311,
        "prefetch requested": 0,
        "prefetch issued": 0,
        "prefetch filled": 118837,
        "prefetch useful": 0,
        "prefetch useless": 0,
        "prefetch late": 0,
        "pf_useful_at_l2_from_l1":      27037,
        "pf_late_at_l2_from_l1":       1219,
        "pf_useless_at_l2_from_l1":      85977,
        "pf_at_l2_to_l1":        609,
        "pf_fill_this_level":     118034,
        "miss latency": 196.13,
        "cache queues": {
          "PQ_ACCESS": 7285411,
          "PQ_FULL": 29317,
          "PQ_TO_CACHE": 7256094,
          "PQ_MERGED": 65,
          "RQ_ACCESS": 144879,
          "RQ_MERGED": 0,
          "RQ_FULL": 0,
          "WQ_ACCESS": 15588,
          "WQ_MERGED": 0,
          "WQ_FULL": 0
        }
      },
      "cpu0_L2C": {
        "LOAD": {
          "hit":230630,
          "miss":1479262
        },
        "RFO": {
          "hit":709,
          "miss":56
        },
        "PREFETCH": {
          "hit":155969,
          "miss":458494
        },
        "WRITE": {
          "hit":25083,
          "miss":0
        },
        "TRANSLATION": {
          "hit":5051,
          "miss":3155
        },
        "mshr full": 165791,
        "prefetch requested": 0,
        "prefetch issued": 0,
        "prefetch filled": 438534,
        "prefetch useful": 0,
        "prefetch useless": 0,
        "prefetch late": 0,
        "pf_useful_at_l2_from_l1":     237819,
        "pf_late_at_l2_from_l1":      18895,
        "pf_useless_at_l2_from_l1":     138268,
        "pf_at_l2_to_l1":        532,
        "pf_fill_this_level":     357837,
        "miss latency": 30.7774,
        "cache queues": {
          "PQ_ACCESS": 620194,
          "PQ_FULL": 5726,
          "PQ_TO_CACHE": 614468,
          "PQ_MERGED": 1,
          "RQ_ACCESS": 1718870,
          "RQ_MERGED": 0,
          "RQ_FULL": 0,
          "WQ_ACCESS": 25465,
          "WQ_MERGED": 0,
          "WQ_FULL": 0
        }
      },
      "LLC": {
        "LOAD": {
          "hit": [746276, 269, 150081, 0],
          "miss": [714098, 14032, 280542, 6272]
        },
        "RFO": {
          "hit": [39, 2, 88935, 0],
          "miss": [17, 5790, 55691, 388]
        },
        "PREFETCH": {
          "hit": [119594, 1899, 247358, 4],
          "miss": [337835, 118157, 584407, 15753]
        },
        "WRITE": {
          "hit": [15354, 6278, 368894, 0],
          "miss": [0, 0, 0, 0]
        },
        "TRANSLATION": {
          "hit": [1842, 141, 3289, 0],
          "miss": [1313, 2418, 4390, 412]
        },
        "mshr full": 0,
        "prefetch requested": 0,
        "prefetch issued": 0,
        "prefetch filled": 1056133,
        "prefetch useful": 0,
        "prefetch useless": 0,
        "prefetch late": 0,
        "pf_useful_at_l2_from_l1":          0,
        "pf_late_at_l2_from_l1":          0,
        "pf_useless_at_l2_from_l1":          0,
        "pf_at_l2_to_l1":      18601,
        "pf_fill_this_level":          0,
        "miss latency": 80.3438,
        "cache queues": {
          "PQ_ACCESS": 1425010,
          "PQ_FULL": 0,
          "PQ_TO_CACHE": 1425010,
          "PQ_MERGED": 0,
          "RQ_ACCESS": 2076235,
          "RQ_MERGED": 0,
          "RQ_FULL": 0,
          "WQ_ACCESS": 396693,
          "WQ_MERGED": 0,
          "WQ_FULL": 0
        }
      },
      "DRAM": [
        {
          "RQ ROW_BUFFER_HIT": 1085024,
          "RQ ROW_BUFFER_MISS": 1055898,
          "PQ FULL": 290525,
          "WQ ROW_BUFFER_HIT": 18066,
          "WQ ROW_BUFFER_MISS": 167895,
          "WQ FULL": 0,
          "AVG DBUS CONGESTED CYCLE": 3.9639
        }
      ]

    }
  }
]
cpu3_ITLB
cpu3_DTLB
cpu2_ITLB
cpu2_DTLB
cpu1_ITLB
cpu1_DTLB
cpu0_ITLB
cpu0_DTLB
cpu3_STLB
cpu2_STLB
cpu1_STLB
cpu0_STLB
Prefetch Request to L1: 258687, Prefetch Request to L2: 12654875
Invalid by Eviction: 776
Invalid by Max: 4970
Final L1D Threshold: 0.901
Final Demand Reserve: 25.0%

╔═══════════════════════════════════════╗
║       CLIP Filter Statistics         ║
╚═══════════════════════════════════════╝
[CLIP CPU3 Stats]
  Total candidates:        199648
  Prefetches issued:       32050 (16.1%)
  Dropped (not critical):  167598 (84.0%)
  Dropped (low accuracy):  0 (0.0%)
  Critical loads detected: 28421
  Phase changes:           0

Filter table begin
 ┌────────────────────┬─────────────┐
 | Region             | Offset      |
 ├────────────────────┼─────────────┤
 | 0x000000000000066f | 18          |
 ├────────────────────┼─────────────┤
 | 0x0000000000008925 | 1           |
 ├────────────────────┼─────────────┤
 | 0x00000000000005f3 | 26          |
 ├────────────────────┼─────────────┤
 | 0x0000000000000aa3 | 0           |
 ├────────────────────┼─────────────┤
 | 0x0000000000000642 | 11          |
 ├────────────────────┼─────────────┤
 | 0x0000000000000603 | 2           |
 ├────────────────────┼─────────────┤
 | 0x00000000000005d7 | 24          |
 ├────────────────────┼─────────────┤
 | 0x0000000000000635 | 0           |
 ├────────────────────┼─────────────┤
 | 0x0000000000008912 | 4           |
 ├────────────────────┼─────────────┤
 | 0x0000000000000546 | 17          |
 ├────────────────────┼─────────────┤
 | 0x00000000000005e9 | 0           |
 ├────────────────────┼─────────────┤
 | 0x00000000000088c7 | 30          |
 ├────────────────────┼─────────────┤
 | 0x000000000000063e | 1           |
 ├────────────────────┼─────────────┤
 | 0x0000000000008918 | 19          |
 ├────────────────────┼─────────────┤
 | 0x0000000000000683 | 9           |
 ├────────────────────┼─────────────┤
 | 0x0000000000000640 | 10          |
 ├────────────────────┼─────────────┤
 | 0x0000000000000601 | 14          |
 ├────────────────────┼─────────────┤
 | 0x0000000000000698 | 2           |
 ├────────────────────┼─────────────┤
 | 0x00000000000005d5 | 16          |
 ├────────────────────┼─────────────┤
 | 0x00000000000005f9 | 24          |
 ├────────────────────┼─────────────┤
 | 0x0000000000005bfb | 0           |
 ├────────────────────┼─────────────┤
 | 0x00000000000088b2 | 24          |
 ├────────────────────┼─────────────┤
 | 0x0000000000006026 | 14          |
 ├────────────────────┼─────────────┤
 | 0x0000000000000543 | 30          |
 ├────────────────────┼─────────────┤
 | 0x00000000000005ec | 12          |
 ├────────────────────┼─────────────┤
 | 0x00000000000005e5 | 6           |
 ├────────────────────┼─────────────┤
 | 0x0000000000006664 | 27          |
 ├────────────────────┼─────────────┤
 | 0x000000000000062a | 13          |
 ├────────────────────┼─────────────┤
 | 0x000000000000068c | 11          |
 ├────────────────────┼─────────────┤
 | 0x000000000000028f | 0           |
 ├────────────────────┼─────────────┤
 | 0x00000000000088ca | 31          |
 ├────────────────────┼─────────────┤
 | 0x000000000000065c | 6           |
 ├────────────────────┼─────────────┤
 | 0x0000000000000684 | 27          |
 ├────────────────────┼─────────────┤
 | 0x00000000000062b6 | 3           |
 ├────────────────────┼─────────────┤
 | 0x0000000000006665 | 3           |
 ├────────────────────┼─────────────┤
 | 0x0000000000000672 | 15          |
 ├────────────────────┼─────────────┤
 | 0x0000000000007a04 | 8           |
 ├────────────────────┼─────────────┤
 | 0x0000000000000605 | 7           |
 ├────────────────────┼─────────────┤
 | 0x0000000000000644 | 2           |
 ├────────────────────┼─────────────┤
 | 0x000000000000067b | 18          |
 ├────────────────────┼─────────────┤
 | 0x00000000000005f5 | 7           |
 ├────────────────────┼─────────────┤
 | 0x000000000000063a | 13          |
 ├────────────────────┼─────────────┤
 | 0x000000000000069d | 1           |
 ├────────────────────┼─────────────┤
 | 0x000000000000052c | 26          |
 ├────────────────────┼─────────────┤
 | 0x0000000000000513 | 9           |
 ├────────────────────┼─────────────┤
 | 0x0000000000000686 | 29          |
 ├────────────────────┼─────────────┤
 | 0x000000000000053e | 20          |
 ├────────────────────┼─────────────┤
 | 0x000000000000051a | 20          |
 ├────────────────────┼─────────────┤
 | 0x0000000000000616 | 17          |
 └────────────────────┴─────────────┘
Filter table end
Accumulation table begin
 ┌────────────────────┬─────────────┬─────────────┬──────────────────────────────────────────────────────────────────┐
 | Region             | Offset      | Second      | Pattern                                                          |
 ├────────────────────┼─────────────┼─────────────┼──────────────────────────────────────────────────────────────────┤
 | 0x000000000000847b | 5           | 7           | 0 0 0 0 0 1 0 1 0 1 1 0 0 0 0 1 0 1 0 1 1 0 0 0 0 0 0 0 0 0 0 0  |
 ├────────────────────┼─────────────┼─────────────┼──────────────────────────────────────────────────────────────────┤
 | 0x0000000000000555 | 20          | 21          | 0 0 0 0 0 0 0 0 0 0 0 0 0 0 0 0 0 0 0 0 1 1 0 0 0 0 0 0 0 0 0 0  |
 ├────────────────────┼─────────────┼─────────────┼──────────────────────────────────────────────────────────────────┤
 | 0x00000000000002d9 | 5           | 4           | 0 0 0 0 1 1 0 0 0 0 0 0 0 0 0 0 0 0 0 0 0 0 0 0 0 0 0 0 0 0 0 0  |
 ├────────────────────┼─────────────┼─────────────┼──────────────────────────────────────────────────────────────────┤
 | 0x00000000000005f0 | 12          | 13          | 0 0 0 0 0 0 0 0 0 0 1 1 1 1 1 1 0 0 0 0 0 0 0 0 0 0 0 0 0 0 0 0  |
 ├────────────────────┼─────────────┼─────────────┼──────────────────────────────────────────────────────────────────┤
 | 0x0000000000000699 | 15          | 16          | 0 0 0 0 0 0 0 0 0 0 0 0 0 0 1 1 1 0 0 0 0 0 0 0 0 0 0 0 0 0 0 0  |
 ├────────────────────┼─────────────┼─────────────┼──────────────────────────────────────────────────────────────────┤
 | 0x000000000000891c | 2           | 3           | 0 0 1 1 0 0 0 0 0 0 0 0 0 0 0 0 0 0 0 0 0 0 0 0 0 0 0 0 0 0 0 0  |
 ├────────────────────┼─────────────┼─────────────┼──────────────────────────────────────────────────────────────────┤
 | 0x0000000000008915 | 7           | 5           | 0 1 1 0 0 1 1 1 0 0 0 0 0 0 0 0 0 0 0 0 0 0 0 0 0 0 0 0 0 0 0 0  |
 ├────────────────────┼─────────────┼─────────────┼──────────────────────────────────────────────────────────────────┤
 | 0x0000000000000518 | 21          | 20          | 0 0 0 0 0 0 0 0 0 0 0 0 0 0 0 0 0 0 0 0 1 1 0 0 0 0 0 0 0 0 0 0  |
 ├────────────────────┼─────────────┼─────────────┼──────────────────────────────────────────────────────────────────┤
 | 0x00000000000005fa | 3           | 28          | 0 0 0 1 0 0 0 0 0 0 0 0 0 0 0 0 0 0 0 0 0 0 0 0 0 0 0 0 1 0 0 0  |
 ├────────────────────┼─────────────┼─────────────┼──────────────────────────────────────────────────────────────────┤
 | 0x00000000000002cb | 8           | 9           | 0 1 1 1 0 1 1 1 1 1 0 0 0 0 0 0 0 0 0 0 0 0 0 0 0 0 0 0 0 0 0 0  |
 ├────────────────────┼─────────────┼─────────────┼──────────────────────────────────────────────────────────────────┤
 | 0x000000000000053a | 8           | 9           | 0 0 0 0 0 0 0 0 1 1 1 0 0 0 0 0 0 0 0 1 1 0 0 0 0 0 0 0 0 0 0 0  |
 ├────────────────────┼─────────────┼─────────────┼──────────────────────────────────────────────────────────────────┤
 | 0x000000000000891f | 23          | 24          | 0 0 0 0 0 1 1 1 1 1 0 0 0 0 0 0 0 0 1 1 1 1 0 1 1 1 1 1 1 1 0 0  |
 ├────────────────────┼─────────────┼─────────────┼──────────────────────────────────────────────────────────────────┤
 | 0x00000000000006a0 | 4           | 5           | 0 0 0 0 1 1 1 1 1 1 1 1 1 1 1 1 1 1 1 1 1 1 1 1 1 1 1 1 1 1 1 1  |
 ├────────────────────┼─────────────┼─────────────┼──────────────────────────────────────────────────────────────────┤
 | 0x000000000000029b | 0           | 1           | 1 1 0 0 0 0 0 0 0 0 0 0 0 0 0 0 0 0 0 0 0 0 0 0 0 0 0 0 0 0 0 0  |
 ├────────────────────┼─────────────┼─────────────┼──────────────────────────────────────────────────────────────────┤
 | 0x0000000000000757 | 0           | 1           | 1 1 1 1 1 1 1 1 1 1 1 1 1 1 1 1 1 1 1 1 1 1 0 0 0 0 0 0 0 0 0 0  |
 ├────────────────────┼─────────────┼─────────────┼──────────────────────────────────────────────────────────────────┤
 | 0x000000000000055a | 26          | 27          | 0 0 0 0 0 0 0 0 0 0 0 0 0 0 0 0 0 0 0 0 0 0 0 0 0 0 1 1 1 1 1 1  |
 ├────────────────────┼─────────────┼─────────────┼──────────────────────────────────────────────────────────────────┤
 | 0x000000000000027b | 22          | 21          | 0 0 0 0 0 0 0 0 0 0 0 0 0 0 0 0 0 0 1 0 0 1 1 0 0 0 0 0 0 0 0 0  |
 ├────────────────────┼─────────────┼─────────────┼──────────────────────────────────────────────────────────────────┤
 | 0x000000000000051f | 26          | 28          | 0 0 0 0 0 0 0 0 0 0 0 0 0 0 0 0 0 0 0 0 0 0 0 1 0 0 1 1 1 1 1 0  |
 ├────────────────────┼─────────────┼─────────────┼──────────────────────────────────────────────────────────────────┤
 | 0x00000000000008ac | 0           | 1           | 1 1 1 1 1 1 1 1 1 1 1 1 1 1 1 1 1 1 1 1 1 1 1 1 1 1 1 1 1 1 0 0  |
 ├────────────────────┼─────────────┼─────────────┼──────────────────────────────────────────────────────────────────┤
 | 0x000000000000891b | 3           | 26          | 0 0 0 1 1 0 1 1 1 1 1 0 0 1 1 1 0 0 0 0 0 0 1 1 1 0 1 0 0 0 0 0  |
 ├────────────────────┼─────────────┼─────────────┼──────────────────────────────────────────────────────────────────┤
 | 0x000000000000028e | 20          | 19          | 1 1 0 1 0 0 1 0 1 0 0 0 1 0 0 0 0 0 0 1 1 0 0 0 0 0 0 0 0 1 1 0  |
 ├────────────────────┼─────────────┼─────────────┼──────────────────────────────────────────────────────────────────┤
 | 0x000000000000029a | 29          | 30          | 0 0 0 0 0 0 0 0 0 0 0 0 0 0 0 0 0 0 0 0 0 0 0 0 0 0 0 0 0 1 1 1  |
 ├────────────────────┼─────────────┼─────────────┼──────────────────────────────────────────────────────────────────┤
 | 0x0000000000000756 | 21          | 22          | 0 0 0 0 0 0 0 0 0 0 0 0 0 0 0 0 0 0 0 0 0 1 1 1 1 1 1 1 1 1 1 1  |
 ├────────────────────┼─────────────┼─────────────┼──────────────────────────────────────────────────────────────────┤
 | 0x0000000000000520 | 20          | 21          | 0 0 0 0 0 0 0 0 0 0 0 0 0 0 0 0 0 0 0 0 1 1 0 0 0 0 0 0 0 0 0 0  |
 ├────────────────────┼─────────────┼─────────────┼──────────────────────────────────────────────────────────────────┤
 | 0x000000000000054c | 23          | 25          | 0 0 0 0 0 0 0 0 0 0 0 0 0 0 0 0 0 0 0 0 0 0 0 1 0 1 0 0 0 0 0 0  |
 ├────────────────────┼─────────────┼─────────────┼──────────────────────────────────────────────────────────────────┤
 | 0x000000000000028b | 31          | 24          | 0 0 0 0 0 0 0 0 0 0 1 0 0 1 0 1 0 1 0 0 1 0 0 0 1 1 0 0 0 0 0 1  |
 ├────────────────────┼─────────────┼─────────────┼──────────────────────────────────────────────────────────────────┤
 | 0x000000000000055b | 0           | 1           | 1 1 1 1 1 1 1 1 1 1 1 1 1 1 1 1 1 1 1 1 1 1 1 1 1 1 1 0 0 0 0 0  |
 ├────────────────────┼─────────────┼─────────────┼──────────────────────────────────────────────────────────────────┤
 | 0x00000000000083d2 | 25          | 28          | 0 0 0 0 0 0 0 0 0 0 0 0 0 0 0 0 0 0 0 0 0 0 0 0 1 1 0 1 1 0 0 0  |
 ├────────────────────┼─────────────┼─────────────┼──────────────────────────────────────────────────────────────────┤
 | 0x00000000000005d6 | 4           | 17          | 0 1 0 1 1 1 0 0 0 0 0 0 0 0 0 0 1 1 1 1 0 1 0 0 0 0 0 0 0 0 0 0  |
 ├────────────────────┼─────────────┼─────────────┼──────────────────────────────────────────────────────────────────┤
 | 0x00000000000002ca | 27          | 28          | 0 0 0 0 0 0 0 0 0 0 0 0 0 0 0 0 0 0 0 0 0 0 0 0 0 1 1 1 1 1 0 0  |
 ├────────────────────┼─────────────┼─────────────┼──────────────────────────────────────────────────────────────────┤
 | 0x000000000000085f | 29          | 30          | 0 0 0 0 0 0 0 0 0 0 0 0 0 0 0 0 0 0 0 0 0 0 0 0 0 0 0 0 0 1 1 1  |
 ├────────────────────┼─────────────┼─────────────┼──────────────────────────────────────────────────────────────────┤
 | 0x000000000000062f | 12          | 14          | 0 0 0 0 0 0 0 0 0 0 0 0 1 0 1 0 0 0 0 0 0 0 0 0 0 0 0 0 0 0 0 0  |
 └────────────────────┴─────────────┴─────────────┴──────────────────────────────────────────────────────────────────┘
Accumulation table end
Offset pattern table begin
 ┌────────────────────┬─────────────┬───────────────────────────────────────────────────────────────────────────────────────────────┐
 | Key                | Second      | Pattern                                                                                       |
 ├────────────────────┼─────────────┼───────────────────────────────────────────────────────────────────────────────────────────────┤
 | 0x0000000000000000 | 1           | 16 14 15 14 12 9 9 9 9 9 9 9 9 9 9 9 9 9 9 9 9 9 7 7 7 7 7 7 7 4 2 2                          |
 ├────────────────────┼─────────────┼───────────────────────────────────────────────────────────────────────────────────────────────┤
 | 0x0000000000000001 | 0           | 26 26 10 9 11 7 6 4 3 5 5 5 4 4 4 3 5 5 3 3 1 3 1 2 2 1 1 0 0 1 0 0                           |
 ├────────────────────┼─────────────┼───────────────────────────────────────────────────────────────────────────────────────────────┤
 | 0x0000000000000002 | 4           | 22 6 22 12 6 4 7 4 3 2 3 2 2 3 4 4 3 2 1 2 2 2 2 3 3 1 0 2 3 2 1 1                            |
 ├────────────────────┼─────────────┼───────────────────────────────────────────────────────────────────────────────────────────────┤
 | 0x0000000000000003 | 4           | 21 4 7 21 8 3 4 4 2 3 2 2 2 3 2 2 1 0 2 2 1 1 1 0 0 1 3 2 0 1 1 1                             |
 ├────────────────────┼─────────────┼───────────────────────────────────────────────────────────────────────────────────────────────┤
 | 0x0000000000000004 | 5           | 25 4 1 5 25 20 16 17 17 16 15 15 16 15 15 15 17 17 17 18 15 17 15 15 15 14 14 15 15 15 14 14  |
 ├────────────────────┼─────────────┼───────────────────────────────────────────────────────────────────────────────────────────────┤
 | 0x0000000000000005 | 4           | 31 6 6 6 21 31 9 6 6 4 1 1 1 1 1 1 1 1 2 1 1 1 1 1 1 1 0 0 1 0 0 0                            |
 ├────────────────────┼─────────────┼───────────────────────────────────────────────────────────────────────────────────────────────┤
 | 0x0000000000000006 | 7           | 27 8 5 9 4 6 27 15 4 3 1 1 3 1 0 0 1 0 0 4 5 0 0 0 0 0 0 0 0 2 3 0                            |
 ├────────────────────┼─────────────┼───────────────────────────────────────────────────────────────────────────────────────────────┤
 | 0x0000000000000007 | 25          | 20 1 2 0 1 1 6 20 5 2 2 1 1 1 0 2 1 1 0 8 0 0 8 1 0 9 0 0 0 0 0 0                             |
 ├────────────────────┼─────────────┼───────────────────────────────────────────────────────────────────────────────────────────────┤
 | 0x0000000000000008 | 28          | 26 3 3 3 3 3 4 6 26 12 5 4 3 3 3 3 0 1 1 3 3 1 2 2 1 1 2 1 12 1 0 1                           |
 ├────────────────────┼─────────────┼───────────────────────────────────────────────────────────────────────────────────────────────┤
 | 0x0000000000000009 | 10          | 23 5 5 3 3 7 5 7 11 23 10 5 5 3 4 4 2 2 3 3 2 3 1 2 2 2 0 1 1 0 0 1                           |
 ├────────────────────┼─────────────┼───────────────────────────────────────────────────────────────────────────────────────────────┤
 | 0x000000000000000a | 7           | 29 0 0 0 0 0 2 24 1 2 29 3 3 2 1 2 1 1 1 1 1 0 2 1 2 1 1 2 0 1 1 1                            |
 ├────────────────────┼─────────────┼───────────────────────────────────────────────────────────────────────────────────────────────┤
 | 0x000000000000000b | 10          | 26 3 4 3 3 4 4 5 4 4 9 26 10 9 7 6 6 6 5 5 3 4 3 3 5 3 2 4 4 2 2 4                            |
 ├────────────────────┼─────────────┼───────────────────────────────────────────────────────────────────────────────────────────────┤
 | 0x000000000000000c | 11          | 20 1 1 2 1 1 1 1 2 1 10 10 20 5 10 3 1 1 1 1 1 1 2 1 0 0 0 0 1 1 0 0                          |
 ├────────────────────┼─────────────┼───────────────────────────────────────────────────────────────────────────────────────────────┤
 | 0x000000000000000d | 12          | 28 7 5 7 8 4 5 5 7 6 7 11 11 28 14 10 11 8 5 6 7 6 4 5 5 6 5 4 0 4 4 3                        |
 ├────────────────────┼─────────────┼───────────────────────────────────────────────────────────────────────────────────────────────┤
 | 0x000000000000000e | 13          | 30 19 2 0 1 2 2 1 2 3 3 1 1 3 30 6 6 6 20 22 2 3 2 2 2 1 2 2 0 1 1 1                          |
 ├────────────────────┼─────────────┼───────────────────────────────────────────────────────────────────────────────────────────────┤
 | 0x000000000000000f | 16          | 17 1 2 0 0 0 0 0 0 0 0 0 1 1 14 17 15 2 1 2 2 1 1 1 1 1 1 1 0 1 1 1                           |
 ├────────────────────┼─────────────┼───────────────────────────────────────────────────────────────────────────────────────────────┤
 | 0x0000000000000010 | 14          | 18 3 3 5 3 3 3 3 3 2 3 3 5 4 6 7 18 9 6 4 4 4 3 2 3 2 2 2 2 2 2 1                             |
 ├────────────────────┼─────────────┼───────────────────────────────────────────────────────────────────────────────────────────────┤
 | 0x0000000000000011 | 16          | 31 21 1 21 21 21 0 0 0 1 0 0 2 3 0 1 24 31 25 27 5 23 3 4 3 2 3 3 4 4 3 0                     |
 ├────────────────────┼─────────────┼───────────────────────────────────────────────────────────────────────────────────────────────┤
 | 0x0000000000000012 | 17          | 26 15 0 0 1 0 1 0 0 2 1 2 2 2 17 1 3 4 26 19 2 0 2 1 1 0 0 0 0 0 0 0                          |
 ├────────────────────┼─────────────┼───────────────────────────────────────────────────────────────────────────────────────────────┤
 | 0x0000000000000013 | 18          | 17 6 3 4 2 2 4 3 2 2 2 3 4 2 4 2 0 3 6 17 5 3 4 3 4 4 3 3 3 4 2 1                             |
 ├────────────────────┼─────────────┼───────────────────────────────────────────────────────────────────────────────────────────────┤
 | 0x0000000000000014 | 21          | 27 12 1 12 2 0 16 2 4 1 1 1 14 1 1 1 2 2 3 21 27 6 4 2 2 1 2 2 2 16 17 1                      |
 ├────────────────────┼─────────────┼───────────────────────────────────────────────────────────────────────────────────────────────┤
 | 0x0000000000000015 | 22          | 27 0 0 0 0 0 0 0 1 0 0 0 1 0 0 1 0 1 0 1 5 27 21 19 18 18 18 18 18 18 18 18                   |
 ├────────────────────┼─────────────┼───────────────────────────────────────────────────────────────────────────────────────────────┤
 | 0x0000000000000016 | 19          | 31 5 4 5 4 5 4 4 8 4 6 2 2 3 2 3 3 4 6 8 11 13 31 15 11 10 8 7 10 7 6 6                       |
 ├────────────────────┼─────────────┼───────────────────────────────────────────────────────────────────────────────────────────────┤
 | 0x0000000000000017 | 26          | 20 1 1 2 3 2 1 3 1 2 6 4 2 5 6 6 6 6 4 4 5 3 6 20 12 9 5 6 5 6 5 6                            |
 ├────────────────────┼─────────────┼───────────────────────────────────────────────────────────────────────────────────────────────┤
 | 0x0000000000000018 | 31          | 25 0 0 0 0 0 0 0 0 1 1 1 0 1 1 1 1 1 0 0 0 0 2 8 25 2 7 1 0 6 6 21                            |
 ├────────────────────┼─────────────┼───────────────────────────────────────────────────────────────────────────────────────────────┤
 | 0x0000000000000019 | 24          | 26 1 1 0 6 0 0 2 0 3 6 6 2 6 8 7 7 7 1 1 10 3 1 10 17 26 15 13 7 13 13 12                     |
 ├────────────────────┼─────────────┼───────────────────────────────────────────────────────────────────────────────────────────────┤
 | 0x000000000000001a | 27          | 28 0 0 0 0 0 0 0 1 0 0 0 0 0 0 0 0 0 0 0 0 1 1 2 1 2 28 25 14 13 13 11                        |
 ├────────────────────┼─────────────┼───────────────────────────────────────────────────────────────────────────────────────────────┤
 | 0x000000000000001b | 26          | 20 0 0 2 2 1 1 1 1 1 1 2 2 2 2 1 1 1 1 1 2 1 1 1 2 4 8 20 12 4 4 4                            |
 ├────────────────────┼─────────────┼───────────────────────────────────────────────────────────────────────────────────────────────┤
 | 0x000000000000001c | 27          | 17 1 0 1 0 0 0 0 0 0 0 0 1 1 1 2 1 1 1 2 1 1 1 4 3 3 5 6 17 11 6 4                            |
 ├────────────────────┼─────────────┼───────────────────────────────────────────────────────────────────────────────────────────────┤
 | 0x000000000000001d | 28          | 22 0 0 0 0 0 0 0 0 0 0 0 0 0 0 0 0 0 0 0 0 0 0 0 1 0 0 0 8 22 15 14                           |
 ├────────────────────┼─────────────┼───────────────────────────────────────────────────────────────────────────────────────────────┤
 | 0x000000000000001e | 28          | 28 2 0 2 1 0 4 1 1 0 2 2 4 2 4 4 3 3 2 5 6 3 3 6 6 6 11 5 6 13 28 17                          |
 ├────────────────────┼─────────────┼───────────────────────────────────────────────────────────────────────────────────────────────┤
 | 0x000000000000001f | 30          | 20 0 0 0 0 0 0 0 0 1 2 2 0 2 2 4 5 3 3 4 4 2 5 8 10 5 11 9 6 11 12 20                         |
 └────────────────────┴─────────────┴───────────────────────────────────────────────────────────────────────────────────────────────┘
Offset pattern table end
PC pattern table begin
 ┌────────────────────┬─────────────┬──────────────────────────────────────────────────┐
 | Key                | Second      | Pattern                                          |
 ├────────────────────┼─────────────┼──────────────────────────────────────────────────┤
 | 0x0000000000000000 | 13          | 20 2 2 1 1 2 3 3 2 2 4 3 2 3 2 1                 |
 ├────────────────────┼─────────────┼──────────────────────────────────────────────────┤
 | 0x0000000000000001 | 31          | 30 6 8 7 7 2 1 0 1 0 0 5 16 8 7 17               |
 ├────────────────────┼─────────────┼──────────────────────────────────────────────────┤
 | 0x0000000000000002 | 1           | 25 5 2 3 4 5 3 3 4 4 2 1 2 2 3 2                 |
 ├────────────────────┼─────────────┼──────────────────────────────────────────────────┤
 | 0x0000000000000003 | 17          | 30 12 13 10 10 10 9 9 10 9 12 9 13 15 15 15      |
 ├────────────────────┼─────────────┼──────────────────────────────────────────────────┤
 | 0x0000000000000004 | 22          | 25 11 9 8 7 7 9 8 8 9 10 11 9 9 16 8             |
 ├────────────────────┼─────────────┼──────────────────────────────────────────────────┤
 | 0x0000000000000005 | 7           | 25 4 9 5 4 6 8 8 7 3 7 7 8 9 15 10               |
 ├────────────────────┼─────────────┼──────────────────────────────────────────────────┤
 | 0x0000000000000006 | 10          | 19 5 8 5 8 5 8 9 9 7 9 9 10 9 9 7                |
 ├────────────────────┼─────────────┼──────────────────────────────────────────────────┤
 | 0x0000000000000007 | 18          | 16 0 0 0 0 0 0 3 1 3 8 1 1 2 2 1                 |
 ├────────────────────┼─────────────┼──────────────────────────────────────────────────┤
 | 0x0000000000000008 | 16          | 18 0 0 0 0 0 0 15 14 0 0 0 1 0 0 0               |
 ├────────────────────┼─────────────┼──────────────────────────────────────────────────┤
 | 0x0000000000000009 | 11          | 16 0 0 0 0 8 13 6 1 1 0 2 2 2 2 2                |
 ├────────────────────┼─────────────┼──────────────────────────────────────────────────┤
 | 0x000000000000000a | 21          | 22 9 7 8 8 7 8 9 9 9 8 10 10 11 10 6             |
 ├────────────────────┼─────────────┼──────────────────────────────────────────────────┤
 | 0x000000000000000b | 20          | 13 9 1 10 4 2 4 0 0 11 11 0 0 0 5 9              |
 ├────────────────────┼─────────────┼──────────────────────────────────────────────────┤
 | 0x000000000000000c | 19          | 21 16 16 4 4 4 4 4 15 17 16 6 4 4 5 2            |
 ├────────────────────┼─────────────┼──────────────────────────────────────────────────┤
 | 0x000000000000000d | 2           | 21 13 8 7 7 1 1 3 3 1 2 1 1 3 4 2                |
 ├────────────────────┼─────────────┼──────────────────────────────────────────────────┤
 | 0x000000000000000e | 5           | 16 3 11 0 0 0 0 0 0 1 0 0 0 1 0 0                |
 ├────────────────────┼─────────────┼──────────────────────────────────────────────────┤
 | 0x000000000000000f | 19          | 21 13 1 15 3 1 14 1 1 15 15 1 1 1 15 16          |
 ├────────────────────┼─────────────┼──────────────────────────────────────────────────┤
 | 0x0000000000000010 | 27          | 18 9 9 9 9 9 9 9 8 7 9 8 8 9 12 8                |
 ├────────────────────┼─────────────┼──────────────────────────────────────────────────┤
 | 0x0000000000000011 | 5           | 29 18 2 20 5 1 13 1 0 19 20 1 1 3 20 20          |
 ├────────────────────┼─────────────┼──────────────────────────────────────────────────┤
 | 0x0000000000000012 | 10          | 15 2 11 2 3 8 8 9 8 1 9 12 9 13 13 13            |
 ├────────────────────┼─────────────┼──────────────────────────────────────────────────┤
 | 0x0000000000000013 | 30          | 27 0 0 1 1 2 0 0 0 0 0 5 6 6 25 5                |
 ├────────────────────┼─────────────┼──────────────────────────────────────────────────┤
 | 0x0000000000000014 | 14          | 16 10 10 10 10 1 3 2 2 3 3 2 1 1 2 3             |
 ├────────────────────┼─────────────┼──────────────────────────────────────────────────┤
 | 0x0000000000000015 | 7           | 28 2 0 26 0 25 0 0 0 0 0 0 0 0 0 0               |
 ├────────────────────┼─────────────┼──────────────────────────────────────────────────┤
 | 0x0000000000000016 | 13          | 26 0 0 0 0 0 0 25 0 25 0 0 0 0 0 0               |
 ├────────────────────┼─────────────┼──────────────────────────────────────────────────┤
 | 0x0000000000000017 | 25          | 18 1 2 7 6 2 2 3 2 5 1 7 6 1 4 1                 |
 ├────────────────────┼─────────────┼──────────────────────────────────────────────────┤
 | 0x0000000000000018 | 28          | 16 3 3 4 1 1 1 1 1 3 1 0 1 2 4 2                 |
 ├────────────────────┼─────────────┼──────────────────────────────────────────────────┤
 | 0x0000000000000019 | 26          | 24 10 12 10 10 10 13 13 11 12 12 12 11 10 11 11  |
 ├────────────────────┼─────────────┼──────────────────────────────────────────────────┤
 | 0x000000000000001a | 27          | 20 1 1 5 1 1 2 2 3 1 2 4 4 3 3 3                 |
 ├────────────────────┼─────────────┼──────────────────────────────────────────────────┤
 | 0x000000000000001b | 21          | 14 7 8 7 4 3 4 3 3 1 7 3 3 3 4 4                 |
 ├────────────────────┼─────────────┼──────────────────────────────────────────────────┤
 | 0x000000000000001c | 26          | 26 9 3 13 4 4 14 3 2 13 15 3 3 2 14 15           |
 ├────────────────────┼─────────────┼──────────────────────────────────────────────────┤
 | 0x000000000000001d | 7           | 28 3 4 10 7 2 6 2 1 7 7 4 1 2 6 5                |
 ├────────────────────┼─────────────┼──────────────────────────────────────────────────┤
 | 0x000000000000001e | 24          | 19 2 1 2 1 1 2 2 1 3 3 2 2 4 4 3                 |
 ├────────────────────┼─────────────┼──────────────────────────────────────────────────┤
 | 0x000000000000001f | 27          | 28 2 14 3 4 5 4 4 4 3 4 5 6 8 6 5                |
 └────────────────────┴─────────────┴──────────────────────────────────────────────────┘
PC pattern table end
Prefetch buffer begin
 ┌────────────────────┬──────────────────────────────────────────────────────────────────┐
 | Region             | Pattern                                                          |
 ├────────────────────┼──────────────────────────────────────────────────────────────────┤
 | 0x00000000000082dd | 2 2 2 2 2 2 2 2 2 2 2 2 2 2 2 2 0 2 2 2 2 2 2 2 2 2 2 2 2 2 2 2  |
 ├────────────────────┼──────────────────────────────────────────────────────────────────┤
 | 0x0000000000006279 | 0 0 0 0 0 0 0 0 0 2 2 2 2 2 2 2 2 2 2 2 2 2 2 2 2 2 2 2 2 2 2 2  |
 ├────────────────────┼──────────────────────────────────────────────────────────────────┤
 | 0x000000000000644c | 0 0 0 0 2 0 0 0 0 2 0 0 0 0 0 0 2 2 0 0 0 0 2 2 2 2 0 0 0 0 0 0  |
 ├────────────────────┼──────────────────────────────────────────────────────────────────┤
 | 0x0000000000005bfb | 0 0 0 0 0 0 0 0 0 2 2 2 2 2 2 2 2 2 2 2 2 2 2 2 2 2 2 2 2 0 0 0  |
 ├────────────────────┼──────────────────────────────────────────────────────────────────┤
 | 0x00000000000065e9 | 0 0 0 0 0 0 0 0 0 0 0 0 0 0 0 0 0 0 0 0 0 0 0 0 0 2 2 0 0 0 0 0  |
 ├────────────────────┼──────────────────────────────────────────────────────────────────┤
 | 0x000000000000064c | 0 0 0 0 0 0 0 0 0 0 0 0 0 0 0 0 0 0 0 0 0 2 2 2 2 2 2 2 2 2 2 2  |
 ├────────────────────┼──────────────────────────────────────────────────────────────────┤
 | 0x0000000000000646 | 0 0 2 2 2 2 0 2 0 2 0 0 2 2 2 2 0 0 2 2 0 0 0 0 2 2 2 2 0 0 0 0  |
 ├────────────────────┼──────────────────────────────────────────────────────────────────┤
 | 0x000000000000499a | 0 0 0 0 2 2 2 2 0 0 0 0 0 0 0 0 0 2 2 0 0 2 2 2 2 0 0 0 0 0 0 0  |
 ├────────────────────┼──────────────────────────────────────────────────────────────────┤
 | 0x00000000000088fe | 2 2 2 2 2 2 2 2 2 2 2 2 2 2 2 2 2 2 2 2 2 2 2 0 0 0 0 0 0 0 0 0  |
 ├────────────────────┼──────────────────────────────────────────────────────────────────┤
 | 0x0000000000000625 | 2 2 2 0 0 0 0 0 0 0 0 0 0 0 0 0 0 0 0 0 0 0 2 0 2 2 2 2 2 2 0 2  |
 ├────────────────────┼──────────────────────────────────────────────────────────────────┤
 | 0x0000000000005bf6 | 0 2 2 2 2 2 2 2 0 0 0 0 0 0 0 0 0 0 0 0 2 0 0 0 0 2 0 0 0 0 0 0  |
 ├────────────────────┼──────────────────────────────────────────────────────────────────┤
 | 0x0000000000006026 | 2 2 0 0 2 2 2 2 2 2 2 2 2 2 0 2 0 0 2 2 0 0 0 0 2 2 0 0 2 0 0 0  |
 ├────────────────────┼──────────────────────────────────────────────────────────────────┤
 | 0x0000000000007d2a | 2 0 0 2 2 2 2 0 2 0 0 0 0 2 2 2 2 0 0 2 2 0 0 0 0 2 2 2 2 2 0 0  |
 ├────────────────────┼──────────────────────────────────────────────────────────────────┤
 | 0x0000000000000b2b | 0 0 0 2 2 0 0 0 0 0 0 0 0 2 2 0 0 0 0 2 2 2 2 2 2 2 2 2 2 0 2 0  |
 ├────────────────────┼──────────────────────────────────────────────────────────────────┤
 | 0x0000000000008912 | 2 2 2 2 0 2 2 2 2 2 2 2 2 2 2 2 2 2 2 2 2 2 2 2 2 2 2 2 2 2 2 2  |
 ├────────────────────┼──────────────────────────────────────────────────────────────────┤
 | 0x0000000000005ab9 | 0 0 0 2 2 2 2 0 0 0 0 0 0 0 0 0 0 0 0 0 2 0 0 0 2 2 2 2 2 2 2 0  |
 ├────────────────────┼──────────────────────────────────────────────────────────────────┤
 | 0x0000000000008479 | 2 2 2 2 2 2 2 2 2 2 2 2 2 2 2 2 2 2 2 2 2 2 2 2 2 2 0 2 2 2 2 2  |
 ├────────────────────┼──────────────────────────────────────────────────────────────────┤
 | 0x00000000000088ca | 2 2 2 2 2 2 2 2 2 2 2 2 2 2 2 2 2 2 2 2 2 2 2 2 2 2 2 2 0 0 0 0  |
 ├────────────────────┼──────────────────────────────────────────────────────────────────┤
 | 0x0000000000008902 | 0 0 0 0 2 2 2 2 2 2 2 2 2 2 2 2 2 2 2 2 2 2 2 2 2 2 2 2 2 2 2 2  |
 ├────────────────────┼──────────────────────────────────────────────────────────────────┤
 | 0x0000000000007a04 | 0 0 0 0 2 2 0 0 0 2 2 2 2 2 2 2 2 2 0 0 0 0 0 0 0 0 2 2 0 0 0 0  |
 ├────────────────────┼──────────────────────────────────────────────────────────────────┤
 | 0x0000000000000aa3 | 0 0 0 0 0 0 0 0 0 2 2 2 2 2 2 2 2 2 2 2 2 2 2 2 2 2 2 2 2 2 2 2  |
 ├────────────────────┼──────────────────────────────────────────────────────────────────┤
 | 0x00000000000062b6 | 2 0 0 0 2 2 2 2 2 2 2 0 0 0 0 0 0 0 0 0 0 2 2 0 0 0 0 0 0 0 0 2  |
 ├────────────────────┼──────────────────────────────────────────────────────────────────┤
 | 0x000000000000064e | 2 0 0 0 0 0 0 2 2 0 2 2 2 2 2 2 2 2 2 2 0 0 0 2 0 0 2 2 0 0 0 0  |
 ├────────────────────┼──────────────────────────────────────────────────────────────────┤
 | 0x0000000000000b2a | 2 2 0 0 2 2 2 2 0 0 0 0 0 0 0 0 0 0 0 0 0 2 0 0 0 0 0 0 2 0 0 0  |
 ├────────────────────┼──────────────────────────────────────────────────────────────────┤
 | 0x0000000000008385 | 2 2 2 2 0 2 2 2 2 2 2 2 2 2 2 2 2 2 2 2 2 2 2 2 2 2 2 2 2 2 2 2  |
 └────────────────────┴──────────────────────────────────────────────────────────────────┘
Prefetch buffer end
Filter by PPT: 0
Prefetch Request to L1: 258687, Prefetch Request to L2: 12654875
Invalid by Eviction: 113542
Invalid by Max: 136739
Final L1D Threshold: 0.901
Final Demand Reserve: 25.0%

╔═══════════════════════════════════════╗
║       CLIP Filter Statistics         ║
╚═══════════════════════════════════════╝
[CLIP CPU2 Stats]
  Total candidates:        6408289
  Prefetches issued:       1384347 (21.7%)
  Dropped (not critical):  5023942 (78.4%)
  Dropped (low accuracy):  0 (0.0%)
  Critical loads detected: 11421075
  Phase changes:           0

Filter table begin
 ┌────────────────────┬─────────────┐
 | Region             | Offset      |
 ├────────────────────┼─────────────┤
 | 0x000000000000297a | 8           |
 ├────────────────────┼─────────────┤
 | 0x00000000000002c5 | 25          |
 └────────────────────┴─────────────┘
Filter table end
Accumulation table begin
 ┌────────────────────┬─────────────┬─────────────┬──────────────────────────────────────────────────────────────────┐
 | Region             | Offset      | Second      | Pattern                                                          |
 ├────────────────────┼─────────────┼─────────────┼──────────────────────────────────────────────────────────────────┤
 | 0x0000000000002fb5 | 31          | 29          | 1 1 1 1 1 0 1 1 0 0 1 1 1 0 1 1 1 0 1 1 0 1 1 0 1 0 0 1 1 1 0 1  |
 ├────────────────────┼─────────────┼─────────────┼──────────────────────────────────────────────────────────────────┤
 | 0x0000000000002fad | 31          | 27          | 0 1 1 1 1 0 0 0 0 0 0 0 0 1 1 1 0 0 0 0 0 0 0 0 1 1 1 1 0 0 0 1  |
 ├────────────────────┼─────────────┼─────────────┼──────────────────────────────────────────────────────────────────┤
 | 0x000000000000288d | 31          | 30          | 1 1 1 1 1 1 1 1 1 1 1 1 1 1 1 1 1 1 1 1 1 1 1 1 1 1 1 1 1 1 1 1  |
 ├────────────────────┼─────────────┼─────────────┼──────────────────────────────────────────────────────────────────┤
 | 0x0000000000002878 | 31          | 30          | 1 1 1 1 1 1 1 1 1 1 1 1 1 1 1 1 1 1 1 1 1 1 1 1 1 1 1 1 1 1 1 1  |
 ├────────────────────┼─────────────┼─────────────┼──────────────────────────────────────────────────────────────────┤
 | 0x0000000000002fb3 | 29          | 28          | 1 0 1 0 0 1 1 1 0 1 1 0 1 1 1 0 0 1 1 0 0 1 1 0 1 1 1 0 1 1 0 0  |
 ├────────────────────┼─────────────┼─────────────┼──────────────────────────────────────────────────────────────────┤
 | 0x0000000000002fae | 30          | 29          | 0 1 0 1 0 1 1 0 1 1 1 0 0 1 0 0 1 1 1 1 1 1 0 0 0 1 0 1 1 1 1 0  |
 ├────────────────────┼─────────────┼─────────────┼──────────────────────────────────────────────────────────────────┤
 | 0x0000000000002fb9 | 30          | 29          | 1 0 1 1 1 1 1 0 1 0 1 0 1 1 1 1 1 0 1 0 1 1 0 0 0 1 1 0 0 1 1 0  |
 ├────────────────────┼─────────────┼─────────────┼──────────────────────────────────────────────────────────────────┤
 | 0x0000000000002fa8 | 31          | 30          | 0 0 0 0 1 1 1 0 0 0 0 0 0 0 0 1 0 1 1 0 0 0 0 0 0 0 0 1 0 1 1 1  |
 ├────────────────────┼─────────────┼─────────────┼──────────────────────────────────────────────────────────────────┤
 | 0x0000000000002fb6 | 31          | 30          | 1 0 1 1 0 0 0 0 1 1 1 0 1 1 1 1 1 0 1 0 1 0 1 1 1 1 1 0 1 0 1 1  |
 ├────────────────────┼─────────────┼─────────────┼──────────────────────────────────────────────────────────────────┤
 | 0x0000000000002fab | 28          | 27          | 0 0 1 1 1 1 0 0 0 1 0 0 0 0 1 1 1 0 0 0 0 0 0 0 0 1 0 1 1 0 0 0  |
 ├────────────────────┼─────────────┼─────────────┼──────────────────────────────────────────────────────────────────┤
 | 0x0000000000002881 | 31          | 30          | 1 1 1 1 1 1 1 1 1 1 1 1 1 1 1 1 1 1 1 1 1 1 1 1 1 1 1 1 1 1 1 1  |
 ├────────────────────┼─────────────┼─────────────┼──────────────────────────────────────────────────────────────────┤
 | 0x0000000000002fb0 | 31          | 30          | 1 0 1 1 1 0 0 1 1 0 0 1 1 0 1 1 1 0 1 1 0 0 0 1 0 1 0 1 1 0 1 1  |
 ├────────────────────┼─────────────┼─────────────┼──────────────────────────────────────────────────────────────────┤
 | 0x0000000000002887 | 31          | 30          | 1 1 1 1 1 1 1 1 1 1 1 1 1 1 1 1 1 1 1 1 1 1 1 1 1 1 1 1 1 1 1 1  |
 ├────────────────────┼─────────────┼─────────────┼──────────────────────────────────────────────────────────────────┤
 | 0x000000000000288c | 31          | 30          | 0 0 0 0 0 0 0 0 1 1 1 1 1 1 1 1 1 1 1 1 1 1 1 1 1 1 1 1 1 1 1 1  |
 ├────────────────────┼─────────────┼─────────────┼──────────────────────────────────────────────────────────────────┤
 | 0x0000000000002fb1 | 31          | 27          | 1 0 0 1 0 0 1 1 1 1 1 1 0 0 0 1 0 1 1 1 1 0 1 1 0 0 0 1 0 0 0 1  |
 ├────────────────────┼─────────────┼─────────────┼──────────────────────────────────────────────────────────────────┤
 | 0x0000000000002faa | 25          | 24          | 0 1 1 1 0 0 0 0 0 0 0 1 1 1 1 0 0 0 0 0 0 0 0 1 1 1 0 0 0 0 0 0  |
 ├────────────────────┼─────────────┼─────────────┼──────────────────────────────────────────────────────────────────┤
 | 0x0000000000002fb7 | 30          | 28          | 0 0 0 1 1 0 0 1 1 0 0 1 1 0 1 0 0 0 1 1 1 1 0 1 1 0 0 1 1 0 1 0  |
 ├────────────────────┼─────────────┼─────────────┼──────────────────────────────────────────────────────────────────┤
 | 0x0000000000002879 | 31          | 30          | 1 1 1 1 1 1 1 1 1 1 1 1 1 1 1 1 1 1 1 1 1 1 1 1 1 1 1 1 1 1 1 1  |
 ├────────────────────┼─────────────┼─────────────┼──────────────────────────────────────────────────────────────────┤
 | 0x0000000000002fb2 | 31          | 29          | 1 1 0 1 0 1 0 1 0 1 1 1 1 1 1 0 1 1 0 0 1 1 1 0 1 1 1 0 1 1 0 1  |
 ├────────────────────┼─────────────┼─────────────┼──────────────────────────────────────────────────────────────────┤
 | 0x0000000000002880 | 31          | 30          | 1 1 1 1 1 1 1 1 1 1 1 1 1 1 1 1 1 1 1 1 1 1 1 1 1 1 1 1 1 1 1 1  |
 ├────────────────────┼─────────────┼─────────────┼──────────────────────────────────────────────────────────────────┤
 | 0x0000000000002886 | 31          | 30          | 1 1 1 1 1 1 1 1 1 1 1 1 1 1 1 1 1 1 1 1 1 1 1 1 1 1 1 1 1 1 1 1  |
 ├────────────────────┼─────────────┼─────────────┼──────────────────────────────────────────────────────────────────┤
 | 0x0000000000002fb4 | 31          | 29          | 0 1 1 0 1 0 0 0 1 1 1 1 0 1 1 0 0 1 1 0 1 0 1 1 0 1 0 1 0 1 0 1  |
 ├────────────────────┼─────────────┼─────────────┼──────────────────────────────────────────────────────────────────┤
 | 0x0000000000002fa9 | 24          | 22          | 0 0 0 0 0 0 0 1 1 1 1 0 0 0 0 0 0 0 0 0 1 1 1 0 1 0 0 0 0 0 0 0  |
 ├────────────────────┼─────────────┼─────────────┼──────────────────────────────────────────────────────────────────┤
 | 0x0000000000002fb8 | 31          | 30          | 0 0 0 0 0 0 0 0 0 0 0 0 0 0 0 0 0 0 1 1 0 0 1 0 1 1 0 0 0 0 1 1  |
 ├────────────────────┼─────────────┼─────────────┼──────────────────────────────────────────────────────────────────┤
 | 0x0000000000002fbb | 29          | 28          | 0 0 0 0 0 0 0 0 0 0 0 0 0 0 0 0 0 0 0 0 0 0 0 0 0 0 0 0 1 1 0 0  |
 ├────────────────────┼─────────────┼─────────────┼──────────────────────────────────────────────────────────────────┤
 | 0x0000000000002fac | 25          | 24          | 1 1 1 1 0 1 1 1 0 1 1 1 1 1 0 1 0 0 0 0 0 1 0 1 1 1 0 0 0 0 0 0  |
 ├────────────────────┼─────────────┼─────────────┼──────────────────────────────────────────────────────────────────┤
 | 0x0000000000002faf | 31          | 25          | 1 1 0 0 0 1 0 0 0 1 1 1 1 1 0 1 1 1 0 1 1 1 1 1 0 1 0 0 0 0 0 1  |
 └────────────────────┴─────────────┴─────────────┴──────────────────────────────────────────────────────────────────┘
Accumulation table end
Offset pattern table begin
 ┌────────────────────┬─────────────┬──────────────────────────────────────────────────────────────────────────────────────────────────┐
 | Key                | Second      | Pattern                                                                                          |
 ├────────────────────┼─────────────┼──────────────────────────────────────────────────────────────────────────────────────────────────┤
 | 0x0000000000000000 | 5           | 17 16 16 16 16 16 16 16 16 16 16 16 16 16 16 16 16 16 16 16 16 16 16 15 15 15 15 15 15 15 15 15  |
 ├────────────────────┼─────────────┼──────────────────────────────────────────────────────────────────────────────────────────────────┤
 | 0x0000000000000001 | 7           | 21 21 8 8 7 5 8 6 6 6 6 6 7 8 8 7 5 7 6 6 6 4 6 5 8 5 8 9 4 6 5 6                                |
 ├────────────────────┼─────────────┼──────────────────────────────────────────────────────────────────────────────────────────────────┤
 | 0x0000000000000002 | 14          | 21 3 21 10 7 9 8 10 6 6 7 8 6 9 7 7 7 9 8 8 6 6 7 4 6 5 5 8 6 4 6 5                              |
 ├────────────────────┼─────────────┼──────────────────────────────────────────────────────────────────────────────────────────────────┤
 | 0x0000000000000003 | 4           | 24 5 4 24 9 11 6 9 10 8 8 7 6 7 7 7 9 7 7 6 6 7 5 9 10 10 6 7 6 8 7 10                           |
 ├────────────────────┼─────────────┼──────────────────────────────────────────────────────────────────────────────────────────────────┤
 | 0x0000000000000004 | 5           | 25 5 4 4 25 12 9 9 9 9 10 12 8 12 9 12 12 11 13 9 10 10 9 12 8 8 8 11 10 8 10 11                 |
 ├────────────────────┼─────────────┼──────────────────────────────────────────────────────────────────────────────────────────────────┤
 | 0x0000000000000005 | 12          | 25 2 2 4 5 25 6 7 5 8 9 7 8 6 7 4 7 8 8 8 6 7 5 5 5 7 6 6 5 6 9 8                                |
 ├────────────────────┼─────────────┼──────────────────────────────────────────────────────────────────────────────────────────────────┤
 | 0x0000000000000006 | 7           | 17 2 5 2 4 4 17 5 5 5 4 5 7 5 4 5 4 6 6 8 7 4 6 6 6 7 5 6 6 5 4 8                                |
 ├────────────────────┼─────────────┼──────────────────────────────────────────────────────────────────────────────────────────────────┤
 | 0x0000000000000007 | 18          | 22 2 2 3 4 2 5 22 9 9 8 5 7 6 9 7 7 7 9 6 10 6 7 8 7 9 8 7 8 6 8 6                               |
 ├────────────────────┼─────────────┼──────────────────────────────────────────────────────────────────────────────────────────────────┤
 | 0x0000000000000008 | 21          | 29 4 2 4 4 4 4 3 29 10 6 4 7 4 3 6 5 5 6 3 6 8 8 6 7 4 6 3 7 2 2 3                               |
 ├────────────────────┼─────────────┼──────────────────────────────────────────────────────────────────────────────────────────────────┤
 | 0x0000000000000009 | 10          | 17 1 2 1 3 4 2 3 3 17 7 8 6 7 5 5 7 5 5 5 7 7 6 8 5 6 7 6 5 6 6 5                                |
 ├────────────────────┼─────────────┼──────────────────────────────────────────────────────────────────────────────────────────────────┤
 | 0x000000000000000a | 11          | 22 5 1 4 3 2 3 4 5 3 22 5 7 6 5 7 6 6 6 6 6 8 7 7 6 7 6 5 7 5 6 6                                |
 ├────────────────────┼─────────────┼──────────────────────────────────────────────────────────────────────────────────────────────────┤
 | 0x000000000000000b | 12          | 30 5 2 3 3 5 4 3 4 6 6 30 7 6 4 6 8 5 4 5 6 4 5 4 10 10 7 7 5 6 4 4                              |
 ├────────────────────┼─────────────┼──────────────────────────────────────────────────────────────────────────────────────────────────┤
 | 0x000000000000000c | 13          | 26 2 3 4 2 1 3 1 2 3 3 4 26 6 6 4 6 3 3 3 3 4 2 2 3 4 1 2 1 1 4 3                                |
 ├────────────────────┼─────────────┼──────────────────────────────────────────────────────────────────────────────────────────────────┤
 | 0x000000000000000d | 14          | 20 3 1 1 1 2 1 2 2 2 2 3 2 20 5 5 5 3 3 4 3 3 2 2 3 3 6 6 6 2 5 6                                |
 ├────────────────────┼─────────────┼──────────────────────────────────────────────────────────────────────────────────────────────────┤
 | 0x000000000000000e | 13          | 26 1 2 4 2 3 1 2 4 7 3 3 3 4 26 10 6 3 6 5 5 2 4 3 1 2 6 2 3 4 1 4                               |
 ├────────────────────┼─────────────┼──────────────────────────────────────────────────────────────────────────────────────────────────┤
 | 0x000000000000000f | 16          | 27 1 2 9 7 3 5 2 3 3 4 2 3 5 5 27 9 5 7 7 6 5 7 5 7 3 9 9 5 4 7 3                                |
 ├────────────────────┼─────────────┼──────────────────────────────────────────────────────────────────────────────────────────────────┤
 | 0x0000000000000010 | 28          | 18 2 2 3 1 1 2 2 1 3 1 1 2 3 3 4 18 2 2 3 3 4 4 5 1 2 5 3 3 3 2 3                                |
 ├────────────────────┼─────────────┼──────────────────────────────────────────────────────────────────────────────────────────────────┤
 | 0x0000000000000011 | 18          | 22 1 3 1 2 2 1 3 3 2 3 3 4 3 4 3 4 22 10 5 4 2 4 4 3 6 4 4 2 4 4 3                               |
 ├────────────────────┼─────────────┼──────────────────────────────────────────────────────────────────────────────────────────────────┤
 | 0x0000000000000012 | 12          | 24 1 3 1 1 1 2 1 2 1 1 1 0 1 1 2 3 4 24 7 5 3 1 3 1 2 3 1 1 2 2 1                                |
 ├────────────────────┼─────────────┼──────────────────────────────────────────────────────────────────────────────────────────────────┤
 | 0x0000000000000013 | 17          | 19 2 2 1 2 3 3 4 2 2 3 1 2 2 2 4 4 4 8 19 6 5 6 6 4 4 5 4 3 3 4 5                                |
 ├────────────────────┼─────────────┼──────────────────────────────────────────────────────────────────────────────────────────────────┤
 | 0x0000000000000014 | 21          | 17 1 1 1 1 1 2 3 3 2 1 1 0 2 1 1 1 1 2 3 17 5 2 3 2 3 2 2 2 2 2 3                                |
 ├────────────────────┼─────────────┼──────────────────────────────────────────────────────────────────────────────────────────────────┤
 | 0x0000000000000015 | 23          | 28 2 2 4 3 1 2 2 4 3 4 2 2 3 5 2 3 5 3 4 4 28 9 6 6 7 4 2 3 5 3 3                                |
 ├────────────────────┼─────────────┼──────────────────────────────────────────────────────────────────────────────────────────────────┤
 | 0x0000000000000016 | 7           | 16 1 0 1 2 1 0 2 2 2 3 1 0 1 1 1 2 0 1 1 2 2 16 4 2 2 3 2 2 2 1 1                                |
 ├────────────────────┼─────────────┼──────────────────────────────────────────────────────────────────────────────────────────────────┤
 | 0x0000000000000017 | 16          | 22 2 4 1 2 2 2 3 1 4 3 4 3 0 0 3 3 1 2 3 3 3 3 22 3 1 0 1 0 0 1 0                                |
 ├────────────────────┼─────────────┼──────────────────────────────────────────────────────────────────────────────────────────────────┤
 | 0x0000000000000018 | 12          | 23 2 1 1 3 1 1 2 2 3 3 4 3 2 2 1 3 3 0 1 4 2 5 6 23 3 4 3 4 2 2 1                                |
 ├────────────────────┼─────────────┼──────────────────────────────────────────────────────────────────────────────────────────────────┤
 | 0x0000000000000019 | 26          | 30 5 6 4 4 3 4 2 2 3 6 7 9 7 5 3 3 3 3 1 4 4 6 6 5 30 5 3 5 5 3 3                                |
 ├────────────────────┼─────────────┼──────────────────────────────────────────────────────────────────────────────────────────────────┤
 | 0x000000000000001a | 27          | 29 3 4 3 1 2 1 3 2 4 5 4 4 6 3 2 2 2 1 3 4 4 5 8 5 8 29 7 5 2 2 2                                |
 ├────────────────────┼─────────────┼──────────────────────────────────────────────────────────────────────────────────────────────────┤
 | 0x000000000000001b | 5           | 31 8 6 5 8 4 5 6 5 6 3 7 6 12 10 8 5 5 4 6 8 5 5 5 7 8 11 31 2 1 0 2                             |
 ├────────────────────┼─────────────┼──────────────────────────────────────────────────────────────────────────────────────────────────┤
 | 0x000000000000001c | 29          | 29 8 12 12 7 10 5 8 6 6 7 9 12 9 5 10 9 7 6 7 3 6 11 7 7 8 5 13 29 5 4 2                         |
 ├────────────────────┼─────────────┼──────────────────────────────────────────────────────────────────────────────────────────────────┤
 | 0x000000000000001d | 30          | 21 7 5 5 5 4 4 3 3 4 6 5 3 6 7 5 8 3 3 3 5 5 4 6 4 5 6 6 7 21 3 3                                |
 ├────────────────────┼─────────────┼──────────────────────────────────────────────────────────────────────────────────────────────────┤
 | 0x000000000000001e | 31          | 22 7 7 8 9 11 8 7 8 8 9 5 7 7 8 9 8 11 8 8 8 7 5 7 7 4 10 7 9 7 22 1                             |
 ├────────────────────┼─────────────┼──────────────────────────────────────────────────────────────────────────────────────────────────┤
 | 0x000000000000001f | 30          | 25 19 19 18 20 21 20 21 21 20 20 20 18 19 20 19 20 20 20 22 22 21 19 20 19 18 18 19 18 20 22 25  |
 └────────────────────┴─────────────┴──────────────────────────────────────────────────────────────────────────────────────────────────┘
Offset pattern table end
PC pattern table begin
 ┌────────────────────┬─────────────┬──────────────────────────────────────────────────┐
 | Key                | Second      | Pattern                                          |
 ├────────────────────┼─────────────┼──────────────────────────────────────────────────┤
 | 0x0000000000000000 | 9           | 25 24 23 23 24 24 24 24 24 24 24 24 23 23 23 23  |
 ├────────────────────┼─────────────┼──────────────────────────────────────────────────┤
 | 0x0000000000000001 | 4           | 24 6 5 7 8 3 7 6 5 7 5 5 8 7 4 6                 |
 ├────────────────────┼─────────────┼──────────────────────────────────────────────────┤
 | 0x0000000000000002 | 5           | 26 16 15 13 13 13 12 14 14 14 14 13 14 13 15 14  |
 ├────────────────────┼─────────────┼──────────────────────────────────────────────────┤
 | 0x0000000000000003 | 4           | 16 0 2 0 2 2 2 3 2 2 4 2 1 1 1 1                 |
 ├────────────────────┼─────────────┼──────────────────────────────────────────────────┤
 | 0x0000000000000004 | 27          | 27 7 3 5 6 6 7 7 5 8 5 8 7 6 4 8                 |
 ├────────────────────┼─────────────┼──────────────────────────────────────────────────┤
 | 0x0000000000000005 | 12          | 26 7 7 8 9 8 8 11 9 9 8 11 9 6 10 8              |
 ├────────────────────┼─────────────┼──────────────────────────────────────────────────┤
 | 0x0000000000000006 | 19          | 21 11 13 11 10 13 11 13 12 11 14 12 12 11 10 12  |
 ├────────────────────┼─────────────┼──────────────────────────────────────────────────┤
 | 0x0000000000000007 | 27          | 30 10 10 11 9 12 12 12 13 13 12 10 9 9 11 8      |
 ├────────────────────┼─────────────┼──────────────────────────────────────────────────┤
 | 0x0000000000000008 | 21          | 29 8 6 9 6 6 4 10 6 15 6 7 8 3 8 6               |
 ├────────────────────┼─────────────┼──────────────────────────────────────────────────┤
 | 0x0000000000000009 | 18          | 17 11 11 11 11 11 11 11 11 12 10 11 11 10 10 10  |
 ├────────────────────┼─────────────┼──────────────────────────────────────────────────┤
 | 0x000000000000000a | 8           | 23 2 2 2 2 2 2 3 7 7 8 9 7 7 10 10               |
 ├────────────────────┼─────────────┼──────────────────────────────────────────────────┤
 | 0x000000000000000b | 31          | 22 2 1 1 3 4 3 2 4 4 5 3 3 2 4 1                 |
 ├────────────────────┼─────────────┼──────────────────────────────────────────────────┤
 | 0x000000000000000c | 26          | 18 4 7 5 5 6 4 5 6 7 7 8 7 5 3 5                 |
 ├────────────────────┼─────────────┼──────────────────────────────────────────────────┤
 | 0x000000000000000d | 19          | 29 6 3 7 8 8 11 8 4 7 5 8 4 6 1 4                |
 ├────────────────────┼─────────────┼──────────────────────────────────────────────────┤
 | 0x000000000000000e | 0           | 25 12 10 12 12 12 10 12 11 9 11 9 10 10 8 11     |
 ├────────────────────┼─────────────┼──────────────────────────────────────────────────┤
 | 0x000000000000000f | 0           | 28 7 9 9 6 3 4 8 6 7 7 5 3 7 7 5                 |
 ├────────────────────┼─────────────┼──────────────────────────────────────────────────┤
 | 0x0000000000000010 | 30          | 23 6 9 9 10 11 10 8 10 8 13 9 10 9 10 10         |
 ├────────────────────┼─────────────┼──────────────────────────────────────────────────┤
 | 0x0000000000000011 | 1           | 20 9 8 8 8 8 8 9 9 10 10 10 10 10 12 10          |
 ├────────────────────┼─────────────┼──────────────────────────────────────────────────┤
 | 0x0000000000000012 | 12          | 20 6 10 6 6 5 4 6 8 7 7 10 7 6 4 6               |
 ├────────────────────┼─────────────┼──────────────────────────────────────────────────┤
 | 0x0000000000000013 | 30          | 28 18 17 16 19 18 17 19 18 18 16 17 17 19 15 16  |
 ├────────────────────┼─────────────┼──────────────────────────────────────────────────┤
 | 0x0000000000000014 | 15          | 19 5 7 6 7 7 8 8 5 8 7 7 7 6 8 8                 |
 ├────────────────────┼─────────────┼──────────────────────────────────────────────────┤
 | 0x0000000000000015 | 22          | 19 6 6 5 4 3 7 5 3 2 5 3 6 6 4 5                 |
 ├────────────────────┼─────────────┼──────────────────────────────────────────────────┤
 | 0x0000000000000016 | 10          | 29 4 6 4 4 7 4 6 7 5 6 8 7 9 6 4                 |
 ├────────────────────┼─────────────┼──────────────────────────────────────────────────┤
 | 0x0000000000000017 | 17          | 23 7 7 10 9 6 7 8 9 10 7 7 6 6 6 6               |
 ├────────────────────┼─────────────┼──────────────────────────────────────────────────┤
 | 0x0000000000000018 | 11          | 20 3 4 4 6 4 7 6 4 6 4 3 8 5 3 6                 |
 ├────────────────────┼─────────────┼──────────────────────────────────────────────────┤
 | 0x0000000000000019 | 19          | 29 12 13 12 13 16 15 14 16 14 12 12 13 11 12 12  |
 ├────────────────────┼─────────────┼──────────────────────────────────────────────────┤
 | 0x000000000000001a | 26          | 22 5 6 4 6 3 4 8 9 7 6 8 7 5 6 4                 |
 ├────────────────────┼─────────────┼──────────────────────────────────────────────────┤
 | 0x000000000000001b | 21          | 22 12 14 12 12 14 13 12 13 12 13 13 12 14 11 10  |
 ├────────────────────┼─────────────┼──────────────────────────────────────────────────┤
 | 0x000000000000001c | 20          | 21 16 16 15 16 16 15 16 15 15 16 16 15 16 14 14  |
 ├────────────────────┼─────────────┼──────────────────────────────────────────────────┤
 | 0x000000000000001d | 6           | 24 8 10 7 8 8 9 5 6 10 8 8 8 7 11 8              |
 ├────────────────────┼─────────────┼──────────────────────────────────────────────────┤
 | 0x000000000000001e | 7           | 17 16 16 16 16 16 16 16 16 16 16 16 16 16 16 16  |
 ├────────────────────┼─────────────┼──────────────────────────────────────────────────┤
 | 0x000000000000001f | 20          | 23 8 7 5 6 4 10 5 7 7 7 4 6 7 7 6                |
 └────────────────────┴─────────────┴──────────────────────────────────────────────────┘
PC pattern table end
Prefetch buffer begin
 ┌────────────────────┬──────────────────────────────────────────────────────────────────┐
 | Region             | Pattern                                                          |
 ├────────────────────┼──────────────────────────────────────────────────────────────────┤
 | 0x000000000000856b | 2 0 1 2 2 2 2 2 2 2 2 2 2 2 2 2 2 2 2 2 2 2 2 2 2 2 2 2 2 2 2 2  |
 ├────────────────────┼──────────────────────────────────────────────────────────────────┤
 | 0x0000000000002a64 | 2 2 2 2 2 2 2 2 0 2 2 2 2 0 2 2 2 2 2 2 2 2 2 2 2 2 0 2 2 0 2 2  |
 ├────────────────────┼──────────────────────────────────────────────────────────────────┤
 | 0x0000000000002976 | 2 2 2 2 2 2 2 2 2 2 0 2 2 2 2 2 2 2 2 2 2 2 2 2 2 2 2 2 2 2 2 2  |
 ├────────────────────┼──────────────────────────────────────────────────────────────────┤
 | 0x0000000000002ac1 | 2 2 2 2 2 2 2 2 2 2 2 2 2 2 2 2 2 2 2 2 2 2 0 0 0 0 2 2 2 2 2 2  |
 ├────────────────────┼──────────────────────────────────────────────────────────────────┤
 | 0x0000000000002a75 | 0 2 2 2 0 2 2 2 2 2 2 2 2 0 2 2 2 2 2 2 2 2 2 2 0 2 0 2 0 2 2 2  |
 ├────────────────────┼──────────────────────────────────────────────────────────────────┤
 | 0x0000000000005588 | 2 2 2 2 2 2 2 2 2 0 2 2 2 2 2 2 2 2 2 2 0 2 2 2 2 2 2 2 0 0 2 2  |
 ├────────────────────┼──────────────────────────────────────────────────────────────────┤
 | 0x0000000000002ade | 0 2 2 2 2 2 2 2 2 2 2 2 2 2 2 2 2 2 2 2 2 2 2 2 2 2 2 2 2 2 2 2  |
 ├────────────────────┼──────────────────────────────────────────────────────────────────┤
 | 0x0000000000002f2b | 0 0 0 0 0 0 0 0 0 0 0 2 2 2 2 2 2 2 0 2 0 2 2 0 0 0 0 0 0 0 0 0  |
 ├────────────────────┼──────────────────────────────────────────────────────────────────┤
 | 0x0000000000002a47 | 2 2 0 2 2 2 2 2 2 2 2 2 2 2 2 2 0 2 2 2 2 2 0 2 2 2 2 2 0 2 2 0  |
 ├────────────────────┼──────────────────────────────────────────────────────────────────┤
 | 0x0000000000002f7b | 2 2 2 2 2 2 0 0 0 0 0 0 0 0 0 0 0 0 0 0 0 0 0 0 0 0 0 0 0 0 0 0  |
 ├────────────────────┼──────────────────────────────────────────────────────────────────┤
 | 0x0000000000002a3a | 2 2 2 0 2 2 2 2 2 2 2 2 2 2 2 2 2 2 2 2 2 2 2 2 2 2 2 2 2 2 2 2  |
 ├────────────────────┼──────────────────────────────────────────────────────────────────┤
 | 0x000000000000297d | 2 2 2 0 2 2 1 2 2 2 2 2 2 2 2 2 2 2 2 2 2 2 2 2 2 2 2 2 2 2 2 2  |
 ├────────────────────┼──────────────────────────────────────────────────────────────────┤
 | 0x0000000000003001 | 2 2 2 2 2 2 2 2 2 2 2 2 2 2 2 2 2 2 2 2 2 2 2 2 2 2 2 2 2 2 0 2  |
 ├────────────────────┼──────────────────────────────────────────────────────────────────┤
 | 0x0000000000002f7d | 0 0 0 0 0 0 0 0 0 0 0 0 0 0 0 0 0 0 0 0 0 2 2 2 2 2 1 2 2 2 2 2  |
 ├────────────────────┼──────────────────────────────────────────────────────────────────┤
 | 0x0000000000002fbb | 2 2 2 2 2 2 2 0 0 0 0 0 0 0 0 0 0 0 0 0 0 0 0 0 0 0 0 0 0 0 0 0  |
 ├────────────────────┼──────────────────────────────────────────────────────────────────┤
 | 0x0000000000002a78 | 2 0 2 2 2 2 2 2 2 2 0 2 2 2 2 2 2 2 2 2 2 2 0 2 0 0 0 2 2 0 2 2  |
 ├────────────────────┼──────────────────────────────────────────────────────────────────┤
 | 0x0000000000002ed6 | 0 0 0 1 1 1 1 1 1 1 1 1 1 1 1 1 1 1 1 1 1 1 1 1 1 1 1 1 1 1 1 1  |
 ├────────────────────┼──────────────────────────────────────────────────────────────────┤
 | 0x0000000000002a77 | 0 2 2 2 2 0 0 0 0 2 2 0 0 0 2 0 0 2 2 0 0 2 0 2 0 2 2 0 2 2 2 0  |
 ├────────────────────┼──────────────────────────────────────────────────────────────────┤
 | 0x000000000000029c | 2 2 2 2 2 2 2 2 2 2 2 2 2 2 2 2 2 2 0 2 2 2 2 2 2 2 2 2 2 2 2 2  |
 ├────────────────────┼──────────────────────────────────────────────────────────────────┤
 | 0x0000000000002a45 | 2 2 2 2 2 2 2 2 2 2 2 0 2 2 2 0 2 2 2 2 2 2 2 2 2 2 2 2 2 0 2 0  |
 ├────────────────────┼──────────────────────────────────────────────────────────────────┤
 | 0x0000000000002ab0 | 2 2 0 0 2 0 2 2 0 2 2 2 2 2 2 2 2 2 2 2 0 2 0 2 2 2 2 2 0 2 2 2  |
 ├────────────────────┼──────────────────────────────────────────────────────────────────┤
 | 0x0000000000002a76 | 0 2 2 2 2 2 2 2 0 2 2 0 0 2 2 2 2 0 0 0 0 2 2 0 2 2 2 2 2 2 2 0  |
 ├────────────────────┼──────────────────────────────────────────────────────────────────┤
 | 0x0000000000002a6d | 2 2 2 2 2 2 2 2 2 2 2 2 2 2 2 2 2 2 2 2 2 2 2 2 2 2 2 0 2 2 2 2  |
 ├────────────────────┼──────────────────────────────────────────────────────────────────┤
 | 0x0000000000002a79 | 2 0 0 2 2 0 2 2 2 2 2 2 2 0 2 2 2 2 0 2 2 2 2 2 2 2 2 2 2 2 2 2  |
 ├────────────────────┼──────────────────────────────────────────────────────────────────┤
 | 0x0000000000002a68 | 2 2 2 0 2 2 2 0 2 2 2 2 2 2 2 2 2 2 2 2 2 2 2 2 2 0 2 2 2 2 2 0  |
 └────────────────────┴──────────────────────────────────────────────────────────────────┘
Prefetch buffer end
Filter by PPT: 0
Prefetch Request to L1: 258687, Prefetch Request to L2: 12654875
Invalid by Eviction: 18618
Invalid by Max: 482640
Final L1D Threshold: 0.901
Final Demand Reserve: 25.0%

╔═══════════════════════════════════════╗
║       CLIP Filter Statistics         ║
╚═══════════════════════════════════════╝
[CLIP CPU1 Stats]
  Total candidates:        12849088
  Prefetches issued:       10746965 (83.7%)
  Dropped (not critical):  2102123 (16.4%)
  Dropped (low accuracy):  0 (0.0%)
  Critical loads detected: 177308
  Phase changes:           0

Filter table begin
 ┌────────────────────┬─────────────┐
 | Region             | Offset      |
 ├────────────────────┼─────────────┤
 | 0x000000000000088f | 20          |
 ├────────────────────┼─────────────┤
 | 0x0000000000001747 | 30          |
 ├────────────────────┼─────────────┤
 | 0x000000000000026d | 15          |
 ├────────────────────┼─────────────┤
 | 0x00000000000085e0 | 27          |
 ├────────────────────┼─────────────┤
 | 0x00000000000049a2 | 27          |
 ├────────────────────┼─────────────┤
 | 0x000000000000849a | 7           |
 ├────────────────────┼─────────────┤
 | 0x00000000000066f1 | 6           |
 ├────────────────────┼─────────────┤
 | 0x0000000000006e09 | 22          |
 ├────────────────────┼─────────────┤
 | 0x0000000000000361 | 9           |
 ├────────────────────┼─────────────┤
 | 0x000000000000772c | 13          |
 ├────────────────────┼─────────────┤
 | 0x000000000000557c | 23          |
 ├────────────────────┼─────────────┤
 | 0x0000000000006564 | 20          |
 ├────────────────────┼─────────────┤
 | 0x0000000000006e48 | 21          |
 ├────────────────────┼─────────────┤
 | 0x0000000000001437 | 22          |
 ├────────────────────┼─────────────┤
 | 0x000000000000027d | 7           |
 ├────────────────────┼─────────────┤
 | 0x0000000000006e50 | 17          |
 ├────────────────────┼─────────────┤
 | 0x0000000000006124 | 30          |
 ├────────────────────┼─────────────┤
 | 0x000000000000173b | 11          |
 ├────────────────────┼─────────────┤
 | 0x0000000000000274 | 24          |
 ├────────────────────┼─────────────┤
 | 0x000000000000874c | 7           |
 ├────────────────────┼─────────────┤
 | 0x0000000000000401 | 12          |
 ├────────────────────┼─────────────┤
 | 0x0000000000002f3d | 24          |
 ├────────────────────┼─────────────┤
 | 0x00000000000049fb | 1           |
 ├────────────────────┼─────────────┤
 | 0x0000000000006f6a | 2           |
 ├────────────────────┼─────────────┤
 | 0x00000000000089bf | 11          |
 ├────────────────────┼─────────────┤
 | 0x000000000000850d | 30          |
 ├────────────────────┼─────────────┤
 | 0x00000000000003ae | 26          |
 ├────────────────────┼─────────────┤
 | 0x0000000000005e9f | 5           |
 ├────────────────────┼─────────────┤
 | 0x00000000000089f9 | 23          |
 ├────────────────────┼─────────────┤
 | 0x0000000000006926 | 17          |
 ├────────────────────┼─────────────┤
 | 0x0000000000001021 | 3           |
 ├────────────────────┼─────────────┤
 | 0x00000000000073e8 | 15          |
 ├────────────────────┼─────────────┤
 | 0x0000000000006830 | 5           |
 ├────────────────────┼─────────────┤
 | 0x00000000000089dd | 6           |
 ├────────────────────┼─────────────┤
 | 0x0000000000000415 | 8           |
 ├────────────────────┼─────────────┤
 | 0x0000000000008352 | 10          |
 ├────────────────────┼─────────────┤
 | 0x0000000000002f4c | 11          |
 ├────────────────────┼─────────────┤
 | 0x0000000000006289 | 24          |
 ├────────────────────┼─────────────┤
 | 0x0000000000002310 | 12          |
 ├────────────────────┼─────────────┤
 | 0x00000000000069ed | 7           |
 ├────────────────────┼─────────────┤
 | 0x0000000000001748 | 18          |
 ├────────────────────┼─────────────┤
 | 0x0000000000005e86 | 18          |
 ├────────────────────┼─────────────┤
 | 0x0000000000000ad2 | 0           |
 ├────────────────────┼─────────────┤
 | 0x0000000000006909 | 30          |
 ├────────────────────┼─────────────┤
 | 0x0000000000005fd8 | 26          |
 ├────────────────────┼─────────────┤
 | 0x000000000000654e | 6           |
 ├────────────────────┼─────────────┤
 | 0x0000000000006c96 | 2           |
 ├────────────────────┼─────────────┤
 | 0x000000000000273d | 31          |
 ├────────────────────┼─────────────┤
 | 0x0000000000000874 | 24          |
 ├────────────────────┼─────────────┤
 | 0x0000000000005a38 | 6           |
 ├────────────────────┼─────────────┤
 | 0x000000000000101d | 22          |
 ├────────────────────┼─────────────┤
 | 0x0000000000006d18 | 21          |
 └────────────────────┴─────────────┘
Filter table end
Accumulation table begin
 ┌────────────────────┬─────────────┬─────────────┬──────────────────────────────────────────────────────────────────┐
 | Region             | Offset      | Second      | Pattern                                                          |
 ├────────────────────┼─────────────┼─────────────┼──────────────────────────────────────────────────────────────────┤
 | 0x0000000000000384 | 4           | 3           | 0 0 0 1 1 0 0 0 0 0 0 0 0 0 0 0 0 0 0 0 0 0 0 0 0 0 0 0 0 0 0 0  |
 ├────────────────────┼─────────────┼─────────────┼──────────────────────────────────────────────────────────────────┤
 | 0x0000000000000399 | 29          | 9           | 0 0 0 0 0 0 0 0 0 1 1 0 0 0 0 0 0 0 0 0 0 0 0 0 0 0 0 0 0 1 1 0  |
 ├────────────────────┼─────────────┼─────────────┼──────────────────────────────────────────────────────────────────┤
 | 0x0000000000000451 | 4           | 3           | 0 0 0 1 1 0 0 0 0 0 0 0 0 0 0 0 0 0 0 0 0 0 0 0 0 0 0 0 0 0 0 0  |
 ├────────────────────┼─────────────┼─────────────┼──────────────────────────────────────────────────────────────────┤
 | 0x000000000000044f | 31          | 22          | 0 0 0 0 1 1 0 0 0 0 0 0 1 1 1 0 0 0 0 0 0 0 1 1 0 0 0 0 0 0 0 1  |
 ├────────────────────┼─────────────┼─────────────┼──────────────────────────────────────────────────────────────────┤
 | 0x0000000000000454 | 20          | 11          | 0 0 1 0 0 0 0 0 0 0 0 1 0 0 0 0 0 0 0 0 1 0 0 0 0 0 0 0 0 0 0 0  |
 ├────────────────────┼─────────────┼─────────────┼──────────────────────────────────────────────────────────────────┤
 | 0x00000000000003e2 | 14          | 13          | 0 0 0 0 0 0 0 0 0 0 0 0 0 1 1 0 0 0 0 0 0 0 0 0 0 0 0 0 0 0 0 0  |
 ├────────────────────┼─────────────┼─────────────┼──────────────────────────────────────────────────────────────────┤
 | 0x00000000000003c5 | 17          | 16          | 0 0 0 0 0 0 0 0 0 0 0 0 0 0 0 0 1 1 0 0 0 0 0 0 0 0 0 0 0 0 0 0  |
 ├────────────────────┼─────────────┼─────────────┼──────────────────────────────────────────────────────────────────┤
 | 0x0000000000000275 | 27          | 19          | 0 1 0 0 0 0 0 0 0 0 1 1 0 0 0 0 0 0 1 1 1 0 0 0 0 0 0 1 1 0 0 0  |
 ├────────────────────┼─────────────┼─────────────┼──────────────────────────────────────────────────────────────────┤
 | 0x000000000000032d | 25          | 14          | 0 0 0 0 0 0 0 0 0 0 0 0 0 0 1 0 0 0 0 0 0 0 0 0 0 1 0 0 0 0 0 0  |
 ├────────────────────┼─────────────┼─────────────┼──────────────────────────────────────────────────────────────────┤
 | 0x000000000000026e | 27          | 14          | 0 0 0 0 0 0 0 0 0 0 0 0 0 0 1 1 0 0 0 0 0 0 0 0 0 0 0 1 0 0 0 0  |
 ├────────────────────┼─────────────┼─────────────┼──────────────────────────────────────────────────────────────────┤
 | 0x00000000000089f7 | 2           | 1           | 1 1 1 0 0 0 0 0 0 0 0 0 0 0 0 0 0 0 0 0 0 0 0 0 0 0 0 0 0 0 0 0  |
 ├────────────────────┼─────────────┼─────────────┼──────────────────────────────────────────────────────────────────┤
 | 0x00000000000002bc | 17          | 18          | 0 0 0 0 0 0 0 0 0 0 0 0 0 0 0 0 0 1 1 1 1 1 0 0 0 0 0 0 0 0 0 0  |
 ├────────────────────┼─────────────┼─────────────┼──────────────────────────────────────────────────────────────────┤
 | 0x000000000000043d | 28          | 20          | 0 0 1 1 0 0 0 0 0 0 1 1 0 0 0 0 0 0 0 0 1 0 0 0 0 0 0 0 1 0 0 0  |
 ├────────────────────┼─────────────┼─────────────┼──────────────────────────────────────────────────────────────────┤
 | 0x0000000000000470 | 19          | 12          | 0 0 0 1 1 0 0 0 0 0 0 1 1 0 0 0 0 0 0 1 0 0 0 0 0 0 0 0 0 0 0 0  |
 ├────────────────────┼─────────────┼─────────────┼──────────────────────────────────────────────────────────────────┤
 | 0x0000000000000461 | 30          | 13          | 1 1 0 0 0 0 0 0 0 0 0 0 0 1 1 0 0 0 0 0 0 0 0 0 0 0 0 0 0 0 1 1  |
 ├────────────────────┼─────────────┼─────────────┼──────────────────────────────────────────────────────────────────┤
 | 0x00000000000003c3 | 12          | 6           | 0 0 0 0 0 1 1 0 0 0 0 0 1 0 0 0 0 0 0 0 0 0 0 0 0 0 0 0 0 0 0 0  |
 ├────────────────────┼─────────────┼─────────────┼──────────────────────────────────────────────────────────────────┤
 | 0x0000000000000385 | 14          | 3           | 0 0 0 1 1 0 0 0 0 0 0 0 0 0 1 0 0 0 0 0 0 0 0 0 0 0 0 0 0 0 0 0  |
 ├────────────────────┼─────────────┼─────────────┼──────────────────────────────────────────────────────────────────┤
 | 0x00000000000003c4 | 24          | 25          | 0 0 0 0 0 0 0 0 0 0 0 0 0 0 0 0 0 0 0 0 0 0 0 0 1 1 0 0 0 0 0 0  |
 ├────────────────────┼─────────────┼─────────────┼──────────────────────────────────────────────────────────────────┤
 | 0x0000000000000271 | 12          | 13          | 0 0 0 0 0 0 0 0 0 0 0 0 1 1 0 0 0 0 0 0 0 0 0 0 0 0 0 0 1 0 0 0  |
 ├────────────────────┼─────────────┼─────────────┼──────────────────────────────────────────────────────────────────┤
 | 0x00000000000003e3 | 23          | 2           | 0 0 1 0 0 0 0 0 0 0 0 0 0 0 0 0 0 0 0 0 0 0 0 1 0 0 0 0 0 0 0 0  |
 ├────────────────────┼─────────────┼─────────────┼──────────────────────────────────────────────────────────────────┤
 | 0x000000000000043c | 29          | 30          | 1 0 0 0 0 0 0 1 1 0 0 0 0 0 0 0 1 0 0 0 0 0 0 0 1 1 0 0 0 1 1 0  |
 ├────────────────────┼─────────────┼─────────────┼──────────────────────────────────────────────────────────────────┤
 | 0x000000000000045f | 23          | 0           | 1 0 0 0 0 0 0 0 0 0 0 0 0 0 0 0 0 0 0 0 0 0 0 1 0 0 0 0 0 0 0 0  |
 ├────────────────────┼─────────────┼─────────────┼──────────────────────────────────────────────────────────────────┤
 | 0x0000000000000450 | 24          | 8           | 0 0 0 0 0 0 0 1 1 0 0 0 0 0 0 0 0 0 0 0 0 0 0 0 1 1 0 0 0 0 0 0  |
 ├────────────────────┼─────────────┼─────────────┼──────────────────────────────────────────────────────────────────┤
 | 0x0000000000000453 | 24          | 9           | 0 0 0 0 0 0 0 0 0 1 0 0 0 0 0 0 0 0 0 0 0 0 0 0 1 0 0 0 0 0 0 0  |
 ├────────────────────┼─────────────┼─────────────┼──────────────────────────────────────────────────────────────────┤
 | 0x0000000000000460 | 14          | 4           | 0 0 0 1 1 0 0 0 0 0 0 0 0 0 1 0 0 0 0 0 0 0 0 0 0 0 0 0 0 0 0 0  |
 ├────────────────────┼─────────────┼─────────────┼──────────────────────────────────────────────────────────────────┤
 | 0x000000000000037c | 21          | 0           | 1 0 0 0 0 0 0 0 0 0 0 0 0 0 0 0 0 0 0 0 0 1 0 0 0 0 0 0 0 0 0 0  |
 ├────────────────────┼─────────────┼─────────────┼──────────────────────────────────────────────────────────────────┤
 | 0x0000000000000421 | 27          | 19          | 0 1 1 0 0 0 0 0 0 0 1 1 0 0 0 0 0 0 0 1 0 0 0 0 0 0 0 1 0 0 0 0  |
 ├────────────────────┼─────────────┼─────────────┼──────────────────────────────────────────────────────────────────┤
 | 0x000000000000032c | 26          | 22          | 0 1 0 0 0 0 0 0 0 0 0 0 0 0 0 0 0 0 0 0 0 1 1 0 0 0 1 0 0 0 0 0  |
 ├────────────────────┼─────────────┼─────────────┼──────────────────────────────────────────────────────────────────┤
 | 0x000000000000044e | 28          | 27          | 0 0 0 0 0 0 0 0 0 0 0 0 0 0 0 0 0 0 0 0 0 0 0 0 0 0 0 1 1 0 0 0  |
 ├────────────────────┼─────────────┼─────────────┼──────────────────────────────────────────────────────────────────┤
 | 0x000000000000026f | 14          | 15          | 0 0 0 0 0 0 0 0 0 0 0 0 0 0 1 1 0 0 0 0 0 0 0 0 0 0 0 0 0 0 0 0  |
 ├────────────────────┼─────────────┼─────────────┼──────────────────────────────────────────────────────────────────┤
 | 0x000000000000041e | 6           | 7           | 0 0 0 0 0 0 1 1 0 0 0 0 0 0 0 0 0 0 0 0 0 0 0 0 0 0 0 0 0 0 0 0  |
 ├────────────────────┼─────────────┼─────────────┼──────────────────────────────────────────────────────────────────┤
 | 0x0000000000000398 | 21          | 20          | 0 0 0 0 1 0 0 0 0 0 0 0 0 0 0 0 0 0 0 0 1 1 0 0 0 0 0 0 0 0 0 0  |
 └────────────────────┴─────────────┴─────────────┴──────────────────────────────────────────────────────────────────┘
Accumulation table end
Offset pattern table begin
 ┌────────────────────┬─────────────┬─────────────────────────────────────────────────────────────────────────────────┐
 | Key                | Second      | Pattern                                                                         |
 ├────────────────────┼─────────────┼─────────────────────────────────────────────────────────────────────────────────┤
 | 0x0000000000000000 | 27          | 19 3 1 11 12 14 4 6 5 11 11 11 3 2 14 14 11 11 0 4 4 5 14 11 1 1 4 17 14 3 0 2  |
 ├────────────────────┼─────────────┼─────────────────────────────────────────────────────────────────────────────────┤
 | 0x0000000000000001 | 27          | 27 27 13 2 0 0 8 0 8 8 20 10 8 0 7 8 16 8 12 12 12 8 8 0 0 7 7 4 4 0 0 0        |
 ├────────────────────┼─────────────┼─────────────────────────────────────────────────────────────────────────────────┤
 | 0x0000000000000002 | 1           | 27 18 27 10 0 0 0 4 6 6 12 11 0 0 0 4 4 1 6 15 12 4 0 0 0 4 4 10 7 0 4 4        |
 ├────────────────────┼─────────────┼─────────────────────────────────────────────────────────────────────────────────┤
 | 0x0000000000000003 | 27          | 25 0 19 25 1 1 0 13 19 5 7 1 14 17 16 6 3 0 1 1 5 19 19 3 0 0 2 17 21 20 3 0    |
 ├────────────────────┼─────────────┼─────────────────────────────────────────────────────────────────────────────────┤
 | 0x0000000000000004 | 3           | 30 0 0 23 30 5 4 9 9 10 11 3 2 1 0 1 0 2 3 1 1 2 2 0 2 2 2 1 3 1 0 2            |
 ├────────────────────┼─────────────┼─────────────────────────────────────────────────────────────────────────────────┤
 | 0x0000000000000005 | 4           | 16 0 0 10 9 16 4 0 0 0 0 8 9 0 0 0 0 0 8 9 8 0 0 0 0 1 9 8 0 0 0 0              |
 ├────────────────────┼─────────────┼─────────────────────────────────────────────────────────────────────────────────┤
 | 0x0000000000000006 | 7           | 22 1 1 1 3 4 22 16 0 2 2 1 1 0 1 3 0 0 0 0 2 3 2 1 1 0 0 0 2 3 0 0              |
 ├────────────────────┼─────────────┼─────────────────────────────────────────────────────────────────────────────────┤
 | 0x0000000000000007 | 6           | 26 1 1 0 0 5 6 26 13 2 0 1 0 0 0 0 0 0 0 0 0 0 0 0 3 0 0 0 0 0 0 0              |
 ├────────────────────┼─────────────┼─────────────────────────────────────────────────────────────────────────────────┤
 | 0x0000000000000008 | 0           | 20 15 0 0 0 0 14 15 20 18 2 0 0 0 17 17 2 0 0 2 2 15 15 1 0 0 2 2 15 15 0 2     |
 ├────────────────────┼─────────────┼─────────────────────────────────────────────────────────────────────────────────┤
 | 0x0000000000000009 | 8           | 30 0 0 25 17 0 0 7 27 30 9 0 0 17 17 0 0 0 17 18 0 0 0 0 0 0 0 17 17 0 0 0      |
 ├────────────────────┼─────────────┼─────────────────────────────────────────────────────────────────────────────────┤
 | 0x000000000000000a | 8           | 26 2 1 1 0 0 1 1 6 8 26 7 1 0 0 0 1 0 0 0 0 0 1 1 0 0 0 0 0 0 0 0               |
 ├────────────────────┼─────────────┼─────────────────────────────────────────────────────────────────────────────────┤
 | 0x000000000000000b | 3           | 26 2 2 1 0 0 0 0 0 3 6 26 14 2 0 0 0 0 4 4 5 11 0 2 1 0 0 3 3 0 0 0             |
 ├────────────────────┼─────────────┼─────────────────────────────────────────────────────────────────────────────────┤
 | 0x000000000000000c | 6           | 19 0 0 6 7 16 16 0 0 0 0 7 19 9 1 0 0 0 7 9 1 1 0 0 0 9 9 1 1 0 0 0             |
 ├────────────────────┼─────────────┼─────────────────────────────────────────────────────────────────────────────────┤
 | 0x000000000000000d | 10          | 30 1 0 1 0 1 3 1 1 0 1 8 10 30 5 4 0 1 0 1 2 0 0 0 0 0 1 0 0 0 0 0              |
 ├────────────────────┼─────────────┼─────────────────────────────────────────────────────────────────────────────────┤
 | 0x000000000000000e | 15          | 25 1 2 13 13 1 0 2 2 2 1 0 0 8 25 7 0 0 1 2 3 2 0 0 0 1 2 1 1 1 2 1             |
 ├────────────────────┼─────────────┼─────────────────────────────────────────────────────────────────────────────────┤
 | 0x000000000000000f | 16          | 16 2 0 0 0 2 2 2 2 0 0 0 3 6 3 16 2 0 0 2 2 0 0 0 0 0 0 0 0 0 0 0               |
 ├────────────────────┼─────────────┼─────────────────────────────────────────────────────────────────────────────────┤
 | 0x0000000000000010 | 14          | 29 0 0 0 0 1 0 0 0 0 0 1 0 2 7 11 29 4 3 1 1 0 0 1 0 0 0 0 0 0 0 0              |
 ├────────────────────┼─────────────┼─────────────────────────────────────────────────────────────────────────────────┤
 | 0x0000000000000011 | 9           | 29 0 13 0 0 0 0 2 14 13 0 0 0 0 2 0 15 29 0 0 2 2 0 0 0 0 0 0 2 2 0 0           |
 ├────────────────────┼─────────────┼─────────────────────────────────────────────────────────────────────────────────┤
 | 0x0000000000000012 | 12          | 20 0 0 0 9 9 9 0 0 0 0 9 9 0 1 1 2 7 20 15 9 6 0 0 6 0 0 0 0 0 0 0              |
 ├────────────────────┼─────────────┼─────────────────────────────────────────────────────────────────────────────────┤
 | 0x0000000000000013 | 14          | 27 6 0 19 19 6 6 6 6 0 0 19 25 6 0 6 0 0 0 27 6 0 0 0 0 0 0 0 0 0 0 0           |
 ├────────────────────┼─────────────┼─────────────────────────────────────────────────────────────────────────────────┤
 | 0x0000000000000014 | 11          | 29 14 24 0 0 14 14 14 12 0 0 26 15 14 0 13 0 0 0 12 29 1 0 0 0 0 0 0 0 0 0 0    |
 ├────────────────────┼─────────────┼─────────────────────────────────────────────────────────────────────────────────┤
 | 0x0000000000000015 | 22          | 23 8 8 0 7 0 8 0 0 0 8 8 7 0 0 0 8 8 8 0 7 23 8 0 0 0 0 0 0 0 0 0               |
 ├────────────────────┼─────────────┼─────────────────────────────────────────────────────────────────────────────────┤
 | 0x0000000000000016 | 21          | 24 0 0 0 1 0 0 0 0 0 0 0 1 1 0 0 0 0 0 0 6 7 24 4 4 0 0 0 1 0 0 0               |
 ├────────────────────┼─────────────┼─────────────────────────────────────────────────────────────────────────────────┤
 | 0x0000000000000017 | 22          | 23 0 4 5 5 5 5 0 0 5 5 0 0 0 5 6 5 0 0 0 0 0 6 23 6 0 0 0 0 2 0 0               |
 ├────────────────────┼─────────────┼─────────────────────────────────────────────────────────────────────────────────┤
 | 0x0000000000000018 | 25          | 20 0 4 3 3 3 0 5 8 6 2 0 3 2 2 0 3 4 0 3 3 0 0 2 20 14 0 3 0 0 0 3              |
 ├────────────────────┼─────────────┼─────────────────────────────────────────────────────────────────────────────────┤
 | 0x0000000000000019 | 26          | 30 6 0 0 3 3 3 2 6 6 6 0 0 0 15 9 9 0 0 9 9 12 11 1 4 30 22 12 3 0 0 3          |
 ├────────────────────┼─────────────┼─────────────────────────────────────────────────────────────────────────────────┤
 | 0x000000000000001a | 25          | 27 6 0 3 7 13 12 5 7 7 1 7 13 9 5 0 8 7 13 13 7 11 6 1 1 9 27 14 8 0 0 1        |
 ├────────────────────┼─────────────┼─────────────────────────────────────────────────────────────────────────────────┤
 | 0x000000000000001b | 28          | 30 10 10 9 9 8 3 3 9 1 9 14 8 4 7 7 1 1 11 16 18 3 0 0 0 0 14 30 19 3 0 1       |
 ├────────────────────┼─────────────┼─────────────────────────────────────────────────────────────────────────────────┤
 | 0x000000000000001c | 27          | 16 2 3 5 5 3 1 3 5 4 6 2 2 3 5 5 0 0 1 2 7 10 7 1 0 0 0 5 16 8 1 0              |
 ├────────────────────┼─────────────┼─────────────────────────────────────────────────────────────────────────────────┤
 | 0x000000000000001d | 28          | 19 4 6 6 0 0 1 3 7 6 5 6 6 0 1 4 5 0 0 0 3 4 7 3 2 2 0 0 4 19 13 0              |
 ├────────────────────┼─────────────┼─────────────────────────────────────────────────────────────────────────────────┤
 | 0x000000000000001e | 29          | 27 18 12 5 0 0 0 5 14 14 9 0 0 6 6 14 14 6 0 7 7 7 6 0 0 5 7 2 0 14 27 12       |
 ├────────────────────┼─────────────┼─────────────────────────────────────────────────────────────────────────────────┤
 | 0x000000000000001f | 27          | 21 1 1 4 14 14 4 2 3 3 8 8 8 3 8 4 6 10 6 7 7 6 5 7 10 8 9 8 2 0 0 21           |
 └────────────────────┴─────────────┴─────────────────────────────────────────────────────────────────────────────────┘
Offset pattern table end
PC pattern table begin
 ┌────────────────────┬─────────────┬───────────────────────────────────────────────┐
 | Key                | Second      | Pattern                                       |
 ├────────────────────┼─────────────┼───────────────────────────────────────────────┤
 | 0x0000000000000000 | 23          | 17 1 0 0 1 1 1 1 3 1 2 3 1 1 3 2              |
 ├────────────────────┼─────────────┼───────────────────────────────────────────────┤
 | 0x0000000000000001 | 1           | 19 6 6 6 10 10 5 9 6 7 9 6 3 9 10 5           |
 ├────────────────────┼─────────────┼───────────────────────────────────────────────┤
 | 0x0000000000000002 | 24          | 17 0 0 0 1 1 0 2 3 3 3 2 2 1 1 1              |
 ├────────────────────┼─────────────┼───────────────────────────────────────────────┤
 | 0x0000000000000004 | 14          | 16 2 1 2 3 2 1 0 0 0 2 4 3 2 1 0              |
 ├────────────────────┼─────────────┼───────────────────────────────────────────────┤
 | 0x0000000000000005 | 11          | 22 0 0 0 0 0 0 1 18 18 18 2 21 0 0 0          |
 ├────────────────────┼─────────────┼───────────────────────────────────────────────┤
 | 0x0000000000000006 | 1           | 18 2 2 2 3 2 1 1 1 1 1 1 2 2 1 0              |
 ├────────────────────┼─────────────┼───────────────────────────────────────────────┤
 | 0x0000000000000007 | 18          | 1 0 0 0 0 0 0 0 1 1 1 0 1 0 0 0               |
 ├────────────────────┼─────────────┼───────────────────────────────────────────────┤
 | 0x0000000000000008 | 31          | 16 7 4 5 5 7 5 5 1 7 11 1 2 3 3 0             |
 ├────────────────────┼─────────────┼───────────────────────────────────────────────┤
 | 0x0000000000000009 | 13          | 21 15 2 20 20 2 15 15 2 2 15 12 8 15 15 2     |
 ├────────────────────┼─────────────┼───────────────────────────────────────────────┤
 | 0x000000000000000a | 25          | 31 6 0 0 0 3 8 0 0 3 3 0 15 3 7 0             |
 ├────────────────────┼─────────────┼───────────────────────────────────────────────┤
 | 0x000000000000000b | 14          | 25 9 10 7 9 11 9 9 7 8 12 9 5 9 13 6          |
 ├────────────────────┼─────────────┼───────────────────────────────────────────────┤
 | 0x000000000000000c | 27          | 27 1 14 13 9 23 14 9 9 23 23 0 0 23 18 26     |
 ├────────────────────┼─────────────┼───────────────────────────────────────────────┤
 | 0x000000000000000d | 29          | 2 0 0 0 0 0 0 0 1 1 1 0 1 0 1 1               |
 ├────────────────────┼─────────────┼───────────────────────────────────────────────┤
 | 0x000000000000000e | 24          | 25 0 0 0 0 0 0 1 3 3 3 0 24 0 0 0             |
 ├────────────────────┼─────────────┼───────────────────────────────────────────────┤
 | 0x000000000000000f | 19          | 4 0 0 0 0 0 0 0 4 4 4 0 4 0 0 0               |
 ├────────────────────┼─────────────┼───────────────────────────────────────────────┤
 | 0x0000000000000010 | 26          | 29 1 7 8 0 0 0 0 0 0 0 7 7 7 15 4             |
 ├────────────────────┼─────────────┼───────────────────────────────────────────────┤
 | 0x0000000000000011 | 4           | 27 0 0 0 0 8 8 0 0 5 19 2 9 0 0 0             |
 ├────────────────────┼─────────────┼───────────────────────────────────────────────┤
 | 0x0000000000000012 | 17          | 27 0 0 0 20 21 0 20 24 24 23 1 3 20 0 21      |
 ├────────────────────┼─────────────┼───────────────────────────────────────────────┤
 | 0x0000000000000013 | 27          | 30 20 0 0 0 25 0 0 0 22 22 0 4 22 22 0        |
 ├────────────────────┼─────────────┼───────────────────────────────────────────────┤
 | 0x0000000000000014 | 18          | 19 1 2 2 2 3 3 1 4 4 2 1 4 2 1 1              |
 ├────────────────────┼─────────────┼───────────────────────────────────────────────┤
 | 0x0000000000000015 | 20          | 20 0 0 0 0 0 0 1 19 19 17 0 17 0 0 0          |
 ├────────────────────┼─────────────┼───────────────────────────────────────────────┤
 | 0x0000000000000016 | 13          | 25 7 4 9 10 3 14 7 1 3 8 6 0 6 9 1            |
 ├────────────────────┼─────────────┼───────────────────────────────────────────────┤
 | 0x0000000000000017 | 22          | 20 6 7 3 6 9 7 6 5 6 6 5 4 6 8 4              |
 ├────────────────────┼─────────────┼───────────────────────────────────────────────┤
 | 0x0000000000000018 | 3           | 19 0 0 0 0 0 0 0 18 0 0 18 18 18 0 0          |
 ├────────────────────┼─────────────┼───────────────────────────────────────────────┤
 | 0x0000000000000019 | 20          | 21 1 0 3 2 0 5 2 4 2 4 3 3 3 1 3              |
 ├────────────────────┼─────────────┼───────────────────────────────────────────────┤
 | 0x000000000000001a | 3           | 30 12 4 3 5 13 4 4 4 11 12 4 7 12 12 5        |
 ├────────────────────┼─────────────┼───────────────────────────────────────────────┤
 | 0x000000000000001b | 16          | 19 0 1 1 0 1 2 2 1 1 1 1 3 1 6 7              |
 ├────────────────────┼─────────────┼───────────────────────────────────────────────┤
 | 0x000000000000001c | 5           | 18 0 0 0 0 0 1 0 1 2 3 0 3 0 8 8              |
 ├────────────────────┼─────────────┼───────────────────────────────────────────────┤
 | 0x000000000000001d | 27          | 28 23 23 0 23 23 23 23 23 23 23 0 3 23 23 23  |
 ├────────────────────┼─────────────┼───────────────────────────────────────────────┤
 | 0x000000000000001e | 20          | 31 2 1 1 1 1 1 2 8 7 7 0 7 0 8 18             |
 ├────────────────────┼─────────────┼───────────────────────────────────────────────┤
 | 0x000000000000001f | 19          | 10 0 0 0 0 0 0 0 9 10 10 0 10 0 0 0           |
 └────────────────────┴─────────────┴───────────────────────────────────────────────┘
PC pattern table end
Prefetch buffer begin
 ┌────────────────────┬──────────────────────────────────────────────────────────────────┐
 | Region             | Pattern                                                          |
 ├────────────────────┼──────────────────────────────────────────────────────────────────┤
 | 0x0000000000000401 | 2 2 2 2 2 2 0 0 0 0 0 0 0 0 0 0 0 0 0 2 2 2 2 2 2 2 2 2 2 2 2 2  |
 ├────────────────────┼──────────────────────────────────────────────────────────────────┤
 | 0x00000000000003e2 | 2 2 2 2 2 2 2 2 0 0 0 0 0 0 0 0 0 0 0 0 0 2 2 2 2 2 2 2 2 2 2 2  |
 ├────────────────────┼──────────────────────────────────────────────────────────────────┤
 | 0x000000000000026e | 2 2 2 2 2 2 2 2 0 0 0 0 0 0 0 0 0 0 0 0 0 0 0 0 0 0 0 0 0 0 0 0  |
 ├────────────────────┼──────────────────────────────────────────────────────────────────┤
 | 0x0000000000000415 | 2 2 0 0 0 0 0 0 0 0 0 0 0 0 0 0 2 2 2 2 2 2 2 2 2 2 2 2 2 2 2 2  |
 ├────────────────────┼──────────────────────────────────────────────────────────────────┤
 | 0x0000000000000451 | 0 0 0 0 0 0 0 0 0 0 0 0 0 0 0 0 2 2 2 2 2 2 2 2 2 2 2 2 2 2 2 2  |
 ├────────────────────┼──────────────────────────────────────────────────────────────────┤
 | 0x0000000000000384 | 0 0 0 0 0 0 0 0 0 0 0 0 0 2 2 2 2 2 2 2 2 2 2 2 2 2 2 2 2 2 2 2  |
 ├────────────────────┼──────────────────────────────────────────────────────────────────┤
 | 0x00000000000003c5 | 2 2 2 2 2 2 2 2 2 2 2 2 0 0 0 0 0 0 0 0 0 0 0 2 2 2 2 2 2 2 2 2  |
 ├────────────────────┼──────────────────────────────────────────────────────────────────┤
 | 0x000000000000044e | 2 2 2 2 2 2 2 2 2 2 2 2 2 2 2 2 2 2 2 2 0 0 0 0 0 0 0 0 0 0 0 0  |
 ├────────────────────┼──────────────────────────────────────────────────────────────────┤
 | 0x000000000000041e | 2 2 2 0 0 0 0 0 0 0 0 0 2 2 2 2 2 2 2 2 2 2 2 2 2 2 2 2 2 2 2 2  |
 ├────────────────────┼──────────────────────────────────────────────────────────────────┤
 | 0x0000000000000361 | 2 2 2 2 0 0 0 0 0 0 0 0 0 0 0 0 2 1 1 2 2 2 2 2 2 2 2 2 2 2 2 2  |
 ├────────────────────┼──────────────────────────────────────────────────────────────────┤
 | 0x0000000000000385 | 0 0 0 0 0 0 0 0 0 0 0 0 0 0 0 0 0 0 0 0 0 0 0 0 2 2 2 2 2 2 2 2  |
 ├────────────────────┼──────────────────────────────────────────────────────────────────┤
 | 0x0000000000000274 | 2 2 0 0 2 0 0 0 0 0 0 0 0 0 0 0 0 0 0 0 0 0 0 0 0 0 0 0 0 0 0 0  |
 ├────────────────────┼──────────────────────────────────────────────────────────────────┤
 | 0x00000000000089dd | 0 0 0 0 0 0 0 0 0 0 0 0 0 0 0 0 0 0 0 0 0 0 0 0 0 0 0 2 0 0 0 0  |
 ├────────────────────┼──────────────────────────────────────────────────────────────────┤
 | 0x00000000000003c4 | 2 2 2 2 2 2 2 2 2 2 2 2 2 2 2 2 2 2 2 2 2 0 0 0 0 0 0 0 0 0 0 2  |
 ├────────────────────┼──────────────────────────────────────────────────────────────────┤
 | 0x00000000000003e3 | 0 0 0 0 0 0 0 0 0 0 0 0 2 2 2 2 2 2 0 0 0 0 0 0 0 0 0 0 0 0 2 2  |
 ├────────────────────┼──────────────────────────────────────────────────────────────────┤
 | 0x0000000000006d18 | 2 2 0 0 0 2 2 2 0 0 0 0 0 0 0 0 0 0 0 0 0 0 0 0 0 0 0 0 0 0 0 0  |
 ├────────────────────┼──────────────────────────────────────────────────────────────────┤
 | 0x0000000000000453 | 2 2 2 2 2 0 0 0 0 0 0 0 0 0 2 2 0 0 0 0 0 0 0 0 0 0 0 0 0 0 0 0  |
 ├────────────────────┼──────────────────────────────────────────────────────────────────┤
 | 0x0000000000000460 | 0 0 0 0 0 0 0 0 0 0 0 0 0 0 0 0 0 0 0 0 0 0 0 0 0 2 2 2 2 2 2 2  |
 ├────────────────────┼──────────────────────────────────────────────────────────────────┤
 | 0x000000000000037c | 0 0 0 0 0 0 0 0 0 0 0 0 2 2 2 2 0 0 0 0 0 0 0 0 0 0 0 0 2 2 2 2  |
 ├────────────────────┼──────────────────────────────────────────────────────────────────┤
 | 0x0000000000000398 | 0 0 0 0 0 0 0 0 0 0 0 0 2 2 2 0 0 0 0 0 0 0 0 0 0 0 0 0 2 2 2 2  |
 ├────────────────────┼──────────────────────────────────────────────────────────────────┤
 | 0x00000000000003ae | 2 2 2 2 2 2 2 2 2 2 2 2 2 2 2 2 2 2 2 2 0 0 0 0 0 0 0 0 0 0 0 0  |
 ├────────────────────┼──────────────────────────────────────────────────────────────────┤
 | 0x000000000000874c | 0 0 0 0 0 0 0 0 0 0 0 0 0 0 0 0 0 0 0 0 0 0 0 0 0 0 0 2 2 0 0 2  |
 ├────────────────────┼──────────────────────────────────────────────────────────────────┤
 | 0x0000000000008374 | 2 2 0 2 0 0 2 0 0 0 0 0 0 0 0 0 0 0 0 0 0 0 0 0 0 0 0 0 0 0 0 0  |
 ├────────────────────┼──────────────────────────────────────────────────────────────────┤
 | 0x000000000000032d | 2 2 2 2 2 2 2 2 0 0 0 0 0 0 0 0 0 0 0 0 0 0 0 0 0 0 0 0 0 0 0 0  |
 ├────────────────────┼──────────────────────────────────────────────────────────────────┤
 | 0x0000000000000399 | 2 2 2 2 2 2 0 0 0 0 0 0 0 0 0 0 2 2 0 0 0 0 0 0 0 0 0 0 0 0 0 0  |
 ├────────────────────┼──────────────────────────────────────────────────────────────────┤
 | 0x00000000000003c3 | 0 0 0 0 0 0 0 0 0 0 0 0 0 0 0 0 0 0 0 0 0 0 0 0 0 2 2 2 2 2 2 2  |
 ├────────────────────┼──────────────────────────────────────────────────────────────────┤
 | 0x000000000000654e | 2 2 2 0 0 0 0 0 0 0 2 2 2 2 2 2 0 0 2 2 2 2 0 0 0 0 2 2 2 2 0 0  |
 ├────────────────────┼──────────────────────────────────────────────────────────────────┤
 | 0x00000000000069ed | 0 2 0 0 0 0 0 0 0 0 0 0 0 0 2 2 2 0 0 2 2 2 2 0 0 0 0 2 2 2 2 0  |
 ├────────────────────┼──────────────────────────────────────────────────────────────────┤
 | 0x00000000000085e0 | 0 0 0 2 0 2 2 2 2 0 0 2 2 2 2 2 2 0 0 0 0 2 2 2 0 0 0 0 2 2 2 2  |
 ├────────────────────┼──────────────────────────────────────────────────────────────────┤
 | 0x0000000000007281 | 2 2 0 2 2 2 0 2 2 2 0 0 0 0 0 0 0 0 0 0 0 2 2 0 0 2 2 2 2 0 0 2  |
 └────────────────────┴──────────────────────────────────────────────────────────────────┘
Prefetch buffer end
Filter by PPT: 0
Prefetch Request to L1: 258687, Prefetch Request to L2: 12654875
Invalid by Eviction: 108741
Invalid by Max: 45459
Final L1D Threshold: 0.901
Final Demand Reserve: 25.0%

╔═══════════════════════════════════════╗
║       CLIP Filter Statistics         ║
╚═══════════════════════════════════════╝
[CLIP CPU0 Stats]
  Total candidates:        1508072
  Prefetches issued:       750200 (49.8%)
  Dropped (not critical):  757872 (50.3%)
  Dropped (low accuracy):  0 (0.0%)
  Critical loads detected: 34709503
  Phase changes:           0

Filter table begin
 ┌────────────────────┬─────────────┐
 | Region             | Offset      |
 ├────────────────────┼─────────────┤
 | 0x0000000000007175 | 0           |
 ├────────────────────┼─────────────┤
 | 0x0000000000005e22 | 0           |
 ├────────────────────┼─────────────┤
 | 0x0000000000005fc1 | 31          |
 ├────────────────────┼─────────────┤
 | 0x00000000000002dd | 26          |
 ├────────────────────┼─────────────┤
 | 0x000000000000754c | 0           |
 ├────────────────────┼─────────────┤
 | 0x000000000000779c | 31          |
 ├────────────────────┼─────────────┤
 | 0x0000000000008269 | 31          |
 ├────────────────────┼─────────────┤
 | 0x00000000000080b3 | 31          |
 └────────────────────┴─────────────┘
Filter table end
Accumulation table begin
 ┌────────────────────┬─────────────┬─────────────┬──────────────────────────────────────────────────────────────────┐
 | Region             | Offset      | Second      | Pattern                                                          |
 ├────────────────────┼─────────────┼─────────────┼──────────────────────────────────────────────────────────────────┤
 | 0x00000000000020ba | 23          | 24          | 1 0 1 1 0 1 1 0 1 1 0 1 1 0 1 1 0 1 1 0 1 1 0 1 1 0 1 1 0 1 1 0  |
 ├────────────────────┼─────────────┼─────────────┼──────────────────────────────────────────────────────────────────┤
 | 0x00000000000020c8 | 9           | 10          | 1 1 0 1 1 0 1 1 0 1 1 0 1 1 0 1 1 0 1 1 0 1 1 0 1 1 0 1 1 0 1 1  |
 ├────────────────────┼─────────────┼─────────────┼──────────────────────────────────────────────────────────────────┤
 | 0x00000000000020d3 | 31          | 29          | 1 1 0 1 1 1 1 1 1 1 1 1 1 1 1 0 1 1 1 1 1 1 1 1 1 1 1 1 0 1 1 1  |
 ├────────────────────┼─────────────┼─────────────┼──────────────────────────────────────────────────────────────────┤
 | 0x00000000000020bc | 31          | 29          | 1 1 1 1 1 1 1 1 1 1 1 1 0 1 1 1 1 1 1 1 1 1 1 1 1 0 1 1 1 1 1 1  |
 ├────────────────────┼─────────────┼─────────────┼──────────────────────────────────────────────────────────────────┤
 | 0x00000000000020d5 | 30          | 26          | 1 0 1 1 0 1 1 0 1 1 0 1 1 0 1 1 0 1 1 0 1 1 0 1 1 0 1 1 0 1 1 0  |
 ├────────────────────┼─────────────┼─────────────┼──────────────────────────────────────────────────────────────────┤
 | 0x00000000000020d9 | 28          | 21          | 0 0 0 0 0 0 0 0 0 0 0 0 0 0 0 0 0 1 1 1 1 1 0 0 0 0 0 0 1 0 0 1  |
 ├────────────────────┼─────────────┼─────────────┼──────────────────────────────────────────────────────────────────┤
 | 0x00000000000020bf | 31          | 25          | 0 1 1 0 1 1 0 1 1 0 1 1 0 1 1 0 1 1 0 1 1 0 1 1 0 1 1 0 1 1 0 1  |
 ├────────────────────┼─────────────┼─────────────┼──────────────────────────────────────────────────────────────────┤
 | 0x00000000000020c1 | 30          | 29          | 1 1 1 1 1 0 1 1 1 1 1 1 1 1 1 1 1 1 0 1 1 1 1 1 1 1 1 1 1 1 1 0  |
 ├────────────────────┼─────────────┼─────────────┼──────────────────────────────────────────────────────────────────┤
 | 0x00000000000020c2 | 19          | 14          | 0 1 1 0 1 1 0 1 1 0 1 1 0 1 1 0 1 1 0 1 1 0 1 1 0 1 1 0 1 1 0 1  |
 ├────────────────────┼─────────────┼─────────────┼──────────────────────────────────────────────────────────────────┤
 | 0x00000000000020c4 | 29          | 30          | 1 0 1 1 0 1 1 0 1 1 0 1 1 0 1 1 0 1 1 0 1 1 0 1 1 0 1 1 0 1 1 0  |
 ├────────────────────┼─────────────┼─────────────┼──────────────────────────────────────────────────────────────────┤
 | 0x00000000000020ce | 29          | 30          | 1 0 1 1 0 1 1 0 1 1 0 1 1 0 1 1 0 1 1 0 1 1 0 1 1 0 1 1 0 1 1 0  |
 ├────────────────────┼─────────────┼─────────────┼──────────────────────────────────────────────────────────────────┤
 | 0x00000000000020c7 | 31          | 29          | 1 1 1 1 0 1 1 1 1 1 1 1 1 1 1 1 1 0 1 1 1 1 1 1 1 1 1 1 1 1 0 1  |
 ├────────────────────┼─────────────┼─────────────┼──────────────────────────────────────────────────────────────────┤
 | 0x00000000000020cd | 30          | 31          | 1 1 1 0 1 1 1 1 1 1 1 1 1 1 1 1 0 1 1 1 1 1 1 1 1 1 1 1 1 0 1 1  |
 ├────────────────────┼─────────────┼─────────────┼──────────────────────────────────────────────────────────────────┤
 | 0x00000000000020d6 | 26          | 27          | 0 0 0 0 0 0 0 0 0 0 0 0 0 0 1 0 0 1 1 0 0 1 0 1 1 0 1 1 0 0 0 0  |
 ├────────────────────┼─────────────┼─────────────┼──────────────────────────────────────────────────────────────────┤
 | 0x00000000000020cb | 29          | 30          | 1 0 1 1 0 1 1 0 1 1 0 1 1 0 1 1 0 1 1 0 1 1 0 1 1 0 1 1 0 1 1 0  |
 ├────────────────────┼─────────────┼─────────────┼──────────────────────────────────────────────────────────────────┤
 | 0x00000000000020d0 | 31          | 30          | 1 1 0 1 1 0 1 1 0 1 1 0 1 1 0 1 1 0 1 1 0 1 1 0 1 1 0 1 1 0 1 1  |
 ├────────────────────┼─────────────┼─────────────┼──────────────────────────────────────────────────────────────────┤
 | 0x00000000000020c9 | 31          | 28          | 0 1 1 0 1 1 0 1 1 0 1 1 0 1 1 0 1 1 0 1 1 0 1 1 0 1 1 0 1 1 0 1  |
 ├────────────────────┼─────────────┼─────────────┼──────────────────────────────────────────────────────────────────┤
 | 0x00000000000020d2 | 30          | 31          | 0 0 0 1 1 1 1 1 0 1 1 1 1 1 1 1 1 1 1 1 1 0 1 1 1 1 1 1 1 1 1 1  |
 ├────────────────────┼─────────────┼─────────────┼──────────────────────────────────────────────────────────────────┤
 | 0x00000000000020ca | 31          | 25          | 0 1 1 0 1 1 0 1 1 0 1 1 0 1 1 0 1 1 0 1 1 0 1 1 0 1 1 0 1 1 0 1  |
 ├────────────────────┼─────────────┼─────────────┼──────────────────────────────────────────────────────────────────┤
 | 0x00000000000020d4 | 31          | 28          | 0 1 1 0 1 1 0 1 1 0 1 1 0 1 1 0 1 1 0 1 1 0 1 1 0 1 1 0 1 1 0 1  |
 ├────────────────────┼─────────────┼─────────────┼──────────────────────────────────────────────────────────────────┤
 | 0x00000000000020b8 | 31          | 28          | 0 1 1 0 1 1 0 1 1 0 1 1 0 1 1 0 1 1 0 1 1 0 1 1 0 1 1 0 1 1 0 1  |
 ├────────────────────┼─────────────┼─────────────┼──────────────────────────────────────────────────────────────────┤
 | 0x00000000000020d7 | 30          | 31          | 0 0 0 0 0 0 0 0 0 0 0 0 0 0 0 1 0 0 1 0 0 1 1 0 1 1 0 1 1 0 1 1  |
 ├────────────────────┼─────────────┼─────────────┼──────────────────────────────────────────────────────────────────┤
 | 0x00000000000020be | 30          | 28          | 1 1 0 1 1 0 1 1 0 1 1 0 1 1 0 1 1 0 1 1 0 1 1 0 1 1 0 1 1 0 1 1  |
 ├────────────────────┼─────────────┼─────────────┼──────────────────────────────────────────────────────────────────┤
 | 0x00000000000020c0 | 31          | 30          | 1 1 1 1 1 1 1 1 1 1 1 0 1 1 1 1 1 1 1 1 1 1 1 1 0 1 1 1 1 1 1 1  |
 ├────────────────────┼─────────────┼─────────────┼──────────────────────────────────────────────────────────────────┤
 | 0x00000000000020cf | 30          | 31          | 1 1 0 1 1 0 1 1 0 1 1 0 1 1 0 1 1 0 1 1 0 1 1 0 1 1 0 1 1 0 1 1  |
 ├────────────────────┼─────────────┼─────────────┼──────────────────────────────────────────────────────────────────┤
 | 0x00000000000020c3 | 29          | 30          | 1 0 1 1 0 1 1 0 1 1 0 1 1 0 1 1 0 1 1 0 1 1 0 1 1 0 1 1 0 1 1 0  |
 ├────────────────────┼─────────────┼─────────────┼──────────────────────────────────────────────────────────────────┤
 | 0x00000000000020bd | 31          | 30          | 1 1 1 1 1 1 0 1 1 1 1 1 1 1 1 1 1 1 1 0 1 1 1 1 1 1 1 1 1 1 1 1  |
 ├────────────────────┼─────────────┼─────────────┼──────────────────────────────────────────────────────────────────┤
 | 0x00000000000020c5 | 31          | 30          | 1 1 0 1 1 0 1 1 0 1 1 0 1 1 0 1 1 0 1 1 0 1 1 0 1 1 0 1 1 0 1 1  |
 ├────────────────────┼─────────────┼─────────────┼──────────────────────────────────────────────────────────────────┤
 | 0x00000000000020c6 | 27          | 26          | 1 1 1 1 1 1 1 1 1 1 0 1 1 1 1 1 1 1 1 1 1 1 1 0 1 1 1 1 1 1 1 1  |
 ├────────────────────┼─────────────┼─────────────┼──────────────────────────────────────────────────────────────────┤
 | 0x00000000000020cc | 31          | 30          | 1 1 1 1 1 1 1 1 1 0 1 1 1 1 1 1 1 1 1 1 1 1 0 1 1 1 1 1 1 1 1 1  |
 ├────────────────────┼─────────────┼─────────────┼──────────────────────────────────────────────────────────────────┤
 | 0x00000000000020d1 | 16          | 10          | 0 1 1 0 1 1 0 1 1 0 1 1 0 1 1 0 1 1 0 1 1 0 1 1 0 1 1 0 1 1 0 1  |
 └────────────────────┴─────────────┴─────────────┴──────────────────────────────────────────────────────────────────┘
Accumulation table end
Offset pattern table begin
 ┌────────────────────┬─────────────┬──────────────────────────────────────────────────────────────────────────────────────────────────┐
 | Key                | Second      | Pattern                                                                                          |
 ├────────────────────┼─────────────┼──────────────────────────────────────────────────────────────────────────────────────────────────┤
 | 0x0000000000000000 | 5           | 24 21 21 11 11 13 13 12 12 10 10 7 7 9 9 9 10 8 8 2 2 1 2 3 4 4 4 3 3 3 3 3                      |
 ├────────────────────┼─────────────┼──────────────────────────────────────────────────────────────────────────────────────────────────┤
 | 0x0000000000000001 | 2           | 31 31 26 2 10 8 2 9 9 3 10 8 1 8 8 2 9 9 2 8 7 0 8 7 1 8 8 1 8 8 1 8                             |
 ├────────────────────┼─────────────┼──────────────────────────────────────────────────────────────────────────────────────────────────┤
 | 0x0000000000000002 | 1           | 16 15 16 0 0 0 0 0 0 0 0 0 0 0 0 5 4 1 1 0 0 0 0 0 0 0 0 0 0 0 0 0                               |
 ├────────────────────┼─────────────┼──────────────────────────────────────────────────────────────────────────────────────────────────┤
 | 0x0000000000000003 | 2           | 26 11 13 26 20 3 11 10 3 11 10 2 11 10 3 11 10 3 11 9 3 11 9 3 10 10 3 11 10 3 11 10             |
 ├────────────────────┼─────────────┼──────────────────────────────────────────────────────────────────────────────────────────────────┤
 | 0x0000000000000004 | 3           | 26 0 8 24 26 5 5 3 3 2 3 2 2 2 2 1 1 1 1 1 1 1 1 0 0 0 0 1 1 0 0 0                               |
 ├────────────────────┼─────────────┼──────────────────────────────────────────────────────────────────────────────────────────────────┤
 | 0x0000000000000005 | 6           | 18 4 8 6 8 18 14 3 7 5 3 6 4 2 6 5 3 6 5 3 6 5 3 6 5 2 6 5 3 6 5 3                               |
 ├────────────────────┼─────────────┼──────────────────────────────────────────────────────────────────────────────────────────────────┤
 | 0x0000000000000006 | 5           | 26 0 3 3 12 25 26 6 7 4 3 2 2 0 2 2 1 3 3 0 1 1 1 1 1 0 1 1 0 2 2 0                              |
 ├────────────────────┼─────────────┼──────────────────────────────────────────────────────────────────────────────────────────────────┤
 | 0x0000000000000007 | 6           | 29 14 11 6 16 11 10 29 24 4 12 8 4 12 8 4 11 8 4 11 8 4 11 8 4 11 8 3 11 7 3 11                  |
 ├────────────────────┼─────────────┼──────────────────────────────────────────────────────────────────────────────────────────────────┤
 | 0x0000000000000008 | 7           | 20 0 0 0 0 0 6 18 20 3 3 0 0 0 0 0 0 0 0 0 0 0 0 0 0 0 0 0 0 0 0 0                               |
 ├────────────────────┼─────────────┼──────────────────────────────────────────────────────────────────────────────────────────────────┤
 | 0x0000000000000009 | 8           | 19 8 2 10 8 3 10 9 5 19 16 2 9 8 2 9 7 1 9 7 1 9 7 1 9 7 1 9 7 1 9 7                             |
 ├────────────────────┼─────────────┼──────────────────────────────────────────────────────────────────────────────────────────────────┤
 | 0x000000000000000a | 9           | 24 2 2 0 2 2 1 3 13 21 24 3 1 2 2 0 2 2 0 2 2 0 2 2 0 2 2 0 2 2 0 2                              |
 ├────────────────────┼─────────────┼──────────────────────────────────────────────────────────────────────────────────────────────────┤
 | 0x000000000000000b | 10          | 17 2 12 10 3 12 10 3 12 10 5 17 13 2 11 9 1 11 9 1 11 9 1 11 9 1 11 9 1 11 9 1                   |
 ├────────────────────┼─────────────┼──────────────────────────────────────────────────────────────────────────────────────────────────┤
 | 0x000000000000000c | 11          | 19 4 1 5 4 1 5 4 1 5 9 14 19 6 3 6 5 2 7 4 1 5 4 1 5 4 1 5 4 1 5 4                               |
 ├────────────────────┼─────────────┼──────────────────────────────────────────────────────────────────────────────────────────────────┤
 | 0x000000000000000d | 12          | 25 17 15 3 18 16 3 18 16 3 18 15 6 25 21 2 15 13 2 15 13 2 15 13 2 15 13 2 15 13 2 15            |
 ├────────────────────┼─────────────┼──────────────────────────────────────────────────────────────────────────────────────────────────┤
 | 0x000000000000000e | 13          | 31 0 1 0 0 1 0 0 1 0 0 1 12 29 31 1 1 1 0 0 1 0 0 1 0 0 1 0 0 1 0 0                              |
 ├────────────────────┼─────────────┼──────────────────────────────────────────────────────────────────────────────────────────────────┤
 | 0x000000000000000f | 14          | 20 12 3 16 12 3 16 12 3 16 12 3 16 12 4 20 16 3 16 12 3 16 12 3 16 12 3 16 12 3 16 12            |
 ├────────────────────┼─────────────┼──────────────────────────────────────────────────────────────────────────────────────────────────┤
 | 0x0000000000000010 | 15          | 19 2 2 0 2 2 0 2 2 0 2 2 0 2 5 17 19 3 1 2 2 0 2 2 0 2 2 0 2 2 0 2                               |
 ├────────────────────┼─────────────┼──────────────────────────────────────────────────────────────────────────────────────────────────┤
 | 0x0000000000000011 | 16          | 18 4 17 14 4 17 15 3 17 15 4 17 15 4 17 15 3 18 15 4 17 15 4 17 15 3 17 15 4 16 15 4             |
 ├────────────────────┼─────────────┼──────────────────────────────────────────────────────────────────────────────────────────────────┤
 | 0x0000000000000012 | 17          | 25 3 2 5 3 3 6 3 2 5 4 4 7 4 4 7 11 22 25 4 3 5 4 2 4 3 2 5 3 2 5 5                              |
 ├────────────────────┼─────────────┼──────────────────────────────────────────────────────────────────────────────────────────────────┤
 | 0x0000000000000013 | 18          | 20 13 11 3 13 11 3 13 11 3 12 11 3 13 11 3 14 12 7 20 17 3 13 10 3 13 11 3 13 11 3 13            |
 ├────────────────────┼─────────────┼──────────────────────────────────────────────────────────────────────────────────────────────────┤
 | 0x0000000000000014 | 19          | 30 4 8 5 4 8 5 4 8 4 4 8 5 4 8 5 4 8 6 9 30 21 21 9 6 21 25 5 5 9 5 4                            |
 ├────────────────────┼─────────────┼──────────────────────────────────────────────────────────────────────────────────────────────────┤
 | 0x0000000000000015 | 22          | 24 7 3 8 7 4 8 7 4 7 7 4 7 7 4 7 7 4 8 7 18 24 21 3 8 19 16 8 6 3 8 7                            |
 ├────────────────────┼─────────────┼──────────────────────────────────────────────────────────────────────────────────────────────────┤
 | 0x0000000000000016 | 21          | 30 12 9 3 12 9 6 12 9 6 12 9 6 12 9 6 9 9 7 14 17 22 30 13 10 18 15 7 14 9 8 14                  |
 ├────────────────────┼─────────────┼──────────────────────────────────────────────────────────────────────────────────────────────────┤
 | 0x0000000000000017 | 24          | 29 9 27 21 9 27 22 10 26 21 10 26 22 10 26 22 9 26 23 10 27 21 11 29 23 10 27 21 10 26 21 10     |
 ├────────────────────┼─────────────┼──────────────────────────────────────────────────────────────────────────────────────────────────┤
 | 0x0000000000000018 | 23          | 18 7 3 9 7 3 9 7 3 9 7 3 8 7 3 8 7 3 9 8 4 9 11 12 18 9 5 10 8 4 10 8                            |
 ├────────────────────┼─────────────┼──────────────────────────────────────────────────────────────────────────────────────────────────┤
 | 0x0000000000000019 | 24          | 31 28 22 17 29 23 17 29 20 18 28 21 18 27 22 17 28 23 18 29 23 16 30 22 17 31 21 17 28 22 18 29  |
 ├────────────────────┼─────────────┼──────────────────────────────────────────────────────────────────────────────────────────────────┤
 | 0x000000000000001a | 25          | 24 9 18 15 9 17 15 8 18 15 9 18 13 9 18 15 9 18 14 10 18 15 9 19 16 12 24 16 10 19 16 9          |
 ├────────────────────┼─────────────┼──────────────────────────────────────────────────────────────────────────────────────────────────┤
 | 0x000000000000001b | 28          | 16 12 7 14 12 6 15 11 7 15 11 7 14 12 7 14 12 7 14 12 6 15 12 6 15 12 8 16 12 7 15 11            |
 ├────────────────────┼─────────────┼──────────────────────────────────────────────────────────────────────────────────────────────────┤
 | 0x000000000000001c | 27          | 29 23 19 8 24 19 9 24 19 9 24 19 9 24 18 9 23 19 9 24 19 9 24 19 9 24 20 12 29 19 9 25           |
 ├────────────────────┼─────────────┼──────────────────────────────────────────────────────────────────────────────────────────────────┤
 | 0x000000000000001d | 30          | 29 0 28 28 0 28 28 0 28 28 0 28 28 0 28 28 0 28 27 0 28 28 0 28 28 0 28 28 0 29 28 0             |
 ├────────────────────┼─────────────┼──────────────────────────────────────────────────────────────────────────────────────────────────┤
 | 0x000000000000001e | 31          | 31 29 12 28 29 9 30 29 10 30 28 12 30 27 12 30 27 12 27 29 12 28 29 11 30 29 10 30 29 10 31 26   |
 ├────────────────────┼─────────────┼──────────────────────────────────────────────────────────────────────────────────────────────────┤
 | 0x000000000000001f | 27          | 16 15 13 9 15 14 8 15 14 8 15 13 8 15 13 8 15 13 9 15 14 8 14 13 8 15 14 8 15 14 8 16            |
 └────────────────────┴─────────────┴──────────────────────────────────────────────────────────────────────────────────────────────────┘
Offset pattern table end
PC pattern table begin
 ┌────────────────────┬─────────────┬──────────────────────────────────────────────────┐
 | Key                | Second      | Pattern                                          |
 ├────────────────────┼─────────────┼──────────────────────────────────────────────────┤
 | 0x0000000000000000 | 15          | 31 0 0 0 0 0 0 31 31 0 0 0 0 0 0 0               |
 ├────────────────────┼─────────────┼──────────────────────────────────────────────────┤
 | 0x0000000000000003 | 29          | 27 26 26 26 26 26 26 26 26 26 26 26 26 26 26 26  |
 ├────────────────────┼─────────────┼──────────────────────────────────────────────────┤
 | 0x0000000000000008 | 3           | 18 2 3 3 3 3 3 3 3 3 3 4 4 2 1 1                 |
 ├────────────────────┼─────────────┼──────────────────────────────────────────────────┤
 | 0x000000000000000b | 26          | 24 1 2 1 1 2 2 3 2 3 6 6 7 6 2 1                 |
 ├────────────────────┼─────────────┼──────────────────────────────────────────────────┤
 | 0x000000000000000f | 0           | 27 0 0 0 1 1 1 1 0 0 22 22 22 23 0 0             |
 ├────────────────────┼─────────────┼──────────────────────────────────────────────────┤
 | 0x0000000000000010 | 24          | 19 5 0 2 4 3 1 9 8 1 1 0 0 0 1 1                 |
 ├────────────────────┼─────────────┼──────────────────────────────────────────────────┤
 | 0x0000000000000011 | 7           | 20 4 1 1 3 4 4 7 4 1 0 0 1 1 1 0                 |
 ├────────────────────┼─────────────┼──────────────────────────────────────────────────┤
 | 0x0000000000000012 | 11          | 23 19 19 19 19 19 19 22 22 19 19 19 19 19 19 19  |
 ├────────────────────┼─────────────┼──────────────────────────────────────────────────┤
 | 0x0000000000000014 | 15          | 4 0 0 0 0 0 0 4 4 0 0 0 0 0 0 0                  |
 ├────────────────────┼─────────────┼──────────────────────────────────────────────────┤
 | 0x0000000000000017 | 30          | 27 26 26 26 26 26 26 26 26 26 26 26 26 26 26 26  |
 ├────────────────────┼─────────────┼──────────────────────────────────────────────────┤
 | 0x0000000000000019 | 2           | 21 1 1 1 2 1 1 1 1 6 8 4 4 6 3 1                 |
 ├────────────────────┼─────────────┼──────────────────────────────────────────────────┤
 | 0x000000000000001b | 2           | 25 24 24 24 24 24 24 24 24 24 24 24 24 24 24 24  |
 ├────────────────────┼─────────────┼──────────────────────────────────────────────────┤
 | 0x000000000000001c | 27          | 29 0 0 0 0 0 0 0 0 4 5 1 1 7 11 28               |
 ├────────────────────┼─────────────┼──────────────────────────────────────────────────┤
 | 0x000000000000001e | 9           | 30 29 27 25 23 22 19 17 15 13 12 10 8 6 4 2      |
 ├────────────────────┼─────────────┼──────────────────────────────────────────────────┤
 | 0x000000000000001f | 30          | 19 18 18 18 18 18 18 18 18 18 18 18 18 18 18 18  |
 └────────────────────┴─────────────┴──────────────────────────────────────────────────┘
PC pattern table end
Prefetch buffer begin
 ┌────────────────────┬──────────────────────────────────────────────────────────────────┐
 | Region             | Pattern                                                          |
 ├────────────────────┼──────────────────────────────────────────────────────────────────┤
 | 0x00000000000020d0 | 0 0 2 0 0 2 0 0 2 0 0 2 0 0 2 0 0 2 0 0 2 0 0 2 0 0 2 0 0 2 0 0  |
 ├────────────────────┼──────────────────────────────────────────────────────────────────┤
 | 0x00000000000020cb | 0 2 0 0 2 0 0 2 0 0 2 0 0 2 0 0 2 0 0 2 0 0 2 0 0 2 0 0 2 0 0 1  |
 ├────────────────────┼──────────────────────────────────────────────────────────────────┤
 | 0x00000000000020ce | 0 2 0 0 2 0 0 2 0 0 2 0 0 2 0 0 2 0 0 2 0 0 2 0 0 2 0 0 2 0 0 1  |
 ├────────────────────┼──────────────────────────────────────────────────────────────────┤
 | 0x00000000000020c1 | 0 0 0 0 0 1 0 0 0 0 0 0 0 0 0 0 0 0 2 0 0 0 0 0 0 0 0 0 0 0 0 1  |
 ├────────────────────┼──────────────────────────────────────────────────────────────────┤
 | 0x00000000000020bc | 0 0 0 0 0 0 0 0 0 0 0 0 0 0 0 0 0 0 0 0 0 0 0 0 0 1 0 0 0 0 0 0  |
 ├────────────────────┼──────────────────────────────────────────────────────────────────┤
 | 0x00000000000020c4 | 0 2 0 0 2 0 0 2 0 0 2 0 0 2 0 0 2 0 0 2 0 0 2 0 0 2 0 0 2 0 0 1  |
 ├────────────────────┼──────────────────────────────────────────────────────────────────┤
 | 0x00000000000020d5 | 0 2 0 0 1 0 0 1 0 0 1 0 0 1 0 0 2 0 0 2 0 0 1 0 0 1 0 0 1 0 0 1  |
 ├────────────────────┼──────────────────────────────────────────────────────────────────┤
 | 0x00000000000020b6 | 2 0 0 0 0 0 0 0 0 0 0 0 0 1 0 0 0 0 0 0 0 0 0 0 0 0 1 0 0 0 0 0  |
 ├────────────────────┼──────────────────────────────────────────────────────────────────┤
 | 0x00000000000020d1 | 1 0 0 2 0 0 2 0 0 2 0 0 2 0 0 2 0 0 2 0 0 2 0 0 2 0 0 2 0 0 2 0  |
 ├────────────────────┼──────────────────────────────────────────────────────────────────┤
 | 0x00000000000020cf | 0 0 1 0 0 1 0 0 2 0 0 2 0 0 2 0 0 1 0 0 1 0 0 1 0 0 1 0 0 2 0 0  |
 ├────────────────────┼──────────────────────────────────────────────────────────────────┤
 | 0x00000000000020bd | 0 0 0 0 0 0 1 0 0 0 0 0 0 0 0 0 0 0 0 1 0 0 0 0 0 0 0 0 0 0 0 0  |
 ├────────────────────┼──────────────────────────────────────────────────────────────────┤
 | 0x00000000000020c5 | 0 0 2 0 0 2 0 0 2 0 0 2 0 0 2 0 0 2 0 0 2 0 0 2 0 0 2 0 0 2 0 0  |
 ├────────────────────┼──────────────────────────────────────────────────────────────────┤
 | 0x00000000000020b8 | 1 0 0 1 0 0 2 0 0 1 0 0 1 0 0 1 0 0 2 0 0 2 0 0 2 0 0 1 0 0 1 0  |
 ├────────────────────┼──────────────────────────────────────────────────────────────────┤
 | 0x00000000000020ca | 1 0 0 1 0 0 1 0 0 1 0 0 1 0 0 1 0 0 1 0 0 2 0 0 1 0 0 1 0 0 1 0  |
 ├────────────────────┼──────────────────────────────────────────────────────────────────┤
 | 0x00000000000020d4 | 1 0 0 1 0 0 1 0 0 1 0 0 1 0 0 1 0 0 1 0 0 2 0 0 1 0 0 1 0 0 1 0  |
 ├────────────────────┼──────────────────────────────────────────────────────────────────┤
 | 0x00000000000020c0 | 0 0 0 0 0 0 0 0 0 0 0 2 0 0 0 0 0 0 0 0 0 0 0 0 1 0 0 0 0 0 0 0  |
 ├────────────────────┼──────────────────────────────────────────────────────────────────┤
 | 0x00000000000020c6 | 0 0 0 0 0 0 0 0 0 0 1 0 0 0 0 0 0 0 0 0 0 0 0 2 0 0 0 0 0 0 0 0  |
 ├────────────────────┼──────────────────────────────────────────────────────────────────┤
 | 0x00000000000020bb | 0 0 1 0 0 1 0 0 2 0 0 2 0 0 2 0 0 1 0 0 1 0 0 1 0 0 1 0 0 2 0 0  |
 ├────────────────────┼──────────────────────────────────────────────────────────────────┤
 | 0x00000000000020c9 | 1 0 0 1 0 0 1 0 0 1 0 0 1 0 0 1 0 0 1 0 0 2 0 0 1 0 0 1 0 0 1 0  |
 ├────────────────────┼──────────────────────────────────────────────────────────────────┤
 | 0x00000000000020c3 | 0 2 0 0 2 0 0 2 0 0 2 0 0 2 0 0 2 0 0 2 0 0 2 0 0 2 0 0 2 0 0 1  |
 ├────────────────────┼──────────────────────────────────────────────────────────────────┤
 | 0x00000000000020d7 | 2 1 1 2 1 1 2 1 1 2 1 2 2 1 2 0 2 1 0 1 1 0 0 1 0 0 1 0 0 2 0 0  |
 ├────────────────────┼──────────────────────────────────────────────────────────────────┤
 | 0x00000000000020d2 | 2 2 1 0 0 0 0 0 2 0 0 0 0 0 0 0 0 0 0 0 0 2 0 0 0 0 0 0 0 0 0 0  |
 ├────────────────────┼──────────────────────────────────────────────────────────────────┤
 | 0x00000000000020cc | 0 0 0 0 0 0 0 0 0 1 0 0 0 0 0 0 0 0 0 0 0 0 2 0 0 0 0 0 0 0 0 0  |
 ├────────────────────┼──────────────────────────────────────────────────────────────────┤
 | 0x00000000000020be | 0 0 1 0 0 1 0 0 2 0 0 2 0 0 2 0 0 1 0 0 1 0 0 1 0 0 1 0 0 2 0 0  |
 ├────────────────────┼──────────────────────────────────────────────────────────────────┤
 | 0x00000000000020cd | 0 0 0 2 0 0 0 0 0 0 0 0 0 0 0 0 0 0 0 0 0 0 0 0 0 0 0 0 0 2 0 0  |
 ├────────────────────┼──────────────────────────────────────────────────────────────────┤
 | 0x00000000000020d6 | 2 2 2 2 2 2 2 2 2 2 2 2 2 2 0 2 2 0 0 2 1 0 2 0 0 2 0 0 2 2 2 2  |
 ├────────────────────┼──────────────────────────────────────────────────────────────────┤
 | 0x00000000000020d9 | 2 2 2 2 2 2 2 2 2 2 2 2 2 2 2 2 2 0 0 0 0 0 2 2 1 2 2 2 0 2 2 0  |
 ├────────────────────┼──────────────────────────────────────────────────────────────────┤
 | 0x00000000000020c2 | 2 0 0 2 0 0 1 0 0 2 0 0 2 0 0 2 0 0 2 0 0 2 0 0 2 0 0 2 0 0 2 0  |
 ├────────────────────┼──────────────────────────────────────────────────────────────────┤
 | 0x00000000000020d3 | 0 0 2 0 0 0 0 0 0 0 0 0 0 0 0 1 0 0 0 0 0 0 0 0 0 0 0 0 1 0 0 0  |
 ├────────────────────┼──────────────────────────────────────────────────────────────────┤
 | 0x00000000000020c8 | 0 0 2 0 0 2 0 0 2 0 0 2 0 0 2 0 0 2 0 0 2 0 0 2 0 0 2 0 0 2 0 0  |
 ├────────────────────┼──────────────────────────────────────────────────────────────────┤
 | 0x00000000000020c7 | 0 0 0 0 1 0 0 0 0 0 0 0 0 0 0 0 0 2 0 0 0 0 0 0 0 0 0 0 0 0 1 0  |
 ├────────────────────┼──────────────────────────────────────────────────────────────────┤
 | 0x00000000000020ba | 0 2 0 0 2 0 0 2 0 0 2 0 0 2 0 0 2 0 0 2 0 0 2 0 0 1 0 0 1 0 0 2  |
 └────────────────────┴──────────────────────────────────────────────────────────────────┘
Prefetch buffer end
Filter by PPT: 0
cpu3_L2C
Num Con Filled: 0
Num Con Useful: 0 Useless:0 Accuracy: -nan
cpu2_L2C
Num Con Filled: 0
Num Con Useful: 0 Useless:0 Accuracy: -nan
cpu1_L2C
Num Con Filled: 0
Num Con Useful: 0 Useless:0 Accuracy: -nan
cpu0_L2C
Num Con Filled: 0
Num Con Useful: 0 Useless:0 Accuracy: -nan
LLC
