nohup: ignoring input
41 41 41
Available num physical pages: 35184372088576
WARNING: physical memory size is smaller than virtual memory size

*** ChampSim Multicore Out-of-Order Simulator ***

Warmup Instructions: 20000000
Simulation Instructions: 25000000
Number of CPUs: 4
Page size: 4096

Basic BTB sets: 1024 ways: 8 indirect buffer size: 4096 RAS size: 64
Basic BTB sets: 1024 ways: 8 indirect buffer size: 4096 RAS size: 64
Basic BTB sets: 1024 ways: 8 indirect buffer size: 4096 RAS size: 64
Basic BTB sets: 1024 ways: 8 indirect buffer size: 4096 RAS size: 64
cpu0_L1D PMP prefetcher
cpu1_L1D PMP prefetcher
cpu2_L1D PMP prefetcher
cpu3_L1D PMP prefetcher
Off-chip DRAM Size: 8 GiB Channels: 1 Width: 64-bit Data Rate: 3200 MT/s
Heartbeat CPU 3 instructions: 10000002 cycles: 2500125 heartbeat IPC: 3.99981 cumulative IPC: 3.99981 (Simulation time: 0 hr 1 min 23 sec) 
Heartbeat CPU 1 instructions: 10000001 cycles: 2500153 heartbeat IPC: 3.99976 cumulative IPC: 3.99976 (Simulation time: 0 hr 1 min 23 sec) 
Heartbeat CPU 0 instructions: 10000000 cycles: 2531659 heartbeat IPC: 3.94998 cumulative IPC: 3.94998 (Simulation time: 0 hr 1 min 24 sec) 
Heartbeat CPU 2 instructions: 10000003 cycles: 2685227 heartbeat IPC: 3.72409 cumulative IPC: 3.72409 (Simulation time: 0 hr 1 min 29 sec) 
Heartbeat CPU 3 instructions: 20000003 cycles: 5011991 heartbeat IPC: 3.98111 cumulative IPC: 3.99044 (Simulation time: 0 hr 2 min 44 sec) 
Max paddr 45M
Warmup finished CPU 3 instructions: 20000003 cycles: 5011992 cumulative IPC: 3.99043 (Simulation time: 0 hr 2 min 44 sec) 
Heartbeat CPU 1 instructions: 20000000 cycles: 5161384 heartbeat IPC: 3.75766 cumulative IPC: 3.87493 (Simulation time: 0 hr 2 min 49 sec) 
Max paddr 46M
Warmup finished CPU 1 instructions: 20000000 cycles: 5161385 cumulative IPC: 3.87493 (Simulation time: 0 hr 2 min 49 sec) 
Heartbeat CPU 0 instructions: 20000004 cycles: 5357691 heartbeat IPC: 3.53854 cumulative IPC: 3.73296 (Simulation time: 0 hr 2 min 56 sec) 
Max paddr 47M
Warmup finished CPU 0 instructions: 20000004 cycles: 5357692 cumulative IPC: 3.73296 (Simulation time: 0 hr 2 min 56 sec) 
Heartbeat CPU 2 instructions: 20000004 cycles: 6081741 heartbeat IPC: 2.9442 cumulative IPC: 3.28854 (Simulation time: 0 hr 3 min 20 sec) 
Max paddr 47M
Warmup finished CPU 2 instructions: 20000004 cycles: 6081742 cumulative IPC: 3.28854 (Simulation time: 0 hr 3 min 20 sec) 

Warmup complete CPU 0 instructions: 22802734 cycles: 6081742 (Simulation time: 0 hr 3 min 20 sec) 


Warmup complete CPU 1 instructions: 23560574 cycles: 6081742 (Simulation time: 0 hr 3 min 20 sec) 


Warmup complete CPU 2 instructions: 20000004 cycles: 6081742 (Simulation time: 0 hr 3 min 20 sec) 


Warmup complete CPU 3 instructions: 24279003 cycles: 6081742 (Simulation time: 0 hr 3 min 20 sec) 

Heartbeat CPU 1 instructions: 30000003 cycles: 8173851 heartbeat IPC: 3.31954 cumulative IPC: 3.07797 (Simulation time: 0 hr 4 min 3 sec) 
Heartbeat CPU 3 instructions: 30000001 cycles: 8715171 heartbeat IPC: 2.70039 cumulative IPC: 2.17246 (Simulation time: 0 hr 4 min 12 sec) 
Heartbeat CPU 1 instructions: 40000002 cycles: 11506255 heartbeat IPC: 3.00084 cumulative IPC: 3.03059 (Simulation time: 0 hr 5 min 9 sec) 
Heartbeat CPU 3 instructions: 40000000 cycles: 12863604 heartbeat IPC: 2.41055 cumulative IPC: 2.3181 (Simulation time: 0 hr 5 min 41 sec) 
Heartbeat CPU 0 instructions: 30000000 cycles: 13548638 heartbeat IPC: 1.22086 cumulative IPC: 0.96389 (Simulation time: 0 hr 5 min 55 sec) 
Max paddr 52M
Simulation finished CPU 1 instructions: 25000003 cycles: 7955261 cumulative IPC: 3.14258 (Simulation time: 0 hr 6 min 6 sec) 
Heartbeat CPU 1 instructions: 50000003 cycles: 14493416 heartbeat IPC: 3.34767 cumulative IPC: 3.14319 (Simulation time: 0 hr 6 min 15 sec) 
Max paddr 53M
Simulation finished CPU 3 instructions: 25000001 cycles: 10819719 cumulative IPC: 2.3106 (Simulation time: 0 hr 6 min 57 sec) 
Heartbeat CPU 3 instructions: 50000004 cycles: 17198528 heartbeat IPC: 2.30685 cumulative IPC: 2.31371 (Simulation time: 0 hr 7 min 2 sec) 
Heartbeat CPU 1 instructions: 60000002 cycles: 17871132 heartbeat IPC: 2.96059 cumulative IPC: 3.09087 (Simulation time: 0 hr 7 min 17 sec) 
Heartbeat CPU 3 instructions: 60000002 cycles: 21102052 heartbeat IPC: 2.56179 cumulative IPC: 2.37818 (Simulation time: 0 hr 8 min 27 sec) 
Heartbeat CPU 1 instructions: 70000001 cycles: 21157976 heartbeat IPC: 3.04244 cumulative IPC: 3.08031 (Simulation time: 0 hr 8 min 28 sec) 
Heartbeat CPU 1 instructions: 80000002 cycles: 24681668 heartbeat IPC: 2.83794 cumulative IPC: 3.03439 (Simulation time: 0 hr 9 min 35 sec) 
Heartbeat CPU 3 instructions: 70000003 cycles: 25501966 heartbeat IPC: 2.27278 cumulative IPC: 2.3543 (Simulation time: 0 hr 9 min 50 sec) 
Heartbeat CPU 0 instructions: 40000003 cycles: 26700860 heartbeat IPC: 0.760329 cumulative IPC: 0.834045 (Simulation time: 0 hr 10 min 14 sec) 
Heartbeat CPU 1 instructions: 90000001 cycles: 28365602 heartbeat IPC: 2.71449 cumulative IPC: 2.98151 (Simulation time: 0 hr 10 min 44 sec) 
Heartbeat CPU 3 instructions: 80000001 cycles: 30016391 heartbeat IPC: 2.21513 cumulative IPC: 2.32805 (Simulation time: 0 hr 11 min 15 sec) 
Heartbeat CPU 1 instructions: 100000000 cycles: 31786608 heartbeat IPC: 2.92312 cumulative IPC: 2.97374 (Simulation time: 0 hr 11 min 51 sec) 
Heartbeat CPU 2 instructions: 30000004 cycles: 32669487 heartbeat IPC: 0.376114 cumulative IPC: 0.376114 (Simulation time: 0 hr 12 min 10 sec) 
Heartbeat CPU 3 instructions: 90000000 cycles: 33847046 heartbeat IPC: 2.61052 cumulative IPC: 2.36702 (Simulation time: 0 hr 12 min 35 sec) 
Heartbeat CPU 1 instructions: 110000002 cycles: 34977094 heartbeat IPC: 3.13432 cumulative IPC: 2.99147 (Simulation time: 0 hr 13 min 2 sec) 
Max paddr 62M
Simulation finished CPU 0 instructions: 25000000 cycles: 29139022 cumulative IPC: 0.857957 (Simulation time: 0 hr 13 min 8 sec) 
Heartbeat CPU 3 instructions: 100000003 cycles: 37972657 heartbeat IPC: 2.42389 cumulative IPC: 2.37438 (Simulation time: 0 hr 14 min 5 sec) 
Heartbeat CPU 1 instructions: 120000002 cycles: 38257759 heartbeat IPC: 3.04817 cumulative IPC: 2.99725 (Simulation time: 0 hr 14 min 12 sec) 
Heartbeat CPU 1 instructions: 130000000 cycles: 41652271 heartbeat IPC: 2.94594 cumulative IPC: 2.99235 (Simulation time: 0 hr 15 min 27 sec) 
Heartbeat CPU 3 instructions: 110000002 cycles: 42143204 heartbeat IPC: 2.39777 cumulative IPC: 2.37709 (Simulation time: 0 hr 15 min 38 sec) 
Heartbeat CPU 0 instructions: 50000000 cycles: 43375965 heartbeat IPC: 0.599697 cumulative IPC: 0.729263 (Simulation time: 0 hr 16 min 4 sec) 
Heartbeat CPU 1 instructions: 140000004 cycles: 44996581 heartbeat IPC: 2.99016 cumulative IPC: 2.99217 (Simulation time: 0 hr 16 min 41 sec) 
Heartbeat CPU 3 instructions: 120000001 cycles: 46371257 heartbeat IPC: 2.36516 cumulative IPC: 2.37583 (Simulation time: 0 hr 17 min 17 sec) 
Heartbeat CPU 1 instructions: 150000001 cycles: 48268065 heartbeat IPC: 3.05672 cumulative IPC: 2.99717 (Simulation time: 0 hr 18 min 5 sec) 
Heartbeat CPU 3 instructions: 130000003 cycles: 50382234 heartbeat IPC: 2.49316 cumulative IPC: 2.38646 (Simulation time: 0 hr 18 min 48 sec) 
Heartbeat CPU 1 instructions: 160000004 cycles: 51871948 heartbeat IPC: 2.77479 cumulative IPC: 2.97967 (Simulation time: 0 hr 19 min 18 sec) 
Heartbeat CPU 3 instructions: 140000002 cycles: 54687325 heartbeat IPC: 2.32284 cumulative IPC: 2.38082 (Simulation time: 0 hr 20 min 29 sec) 
Heartbeat CPU 1 instructions: 170000004 cycles: 55730211 heartbeat IPC: 2.59184 cumulative IPC: 2.94953 (Simulation time: 0 hr 20 min 51 sec) 
Heartbeat CPU 3 instructions: 150000004 cycles: 58747061 heartbeat IPC: 2.46322 cumulative IPC: 2.38717 (Simulation time: 0 hr 22 min 16 sec) 
Heartbeat CPU 1 instructions: 180000002 cycles: 59157117 heartbeat IPC: 2.91809 cumulative IPC: 2.9475 (Simulation time: 0 hr 22 min 26 sec) 
Heartbeat CPU 2 instructions: 40000000 cycles: 60856390 heartbeat IPC: 0.354775 cumulative IPC: 0.365133 (Simulation time: 0 hr 23 min 3 sec) 
Heartbeat CPU 1 instructions: 190000002 cycles: 62383036 heartbeat IPC: 3.0999 cumulative IPC: 2.95623 (Simulation time: 0 hr 23 min 41 sec) 
Heartbeat CPU 0 instructions: 60000003 cycles: 62561445 heartbeat IPC: 0.521228 cumulative IPC: 0.658596 (Simulation time: 0 hr 23 min 46 sec) 
Heartbeat CPU 3 instructions: 160000000 cycles: 62759191 heartbeat IPC: 2.49245 cumulative IPC: 2.39463 (Simulation time: 0 hr 23 min 52 sec) 
Heartbeat CPU 1 instructions: 200000003 cycles: 65525355 heartbeat IPC: 3.18237 cumulative IPC: 2.96819 (Simulation time: 0 hr 24 min 53 sec) 
Heartbeat CPU 3 instructions: 170000001 cycles: 67186507 heartbeat IPC: 2.25871 cumulative IPC: 2.38478 (Simulation time: 0 hr 25 min 27 sec) 
Heartbeat CPU 1 instructions: 210000000 cycles: 69007893 heartbeat IPC: 2.87147 cumulative IPC: 2.96283 (Simulation time: 0 hr 26 min 7 sec) 
Heartbeat CPU 3 instructions: 180000000 cycles: 71991206 heartbeat IPC: 2.0813 cumulative IPC: 2.36266 (Simulation time: 0 hr 27 min 10 sec) 
Heartbeat CPU 1 instructions: 220000000 cycles: 72352688 heartbeat IPC: 2.98972 cumulative IPC: 2.96419 (Simulation time: 0 hr 27 min 18 sec) 
Max paddr 73M
Simulation finished CPU 2 instructions: 25000004 cycles: 67982741 cumulative IPC: 0.367741 (Simulation time: 0 hr 28 min 1 sec) 

Simulation complete CPU 0 instructions: 46337942 cycles: 67982741 (Simulation time: 0 hr 28 min 1 sec) 


Simulation complete CPU 1 instructions: 201134169 cycles: 67982741 (Simulation time: 0 hr 28 min 1 sec) 


Simulation complete CPU 2 instructions: 25000004 cycles: 67982741 (Simulation time: 0 hr 28 min 1 sec) 


Simulation complete CPU 3 instructions: 161135517 cycles: 67982741 (Simulation time: 0 hr 28 min 1 sec) 


ChampSim completed all CPUs

[
  {
    "name": "Simulation",
    "traces": [
      "../../traces/429.mcf-217B.champsimtrace.xz",
      "../../traces/403.gcc-48B.champsimtrace.xz",
      "../../traces/450.soplex-247B.champsimtrace.xz",
      "../../traces/400.perlbench-50B.champsimtrace.xz"
    ],
    "roi": {
      "cores": [
        {
          "instructions": 25000000,
          "cycles": 29139022,
          "Avg ROB occupancy at mispredict": 79.1836, 
          "mispredict": {
            "BRANCH_DIRECT_JUMP": 0,
            "BRANCH_INDIRECT": 0,
            "BRANCH_CONDITIONAL": 63938,
            "BRANCH_DIRECT_CALL": 0,
            "BRANCH_INDIRECT_CALL": 0,
            "BRANCH_RETURN": 0
          }
        },
        {
          "instructions": 25000003,
          "cycles": 7955261,
          "Avg ROB occupancy at mispredict": 57.6517, 
          "mispredict": {
            "BRANCH_DIRECT_JUMP": 12,
            "BRANCH_INDIRECT": 0,
            "BRANCH_CONDITIONAL": 21706,
            "BRANCH_DIRECT_CALL": 96,
            "BRANCH_INDIRECT_CALL": 2,
            "BRANCH_RETURN": 96
          }
        },
        {
          "instructions": 25000004,
          "cycles": 67982741,
          "Avg ROB occupancy at mispredict": 13.1286, 
          "mispredict": {
            "BRANCH_DIRECT_JUMP": 19,
            "BRANCH_INDIRECT": 6,
            "BRANCH_CONDITIONAL": 860534,
            "BRANCH_DIRECT_CALL": 3,
            "BRANCH_INDIRECT_CALL": 17,
            "BRANCH_RETURN": 20
          }
        },
        {
          "instructions": 25000001,
          "cycles": 10819719,
          "Avg ROB occupancy at mispredict": 36.776, 
          "mispredict": {
            "BRANCH_DIRECT_JUMP": 51,
            "BRANCH_INDIRECT": 2541,
            "BRANCH_CONDITIONAL": 231930,
            "BRANCH_DIRECT_CALL": 21,
            "BRANCH_INDIRECT_CALL": 144,
            "BRANCH_RETURN": 52
          }
        }
      ],
      "cpu3_L1I": {
        "LOAD": {
          "hit":30581,
          "miss":3708
        },
        "RFO": {
          "hit":0,
          "miss":0
        },
        "PREFETCH": {
          "hit":0,
          "miss":0
        },
        "WRITE": {
          "hit":0,
          "miss":0
        },
        "TRANSLATION": {
          "hit":0,
          "miss":0
        },
        "mshr full": 0,
        "prefetch requested": 0,
        "prefetch issued": 0,
        "prefetch filled": 0,
        "prefetch useful": 0,
        "prefetch useless": 0,
        "prefetch late": 0,
        "pf_useful_at_l2_from_l1":          0,
        "pf_late_at_l2_from_l1":          0,
        "pf_useless_at_l2_from_l1":          0,
        "pf_at_l2_to_l1":          0,
        "pf_fill_this_level":          0,
        "miss latency": 7.07993,
        "cache queues": {
          "PQ_ACCESS": 0,
          "PQ_FULL": 0,
          "PQ_TO_CACHE": 0,
          "PQ_MERGED": 0,
          "RQ_ACCESS": 263092,
          "RQ_MERGED": 1769,
          "RQ_FULL": 0,
          "WQ_ACCESS": 0,
          "WQ_MERGED": 0,
          "WQ_FULL": 0
        }
      },
      "cpu3_ITLB": {
        "LOAD": {
          "hit":32384,
          "miss":5
        },
        "RFO": {
          "hit":0,
          "miss":0
        },
        "PREFETCH": {
          "hit":0,
          "miss":0
        },
        "WRITE": {
          "hit":0,
          "miss":0
        },
        "TRANSLATION": {
          "hit":0,
          "miss":0
        },
        "mshr full": 0,
        "prefetch requested": 0,
        "prefetch issued": 0,
        "prefetch filled": 0,
        "prefetch useful": 0,
        "prefetch useless": 0,
        "prefetch late": 0,
        "pf_useful_at_l2_from_l1":          0,
        "pf_late_at_l2_from_l1":          0,
        "pf_useless_at_l2_from_l1":          0,
        "pf_at_l2_to_l1":          0,
        "pf_fill_this_level":          0,
        "miss latency": 13.1501,
        "cache queues": {
          "PQ_ACCESS": 0,
          "PQ_FULL": 0,
          "PQ_TO_CACHE": 0,
          "PQ_MERGED": 0,
          "RQ_ACCESS": 248678,
          "RQ_MERGED": 0,
          "RQ_FULL": 0,
          "WQ_ACCESS": 0,
          "WQ_MERGED": 0,
          "WQ_FULL": 0
        }
      },
      "cpu3_DTLB": {
        "LOAD": {
          "hit":8428028,
          "miss":5087
        },
        "RFO": {
          "hit":0,
          "miss":0
        },
        "PREFETCH": {
          "hit":0,
          "miss":0
        },
        "WRITE": {
          "hit":0,
          "miss":0
        },
        "TRANSLATION": {
          "hit":0,
          "miss":0
        },
        "mshr full": 0,
        "prefetch requested": 0,
        "prefetch issued": 0,
        "prefetch filled": 0,
        "prefetch useful": 0,
        "prefetch useless": 0,
        "prefetch late": 0,
        "pf_useful_at_l2_from_l1":          0,
        "pf_late_at_l2_from_l1":          0,
        "pf_useless_at_l2_from_l1":          0,
        "pf_at_l2_to_l1":          0,
        "pf_fill_this_level":          0,
        "miss latency": 9.51961,
        "cache queues": {
          "PQ_ACCESS": 0,
          "PQ_FULL": 0,
          "PQ_TO_CACHE": 0,
          "PQ_MERGED": 0,
          "RQ_ACCESS": 56344359,
          "RQ_MERGED": 0,
          "RQ_FULL": 45120,
          "WQ_ACCESS": 0,
          "WQ_MERGED": 0,
          "WQ_FULL": 0
        }
      },
      "cpu2_L1I": {
        "LOAD": {
          "hit":1582,
          "miss":130
        },
        "RFO": {
          "hit":0,
          "miss":0
        },
        "PREFETCH": {
          "hit":0,
          "miss":0
        },
        "WRITE": {
          "hit":0,
          "miss":0
        },
        "TRANSLATION": {
          "hit":0,
          "miss":0
        },
        "mshr full": 0,
        "prefetch requested": 0,
        "prefetch issued": 0,
        "prefetch filled": 0,
        "prefetch useful": 0,
        "prefetch useless": 0,
        "prefetch late": 0,
        "pf_useful_at_l2_from_l1":          0,
        "pf_late_at_l2_from_l1":          0,
        "pf_useless_at_l2_from_l1":          0,
        "pf_at_l2_to_l1":          0,
        "pf_fill_this_level":          0,
        "miss latency": 26.5284,
        "cache queues": {
          "PQ_ACCESS": 0,
          "PQ_FULL": 0,
          "PQ_TO_CACHE": 0,
          "PQ_MERGED": 0,
          "RQ_ACCESS": 1728,
          "RQ_MERGED": 16,
          "RQ_FULL": 0,
          "WQ_ACCESS": 0,
          "WQ_MERGED": 0,
          "WQ_FULL": 0
        }
      },
      "cpu2_ITLB": {
        "LOAD": {
          "hit":1669,
          "miss":0
        },
        "RFO": {
          "hit":0,
          "miss":0
        },
        "PREFETCH": {
          "hit":0,
          "miss":0
        },
        "WRITE": {
          "hit":0,
          "miss":0
        },
        "TRANSLATION": {
          "hit":0,
          "miss":0
        },
        "mshr full": 0,
        "prefetch requested": 0,
        "prefetch issued": 0,
        "prefetch filled": 0,
        "prefetch useful": 0,
        "prefetch useless": 0,
        "prefetch late": 0,
        "pf_useful_at_l2_from_l1":          0,
        "pf_late_at_l2_from_l1":          0,
        "pf_useless_at_l2_from_l1":          0,
        "pf_at_l2_to_l1":          0,
        "pf_fill_this_level":          0,
        "miss latency": null,
        "cache queues": {
          "PQ_ACCESS": 0,
          "PQ_FULL": 0,
          "PQ_TO_CACHE": 0,
          "PQ_MERGED": 0,
          "RQ_ACCESS": 1669,
          "RQ_MERGED": 0,
          "RQ_FULL": 0,
          "WQ_ACCESS": 0,
          "WQ_MERGED": 0,
          "WQ_FULL": 0
        }
      },
      "cpu2_DTLB": {
        "LOAD": {
          "hit":7645393,
          "miss":383437
        },
        "RFO": {
          "hit":0,
          "miss":0
        },
        "PREFETCH": {
          "hit":0,
          "miss":0
        },
        "WRITE": {
          "hit":0,
          "miss":0
        },
        "TRANSLATION": {
          "hit":0,
          "miss":0
        },
        "mshr full": 12894,
        "prefetch requested": 0,
        "prefetch issued": 0,
        "prefetch filled": 0,
        "prefetch useful": 0,
        "prefetch useless": 0,
        "prefetch late": 0,
        "pf_useful_at_l2_from_l1":          0,
        "pf_late_at_l2_from_l1":          0,
        "pf_useless_at_l2_from_l1":          0,
        "pf_at_l2_to_l1":          0,
        "pf_fill_this_level":          0,
        "miss latency": 0.95097,
        "cache queues": {
          "PQ_ACCESS": 0,
          "PQ_FULL": 0,
          "PQ_TO_CACHE": 0,
          "PQ_MERGED": 0,
          "RQ_ACCESS": 8294413,
          "RQ_MERGED": 0,
          "RQ_FULL": 265585,
          "WQ_ACCESS": 0,
          "WQ_MERGED": 0,
          "WQ_FULL": 0
        }
      },
      "cpu1_L1I": {
        "LOAD": {
          "hit":1671,
          "miss":0
        },
        "RFO": {
          "hit":0,
          "miss":0
        },
        "PREFETCH": {
          "hit":0,
          "miss":0
        },
        "WRITE": {
          "hit":0,
          "miss":0
        },
        "TRANSLATION": {
          "hit":0,
          "miss":0
        },
        "mshr full": 0,
        "prefetch requested": 0,
        "prefetch issued": 0,
        "prefetch filled": 0,
        "prefetch useful": 0,
        "prefetch useless": 0,
        "prefetch late": 0,
        "pf_useful_at_l2_from_l1":          0,
        "pf_late_at_l2_from_l1":          0,
        "pf_useless_at_l2_from_l1":          0,
        "pf_at_l2_to_l1":          0,
        "pf_fill_this_level":          0,
        "miss latency": null,
        "cache queues": {
          "PQ_ACCESS": 0,
          "PQ_FULL": 0,
          "PQ_TO_CACHE": 0,
          "PQ_MERGED": 0,
          "RQ_ACCESS": 15934,
          "RQ_MERGED": 145,
          "RQ_FULL": 0,
          "WQ_ACCESS": 0,
          "WQ_MERGED": 0,
          "WQ_FULL": 0
        }
      },
      "cpu1_ITLB": {
        "LOAD": {
          "hit":1506,
          "miss":0
        },
        "RFO": {
          "hit":0,
          "miss":0
        },
        "PREFETCH": {
          "hit":0,
          "miss":0
        },
        "WRITE": {
          "hit":0,
          "miss":0
        },
        "TRANSLATION": {
          "hit":0,
          "miss":0
        },
        "mshr full": 0,
        "prefetch requested": 0,
        "prefetch issued": 0,
        "prefetch filled": 0,
        "prefetch useful": 0,
        "prefetch useless": 0,
        "prefetch late": 0,
        "pf_useful_at_l2_from_l1":          0,
        "pf_late_at_l2_from_l1":          0,
        "pf_useless_at_l2_from_l1":          0,
        "pf_at_l2_to_l1":          0,
        "pf_fill_this_level":          0,
        "miss latency": null,
        "cache queues": {
          "PQ_ACCESS": 0,
          "PQ_FULL": 0,
          "PQ_TO_CACHE": 0,
          "PQ_MERGED": 0,
          "RQ_ACCESS": 14219,
          "RQ_MERGED": 0,
          "RQ_FULL": 0,
          "WQ_ACCESS": 0,
          "WQ_MERGED": 0,
          "WQ_FULL": 0
        }
      },
      "cpu1_DTLB": {
        "LOAD": {
          "hit":7188408,
          "miss":6282
        },
        "RFO": {
          "hit":0,
          "miss":0
        },
        "PREFETCH": {
          "hit":0,
          "miss":0
        },
        "WRITE": {
          "hit":0,
          "miss":0
        },
        "TRANSLATION": {
          "hit":0,
          "miss":0
        },
        "mshr full": 0,
        "prefetch requested": 0,
        "prefetch issued": 0,
        "prefetch filled": 0,
        "prefetch useful": 0,
        "prefetch useless": 0,
        "prefetch late": 0,
        "pf_useful_at_l2_from_l1":          0,
        "pf_late_at_l2_from_l1":          0,
        "pf_useless_at_l2_from_l1":          0,
        "pf_at_l2_to_l1":          0,
        "pf_fill_this_level":          0,
        "miss latency": 31.4499,
        "cache queues": {
          "PQ_ACCESS": 0,
          "PQ_FULL": 0,
          "PQ_TO_CACHE": 0,
          "PQ_MERGED": 0,
          "RQ_ACCESS": 57811493,
          "RQ_MERGED": 0,
          "RQ_FULL": 0,
          "WQ_ACCESS": 0,
          "WQ_MERGED": 0,
          "WQ_FULL": 0
        }
      },
      "cpu0_L1I": {
        "LOAD": {
          "hit":0,
          "miss":0
        },
        "RFO": {
          "hit":0,
          "miss":0
        },
        "PREFETCH": {
          "hit":0,
          "miss":0
        },
        "WRITE": {
          "hit":0,
          "miss":0
        },
        "TRANSLATION": {
          "hit":0,
          "miss":0
        },
        "mshr full": 0,
        "prefetch requested": 0,
        "prefetch issued": 0,
        "prefetch filled": 0,
        "prefetch useful": 0,
        "prefetch useless": 0,
        "prefetch late": 0,
        "pf_useful_at_l2_from_l1":          0,
        "pf_late_at_l2_from_l1":          0,
        "pf_useless_at_l2_from_l1":          0,
        "pf_at_l2_to_l1":          0,
        "pf_fill_this_level":          0,
        "miss latency": null,
        "cache queues": {
          "PQ_ACCESS": 0,
          "PQ_FULL": 0,
          "PQ_TO_CACHE": 0,
          "PQ_MERGED": 0,
          "RQ_ACCESS": 0,
          "RQ_MERGED": 0,
          "RQ_FULL": 0,
          "WQ_ACCESS": 0,
          "WQ_MERGED": 0,
          "WQ_FULL": 0
        }
      },
      "cpu0_ITLB": {
        "LOAD": {
          "hit":0,
          "miss":0
        },
        "RFO": {
          "hit":0,
          "miss":0
        },
        "PREFETCH": {
          "hit":0,
          "miss":0
        },
        "WRITE": {
          "hit":0,
          "miss":0
        },
        "TRANSLATION": {
          "hit":0,
          "miss":0
        },
        "mshr full": 0,
        "prefetch requested": 0,
        "prefetch issued": 0,
        "prefetch filled": 0,
        "prefetch useful": 0,
        "prefetch useless": 0,
        "prefetch late": 0,
        "pf_useful_at_l2_from_l1":          0,
        "pf_late_at_l2_from_l1":          0,
        "pf_useless_at_l2_from_l1":          0,
        "pf_at_l2_to_l1":          0,
        "pf_fill_this_level":          0,
        "miss latency": null,
        "cache queues": {
          "PQ_ACCESS": 0,
          "PQ_FULL": 0,
          "PQ_TO_CACHE": 0,
          "PQ_MERGED": 0,
          "RQ_ACCESS": 0,
          "RQ_MERGED": 0,
          "RQ_FULL": 0,
          "WQ_ACCESS": 0,
          "WQ_MERGED": 0,
          "WQ_FULL": 0
        }
      },
      "cpu0_DTLB": {
        "LOAD": {
          "hit":11257219,
          "miss":209725
        },
        "RFO": {
          "hit":0,
          "miss":0
        },
        "PREFETCH": {
          "hit":0,
          "miss":0
        },
        "WRITE": {
          "hit":0,
          "miss":0
        },
        "TRANSLATION": {
          "hit":0,
          "miss":0
        },
        "mshr full": 0,
        "prefetch requested": 0,
        "prefetch issued": 0,
        "prefetch filled": 0,
        "prefetch useful": 0,
        "prefetch useless": 0,
        "prefetch late": 0,
        "pf_useful_at_l2_from_l1":          0,
        "pf_late_at_l2_from_l1":          0,
        "pf_useless_at_l2_from_l1":          0,
        "pf_at_l2_to_l1":          0,
        "pf_fill_this_level":          0,
        "miss latency": 0.982951,
        "cache queues": {
          "PQ_ACCESS": 0,
          "PQ_FULL": 0,
          "PQ_TO_CACHE": 0,
          "PQ_MERGED": 0,
          "RQ_ACCESS": 21882584,
          "RQ_MERGED": 0,
          "RQ_FULL": 537798,
          "WQ_ACCESS": 0,
          "WQ_MERGED": 0,
          "WQ_FULL": 0
        }
      },
      "cpu3_STLB": {
        "LOAD": {
          "hit":2206,
          "miss":262
        },
        "RFO": {
          "hit":0,
          "miss":0
        },
        "PREFETCH": {
          "hit":0,
          "miss":0
        },
        "WRITE": {
          "hit":0,
          "miss":0
        },
        "TRANSLATION": {
          "hit":0,
          "miss":0
        },
        "mshr full": 0,
        "prefetch requested": 0,
        "prefetch issued": 0,
        "prefetch filled": 0,
        "prefetch useful": 0,
        "prefetch useless": 0,
        "prefetch late": 0,
        "pf_useful_at_l2_from_l1":          0,
        "pf_late_at_l2_from_l1":          0,
        "pf_useless_at_l2_from_l1":          0,
        "pf_at_l2_to_l1":          0,
        "pf_fill_this_level":          0,
        "miss latency": 164.598,
        "cache queues": {
          "PQ_ACCESS": 0,
          "PQ_FULL": 0,
          "PQ_TO_CACHE": 0,
          "PQ_MERGED": 0,
          "RQ_ACCESS": 11009,
          "RQ_MERGED": 0,
          "RQ_FULL": 0,
          "WQ_ACCESS": 0,
          "WQ_MERGED": 0,
          "WQ_FULL": 0
        }
      },
      "cpu2_STLB": {
        "LOAD": {
          "hit":119694,
          "miss":21511
        },
        "RFO": {
          "hit":0,
          "miss":0
        },
        "PREFETCH": {
          "hit":0,
          "miss":0
        },
        "WRITE": {
          "hit":0,
          "miss":0
        },
        "TRANSLATION": {
          "hit":0,
          "miss":0
        },
        "mshr full": 0,
        "prefetch requested": 0,
        "prefetch issued": 0,
        "prefetch filled": 0,
        "prefetch useful": 0,
        "prefetch useless": 0,
        "prefetch late": 0,
        "pf_useful_at_l2_from_l1":          0,
        "pf_late_at_l2_from_l1":          0,
        "pf_useless_at_l2_from_l1":          0,
        "pf_at_l2_to_l1":          0,
        "pf_fill_this_level":          0,
        "miss latency": 13.7852,
        "cache queues": {
          "PQ_ACCESS": 0,
          "PQ_FULL": 0,
          "PQ_TO_CACHE": 0,
          "PQ_MERGED": 0,
          "RQ_ACCESS": 141205,
          "RQ_MERGED": 0,
          "RQ_FULL": 0,
          "WQ_ACCESS": 0,
          "WQ_MERGED": 0,
          "WQ_FULL": 0
        }
      },
      "cpu1_STLB": {
        "LOAD": {
          "hit":3837,
          "miss":520
        },
        "RFO": {
          "hit":0,
          "miss":0
        },
        "PREFETCH": {
          "hit":0,
          "miss":0
        },
        "WRITE": {
          "hit":0,
          "miss":0
        },
        "TRANSLATION": {
          "hit":0,
          "miss":0
        },
        "mshr full": 0,
        "prefetch requested": 0,
        "prefetch issued": 0,
        "prefetch filled": 0,
        "prefetch useful": 0,
        "prefetch useless": 0,
        "prefetch late": 0,
        "pf_useful_at_l2_from_l1":          0,
        "pf_late_at_l2_from_l1":          0,
        "pf_useless_at_l2_from_l1":          0,
        "pf_at_l2_to_l1":          0,
        "pf_fill_this_level":          0,
        "miss latency": 340.653,
        "cache queues": {
          "PQ_ACCESS": 0,
          "PQ_FULL": 0,
          "PQ_TO_CACHE": 0,
          "PQ_MERGED": 0,
          "RQ_ACCESS": 40689,
          "RQ_MERGED": 0,
          "RQ_FULL": 0,
          "WQ_ACCESS": 0,
          "WQ_MERGED": 0,
          "WQ_FULL": 0
        }
      },
      "cpu0_STLB": {
        "LOAD": {
          "hit":22117,
          "miss":16073
        },
        "RFO": {
          "hit":0,
          "miss":0
        },
        "PREFETCH": {
          "hit":0,
          "miss":0
        },
        "WRITE": {
          "hit":0,
          "miss":0
        },
        "TRANSLATION": {
          "hit":0,
          "miss":0
        },
        "mshr full": 0,
        "prefetch requested": 0,
        "prefetch issued": 0,
        "prefetch filled": 0,
        "prefetch useful": 0,
        "prefetch useless": 0,
        "prefetch late": 0,
        "pf_useful_at_l2_from_l1":          0,
        "pf_late_at_l2_from_l1":          0,
        "pf_useless_at_l2_from_l1":          0,
        "pf_at_l2_to_l1":          0,
        "pf_fill_this_level":          0,
        "miss latency": 9.7747,
        "cache queues": {
          "PQ_ACCESS": 0,
          "PQ_FULL": 0,
          "PQ_TO_CACHE": 0,
          "PQ_MERGED": 0,
          "RQ_ACCESS": 96560,
          "RQ_MERGED": 0,
          "RQ_FULL": 0,
          "WQ_ACCESS": 0,
          "WQ_MERGED": 0,
          "WQ_FULL": 0
        }
      },
      "cpu3_L1D": {
        "LOAD": {
          "hit":5369707,
          "miss":6484
        },
        "RFO": {
          "hit":0,
          "miss":0
        },
        "PREFETCH": {
          "hit":9531,
          "miss":12322
        },
        "WRITE": {
          "hit":3275849,
          "miss":732
        },
        "TRANSLATION": {
          "hit":11,
          "miss":252
        },
        "mshr full": 44265,
        "prefetch requested": 99102,
        "prefetch issued": 99102,
        "prefetch filled": 17451,
        "prefetch useful": 5298,
        "prefetch useless": 12281,
        "prefetch late": 194,
        "pf_useful_at_l2_from_l1":          0,
        "pf_late_at_l2_from_l1":          0,
        "pf_useless_at_l2_from_l1":          0,
        "pf_at_l2_to_l1":          2,
        "pf_fill_this_level":      17449,
        "miss latency": 105.861,
        "cache queues": {
          "PQ_ACCESS": 99102,
          "PQ_FULL": 0,
          "PQ_TO_CACHE": 99102,
          "PQ_MERGED": 0,
          "RQ_ACCESS": 36725387,
          "RQ_MERGED": 1040743,
          "RQ_FULL": 0,
          "WQ_ACCESS": 22250824,
          "WQ_MERGED": 121544,
          "WQ_FULL": 0
        }
      },
      "cpu2_L1D": {
        "LOAD": {
          "hit":5066639,
          "miss":1675258
        },
        "RFO": {
          "hit":0,
          "miss":0
        },
        "PREFETCH": {
          "hit":95671,
          "miss":1142795
        },
        "WRITE": {
          "hit":955536,
          "miss":533696
        },
        "TRANSLATION": {
          "hit":7316,
          "miss":13964
        },
        "mshr full": 15589073,
        "prefetch requested": 1238604,
        "prefetch issued": 1238604,
        "prefetch filled": 331591,
        "prefetch useful": 263248,
        "prefetch useless": 95735,
        "prefetch late": 27373,
        "pf_useful_at_l2_from_l1":          0,
        "pf_late_at_l2_from_l1":          0,
        "pf_useless_at_l2_from_l1":          0,
        "pf_at_l2_to_l1":          2,
        "pf_fill_this_level":     331574,
        "miss latency": 14.8259,
        "cache queues": {
          "PQ_ACCESS": 1238604,
          "PQ_FULL": 0,
          "PQ_TO_CACHE": 1238604,
          "PQ_MERGED": 144,
          "RQ_ACCESS": 105180522,
          "RQ_MERGED": 714641,
          "RQ_FULL": 97723915,
          "WQ_ACCESS": 3056742,
          "WQ_MERGED": 195,
          "WQ_FULL": 1567314
        }
      },
      "cpu1_L1D": {
        "LOAD": {
          "hit":3611984,
          "miss":48904
        },
        "RFO": {
          "hit":0,
          "miss":0
        },
        "PREFETCH": {
          "hit":483164,
          "miss":435013
        },
        "WRITE": {
          "hit":4461507,
          "miss":4061
        },
        "TRANSLATION": {
          "hit":20,
          "miss":500
        },
        "mshr full": 2031,
        "prefetch requested": 7303280,
        "prefetch issued": 7303280,
        "prefetch filled": 322466,
        "prefetch useful": 125831,
        "prefetch useless": 208879,
        "prefetch late": 12253,
        "pf_useful_at_l2_from_l1":          0,
        "pf_late_at_l2_from_l1":          0,
        "pf_useless_at_l2_from_l1":          0,
        "pf_at_l2_to_l1":          2,
        "pf_fill_this_level":     322454,
        "miss latency": 23.0043,
        "cache queues": {
          "PQ_ACCESS": 7303280,
          "PQ_FULL": 0,
          "PQ_TO_CACHE": 7303280,
          "PQ_MERGED": 42,
          "RQ_ACCESS": 30131744,
          "RQ_MERGED": 698880,
          "RQ_FULL": 0,
          "WQ_ACCESS": 36571610,
          "WQ_MERGED": 650135,
          "WQ_FULL": 0
        }
      },
      "cpu0_L1D": {
        "LOAD": {
          "hit":5430035,
          "miss":984934
        },
        "RFO": {
          "hit":0,
          "miss":0
        },
        "PREFETCH": {
          "hit":62976,
          "miss":372505
        },
        "WRITE": {
          "hit":5441995,
          "miss":1273
        },
        "TRANSLATION": {
          "hit":11561,
          "miss":4518
        },
        "mshr full": 51175148,
        "prefetch requested": 869361,
        "prefetch issued": 869361,
        "prefetch filled": 347565,
        "prefetch useful": 283602,
        "prefetch useless": 98903,
        "prefetch late": 34750,
        "pf_useful_at_l2_from_l1":          0,
        "pf_late_at_l2_from_l1":          0,
        "pf_useless_at_l2_from_l1":          0,
        "pf_at_l2_to_l1":          0,
        "pf_fill_this_level":     347562,
        "miss latency": 41.7826,
        "cache queues": {
          "PQ_ACCESS": 869361,
          "PQ_FULL": 0,
          "PQ_TO_CACHE": 869361,
          "PQ_MERGED": 17,
          "RQ_ACCESS": 873701023,
          "RQ_MERGED": 617429,
          "RQ_FULL": 860524115,
          "WQ_ACCESS": 9779151,
          "WQ_MERGED": 291313,
          "WQ_FULL": 0
        }
      },
      "cpu3_L2C": {
        "LOAD": {
          "hit":3519,
          "miss":1859
        },
        "RFO": {
          "hit":182,
          "miss":87
        },
        "PREFETCH": {
          "hit":7525,
          "miss":4669
        },
        "WRITE": {
          "hit":325,
          "miss":0
        },
        "TRANSLATION": {
          "hit":109,
          "miss":143
        },
        "mshr full": 4445,
        "prefetch requested": 0,
        "prefetch issued": 0,
        "prefetch filled": 18471,
        "prefetch useful": 0,
        "prefetch useless": 0,
        "prefetch late": 0,
        "pf_useful_at_l2_from_l1":       3367,
        "pf_late_at_l2_from_l1":        323,
        "pf_useless_at_l2_from_l1":       6812,
        "pf_at_l2_to_l1":        862,
        "pf_fill_this_level":      12267,
        "miss latency": 616.199,
        "cache queues": {
          "PQ_ACCESS": 52300,
          "PQ_FULL": 0,
          "PQ_TO_CACHE": 52300,
          "PQ_MERGED": 0,
          "RQ_ACCESS": 26878,
          "RQ_MERGED": 0,
          "RQ_FULL": 0,
          "WQ_ACCESS": 1448,
          "WQ_MERGED": 0,
          "WQ_FULL": 0
        }
      },
      "cpu2_L2C": {
        "LOAD": {
          "hit":360399,
          "miss":504558
        },
        "RFO": {
          "hit":17652,
          "miss":119296
        },
        "PREFETCH": {
          "hit":312393,
          "miss":793622
        },
        "WRITE": {
          "hit":511953,
          "miss":0
        },
        "TRANSLATION": {
          "hit":5416,
          "miss":8548
        },
        "mshr full": 829130,
        "prefetch requested": 0,
        "prefetch issued": 0,
        "prefetch filled": 769249,
        "prefetch useful": 0,
        "prefetch useless": 0,
        "prefetch late": 0,
        "pf_useful_at_l2_from_l1":     183784,
        "pf_late_at_l2_from_l1":      20919,
        "pf_useless_at_l2_from_l1":     269292,
        "pf_at_l2_to_l1":       6993,
        "pf_fill_this_level":     437997,
        "miss latency": 57.2724,
        "cache queues": {
          "PQ_ACCESS": 1162891,
          "PQ_FULL": 56800,
          "PQ_TO_CACHE": 1106091,
          "PQ_MERGED": 64,
          "RQ_ACCESS": 1015982,
          "RQ_MERGED": 0,
          "RQ_FULL": 0,
          "WQ_ACCESS": 511974,
          "WQ_MERGED": 0,
          "WQ_FULL": 0
        }
      },
      "cpu1_L2C": {
        "LOAD": {
          "hit":37168,
          "miss":1906
        },
        "RFO": {
          "hit":161,
          "miss":665
        },
        "PREFETCH": {
          "hit":421180,
          "miss":12514
        },
        "WRITE": {
          "hit":2678,
          "miss":0
        },
        "TRANSLATION": {
          "hit":190,
          "miss":310
        },
        "mshr full": 23650,
        "prefetch requested": 0,
        "prefetch issued": 0,
        "prefetch filled": 110990,
        "prefetch useful": 0,
        "prefetch useless": 0,
        "prefetch late": 0,
        "pf_useful_at_l2_from_l1":      14378,
        "pf_late_at_l2_from_l1":        945,
        "pf_useless_at_l2_from_l1":      51422,
        "pf_at_l2_to_l1":      16022,
        "pf_fill_this_level":      80820,
        "miss latency": 1522.13,
        "cache queues": {
          "PQ_ACCESS": 3501653,
          "PQ_FULL": 437,
          "PQ_TO_CACHE": 3501216,
          "PQ_MERGED": 118,
          "RQ_ACCESS": 339296,
          "RQ_MERGED": 0,
          "RQ_FULL": 0,
          "WQ_ACCESS": 24150,
          "WQ_MERGED": 0,
          "WQ_FULL": 0
        }
      },
      "cpu0_L2C": {
        "LOAD": {
          "hit":52646,
          "miss":675757
        },
        "RFO": {
          "hit":317,
          "miss":22
        },
        "PREFETCH": {
          "hit":63490,
          "miss":271372
        },
        "WRITE": {
          "hit":18171,
          "miss":0
        },
        "TRANSLATION": {
          "hit":3005,
          "miss":1513
        },
        "mshr full": 24503,
        "prefetch requested": 0,
        "prefetch issued": 0,
        "prefetch filled": 536739,
        "prefetch useful": 0,
        "prefetch useless": 0,
        "prefetch late": 0,
        "pf_useful_at_l2_from_l1":      84285,
        "pf_late_at_l2_from_l1":       5056,
        "pf_useless_at_l2_from_l1":     104461,
        "pf_at_l2_to_l1":       3019,
        "pf_fill_this_level":     185919,
        "miss latency": 66.4002,
        "cache queues": {
          "PQ_ACCESS": 662027,
          "PQ_FULL": 128,
          "PQ_TO_CACHE": 661899,
          "PQ_MERGED": 1,
          "RQ_ACCESS": 2018063,
          "RQ_MERGED": 0,
          "RQ_FULL": 0,
          "WQ_ACCESS": 35966,
          "WQ_MERGED": 0,
          "WQ_FULL": 0
        }
      },
      "LLC": {
        "LOAD": {
          "hit": [425622, 17, 171718, 0],
          "miss": [247785, 1770, 311922, 1792]
        },
        "RFO": {
          "hit": [17, 0, 64629, 0],
          "miss": [5, 662, 54662, 86]
        },
        "PREFETCH": {
          "hit": [56517, 145, 231074, 1],
          "miss": [214771, 12360, 559092, 4663]
        },
        "WRITE": {
          "hit": [10376, 463, 373630, 1],
          "miss": [0, 0, 0, 0]
        },
        "TRANSLATION": {
          "hit": [870, 14, 3997, 0],
          "miss": [643, 296, 4551, 143]
        },
        "mshr full": 0,
        "prefetch requested": 0,
        "prefetch issued": 0,
        "prefetch filled": 1082532,
        "prefetch useful": 0,
        "prefetch useless": 0,
        "prefetch late": 0,
        "pf_useful_at_l2_from_l1":          0,
        "pf_late_at_l2_from_l1":          0,
        "pf_useless_at_l2_from_l1":          0,
        "pf_at_l2_to_l1":      24295,
        "pf_fill_this_level":          0,
        "miss latency": 125.016,
        "cache queues": {
          "PQ_ACCESS": 1462693,
          "PQ_FULL": 0,
          "PQ_TO_CACHE": 1462693,
          "PQ_MERGED": 0,
          "RQ_ACCESS": 2550538,
          "RQ_MERGED": 0,
          "RQ_FULL": 0,
          "WQ_ACCESS": 406500,
          "WQ_MERGED": 0,
          "WQ_FULL": 0
        }
      },
      "DRAM": [
        {
          "RQ ROW_BUFFER_HIT": 1075232,
          "RQ ROW_BUFFER_MISS": 1122679,
          "PQ FULL": 68182,
          "WQ ROW_BUFFER_HIT": 16504,
          "WQ ROW_BUFFER_MISS": 176183,
          "WQ FULL": 0,
          "AVG DBUS CONGESTED CYCLE": 3.96159
        }
      ]

    },
    "sim": {
      "cores": [
        {
          "instructions": 46337942,
          "cycles": 67982741,
          "Avg ROB occupancy at mispredict": 76.9086, 
          "mispredict": {
            "BRANCH_DIRECT_JUMP": 0,
            "BRANCH_INDIRECT": 0,
            "BRANCH_CONDITIONAL": 120212,
            "BRANCH_DIRECT_CALL": 0,
            "BRANCH_INDIRECT_CALL": 0,
            "BRANCH_RETURN": 0
          }
        },
        {
          "instructions": 201134169,
          "cycles": 67982741,
          "Avg ROB occupancy at mispredict": 58.722, 
          "mispredict": {
            "BRANCH_DIRECT_JUMP": 72,
            "BRANCH_INDIRECT": 1,
            "BRANCH_CONDITIONAL": 178472,
            "BRANCH_DIRECT_CALL": 749,
            "BRANCH_INDIRECT_CALL": 16,
            "BRANCH_RETURN": 742
          }
        },
        {
          "instructions": 25000004,
          "cycles": 67982741,
          "Avg ROB occupancy at mispredict": 13.1286, 
          "mispredict": {
            "BRANCH_DIRECT_JUMP": 19,
            "BRANCH_INDIRECT": 6,
            "BRANCH_CONDITIONAL": 860534,
            "BRANCH_DIRECT_CALL": 3,
            "BRANCH_INDIRECT_CALL": 17,
            "BRANCH_RETURN": 20
          }
        },
        {
          "instructions": 161135517,
          "cycles": 67982741,
          "Avg ROB occupancy at mispredict": 38.2931, 
          "mispredict": {
            "BRANCH_DIRECT_JUMP": 353,
            "BRANCH_INDIRECT": 55467,
            "BRANCH_CONDITIONAL": 1329915,
            "BRANCH_DIRECT_CALL": 769,
            "BRANCH_INDIRECT_CALL": 660,
            "BRANCH_RETURN": 188
          }
        }
      ],
      "cpu3_L1I": {
        "LOAD": {
          "hit":244334,
          "miss":16989
        },
        "RFO": {
          "hit":0,
          "miss":0
        },
        "PREFETCH": {
          "hit":0,
          "miss":0
        },
        "WRITE": {
          "hit":0,
          "miss":0
        },
        "TRANSLATION": {
          "hit":0,
          "miss":0
        },
        "mshr full": 0,
        "prefetch requested": 0,
        "prefetch issued": 0,
        "prefetch filled": 0,
        "prefetch useful": 0,
        "prefetch useless": 0,
        "prefetch late": 0,
        "pf_useful_at_l2_from_l1":          0,
        "pf_late_at_l2_from_l1":          0,
        "pf_useless_at_l2_from_l1":          0,
        "pf_at_l2_to_l1":          0,
        "pf_fill_this_level":          0,
        "miss latency": 1.54526,
        "cache queues": {
          "PQ_ACCESS": 0,
          "PQ_FULL": 0,
          "PQ_TO_CACHE": 0,
          "PQ_MERGED": 0,
          "RQ_ACCESS": 263092,
          "RQ_MERGED": 1769,
          "RQ_FULL": 0,
          "WQ_ACCESS": 0,
          "WQ_MERGED": 0,
          "WQ_FULL": 0
        }
      },
      "cpu3_ITLB": {
        "LOAD": {
          "hit":248673,
          "miss":5
        },
        "RFO": {
          "hit":0,
          "miss":0
        },
        "PREFETCH": {
          "hit":0,
          "miss":0
        },
        "WRITE": {
          "hit":0,
          "miss":0
        },
        "TRANSLATION": {
          "hit":0,
          "miss":0
        },
        "mshr full": 0,
        "prefetch requested": 0,
        "prefetch issued": 0,
        "prefetch filled": 0,
        "prefetch useful": 0,
        "prefetch useless": 0,
        "prefetch late": 0,
        "pf_useful_at_l2_from_l1":          0,
        "pf_late_at_l2_from_l1":          0,
        "pf_useless_at_l2_from_l1":          0,
        "pf_at_l2_to_l1":          0,
        "pf_fill_this_level":          0,
        "miss latency": 13.1501,
        "cache queues": {
          "PQ_ACCESS": 0,
          "PQ_FULL": 0,
          "PQ_TO_CACHE": 0,
          "PQ_MERGED": 0,
          "RQ_ACCESS": 248678,
          "RQ_MERGED": 0,
          "RQ_FULL": 0,
          "WQ_ACCESS": 0,
          "WQ_MERGED": 0,
          "WQ_FULL": 0
        }
      },
      "cpu3_DTLB": {
        "LOAD": {
          "hit":56276663,
          "miss":22579
        },
        "RFO": {
          "hit":0,
          "miss":0
        },
        "PREFETCH": {
          "hit":0,
          "miss":0
        },
        "WRITE": {
          "hit":0,
          "miss":0
        },
        "TRANSLATION": {
          "hit":0,
          "miss":0
        },
        "mshr full": 0,
        "prefetch requested": 0,
        "prefetch issued": 0,
        "prefetch filled": 0,
        "prefetch useful": 0,
        "prefetch useless": 0,
        "prefetch late": 0,
        "pf_useful_at_l2_from_l1":          0,
        "pf_late_at_l2_from_l1":          0,
        "pf_useless_at_l2_from_l1":          0,
        "pf_at_l2_to_l1":          0,
        "pf_fill_this_level":          0,
        "miss latency": 2.14475,
        "cache queues": {
          "PQ_ACCESS": 0,
          "PQ_FULL": 0,
          "PQ_TO_CACHE": 0,
          "PQ_MERGED": 0,
          "RQ_ACCESS": 56344359,
          "RQ_MERGED": 0,
          "RQ_FULL": 45120,
          "WQ_ACCESS": 0,
          "WQ_MERGED": 0,
          "WQ_FULL": 0
        }
      },
      "cpu2_L1I": {
        "LOAD": {
          "hit":1582,
          "miss":130
        },
        "RFO": {
          "hit":0,
          "miss":0
        },
        "PREFETCH": {
          "hit":0,
          "miss":0
        },
        "WRITE": {
          "hit":0,
          "miss":0
        },
        "TRANSLATION": {
          "hit":0,
          "miss":0
        },
        "mshr full": 0,
        "prefetch requested": 0,
        "prefetch issued": 0,
        "prefetch filled": 0,
        "prefetch useful": 0,
        "prefetch useless": 0,
        "prefetch late": 0,
        "pf_useful_at_l2_from_l1":          0,
        "pf_late_at_l2_from_l1":          0,
        "pf_useless_at_l2_from_l1":          0,
        "pf_at_l2_to_l1":          0,
        "pf_fill_this_level":          0,
        "miss latency": 26.5284,
        "cache queues": {
          "PQ_ACCESS": 0,
          "PQ_FULL": 0,
          "PQ_TO_CACHE": 0,
          "PQ_MERGED": 0,
          "RQ_ACCESS": 1728,
          "RQ_MERGED": 16,
          "RQ_FULL": 0,
          "WQ_ACCESS": 0,
          "WQ_MERGED": 0,
          "WQ_FULL": 0
        }
      },
      "cpu2_ITLB": {
        "LOAD": {
          "hit":1669,
          "miss":0
        },
        "RFO": {
          "hit":0,
          "miss":0
        },
        "PREFETCH": {
          "hit":0,
          "miss":0
        },
        "WRITE": {
          "hit":0,
          "miss":0
        },
        "TRANSLATION": {
          "hit":0,
          "miss":0
        },
        "mshr full": 0,
        "prefetch requested": 0,
        "prefetch issued": 0,
        "prefetch filled": 0,
        "prefetch useful": 0,
        "prefetch useless": 0,
        "prefetch late": 0,
        "pf_useful_at_l2_from_l1":          0,
        "pf_late_at_l2_from_l1":          0,
        "pf_useless_at_l2_from_l1":          0,
        "pf_at_l2_to_l1":          0,
        "pf_fill_this_level":          0,
        "miss latency": null,
        "cache queues": {
          "PQ_ACCESS": 0,
          "PQ_FULL": 0,
          "PQ_TO_CACHE": 0,
          "PQ_MERGED": 0,
          "RQ_ACCESS": 1669,
          "RQ_MERGED": 0,
          "RQ_FULL": 0,
          "WQ_ACCESS": 0,
          "WQ_MERGED": 0,
          "WQ_FULL": 0
        }
      },
      "cpu2_DTLB": {
        "LOAD": {
          "hit":7645393,
          "miss":383437
        },
        "RFO": {
          "hit":0,
          "miss":0
        },
        "PREFETCH": {
          "hit":0,
          "miss":0
        },
        "WRITE": {
          "hit":0,
          "miss":0
        },
        "TRANSLATION": {
          "hit":0,
          "miss":0
        },
        "mshr full": 12894,
        "prefetch requested": 0,
        "prefetch issued": 0,
        "prefetch filled": 0,
        "prefetch useful": 0,
        "prefetch useless": 0,
        "prefetch late": 0,
        "pf_useful_at_l2_from_l1":          0,
        "pf_late_at_l2_from_l1":          0,
        "pf_useless_at_l2_from_l1":          0,
        "pf_at_l2_to_l1":          0,
        "pf_fill_this_level":          0,
        "miss latency": 0.95097,
        "cache queues": {
          "PQ_ACCESS": 0,
          "PQ_FULL": 0,
          "PQ_TO_CACHE": 0,
          "PQ_MERGED": 0,
          "RQ_ACCESS": 8294413,
          "RQ_MERGED": 0,
          "RQ_FULL": 265585,
          "WQ_ACCESS": 0,
          "WQ_MERGED": 0,
          "WQ_FULL": 0
        }
      },
      "cpu1_L1I": {
        "LOAD": {
          "hit":15787,
          "miss":2
        },
        "RFO": {
          "hit":0,
          "miss":0
        },
        "PREFETCH": {
          "hit":0,
          "miss":0
        },
        "WRITE": {
          "hit":0,
          "miss":0
        },
        "TRANSLATION": {
          "hit":0,
          "miss":0
        },
        "mshr full": 0,
        "prefetch requested": 0,
        "prefetch issued": 0,
        "prefetch filled": 0,
        "prefetch useful": 0,
        "prefetch useless": 0,
        "prefetch late": 0,
        "pf_useful_at_l2_from_l1":          0,
        "pf_late_at_l2_from_l1":          0,
        "pf_useless_at_l2_from_l1":          0,
        "pf_at_l2_to_l1":          0,
        "pf_fill_this_level":          0,
        "miss latency": 41.7188,
        "cache queues": {
          "PQ_ACCESS": 0,
          "PQ_FULL": 0,
          "PQ_TO_CACHE": 0,
          "PQ_MERGED": 0,
          "RQ_ACCESS": 15934,
          "RQ_MERGED": 145,
          "RQ_FULL": 0,
          "WQ_ACCESS": 0,
          "WQ_MERGED": 0,
          "WQ_FULL": 0
        }
      },
      "cpu1_ITLB": {
        "LOAD": {
          "hit":14219,
          "miss":0
        },
        "RFO": {
          "hit":0,
          "miss":0
        },
        "PREFETCH": {
          "hit":0,
          "miss":0
        },
        "WRITE": {
          "hit":0,
          "miss":0
        },
        "TRANSLATION": {
          "hit":0,
          "miss":0
        },
        "mshr full": 0,
        "prefetch requested": 0,
        "prefetch issued": 0,
        "prefetch filled": 0,
        "prefetch useful": 0,
        "prefetch useless": 0,
        "prefetch late": 0,
        "pf_useful_at_l2_from_l1":          0,
        "pf_late_at_l2_from_l1":          0,
        "pf_useless_at_l2_from_l1":          0,
        "pf_at_l2_to_l1":          0,
        "pf_fill_this_level":          0,
        "miss latency": null,
        "cache queues": {
          "PQ_ACCESS": 0,
          "PQ_FULL": 0,
          "PQ_TO_CACHE": 0,
          "PQ_MERGED": 0,
          "RQ_ACCESS": 14219,
          "RQ_MERGED": 0,
          "RQ_FULL": 0,
          "WQ_ACCESS": 0,
          "WQ_MERGED": 0,
          "WQ_FULL": 0
        }
      },
      "cpu1_DTLB": {
        "LOAD": {
          "hit":57754905,
          "miss":56589
        },
        "RFO": {
          "hit":0,
          "miss":0
        },
        "PREFETCH": {
          "hit":0,
          "miss":0
        },
        "WRITE": {
          "hit":0,
          "miss":0
        },
        "TRANSLATION": {
          "hit":0,
          "miss":0
        },
        "mshr full": 0,
        "prefetch requested": 0,
        "prefetch issued": 0,
        "prefetch filled": 0,
        "prefetch useful": 0,
        "prefetch useless": 0,
        "prefetch late": 0,
        "pf_useful_at_l2_from_l1":          0,
        "pf_late_at_l2_from_l1":          0,
        "pf_useless_at_l2_from_l1":          0,
        "pf_at_l2_to_l1":          0,
        "pf_fill_this_level":          0,
        "miss latency": 3.49128,
        "cache queues": {
          "PQ_ACCESS": 0,
          "PQ_FULL": 0,
          "PQ_TO_CACHE": 0,
          "PQ_MERGED": 0,
          "RQ_ACCESS": 57811493,
          "RQ_MERGED": 0,
          "RQ_FULL": 0,
          "WQ_ACCESS": 0,
          "WQ_MERGED": 0,
          "WQ_FULL": 0
        }
      },
      "cpu0_L1I": {
        "LOAD": {
          "hit":0,
          "miss":0
        },
        "RFO": {
          "hit":0,
          "miss":0
        },
        "PREFETCH": {
          "hit":0,
          "miss":0
        },
        "WRITE": {
          "hit":0,
          "miss":0
        },
        "TRANSLATION": {
          "hit":0,
          "miss":0
        },
        "mshr full": 0,
        "prefetch requested": 0,
        "prefetch issued": 0,
        "prefetch filled": 0,
        "prefetch useful": 0,
        "prefetch useless": 0,
        "prefetch late": 0,
        "pf_useful_at_l2_from_l1":          0,
        "pf_late_at_l2_from_l1":          0,
        "pf_useless_at_l2_from_l1":          0,
        "pf_at_l2_to_l1":          0,
        "pf_fill_this_level":          0,
        "miss latency": null,
        "cache queues": {
          "PQ_ACCESS": 0,
          "PQ_FULL": 0,
          "PQ_TO_CACHE": 0,
          "PQ_MERGED": 0,
          "RQ_ACCESS": 0,
          "RQ_MERGED": 0,
          "RQ_FULL": 0,
          "WQ_ACCESS": 0,
          "WQ_MERGED": 0,
          "WQ_FULL": 0
        }
      },
      "cpu0_ITLB": {
        "LOAD": {
          "hit":0,
          "miss":0
        },
        "RFO": {
          "hit":0,
          "miss":0
        },
        "PREFETCH": {
          "hit":0,
          "miss":0
        },
        "WRITE": {
          "hit":0,
          "miss":0
        },
        "TRANSLATION": {
          "hit":0,
          "miss":0
        },
        "mshr full": 0,
        "prefetch requested": 0,
        "prefetch issued": 0,
        "prefetch filled": 0,
        "prefetch useful": 0,
        "prefetch useless": 0,
        "prefetch late": 0,
        "pf_useful_at_l2_from_l1":          0,
        "pf_late_at_l2_from_l1":          0,
        "pf_useless_at_l2_from_l1":          0,
        "pf_at_l2_to_l1":          0,
        "pf_fill_this_level":          0,
        "miss latency": null,
        "cache queues": {
          "PQ_ACCESS": 0,
          "PQ_FULL": 0,
          "PQ_TO_CACHE": 0,
          "PQ_MERGED": 0,
          "RQ_ACCESS": 0,
          "RQ_MERGED": 0,
          "RQ_FULL": 0,
          "WQ_ACCESS": 0,
          "WQ_MERGED": 0,
          "WQ_FULL": 0
        }
      },
      "cpu0_DTLB": {
        "LOAD": {
          "hit":20786475,
          "miss":558313
        },
        "RFO": {
          "hit":0,
          "miss":0
        },
        "PREFETCH": {
          "hit":0,
          "miss":0
        },
        "WRITE": {
          "hit":0,
          "miss":0
        },
        "TRANSLATION": {
          "hit":0,
          "miss":0
        },
        "mshr full": 0,
        "prefetch requested": 0,
        "prefetch issued": 0,
        "prefetch filled": 0,
        "prefetch useful": 0,
        "prefetch useless": 0,
        "prefetch late": 0,
        "pf_useful_at_l2_from_l1":          0,
        "pf_late_at_l2_from_l1":          0,
        "pf_useless_at_l2_from_l1":          0,
        "pf_at_l2_to_l1":          0,
        "pf_fill_this_level":          0,
        "miss latency": 0.369236,
        "cache queues": {
          "PQ_ACCESS": 0,
          "PQ_FULL": 0,
          "PQ_TO_CACHE": 0,
          "PQ_MERGED": 0,
          "RQ_ACCESS": 21882584,
          "RQ_MERGED": 0,
          "RQ_FULL": 537798,
          "WQ_ACCESS": 0,
          "WQ_MERGED": 0,
          "WQ_FULL": 0
        }
      },
      "cpu3_STLB": {
        "LOAD": {
          "hit":10156,
          "miss":853
        },
        "RFO": {
          "hit":0,
          "miss":0
        },
        "PREFETCH": {
          "hit":0,
          "miss":0
        },
        "WRITE": {
          "hit":0,
          "miss":0
        },
        "TRANSLATION": {
          "hit":0,
          "miss":0
        },
        "mshr full": 0,
        "prefetch requested": 0,
        "prefetch issued": 0,
        "prefetch filled": 0,
        "prefetch useful": 0,
        "prefetch useless": 0,
        "prefetch late": 0,
        "pf_useful_at_l2_from_l1":          0,
        "pf_late_at_l2_from_l1":          0,
        "pf_useless_at_l2_from_l1":          0,
        "pf_at_l2_to_l1":          0,
        "pf_fill_this_level":          0,
        "miss latency": 50.5564,
        "cache queues": {
          "PQ_ACCESS": 0,
          "PQ_FULL": 0,
          "PQ_TO_CACHE": 0,
          "PQ_MERGED": 0,
          "RQ_ACCESS": 11009,
          "RQ_MERGED": 0,
          "RQ_FULL": 0,
          "WQ_ACCESS": 0,
          "WQ_MERGED": 0,
          "WQ_FULL": 0
        }
      },
      "cpu2_STLB": {
        "LOAD": {
          "hit":119694,
          "miss":21511
        },
        "RFO": {
          "hit":0,
          "miss":0
        },
        "PREFETCH": {
          "hit":0,
          "miss":0
        },
        "WRITE": {
          "hit":0,
          "miss":0
        },
        "TRANSLATION": {
          "hit":0,
          "miss":0
        },
        "mshr full": 0,
        "prefetch requested": 0,
        "prefetch issued": 0,
        "prefetch filled": 0,
        "prefetch useful": 0,
        "prefetch useless": 0,
        "prefetch late": 0,
        "pf_useful_at_l2_from_l1":          0,
        "pf_late_at_l2_from_l1":          0,
        "pf_useless_at_l2_from_l1":          0,
        "pf_at_l2_to_l1":          0,
        "pf_fill_this_level":          0,
        "miss latency": 13.7852,
        "cache queues": {
          "PQ_ACCESS": 0,
          "PQ_FULL": 0,
          "PQ_TO_CACHE": 0,
          "PQ_MERGED": 0,
          "RQ_ACCESS": 141205,
          "RQ_MERGED": 0,
          "RQ_FULL": 0,
          "WQ_ACCESS": 0,
          "WQ_MERGED": 0,
          "WQ_FULL": 0
        }
      },
      "cpu1_STLB": {
        "LOAD": {
          "hit":36732,
          "miss":3957
        },
        "RFO": {
          "hit":0,
          "miss":0
        },
        "PREFETCH": {
          "hit":0,
          "miss":0
        },
        "WRITE": {
          "hit":0,
          "miss":0
        },
        "TRANSLATION": {
          "hit":0,
          "miss":0
        },
        "mshr full": 0,
        "prefetch requested": 0,
        "prefetch issued": 0,
        "prefetch filled": 0,
        "prefetch useful": 0,
        "prefetch useless": 0,
        "prefetch late": 0,
        "pf_useful_at_l2_from_l1":          0,
        "pf_late_at_l2_from_l1":          0,
        "pf_useless_at_l2_from_l1":          0,
        "pf_at_l2_to_l1":          0,
        "pf_fill_this_level":          0,
        "miss latency": 44.7662,
        "cache queues": {
          "PQ_ACCESS": 0,
          "PQ_FULL": 0,
          "PQ_TO_CACHE": 0,
          "PQ_MERGED": 0,
          "RQ_ACCESS": 40689,
          "RQ_MERGED": 0,
          "RQ_FULL": 0,
          "WQ_ACCESS": 0,
          "WQ_MERGED": 0,
          "WQ_FULL": 0
        }
      },
      "cpu0_STLB": {
        "LOAD": {
          "hit":55801,
          "miss":40759
        },
        "RFO": {
          "hit":0,
          "miss":0
        },
        "PREFETCH": {
          "hit":0,
          "miss":0
        },
        "WRITE": {
          "hit":0,
          "miss":0
        },
        "TRANSLATION": {
          "hit":0,
          "miss":0
        },
        "mshr full": 0,
        "prefetch requested": 0,
        "prefetch issued": 0,
        "prefetch filled": 0,
        "prefetch useful": 0,
        "prefetch useless": 0,
        "prefetch late": 0,
        "pf_useful_at_l2_from_l1":          0,
        "pf_late_at_l2_from_l1":          0,
        "pf_useless_at_l2_from_l1":          0,
        "pf_at_l2_to_l1":          0,
        "pf_fill_this_level":          0,
        "miss latency": 3.85458,
        "cache queues": {
          "PQ_ACCESS": 0,
          "PQ_FULL": 0,
          "PQ_TO_CACHE": 0,
          "PQ_MERGED": 0,
          "RQ_ACCESS": 96560,
          "RQ_MERGED": 0,
          "RQ_FULL": 0,
          "WQ_ACCESS": 0,
          "WQ_MERGED": 0,
          "WQ_FULL": 0
        }
      },
      "cpu3_L1D": {
        "LOAD": {
          "hit":35609515,
          "miss":29602
        },
        "RFO": {
          "hit":0,
          "miss":0
        },
        "PREFETCH": {
          "hit":46194,
          "miss":52906
        },
        "WRITE": {
          "hit":22125946,
          "miss":3337
        },
        "TRANSLATION": {
          "hit":25,
          "miss":828
        },
        "mshr full": 44265,
        "prefetch requested": 99102,
        "prefetch issued": 99102,
        "prefetch filled": 17451,
        "prefetch useful": 5298,
        "prefetch useless": 12281,
        "prefetch late": 194,
        "pf_useful_at_l2_from_l1":          0,
        "pf_late_at_l2_from_l1":          0,
        "pf_useless_at_l2_from_l1":          0,
        "pf_at_l2_to_l1":          2,
        "pf_fill_this_level":      17449,
        "miss latency": 23.6471,
        "cache queues": {
          "PQ_ACCESS": 99102,
          "PQ_FULL": 0,
          "PQ_TO_CACHE": 99102,
          "PQ_MERGED": 0,
          "RQ_ACCESS": 36725387,
          "RQ_MERGED": 1040743,
          "RQ_FULL": 0,
          "WQ_ACCESS": 22250824,
          "WQ_MERGED": 121544,
          "WQ_FULL": 0
        }
      },
      "cpu2_L1D": {
        "LOAD": {
          "hit":5066639,
          "miss":1675258
        },
        "RFO": {
          "hit":0,
          "miss":0
        },
        "PREFETCH": {
          "hit":95671,
          "miss":1142795
        },
        "WRITE": {
          "hit":955536,
          "miss":533696
        },
        "TRANSLATION": {
          "hit":7316,
          "miss":13964
        },
        "mshr full": 15589073,
        "prefetch requested": 1238604,
        "prefetch issued": 1238604,
        "prefetch filled": 331591,
        "prefetch useful": 263248,
        "prefetch useless": 95735,
        "prefetch late": 27373,
        "pf_useful_at_l2_from_l1":          0,
        "pf_late_at_l2_from_l1":          0,
        "pf_useless_at_l2_from_l1":          0,
        "pf_at_l2_to_l1":          2,
        "pf_fill_this_level":     331574,
        "miss latency": 14.8259,
        "cache queues": {
          "PQ_ACCESS": 1238604,
          "PQ_FULL": 0,
          "PQ_TO_CACHE": 1238604,
          "PQ_MERGED": 144,
          "RQ_ACCESS": 105180522,
          "RQ_MERGED": 714641,
          "RQ_FULL": 97723915,
          "WQ_ACCESS": 3056742,
          "WQ_MERGED": 195,
          "WQ_FULL": 1567314
        }
      },
      "cpu1_L1D": {
        "LOAD": {
          "hit":29000700,
          "miss":412505
        },
        "RFO": {
          "hit":0,
          "miss":0
        },
        "PREFETCH": {
          "hit":3791259,
          "miss":3511964
        },
        "WRITE": {
          "hit":35885135,
          "miss":36339
        },
        "TRANSLATION": {
          "hit":147,
          "miss":3816
        },
        "mshr full": 2031,
        "prefetch requested": 7303280,
        "prefetch issued": 7303280,
        "prefetch filled": 322466,
        "prefetch useful": 125831,
        "prefetch useless": 208879,
        "prefetch late": 12253,
        "pf_useful_at_l2_from_l1":          0,
        "pf_late_at_l2_from_l1":          0,
        "pf_useless_at_l2_from_l1":          0,
        "pf_at_l2_to_l1":          2,
        "pf_fill_this_level":     322454,
        "miss latency": 2.80958,
        "cache queues": {
          "PQ_ACCESS": 7303280,
          "PQ_FULL": 0,
          "PQ_TO_CACHE": 7303280,
          "PQ_MERGED": 42,
          "RQ_ACCESS": 30131744,
          "RQ_MERGED": 698880,
          "RQ_FULL": 0,
          "WQ_ACCESS": 36571610,
          "WQ_MERGED": 650135,
          "WQ_FULL": 0
        }
      },
      "cpu0_L1D": {
        "LOAD": {
          "hit":9859406,
          "miss":2700009
        },
        "RFO": {
          "hit":0,
          "miss":0
        },
        "PREFETCH": {
          "hit":113649,
          "miss":755693
        },
        "WRITE": {
          "hit":9485560,
          "miss":2280
        },
        "TRANSLATION": {
          "hit":29923,
          "miss":10847
        },
        "mshr full": 51175148,
        "prefetch requested": 869361,
        "prefetch issued": 869361,
        "prefetch filled": 347565,
        "prefetch useful": 283602,
        "prefetch useless": 98903,
        "prefetch late": 34750,
        "pf_useful_at_l2_from_l1":          0,
        "pf_late_at_l2_from_l1":          0,
        "pf_useless_at_l2_from_l1":          0,
        "pf_at_l2_to_l1":          0,
        "pf_fill_this_level":     347562,
        "miss latency": 15.5932,
        "cache queues": {
          "PQ_ACCESS": 869361,
          "PQ_FULL": 0,
          "PQ_TO_CACHE": 869361,
          "PQ_MERGED": 17,
          "RQ_ACCESS": 873701023,
          "RQ_MERGED": 617429,
          "RQ_FULL": 860524115,
          "WQ_ACCESS": 9779151,
          "WQ_MERGED": 291313,
          "WQ_FULL": 0
        }
      },
      "cpu3_L2C": {
        "LOAD": {
          "hit":16590,
          "miss":8215
        },
        "RFO": {
          "hit":845,
          "miss":397
        },
        "PREFETCH": {
          "hit":33487,
          "miss":18811
        },
        "WRITE": {
          "hit":1425,
          "miss":0
        },
        "TRANSLATION": {
          "hit":341,
          "miss":487
        },
        "mshr full": 4445,
        "prefetch requested": 0,
        "prefetch issued": 0,
        "prefetch filled": 18471,
        "prefetch useful": 0,
        "prefetch useless": 0,
        "prefetch late": 0,
        "pf_useful_at_l2_from_l1":       3367,
        "pf_late_at_l2_from_l1":        323,
        "pf_useless_at_l2_from_l1":       6812,
        "pf_at_l2_to_l1":        862,
        "pf_fill_this_level":      12267,
        "miss latency": 144.302,
        "cache queues": {
          "PQ_ACCESS": 52300,
          "PQ_FULL": 0,
          "PQ_TO_CACHE": 52300,
          "PQ_MERGED": 0,
          "RQ_ACCESS": 26878,
          "RQ_MERGED": 0,
          "RQ_FULL": 0,
          "WQ_ACCESS": 1448,
          "WQ_MERGED": 0,
          "WQ_FULL": 0
        }
      },
      "cpu2_L2C": {
        "LOAD": {
          "hit":360399,
          "miss":504558
        },
        "RFO": {
          "hit":17652,
          "miss":119296
        },
        "PREFETCH": {
          "hit":312393,
          "miss":793622
        },
        "WRITE": {
          "hit":511953,
          "miss":0
        },
        "TRANSLATION": {
          "hit":5416,
          "miss":8548
        },
        "mshr full": 829130,
        "prefetch requested": 0,
        "prefetch issued": 0,
        "prefetch filled": 769249,
        "prefetch useful": 0,
        "prefetch useless": 0,
        "prefetch late": 0,
        "pf_useful_at_l2_from_l1":     183784,
        "pf_late_at_l2_from_l1":      20919,
        "pf_useless_at_l2_from_l1":     269292,
        "pf_at_l2_to_l1":       6993,
        "pf_fill_this_level":     437997,
        "miss latency": 57.2724,
        "cache queues": {
          "PQ_ACCESS": 1162891,
          "PQ_FULL": 56800,
          "PQ_TO_CACHE": 1106091,
          "PQ_MERGED": 64,
          "RQ_ACCESS": 1015982,
          "RQ_MERGED": 0,
          "RQ_FULL": 0,
          "WQ_ACCESS": 511974,
          "WQ_MERGED": 0,
          "WQ_FULL": 0
        }
      },
      "cpu1_L2C": {
        "LOAD": {
          "hit":310913,
          "miss":17162
        },
        "RFO": {
          "hit":1634,
          "miss":5716
        },
        "PREFETCH": {
          "hit":3389123,
          "miss":111970
        },
        "WRITE": {
          "hit":24109,
          "miss":0
        },
        "TRANSLATION": {
          "hit":1206,
          "miss":2610
        },
        "mshr full": 23650,
        "prefetch requested": 0,
        "prefetch issued": 0,
        "prefetch filled": 110990,
        "prefetch useful": 0,
        "prefetch useless": 0,
        "prefetch late": 0,
        "pf_useful_at_l2_from_l1":      14378,
        "pf_late_at_l2_from_l1":        945,
        "pf_useless_at_l2_from_l1":      51422,
        "pf_at_l2_to_l1":      16022,
        "pf_fill_this_level":      80820,
        "miss latency": 170.184,
        "cache queues": {
          "PQ_ACCESS": 3501653,
          "PQ_FULL": 437,
          "PQ_TO_CACHE": 3501216,
          "PQ_MERGED": 118,
          "RQ_ACCESS": 339296,
          "RQ_MERGED": 0,
          "RQ_FULL": 0,
          "WQ_ACCESS": 24150,
          "WQ_MERGED": 0,
          "WQ_FULL": 0
        }
      },
      "cpu0_L2C": {
        "LOAD": {
          "hit":99832,
          "miss":1906745
        },
        "RFO": {
          "hit":541,
          "miss":47
        },
        "PREFETCH": {
          "hit":119882,
          "miss":542012
        },
        "WRITE": {
          "hit":35480,
          "miss":0
        },
        "TRANSLATION": {
          "hit":6847,
          "miss":4000
        },
        "mshr full": 24503,
        "prefetch requested": 0,
        "prefetch issued": 0,
        "prefetch filled": 536739,
        "prefetch useful": 0,
        "prefetch useless": 0,
        "prefetch late": 0,
        "pf_useful_at_l2_from_l1":      84285,
        "pf_late_at_l2_from_l1":       5056,
        "pf_useless_at_l2_from_l1":     104461,
        "pf_at_l2_to_l1":       3019,
        "pf_fill_this_level":     185919,
        "miss latency": 24.1771,
        "cache queues": {
          "PQ_ACCESS": 662027,
          "PQ_FULL": 128,
          "PQ_TO_CACHE": 661899,
          "PQ_MERGED": 1,
          "RQ_ACCESS": 2018063,
          "RQ_MERGED": 0,
          "RQ_FULL": 0,
          "WQ_ACCESS": 35966,
          "WQ_MERGED": 0,
          "WQ_FULL": 0
        }
      },
      "LLC": {
        "LOAD": {
          "hit": [1191306, 284, 171718, 1],
          "miss": [710383, 15959, 311922, 7897]
        },
        "RFO": {
          "hit": [28, 27, 64629, 2],
          "miss": [19, 5663, 54662, 389]
        },
        "PREFETCH": {
          "hit": [146608, 2468, 231074, 4],
          "miss": [395187, 109466, 559092, 18790]
        },
        "WRITE": {
          "hit": [20444, 5891, 373630, 2],
          "miss": [0, 0, 0, 0]
        },
        "TRANSLATION": {
          "hit": [2421, 144, 3997, 0],
          "miss": [1579, 2466, 4551, 487]
        },
        "mshr full": 0,
        "prefetch requested": 0,
        "prefetch issued": 0,
        "prefetch filled": 1082532,
        "prefetch useful": 0,
        "prefetch useless": 0,
        "prefetch late": 0,
        "pf_useful_at_l2_from_l1":          0,
        "pf_late_at_l2_from_l1":          0,
        "pf_useless_at_l2_from_l1":          0,
        "pf_at_l2_to_l1":      24295,
        "pf_fill_this_level":          0,
        "miss latency": 73.1925,
        "cache queues": {
          "PQ_ACCESS": 1462693,
          "PQ_FULL": 0,
          "PQ_TO_CACHE": 1462693,
          "PQ_MERGED": 0,
          "RQ_ACCESS": 2550538,
          "RQ_MERGED": 0,
          "RQ_FULL": 0,
          "WQ_ACCESS": 406500,
          "WQ_MERGED": 0,
          "WQ_FULL": 0
        }
      },
      "DRAM": [
        {
          "RQ ROW_BUFFER_HIT": 1075232,
          "RQ ROW_BUFFER_MISS": 1122679,
          "PQ FULL": 68182,
          "WQ ROW_BUFFER_HIT": 16504,
          "WQ ROW_BUFFER_MISS": 176183,
          "WQ FULL": 0,
          "AVG DBUS CONGESTED CYCLE": 3.96159
        }
      ]

    }
  }
]
cpu3_ITLB
cpu3_DTLB
cpu2_ITLB
cpu2_DTLB
cpu1_ITLB
cpu1_DTLB
cpu0_ITLB
cpu0_DTLB
cpu3_STLB
cpu2_STLB
cpu1_STLB
cpu0_STLB
Prefetch Request to L1: 2444158, Prefetch Request to L2: 7066189
Invalid by Eviction: 1768
Invalid by Max: 4776
Filter table begin
 ┌────────────────────┬─────────────┐
 | Region             | Offset      |
 ├────────────────────┼─────────────┤
 | 0x0000000000000635 | 0           |
 ├────────────────────┼─────────────┤
 | 0x0000000000000642 | 11          |
 ├────────────────────┼─────────────┤
 | 0x000000000000066f | 18          |
 ├────────────────────┼─────────────┤
 | 0x00000000000005fa | 3           |
 ├────────────────────┼─────────────┤
 | 0x0000000000000603 | 2           |
 ├────────────────────┼─────────────┤
 | 0x00000000000005d7 | 24          |
 ├────────────────────┼─────────────┤
 | 0x00000000000005de | 13          |
 ├────────────────────┼─────────────┤
 | 0x00000000000005d6 | 4           |
 ├────────────────────┼─────────────┤
 | 0x0000000000006ab6 | 22          |
 ├────────────────────┼─────────────┤
 | 0x000000000000052a | 26          |
 ├────────────────────┼─────────────┤
 | 0x0000000000009218 | 3           |
 ├────────────────────┼─────────────┤
 | 0x00000000000005d5 | 16          |
 ├────────────────────┼─────────────┤
 | 0x0000000000000601 | 14          |
 ├────────────────────┼─────────────┤
 | 0x0000000000000683 | 9           |
 ├────────────────────┼─────────────┤
 | 0x000000000000063e | 1           |
 ├────────────────────┼─────────────┤
 | 0x0000000000000625 | 13          |
 ├────────────────────┼─────────────┤
 | 0x00000000000005f9 | 24          |
 ├────────────────────┼─────────────┤
 | 0x0000000000008d53 | 9           |
 ├────────────────────┼─────────────┤
 | 0x0000000000000544 | 17          |
 ├────────────────────┼─────────────┤
 | 0x000000000000862c | 9           |
 ├────────────────────┼─────────────┤
 | 0x0000000000006415 | 23          |
 ├────────────────────┼─────────────┤
 | 0x000000000000027b | 22          |
 ├────────────────────┼─────────────┤
 | 0x00000000000005e5 | 6           |
 ├────────────────────┼─────────────┤
 | 0x000000000000062a | 13          |
 ├────────────────────┼─────────────┤
 | 0x000000000000068c | 11          |
 ├────────────────────┼─────────────┤
 | 0x00000000000005ec | 12          |
 ├────────────────────┼─────────────┤
 | 0x0000000000000543 | 30          |
 ├────────────────────┼─────────────┤
 | 0x00000000000038a4 | 14          |
 ├────────────────────┼─────────────┤
 | 0x000000000000028f | 0           |
 ├────────────────────┼─────────────┤
 | 0x0000000000003189 | 31          |
 ├────────────────────┼─────────────┤
 | 0x000000000000053c | 20          |
 ├────────────────────┼─────────────┤
 | 0x0000000000000684 | 27          |
 ├────────────────────┼─────────────┤
 | 0x0000000000000550 | 8           |
 ├────────────────────┼─────────────┤
 | 0x000000000000065c | 9           |
 ├────────────────────┼─────────────┤
 | 0x000000000000060c | 7           |
 ├────────────────────┼─────────────┤
 | 0x0000000000000672 | 15          |
 ├────────────────────┼─────────────┤
 | 0x000000000000067b | 18          |
 ├────────────────────┼─────────────┤
 | 0x00000000000005f5 | 7           |
 ├────────────────────┼─────────────┤
 | 0x0000000000000644 | 2           |
 ├────────────────────┼─────────────┤
 | 0x000000000000064d | 25          |
 ├────────────────────┼─────────────┤
 | 0x000000000000069d | 1           |
 ├────────────────────┼─────────────┤
 | 0x0000000000000513 | 9           |
 ├────────────────────┼─────────────┤
 | 0x0000000000000616 | 17          |
 ├────────────────────┼─────────────┤
 | 0x0000000000000629 | 12          |
 ├────────────────────┼─────────────┤
 | 0x000000000000051a | 20          |
 ├────────────────────┼─────────────┤
 | 0x0000000000000686 | 29          |
 └────────────────────┴─────────────┘
Filter table end
Accumulation table begin
 ┌────────────────────┬─────────────┬─────────────┬──────────────────────────────────────────────────────────────────┐
 | Region             | Offset      | Second      | Pattern                                                          |
 ├────────────────────┼─────────────┼─────────────┼──────────────────────────────────────────────────────────────────┤
 | 0x0000000000000699 | 15          | 16          | 0 0 0 0 0 0 0 0 0 0 0 0 0 0 1 1 1 0 0 0 0 0 0 0 0 0 0 0 0 0 0 0  |
 ├────────────────────┼─────────────┼─────────────┼──────────────────────────────────────────────────────────────────┤
 | 0x0000000000000757 | 0           | 1           | 1 1 1 1 1 1 1 1 1 1 1 1 0 0 0 0 0 0 0 0 0 0 0 0 0 0 0 0 0 0 0 0  |
 ├────────────────────┼─────────────┼─────────────┼──────────────────────────────────────────────────────────────────┤
 | 0x0000000000008d69 | 21          | 20          | 0 0 0 0 0 0 0 0 0 0 0 0 0 0 0 0 0 0 0 0 1 1 0 0 0 0 0 0 0 0 0 0  |
 ├────────────────────┼─────────────┼─────────────┼──────────────────────────────────────────────────────────────────┤
 | 0x00000000000002cb | 6           | 7           | 1 1 1 1 1 1 1 1 1 1 0 0 0 0 0 0 0 0 0 0 0 0 0 0 0 0 0 0 0 0 0 0  |
 ├────────────────────┼─────────────┼─────────────┼──────────────────────────────────────────────────────────────────┤
 | 0x0000000000000522 | 20          | 21          | 0 0 0 0 0 0 0 0 0 0 0 0 0 0 0 0 0 0 0 0 1 1 0 0 0 0 0 0 0 0 0 0  |
 ├────────────────────┼─────────────┼─────────────┼──────────────────────────────────────────────────────────────────┤
 | 0x0000000000009189 | 27          | 30          | 0 0 0 0 0 0 0 0 0 0 0 0 0 0 0 0 0 0 0 0 0 0 0 0 0 0 0 1 0 0 1 0  |
 ├────────────────────┼─────────────┼─────────────┼──────────────────────────────────────────────────────────────────┤
 | 0x0000000000009215 | 1           | 2           | 0 1 1 0 0 0 0 0 0 1 0 0 0 0 0 0 0 0 0 0 0 0 0 0 0 0 0 0 0 0 0 0  |
 ├────────────────────┼─────────────┼─────────────┼──────────────────────────────────────────────────────────────────┤
 | 0x00000000000006a0 | 4           | 5           | 0 0 0 0 1 1 1 1 1 1 1 1 1 1 1 1 1 1 1 1 1 1 1 1 1 1 1 1 1 1 1 1  |
 ├────────────────────┼─────────────┼─────────────┼──────────────────────────────────────────────────────────────────┤
 | 0x0000000000000555 | 20          | 21          | 0 0 0 0 0 0 0 0 0 0 0 0 0 0 0 0 0 0 0 0 1 1 0 0 0 0 0 0 0 0 0 0  |
 ├────────────────────┼─────────────┼─────────────┼──────────────────────────────────────────────────────────────────┤
 | 0x0000000000000605 | 6           | 7           | 0 0 0 0 0 0 1 1 0 0 0 0 0 0 0 0 0 0 0 0 0 0 0 0 0 0 0 0 0 0 0 0  |
 ├────────────────────┼─────────────┼─────────────┼──────────────────────────────────────────────────────────────────┤
 | 0x0000000000000518 | 21          | 20          | 0 0 0 0 0 0 0 0 0 0 0 0 0 0 0 0 0 0 0 0 1 1 0 0 0 0 0 0 0 0 0 0  |
 ├────────────────────┼─────────────┼─────────────┼──────────────────────────────────────────────────────────────────┤
 | 0x000000000000607d | 5           | 1           | 0 1 0 0 0 1 0 0 0 0 0 0 0 0 0 0 0 0 0 0 0 0 0 0 0 0 0 0 0 0 0 0  |
 ├────────────────────┼─────────────┼─────────────┼──────────────────────────────────────────────────────────────────┤
 | 0x0000000000009216 | 4           | 3           | 0 0 0 1 1 0 0 0 0 0 0 0 0 0 0 0 0 0 0 0 0 0 0 0 0 0 0 0 0 0 0 0  |
 ├────────────────────┼─────────────┼─────────────┼──────────────────────────────────────────────────────────────────┤
 | 0x00000000000005f0 | 12          | 11          | 0 0 0 0 0 0 0 0 0 0 1 1 1 1 0 0 0 0 0 0 0 0 0 0 0 0 0 0 0 0 0 0  |
 ├────────────────────┼─────────────┼─────────────┼──────────────────────────────────────────────────────────────────┤
 | 0x0000000000007dd4 | 16          | 15          | 0 0 0 0 0 0 0 0 0 0 0 0 0 0 0 1 1 0 0 0 0 0 0 0 0 0 0 0 0 0 0 0  |
 ├────────────────────┼─────────────┼─────────────┼──────────────────────────────────────────────────────────────────┤
 | 0x00000000000002d9 | 4           | 5           | 0 0 0 0 1 1 0 0 0 0 0 0 0 0 0 0 0 0 0 0 0 0 0 0 0 0 0 0 0 0 0 0  |
 ├────────────────────┼─────────────┼─────────────┼──────────────────────────────────────────────────────────────────┤
 | 0x000000000000054a | 23          | 25          | 0 0 0 0 0 0 0 0 0 0 0 0 0 0 0 0 0 0 0 0 0 0 0 1 0 1 0 0 0 0 0 0  |
 ├────────────────────┼─────────────┼─────────────┼──────────────────────────────────────────────────────────────────┤
 | 0x000000000000028e | 20          | 0           | 1 1 0 1 0 0 1 0 1 0 0 0 1 0 0 0 0 0 0 1 1 0 0 0 0 0 0 0 0 1 1 0  |
 ├────────────────────┼─────────────┼─────────────┼──────────────────────────────────────────────────────────────────┤
 | 0x000000000000920a | 24          | 2           | 0 1 1 1 1 1 1 1 1 1 1 1 1 0 1 1 1 0 1 1 0 0 1 1 1 0 0 0 0 0 0 0  |
 ├────────────────────┼─────────────┼─────────────┼──────────────────────────────────────────────────────────────────┤
 | 0x0000000000000632 | 10          | 7           | 0 0 0 0 0 0 0 1 0 0 1 0 0 0 0 0 0 0 0 0 0 0 0 0 0 0 0 0 0 0 0 0  |
 ├────────────────────┼─────────────┼─────────────┼──────────────────────────────────────────────────────────────────┤
 | 0x00000000000091e7 | 27          | 28          | 0 0 0 0 0 0 0 0 0 0 0 0 0 0 0 0 0 0 0 0 0 0 0 0 0 0 0 1 1 0 0 0  |
 ├────────────────────┼─────────────┼─────────────┼──────────────────────────────────────────────────────────────────┤
 | 0x000000000000028b | 10          | 20          | 0 0 0 0 1 0 0 0 0 1 1 1 0 1 1 1 1 1 1 0 1 0 0 1 1 1 1 1 0 1 1 1  |
 ├────────────────────┼─────────────┼─────────────┼──────────────────────────────────────────────────────────────────┤
 | 0x00000000000002ca | 26          | 28          | 0 0 0 0 0 0 0 0 0 0 0 0 0 0 0 0 0 0 0 0 0 0 0 0 0 0 1 1 1 1 0 0  |
 ├────────────────────┼─────────────┼─────────────┼──────────────────────────────────────────────────────────────────┤
 | 0x0000000000007fe7 | 17          | 19          | 0 0 1 0 0 1 0 1 1 1 1 1 0 1 0 0 0 1 0 1 0 0 0 0 0 0 0 0 0 0 0 0  |
 ├────────────────────┼─────────────┼─────────────┼──────────────────────────────────────────────────────────────────┤
 | 0x0000000000000756 | 21          | 22          | 0 0 0 0 0 0 0 0 0 0 0 0 0 0 0 0 0 0 0 0 0 1 1 1 1 1 1 1 1 1 1 1  |
 ├────────────────────┼─────────────┼─────────────┼──────────────────────────────────────────────────────────────────┤
 | 0x0000000000000637 | 24          | 31          | 0 0 0 0 0 0 0 0 0 0 0 0 0 0 0 0 0 0 0 0 0 0 0 0 1 0 0 0 0 0 0 1  |
 ├────────────────────┼─────────────┼─────────────┼──────────────────────────────────────────────────────────────────┤
 | 0x0000000000009214 | 15          | 1           | 0 1 1 0 0 0 0 0 0 0 1 1 1 0 0 1 1 1 1 0 0 0 0 0 0 0 0 0 0 0 0 0  |
 ├────────────────────┼─────────────┼─────────────┼──────────────────────────────────────────────────────────────────┤
 | 0x000000000000062f | 12          | 14          | 0 0 0 0 0 0 0 0 0 0 0 0 1 0 1 0 0 0 0 0 0 0 0 0 0 0 0 0 0 0 0 0  |
 ├────────────────────┼─────────────┼─────────────┼──────────────────────────────────────────────────────────────────┤
 | 0x00000000000006a1 | 0           | 1           | 1 1 1 1 1 0 0 0 0 0 0 0 0 0 0 0 0 0 0 0 0 0 0 0 0 0 0 0 0 0 0 0  |
 ├────────────────────┼─────────────┼─────────────┼──────────────────────────────────────────────────────────────────┤
 | 0x000000000000051f | 26          | 28          | 0 0 0 0 0 0 0 0 0 0 0 0 0 0 0 0 0 0 0 0 0 0 0 0 0 0 1 0 1 1 1 0  |
 ├────────────────────┼─────────────┼─────────────┼──────────────────────────────────────────────────────────────────┤
 | 0x00000000000091eb | 30          | 29          | 0 0 0 0 0 0 0 0 0 0 0 0 0 0 0 0 0 0 0 1 0 0 0 0 1 1 1 0 1 1 1 0  |
 ├────────────────────┼─────────────┼─────────────┼──────────────────────────────────────────────────────────────────┤
 | 0x0000000000000538 | 8           | 10          | 0 0 0 0 0 0 0 0 1 1 1 0 0 0 0 0 0 0 0 1 1 0 0 0 0 0 0 0 0 0 0 0  |
 └────────────────────┴─────────────┴─────────────┴──────────────────────────────────────────────────────────────────┘
Accumulation table end
Offset pattern table begin
 ┌────────────────────┬─────────────┬───────────────────────────────────────────────────────────────────────────────────────────────┐
 | Key                | Second      | Pattern                                                                                       |
 ├────────────────────┼─────────────┼───────────────────────────────────────────────────────────────────────────────────────────────┤
 | 0x0000000000000000 | 1           | 27 26 24 21 21 17 17 16 17 17 17 16 16 16 16 16 16 16 16 16 16 16 12 12 12 12 12 12 12 8 4 4  |
 ├────────────────────┼─────────────┼───────────────────────────────────────────────────────────────────────────────────────────────┤
 | 0x0000000000000001 | 0           | 22 10 8 11 8 7 5 4 4 4 5 5 4 2 2 4 4 1 2 2 2 1 0 2 1 1 0 0 0 0 0 10                           |
 ├────────────────────┼─────────────┼───────────────────────────────────────────────────────────────────────────────────────────────┤
 | 0x0000000000000002 | 4           | 27 18 7 6 8 5 2 2 3 3 2 2 3 3 3 2 1 3 3 2 1 2 3 2 1 1 2 1 1 1 7 9                             |
 ├────────────────────┼─────────────┼───────────────────────────────────────────────────────────────────────────────────────────────┤
 | 0x0000000000000003 | 30          | 16 6 4 6 3 4 3 1 0 1 1 1 0 0 0 1 1 1 1 1 2 1 1 2 2 2 3 3 0 3 4 4                              |
 ├────────────────────┼─────────────┼───────────────────────────────────────────────────────────────────────────────────────────────┤
 | 0x0000000000000004 | 5           | 21 18 12 12 12 12 11 12 12 12 12 11 13 14 14 13 11 13 11 11 11 11 12 12 12 11 12 12 1 2 1 3   |
 ├────────────────────┼─────────────┼───────────────────────────────────────────────────────────────────────────────────────────────┤
 | 0x0000000000000005 | 4           | 31 6 5 7 6 3 1 1 1 1 2 0 1 1 2 2 0 0 0 0 0 1 1 1 0 0 0 3 3 3 2 19                             |
 ├────────────────────┼─────────────┼───────────────────────────────────────────────────────────────────────────────────────────────┤
 | 0x0000000000000006 | 7           | 18 12 4 4 1 0 1 0 0 0 0 1 1 0 1 0 0 0 0 0 0 0 0 2 1 0 5 5 5 4 3 6                             |
 ├────────────────────┼─────────────┼───────────────────────────────────────────────────────────────────────────────────────────────┤
 | 0x0000000000000007 | 25          | 18 7 1 1 1 1 1 0 1 0 1 0 6 0 0 6 1 0 6 0 0 0 0 0 0 1 2 2 0 0 2 5                              |
 ├────────────────────┼─────────────┼───────────────────────────────────────────────────────────────────────────────────────────────┤
 | 0x0000000000000008 | 28          | 18 8 3 2 1 1 1 2 0 0 0 1 2 0 1 1 0 0 0 0 7 0 0 0 1 1 1 1 1 2 2 4                              |
 ├────────────────────┼─────────────┼───────────────────────────────────────────────────────────────────────────────────────────────┤
 | 0x0000000000000009 | 5           | 19 9 3 4 3 2 2 1 0 1 1 1 1 0 0 0 1 0 0 0 0 0 0 3 3 3 2 2 5 5 5 9                              |
 ├────────────────────┼─────────────┼───────────────────────────────────────────────────────────────────────────────────────────────┤
 | 0x000000000000000a | 7           | 23 1 2 1 2 1 2 1 1 1 0 0 0 0 0 0 0 0 0 0 0 0 1 1 1 1 0 1 1 18 1 2                             |
 ├────────────────────┼─────────────┼───────────────────────────────────────────────────────────────────────────────────────────────┤
 | 0x000000000000000b | 12          | 24 10 8 8 6 4 8 3 5 4 4 3 2 4 4 3 4 2 3 2 3 4 4 4 4 4 4 5 6 5 3 8                             |
 ├────────────────────┼─────────────┼───────────────────────────────────────────────────────────────────────────────────────────────┤
 | 0x000000000000000c | 11          | 19 4 8 2 1 1 0 0 0 0 1 0 0 0 0 0 0 0 0 0 1 0 0 1 0 0 0 0 1 0 10 12                            |
 ├────────────────────┼─────────────┼───────────────────────────────────────────────────────────────────────────────────────────────┤
 | 0x000000000000000d | 12          | 16 9 7 6 5 2 3 4 2 2 3 3 3 3 3 0 3 3 2 4 3 2 3 4 2 1 2 2 2 4 5 6                              |
 ├────────────────────┼─────────────┼───────────────────────────────────────────────────────────────────────────────────────────────┤
 | 0x000000000000000e | 12          | 31 6 6 6 18 19 3 3 4 4 3 2 2 3 3 3 2 1 1 15 0 0 0 1 1 0 1 1 1 1 6 3                           |
 ├────────────────────┼─────────────┼───────────────────────────────────────────────────────────────────────────────────────────────┤
 | 0x000000000000000f | 16          | 23 20 2 2 2 2 1 1 1 1 1 1 1 0 0 0 1 1 1 1 0 0 0 0 0 0 0 0 0 1 2 21                            |
 ├────────────────────┼─────────────┼───────────────────────────────────────────────────────────────────────────────────────────────┤
 | 0x0000000000000010 | 14          | 28 13 11 9 10 4 4 5 7 5 5 6 3 4 4 3 4 4 3 5 5 4 4 4 4 3 4 4 6 6 9 9                           |
 ├────────────────────┼─────────────┼───────────────────────────────────────────────────────────────────────────────────────────────┤
 | 0x0000000000000011 | 16          | 31 24 25 3 22 1 1 1 1 2 1 2 2 2 1 0 22 0 21 22 21 1 1 1 1 1 0 2 2 0 2 25                      |
 ├────────────────────┼─────────────┼───────────────────────────────────────────────────────────────────────────────────────────────┤
 | 0x0000000000000012 | 17          | 22 17 2 1 3 1 1 2 0 1 1 0 0 0 1 14 1 2 1 2 2 2 2 3 2 2 3 3 15 1 2 3                           |
 ├────────────────────┼─────────────┼───────────────────────────────────────────────────────────────────────────────────────────────┤
 | 0x0000000000000013 | 18          | 26 10 5 6 6 3 5 3 3 3 3 3 2 2 5 2 3 2 2 2 3 2 3 3 2 4 3 5 3 2 6 11                            |
 ├────────────────────┼─────────────┼───────────────────────────────────────────────────────────────────────────────────────────────┤
 | 0x0000000000000014 | 21          | 17 5 2 0 1 0 1 0 0 8 10 0 9 8 1 8 1 0 9 1 3 0 0 1 7 0 0 0 1 1 1 11                            |
 ├────────────────────┼─────────────┼───────────────────────────────────────────────────────────────────────────────────────────────┤
 | 0x0000000000000015 | 22          | 24 14 11 12 12 11 11 11 11 11 11 0 0 0 0 0 1 0 0 0 0 0 0 0 0 0 0 0 1 1 2 9                    |
 ├────────────────────┼─────────────┼───────────────────────────────────────────────────────────────────────────────────────────────┤
 | 0x0000000000000016 | 19          | 21 10 9 7 6 5 6 6 5 6 2 2 2 2 2 2 2 1 2 2 3 1 1 1 1 1 1 2 4 4 5 7                             |
 ├────────────────────┼─────────────┼───────────────────────────────────────────────────────────────────────────────────────────────┤
 | 0x0000000000000017 | 30          | 20 13 9 7 7 2 7 6 7 1 1 0 0 5 1 1 2 1 2 6 5 1 6 6 6 6 6 3 3 6 3 5                             |
 ├────────────────────┼─────────────┼───────────────────────────────────────────────────────────────────────────────────────────────┤
 | 0x0000000000000018 | 31          | 30 5 10 5 2 8 9 25 1 1 1 1 1 0 1 1 2 1 3 3 1 1 1 2 2 2 1 2 2 0 1 9                            |
 ├────────────────────┼─────────────┼───────────────────────────────────────────────────────────────────────────────────────────────┤
 | 0x0000000000000019 | 24          | 17 9 8 3 8 7 7 0 0 0 0 4 0 0 1 0 2 5 5 1 5 6 6 6 6 1 1 7 3 1 7 9                              |
 ├────────────────────┼─────────────┼───────────────────────────────────────────────────────────────────────────────────────────────┤
 | 0x000000000000001a | 27          | 20 18 10 9 9 8 0 0 0 0 0 0 0 0 0 0 0 0 0 0 0 0 0 0 0 0 0 0 0 1 0 1                            |
 ├────────────────────┼─────────────┼───────────────────────────────────────────────────────────────────────────────────────────────┤
 | 0x000000000000001b | 26          | 31 19 10 9 9 0 0 0 1 3 2 3 3 2 2 2 2 4 4 3 2 3 2 3 3 4 4 3 2 4 9 14                           |
 ├────────────────────┼─────────────┼───────────────────────────────────────────────────────────────────────────────────────────────┤
 | 0x000000000000001c | 27          | 16 11 6 4 0 0 0 0 0 0 0 0 0 0 0 0 0 0 0 1 0 0 0 1 1 1 1 3 2 3 4 7                             |
 ├────────────────────┼─────────────┼───────────────────────────────────────────────────────────────────────────────────────────────┤
 | 0x000000000000001d | 28          | 18 11 10 0 0 0 0 0 0 0 0 0 0 0 0 0 0 0 0 0 0 0 0 0 0 0 0 0 0 0 0 6                            |
 ├────────────────────┼─────────────┼───────────────────────────────────────────────────────────────────────────────────────────────┤
 | 0x000000000000001e | 26          | 31 20 0 1 1 1 0 1 1 0 0 0 0 1 2 2 3 3 1 3 3 4 3 5 5 5 5 6 10 2 7 12                           |
 ├────────────────────┼─────────────┼───────────────────────────────────────────────────────────────────────────────────────────────┤
 | 0x000000000000001f | 29          | 31 0 0 0 0 2 0 0 0 1 2 4 7 3 7 9 7 10 8 5 5 9 4 7 16 16 12 19 15 7 18 21                      |
 └────────────────────┴─────────────┴───────────────────────────────────────────────────────────────────────────────────────────────┘
Offset pattern table end
PC pattern table begin
 ┌────────────────────┬─────────────┬─────────────────────────────────────────────┐
 | Key                | Second      | Pattern                                     |
 ├────────────────────┼─────────────┼─────────────────────────────────────────────┤
 | 0x0000000000000000 | 9           | 27 14 8 0 0 0 0 0 0 0 0 0 0 0 1 7           |
 ├────────────────────┼─────────────┼─────────────────────────────────────────────┤
 | 0x0000000000000001 | 9           | 30 8 10 21 0 2 2 1 1 1 1 1 3 2 4 10         |
 ├────────────────────┼─────────────┼─────────────────────────────────────────────┤
 | 0x0000000000000002 | 1           | 20 10 1 1 1 1 1 1 1 1 0 1 1 1 1 2           |
 ├────────────────────┼─────────────┼─────────────────────────────────────────────┤
 | 0x0000000000000003 | 17          | 19 9 6 7 4 4 4 4 4 4 4 3 3 2 3 2            |
 ├────────────────────┼─────────────┼─────────────────────────────────────────────┤
 | 0x0000000000000004 | 22          | 29 16 13 9 8 9 10 8 7 7 6 6 7 9 7 11        |
 ├────────────────────┼─────────────┼─────────────────────────────────────────────┤
 | 0x0000000000000005 | 29          | 28 7 5 7 3 5 10 8 10 9 5 12 12 12 10 14     |
 ├────────────────────┼─────────────┼─────────────────────────────────────────────┤
 | 0x0000000000000006 | 8           | 26 18 10 3 2 1 1 1 1 2 4 5 7 7 11 12        |
 ├────────────────────┼─────────────┼─────────────────────────────────────────────┤
 | 0x0000000000000007 | 18          | 30 2 0 0 0 0 0 2 0 0 0 0 0 1 1 3            |
 ├────────────────────┼─────────────┼─────────────────────────────────────────────┤
 | 0x0000000000000008 | 30          | 19 15 1 1 1 1 0 1 0 0 0 0 0 0 0 2           |
 ├────────────────────┼─────────────┼─────────────────────────────────────────────┤
 | 0x0000000000000009 | 11          | 17 5 0 0 0 0 0 0 0 1 0 0 2 2 2 12           |
 ├────────────────────┼─────────────┼─────────────────────────────────────────────┤
 | 0x000000000000000a | 21          | 28 23 15 6 3 5 7 10 13 15 15 5 6 10 19 10   |
 ├────────────────────┼─────────────┼─────────────────────────────────────────────┤
 | 0x000000000000000b | 5           | 16 6 0 1 0 6 8 3 1 0 1 1 6 7 9 7            |
 ├────────────────────┼─────────────┼─────────────────────────────────────────────┤
 | 0x000000000000000c | 19          | 18 16 15 6 6 6 5 5 13 13 13 4 4 4 4 1       |
 ├────────────────────┼─────────────┼─────────────────────────────────────────────┤
 | 0x000000000000000d | 6           | 27 13 6 0 4 3 3 3 0 3 1 0 3 1 5 12          |
 ├────────────────────┼─────────────┼─────────────────────────────────────────────┤
 | 0x000000000000000e | 5           | 18 0 0 1 0 2 0 0 1 0 0 0 0 0 0 0            |
 ├────────────────────┼─────────────┼─────────────────────────────────────────────┤
 | 0x000000000000000f | 30          | 21 2 0 1 11 11 8 7 0 10 1 0 10 1 2 16       |
 ├────────────────────┼─────────────┼─────────────────────────────────────────────┤
 | 0x0000000000000010 | 27          | 18 17 12 9 9 9 8 7 7 7 7 5 5 5 4 1          |
 ├────────────────────┼─────────────┼─────────────────────────────────────────────┤
 | 0x0000000000000011 | 30          | 25 2 0 0 17 16 14 13 0 15 3 0 10 0 0 20     |
 ├────────────────────┼─────────────┼─────────────────────────────────────────────┤
 | 0x0000000000000012 | 14          | 23 22 22 20 6 4 16 2 5 13 14 17 16 4 17 15  |
 ├────────────────────┼─────────────┼─────────────────────────────────────────────┤
 | 0x0000000000000013 | 12          | 17 7 5 4 3 3 2 2 2 2 2 2 2 2 1 2            |
 ├────────────────────┼─────────────┼─────────────────────────────────────────────┤
 | 0x0000000000000014 | 14          | 19 12 2 1 1 0 0 0 1 1 0 1 1 10 10 15        |
 ├────────────────────┼─────────────┼─────────────────────────────────────────────┤
 | 0x0000000000000015 | 7           | 22 1 1 1 1 2 1 1 0 0 0 0 0 0 16 0           |
 ├────────────────────┼─────────────┼─────────────────────────────────────────────┤
 | 0x0000000000000016 | 13          | 25 0 9 0 0 0 0 12 0 9 0 0 0 2 13 0          |
 ├────────────────────┼─────────────┼─────────────────────────────────────────────┤
 | 0x0000000000000017 | 25          | 30 11 5 5 1 3 8 3 7 7 3 0 0 0 0 0           |
 ├────────────────────┼─────────────┼─────────────────────────────────────────────┤
 | 0x0000000000000018 | 26          | 22 13 1 0 0 0 0 0 0 0 0 0 0 0 0 0           |
 ├────────────────────┼─────────────┼─────────────────────────────────────────────┤
 | 0x0000000000000019 | 26          | 16 14 7 5 4 2 1 4 5 4 5 7 7 7 8 1           |
 ├────────────────────┼─────────────┼─────────────────────────────────────────────┤
 | 0x000000000000001a | 27          | 30 5 5 5 1 1 1 0 2 1 0 1 2 1 2 20           |
 ├────────────────────┼─────────────┼─────────────────────────────────────────────┤
 | 0x000000000000001b | 21          | 28 16 0 2 7 0 1 7 7 9 9 0 10 13 17 19       |
 ├────────────────────┼─────────────┼─────────────────────────────────────────────┤
 | 0x000000000000001c | 26          | 28 2 2 1 20 19 14 13 1 19 4 1 20 0 0 23     |
 ├────────────────────┼─────────────┼─────────────────────────────────────────────┤
 | 0x000000000000001d | 6           | 28 14 2 3 0 0 3 2 1 1 2 5 5 3 4 4           |
 ├────────────────────┼─────────────┼─────────────────────────────────────────────┤
 | 0x000000000000001e | 24          | 29 17 5 4 3 1 1 3 1 2 4 3 3 3 0 6           |
 ├────────────────────┼─────────────┼─────────────────────────────────────────────┤
 | 0x000000000000001f | 3           | 19 8 7 3 0 1 1 1 1 0 1 0 1 0 3 2            |
 └────────────────────┴─────────────┴─────────────────────────────────────────────┘
PC pattern table end
Prefetch buffer begin
 ┌────────────────────┬──────────────────────────────────────────────────────────────────┐
 | Region             | Pattern                                                          |
 ├────────────────────┼──────────────────────────────────────────────────────────────────┤
 | 0x00000000000005fa | 2 2 0 0 0 2 2 2 2 2 0 0 0 0 0 0 0 0 0 0 0 0 0 0 0 0 0 0 0 2 2 0  |
 ├────────────────────┼──────────────────────────────────────────────────────────────────┤
 | 0x0000000000000642 | 2 2 2 2 2 2 2 2 0 0 0 0 0 0 0 2 2 2 0 2 2 2 0 0 2 2 0 2 0 0 0 0  |
 ├────────────────────┼──────────────────────────────────────────────────────────────────┤
 | 0x0000000000000635 | 0 0 0 0 0 0 0 0 1 1 1 1 1 1 1 1 1 1 1 1 1 1 2 2 2 2 2 2 2 2 0 0  |
 ├────────────────────┼──────────────────────────────────────────────────────────────────┤
 | 0x000000000000067b | 0 1 0 0 0 0 0 0 0 0 0 0 0 0 1 0 0 0 0 1 0 0 0 0 0 0 0 0 0 0 0 0  |
 ├────────────────────┼──────────────────────────────────────────────────────────────────┤
 | 0x000000000000063a | 2 2 0 2 2 0 0 0 0 0 2 2 2 0 1 2 2 2 0 2 2 0 0 2 2 2 2 2 0 2 2 0  |
 ├────────────────────┼──────────────────────────────────────────────────────────────────┤
 | 0x000000000000065c | 2 2 2 0 0 2 2 2 2 0 0 2 2 2 0 0 0 0 0 0 0 0 0 0 0 0 0 0 0 0 0 0  |
 ├────────────────────┼──────────────────────────────────────────────────────────────────┤
 | 0x000000000000063e | 2 0 0 2 1 2 2 2 2 2 2 2 2 2 0 0 2 2 0 0 0 0 0 0 0 0 0 0 0 0 0 0  |
 ├────────────────────┼──────────────────────────────────────────────────────────────────┤
 | 0x00000000000091e7 | 0 0 0 0 0 0 0 0 0 0 0 0 0 0 0 0 0 0 0 0 0 0 0 0 0 2 2 0 0 2 2 2  |
 ├────────────────────┼──────────────────────────────────────────────────────────────────┤
 | 0x000000000000920f | 0 0 0 0 0 0 0 0 0 0 0 0 0 0 0 0 0 0 0 0 0 0 0 0 0 0 0 2 2 2 2 2  |
 ├────────────────────┼──────────────────────────────────────────────────────────────────┤
 | 0x000000000000916a | 0 0 0 0 0 0 0 0 0 0 0 0 0 0 0 0 0 1 1 1 1 1 2 2 2 2 2 2 2 2 0 0  |
 ├────────────────────┼──────────────────────────────────────────────────────────────────┤
 | 0x0000000000000640 | 0 0 0 0 0 0 0 1 0 0 0 0 0 0 0 0 0 0 0 0 0 0 0 0 0 0 0 0 0 0 0 0  |
 ├────────────────────┼──────────────────────────────────────────────────────────────────┤
 | 0x0000000000005f20 | 0 0 0 0 0 0 0 2 0 0 2 0 0 0 0 0 0 0 0 0 0 0 0 0 0 0 0 0 2 0 0 0  |
 ├────────────────────┼──────────────────────────────────────────────────────────────────┤
 | 0x0000000000000667 | 0 0 0 0 0 0 0 0 0 0 2 2 2 2 0 0 2 2 0 0 0 0 0 0 0 0 0 0 0 0 0 0  |
 ├────────────────────┼──────────────────────────────────────────────────────────────────┤
 | 0x00000000000005e3 | 0 0 0 0 0 0 0 0 0 2 2 2 2 2 0 0 2 2 0 0 0 0 0 0 0 0 0 0 0 0 0 0  |
 ├────────────────────┼──────────────────────────────────────────────────────────────────┤
 | 0x000000000000620c | 0 1 1 1 1 1 1 1 1 1 1 1 1 1 1 1 1 1 1 1 1 1 2 2 2 2 2 2 2 2 0 0  |
 ├────────────────────┼──────────────────────────────────────────────────────────────────┤
 | 0x00000000000005e9 | 0 0 0 0 0 0 0 0 0 1 1 1 1 1 1 1 1 1 1 1 1 1 2 2 2 2 2 2 2 2 0 0  |
 ├────────────────────┼──────────────────────────────────────────────────────────────────┤
 | 0x0000000000006415 | 0 0 0 0 2 0 0 0 0 0 2 2 0 2 2 2 2 2 2 0 0 0 0 0 0 0 0 0 0 2 2 2  |
 ├────────────────────┼──────────────────────────────────────────────────────────────────┤
 | 0x00000000000005e8 | 0 0 0 0 0 0 0 0 0 0 0 0 0 0 0 0 0 0 0 0 0 0 0 0 2 2 2 0 2 2 0 1  |
 ├────────────────────┼──────────────────────────────────────────────────────────────────┤
 | 0x0000000000009189 | 0 0 0 0 0 0 0 0 0 0 0 0 0 0 0 0 0 0 0 0 0 0 0 0 0 2 2 0 1 2 0 2  |
 ├────────────────────┼──────────────────────────────────────────────────────────────────┤
 | 0x0000000000006410 | 0 0 0 0 2 0 0 0 0 0 2 2 0 2 2 2 2 2 2 0 0 0 0 0 0 0 0 0 0 2 2 2  |
 ├────────────────────┼──────────────────────────────────────────────────────────────────┤
 | 0x0000000000007dd4 | 0 0 0 2 2 0 0 0 0 0 0 0 2 2 2 0 0 2 2 2 2 0 0 2 2 2 2 2 0 0 0 0  |
 ├────────────────────┼──────────────────────────────────────────────────────────────────┤
 | 0x0000000000003189 | 0 0 0 0 0 0 0 0 0 0 0 2 0 2 2 2 2 2 2 2 2 0 2 1 1 2 1 2 2 1 1 0  |
 ├────────────────────┼──────────────────────────────────────────────────────────────────┤
 | 0x00000000000087d1 | 0 0 0 0 0 0 0 0 0 0 0 0 0 0 0 0 0 0 0 0 0 0 0 0 0 0 0 0 2 2 2 2  |
 └────────────────────┴──────────────────────────────────────────────────────────────────┘
Prefetch buffer end
Filter by PPT: 0
Prefetch Request to L1: 2444158, Prefetch Request to L2: 7066189
Invalid by Eviction: 119357
Invalid by Max: 132343
Filter table begin
 ┌────────────────────┬─────────────┐
 | Region             | Offset      |
 ├────────────────────┼─────────────┤
 | 0x00000000000029c1 | 9           |
 ├────────────────────┼─────────────┤
 | 0x00000000000030d2 | 28          |
 ├────────────────────┼─────────────┤
 | 0x00000000000029e6 | 20          |
 ├────────────────────┼─────────────┤
 | 0x00000000000029f9 | 31          |
 └────────────────────┴─────────────┘
Filter table end
Accumulation table begin
 ┌────────────────────┬─────────────┬─────────────┬──────────────────────────────────────────────────────────────────┐
 | Region             | Offset      | Second      | Pattern                                                          |
 ├────────────────────┼─────────────┼─────────────┼──────────────────────────────────────────────────────────────────┤
 | 0x0000000000002dcc | 4           | 6           | 1 1 1 0 1 1 1 1 1 0 0 0 0 1 1 1 0 1 1 1 1 1 0 0 0 0 0 0 1 0 1 0  |
 ├────────────────────┼─────────────┼─────────────┼──────────────────────────────────────────────────────────────────┤
 | 0x00000000000054df | 4           | 8           | 1 0 1 1 1 0 0 1 1 0 0 1 0 1 0 0 0 0 0 0 0 0 0 0 0 0 0 0 0 0 0 0  |
 ├────────────────────┼─────────────┼─────────────┼──────────────────────────────────────────────────────────────────┤
 | 0x0000000000002dcf | 0           | 1           | 1 1 1 1 1 1 1 1 1 1 1 1 1 1 1 1 1 1 1 1 1 1 1 1 1 1 1 1 1 1 1 1  |
 ├────────────────────┼─────────────┼─────────────┼──────────────────────────────────────────────────────────────────┤
 | 0x0000000000002dd1 | 11          | 0           | 1 0 1 0 1 0 1 0 0 1 0 1 1 0 1 0 0 1 0 1 0 0 1 0 0 1 0 0 1 1 0 1  |
 ├────────────────────┼─────────────┼─────────────┼──────────────────────────────────────────────────────────────────┤
 | 0x0000000000002dd7 | 0           | 1           | 1 1 0 0 0 1 0 1 1 0 1 0 1 0 1 0 0 0 1 0 0 1 0 1 1 1 1 1 1 1 0 1  |
 ├────────────────────┼─────────────┼─────────────┼──────────────────────────────────────────────────────────────────┤
 | 0x0000000000002dd8 | 1           | 2           | 0 1 1 0 1 1 1 1 1 1 1 1 1 0 1 1 1 1 1 1 0 1 0 1 1 0 1 0 1 0 0 1  |
 ├────────────────────┼─────────────┼─────────────┼──────────────────────────────────────────────────────────────────┤
 | 0x00000000000054d3 | 0           | 1           | 1 1 1 1 1 1 1 1 1 1 1 1 1 1 1 1 1 1 1 1 1 1 1 1 1 1 1 1 1 1 1 1  |
 ├────────────────────┼─────────────┼─────────────┼──────────────────────────────────────────────────────────────────┤
 | 0x00000000000054d5 | 8           | 16          | 0 1 0 1 0 0 1 0 1 1 0 1 0 0 1 0 1 0 0 1 0 0 1 0 0 1 1 0 1 1 1 1  |
 ├────────────────────┼─────────────┼─────────────┼──────────────────────────────────────────────────────────────────┤
 | 0x0000000000002dd4 | 15          | 8           | 0 0 0 0 0 0 0 0 1 0 0 0 0 0 0 1 0 0 1 0 0 0 0 1 0 0 0 0 0 0 1 0  |
 ├────────────────────┼─────────────┼─────────────┼──────────────────────────────────────────────────────────────────┤
 | 0x0000000000002dd2 | 0           | 1           | 1 1 1 1 1 0 0 1 0 0 1 1 1 1 1 0 1 1 1 0 1 1 0 1 1 1 1 1 1 0 1 0  |
 ├────────────────────┼─────────────┼─────────────┼──────────────────────────────────────────────────────────────────┤
 | 0x00000000000054e3 | 2           | 19          | 0 0 1 0 0 0 1 0 0 0 0 0 0 0 0 0 0 1 0 1 0 0 1 0 1 0 1 0 1 1 0 0  |
 ├────────────────────┼─────────────┼─────────────┼──────────────────────────────────────────────────────────────────┤
 | 0x00000000000054e9 | 2           | 4           | 0 0 1 0 1 1 0 1 0 1 0 1 0 0 0 1 0 0 1 0 1 1 1 1 1 1 1 0 1 0 1 1  |
 ├────────────────────┼─────────────┼─────────────┼──────────────────────────────────────────────────────────────────┤
 | 0x00000000000002c0 | 19          | 18          | 0 0 0 0 0 0 0 0 0 0 0 0 0 0 0 0 0 0 1 1 0 0 0 0 0 0 0 0 0 0 0 0  |
 ├────────────────────┼─────────────┼─────────────┼──────────────────────────────────────────────────────────────────┤
 | 0x0000000000002dcd | 0           | 5           | 1 0 0 0 0 1 0 1 1 1 1 1 1 1 1 1 1 1 1 1 1 1 1 1 1 1 0 1 1 1 1 1  |
 ├────────────────────┼─────────────┼─────────────┼──────────────────────────────────────────────────────────────────┤
 | 0x0000000000002db9 | 0           | 1           | 1 1 1 1 1 1 1 1 1 0 0 0 0 0 0 0 0 0 0 0 0 0 0 0 0 0 0 0 0 0 0 0  |
 ├────────────────────┼─────────────┼─────────────┼──────────────────────────────────────────────────────────────────┤
 | 0x00000000000054c9 | 2           | 4           | 0 0 1 0 1 1 1 1 1 1 1 1 1 1 1 1 1 1 1 1 1 1 1 0 1 1 1 1 1 1 1 1  |
 ├────────────────────┼─────────────┼─────────────┼──────────────────────────────────────────────────────────────────┤
 | 0x00000000000054d2 | 0           | 1           | 1 1 0 1 1 1 1 1 1 1 1 1 1 1 1 1 1 1 1 1 1 0 1 1 1 1 1 1 1 1 1 1  |
 ├────────────────────┼─────────────┼─────────────┼──────────────────────────────────────────────────────────────────┤
 | 0x0000000000002dce | 0           | 1           | 1 1 1 1 1 0 1 1 1 1 1 1 1 1 1 1 1 1 1 1 1 1 1 1 0 1 1 1 1 1 1 1  |
 ├────────────────────┼─────────────┼─────────────┼──────────────────────────────────────────────────────────────────┤
 | 0x00000000000054ee | 1           | 2           | 0 1 1 1 1 1 1 1 1 1 0 1 1 1 1 1 1 0 1 0 1 1 0 1 0 0 0 0 0 0 0 0  |
 ├────────────────────┼─────────────┼─────────────┼──────────────────────────────────────────────────────────────────┤
 | 0x0000000000002dd3 | 0           | 7           | 1 0 1 1 0 1 1 1 0 0 1 1 0 0 1 0 1 0 0 0 0 0 0 0 0 0 0 0 0 0 0 0  |
 ├────────────────────┼─────────────┼─────────────┼──────────────────────────────────────────────────────────────────┤
 | 0x0000000000002dd0 | 0           | 1           | 1 1 1 1 1 1 1 1 1 1 1 1 1 0 1 0 0 1 1 1 0 0 0 1 1 1 0 1 1 0 1 1  |
 ├────────────────────┼─────────────┼─────────────┼──────────────────────────────────────────────────────────────────┤
 | 0x0000000000002dd6 | 0           | 24          | 1 0 0 0 1 0 0 0 0 0 0 0 0 0 0 0 0 0 0 0 0 0 0 0 1 0 1 0 1 0 1 0  |
 ├────────────────────┼─────────────┼─────────────┼──────────────────────────────────────────────────────────────────┤
 | 0x00000000000054e2 | 12          | 5           | 0 0 0 0 0 1 0 0 0 0 0 0 1 0 0 1 0 0 0 0 1 0 0 0 0 0 0 1 0 0 0 1  |
 ├────────────────────┼─────────────┼─────────────┼──────────────────────────────────────────────────────────────────┤
 | 0x00000000000054d4 | 0           | 1           | 1 1 1 1 1 1 1 1 1 1 0 1 0 0 1 1 1 0 0 0 1 1 1 0 1 1 0 1 1 1 0 1  |
 ├────────────────────┼─────────────┼─────────────┼──────────────────────────────────────────────────────────────────┤
 | 0x00000000000054de | 0           | 1           | 1 1 0 0 1 0 0 1 1 1 1 1 0 1 1 1 0 1 1 0 1 1 1 1 1 1 0 1 0 1 0 1  |
 ├────────────────────┼─────────────┼─────────────┼──────────────────────────────────────────────────────────────────┤
 | 0x00000000000054e8 | 21          | 23          | 0 1 0 0 0 0 0 0 0 0 0 0 0 0 0 0 0 0 0 0 0 1 0 1 0 1 0 1 0 1 1 0  |
 ├────────────────────┼─────────────┼─────────────┼──────────────────────────────────────────────────────────────────┤
 | 0x00000000000054c3 | 1           | 2           | 0 1 1 1 1 1 1 1 1 0 0 0 0 1 1 1 1 1 0 1 0 0 1 0 1 1 1 1 1 1 1 1  |
 ├────────────────────┼─────────────┼─────────────┼──────────────────────────────────────────────────────────────────┤
 | 0x0000000000002dd5 | 5           | 22          | 0 0 1 0 0 1 0 0 0 1 0 0 0 0 0 0 0 0 0 0 1 0 1 0 0 1 0 1 0 1 0 1  |
 └────────────────────┴─────────────┴─────────────┴──────────────────────────────────────────────────────────────────┘
Accumulation table end
Offset pattern table begin
 ┌────────────────────┬─────────────┬──────────────────────────────────────────────────────────────────────────────────────────────────┐
 | Key                | Second      | Pattern                                                                                          |
 ├────────────────────┼─────────────┼──────────────────────────────────────────────────────────────────────────────────────────────────┤
 | 0x0000000000000000 | 5           | 17 13 10 13 13 12 10 13 12 11 11 13 10 13 12 13 11 12 13 13 12 13 15 11 14 12 13 12 12 14 11 13  |
 ├────────────────────┼─────────────┼──────────────────────────────────────────────────────────────────────────────────────────────────┤
 | 0x0000000000000001 | 6           | 26 17 17 18 16 15 16 17 14 21 16 19 18 16 14 14 16 17 17 14 19 15 17 18 16 18 17 15 17 17 15 8   |
 ├────────────────────┼─────────────┼──────────────────────────────────────────────────────────────────────────────────────────────────┤
 | 0x0000000000000002 | 14          | 24 17 18 19 21 17 18 17 16 18 16 18 17 17 17 17 19 17 20 16 17 16 18 18 17 19 14 19 15 15 16 14  |
 ├────────────────────┼─────────────┼──────────────────────────────────────────────────────────────────────────────────────────────────┤
 | 0x0000000000000003 | 4           | 30 22 23 19 19 21 19 21 20 19 22 22 22 24 21 20 22 19 22 21 23 22 22 18 20 19 22 19 21 13 16 13  |
 ├────────────────────┼─────────────┼──────────────────────────────────────────────────────────────────────────────────────────────────┤
 | 0x0000000000000004 | 5           | 23 12 12 14 14 13 12 14 13 13 12 15 13 14 16 13 13 15 14 16 13 14 14 17 14 13 15 14 8 6 8 8      |
 ├────────────────────┼─────────────┼──────────────────────────────────────────────────────────────────────────────────────────────────┤
 | 0x0000000000000005 | 12          | 23 8 6 7 8 8 9 10 8 8 7 9 9 9 7 8 7 9 8 9 8 6 6 7 9 10 9 3 3 5 4 6                               |
 ├────────────────────┼─────────────┼──────────────────────────────────────────────────────────────────────────────────────────────────┤
 | 0x0000000000000006 | 7           | 27 12 11 8 12 7 9 10 9 14 13 13 9 12 11 11 10 8 13 9 11 9 10 11 13 10 8 9 5 6 5 10               |
 ├────────────────────┼─────────────┼──────────────────────────────────────────────────────────────────────────────────────────────────┤
 | 0x0000000000000007 | 18          | 17 6 4 6 3 5 5 6 4 3 4 4 4 5 5 5 5 4 7 6 5 5 5 6 5 2 1 3 3 1 2 4                                 |
 ├────────────────────┼─────────────┼──────────────────────────────────────────────────────────────────────────────────────────────────┤
 | 0x0000000000000008 | 21          | 26 8 7 4 4 3 5 4 5 6 7 5 6 8 7 10 9 8 5 7 7 3 6 4 5 0 2 4 3 4 3 6                                |
 ├────────────────────┼─────────────┼──────────────────────────────────────────────────────────────────────────────────────────────────┤
 | 0x0000000000000009 | 10          | 18 4 4 3 2 5 3 3 3 4 3 4 4 5 3 2 4 4 4 3 3 4 5 1 2 1 2 4 3 2 3 6                                 |
 ├────────────────────┼─────────────┼──────────────────────────────────────────────────────────────────────────────────────────────────┤
 | 0x000000000000000a | 11          | 23 5 4 3 4 3 5 3 3 3 3 3 3 5 5 3 5 5 4 4 5 4 2 1 3 5 1 4 3 4 6 10                                |
 ├────────────────────┼─────────────┼──────────────────────────────────────────────────────────────────────────────────────────────────┤
 | 0x000000000000000b | 12          | 22 4 3 2 2 3 3 2 2 3 2 3 4 5 5 4 5 3 1 3 2 2 2 2 4 1 1 2 2 2 3 7                                 |
 ├────────────────────┼─────────────┼──────────────────────────────────────────────────────────────────────────────────────────────────┤
 | 0x000000000000000c | 13          | 29 6 7 4 4 6 6 5 5 6 5 4 6 5 4 4 3 3 4 6 6 3 3 3 4 4 2 4 7 6 6 10                                |
 ├────────────────────┼─────────────┼──────────────────────────────────────────────────────────────────────────────────────────────────┤
 | 0x000000000000000d | 14          | 17 4 3 3 2 2 2 2 2 1 2 3 2 3 3 3 2 3 3 3 1 0 1 1 0 1 1 1 1 2 4 3                                 |
 ├────────────────────┼─────────────┼──────────────────────────────────────────────────────────────────────────────────────────────────┤
 | 0x000000000000000e | 13          | 29 8 3 1 4 5 2 4 1 1 1 3 3 3 4 3 3 2 4 2 3 2 3 1 1 2 2 4 1 3 3 3                                 |
 ├────────────────────┼─────────────┼──────────────────────────────────────────────────────────────────────────────────────────────────┤
 | 0x000000000000000f | 19          | 24 4 2 4 2 2 2 1 1 5 1 2 3 2 1 1 0 1 1 1 2 2 1 1 0 1 3 0 1 1 3 7                                 |
 ├────────────────────┼─────────────┼──────────────────────────────────────────────────────────────────────────────────────────────────┤
 | 0x0000000000000010 | 28          | 31 7 2 5 7 6 8 4 3 2 6 5 5 9 5 6 3 3 4 5 5 4 2 3 2 4 4 3 4 6 5 10                                |
 ├────────────────────┼─────────────┼──────────────────────────────────────────────────────────────────────────────────────────────────┤
 | 0x0000000000000011 | 18          | 30 11 3 3 3 5 3 3 3 3 3 2 4 2 3 3 3 3 4 5 4 3 3 3 4 2 3 4 4 6 3 5                                |
 ├────────────────────┼─────────────┼──────────────────────────────────────────────────────────────────────────────────────────────────┤
 | 0x0000000000000012 | 12          | 18 5 3 2 2 3 2 2 4 3 2 2 4 1 3 2 3 2 3 3 4 2 2 3 2 2 2 2 2 2 2 4                                 |
 ├────────────────────┼─────────────┼──────────────────────────────────────────────────────────────────────────────────────────────────┤
 | 0x0000000000000013 | 17          | 22 4 3 1 2 1 1 1 2 0 1 1 2 2 1 2 2 2 2 5 4 1 1 2 1 2 2 1 1 2 2 4                                 |
 ├────────────────────┼─────────────┼──────────────────────────────────────────────────────────────────────────────────────────────────┤
 | 0x0000000000000014 | 21          | 30 3 3 4 2 4 4 3 3 2 2 4 3 3 5 2 2 2 3 7 3 5 1 2 1 4 3 2 2 1 2 6                                 |
 ├────────────────────┼─────────────┼──────────────────────────────────────────────────────────────────────────────────────────────────┤
 | 0x0000000000000015 | 23          | 17 3 1 2 1 2 1 2 2 1 1 1 1 0 0 1 1 1 1 4 2 3 2 1 2 2 1 2 1 2 3 4                                 |
 ├────────────────────┼─────────────┼──────────────────────────────────────────────────────────────────────────────────────────────────┤
 | 0x0000000000000016 | 7           | 31 7 3 4 5 2 2 4 2 3 1 2 2 3 6 3 2 4 4 5 6 2 0 4 1 1 2 2 1 2 1 6                                 |
 ├────────────────────┼─────────────┼──────────────────────────────────────────────────────────────────────────────────────────────────┤
 | 0x0000000000000017 | 26          | 31 4 2 0 4 5 3 2 0 1 3 3 1 6 3 6 5 2 7 7 7 2 4 2 3 8 3 2 1 3 4 9                                 |
 ├────────────────────┼─────────────┼──────────────────────────────────────────────────────────────────────────────────────────────────┤
 | 0x0000000000000018 | 25          | 22 2 1 2 2 1 1 0 1 2 0 1 2 2 2 2 3 2 4 6 5 0 1 2 2 2 1 1 2 2 3 5                                 |
 ├────────────────────┼─────────────┼──────────────────────────────────────────────────────────────────────────────────────────────────┤
 | 0x0000000000000019 | 26          | 25 3 3 2 4 2 2 6 3 3 2 2 3 5 3 3 3 5 4 7 9 2 2 2 2 2 2 3 3 5 3 4                                 |
 ├────────────────────┼─────────────┼──────────────────────────────────────────────────────────────────────────────────────────────────┤
 | 0x000000000000001a | 27          | 26 6 4 2 2 3 3 4 5 5 3 3 3 4 3 3 3 4 7 9 7 2 3 3 2 6 3 4 4 5 3 4                                 |
 ├────────────────────┼─────────────┼──────────────────────────────────────────────────────────────────────────────────────────────────┤
 | 0x000000000000001b | 5           | 28 2 2 2 2 7 6 5 4 4 2 4 4 5 5 2 4 3 11 8 8 4 5 6 6 6 5 3 3 4 7 11                               |
 ├────────────────────┼─────────────┼──────────────────────────────────────────────────────────────────────────────────────────────────┤
 | 0x000000000000001c | 29          | 29 3 0 0 6 5 9 8 5 6 4 7 8 8 6 5 8 9 8 8 4 4 4 6 3 7 6 6 6 4 6 7                                 |
 ├────────────────────┼─────────────┼──────────────────────────────────────────────────────────────────────────────────────────────────┤
 | 0x000000000000001d | 30          | 18 3 3 4 6 4 7 6 3 3 4 4 6 5 4 3 5 4 5 6 4 4 4 6 6 4 6 4 5 6 5 7                                 |
 ├────────────────────┼─────────────┼──────────────────────────────────────────────────────────────────────────────────────────────────┤
 | 0x000000000000001e | 31          | 29 7 8 6 8 7 8 10 7 5 7 7 5 6 5 5 8 5 7 12 7 7 5 7 6 5 6 7 9 5 6 7                               |
 ├────────────────────┼─────────────┼──────────────────────────────────────────────────────────────────────────────────────────────────┤
 | 0x000000000000001f | 22          | 26 9 12 10 9 8 12 13 10 11 11 10 9 8 10 11 11 10 10 12 15 14 13 12 13 13 13 13 13 12 11 15       |
 └────────────────────┴─────────────┴──────────────────────────────────────────────────────────────────────────────────────────────────┘
Offset pattern table end
PC pattern table begin
 ┌────────────────────┬─────────────┬──────────────────────────────────────────────────┐
 | Key                | Second      | Pattern                                          |
 ├────────────────────┼─────────────┼──────────────────────────────────────────────────┤
 | 0x0000000000000000 | 9           | 21 9 8 10 12 9 11 8 9 11 14 9 8 7 8 9            |
 ├────────────────────┼─────────────┼──────────────────────────────────────────────────┤
 | 0x0000000000000001 | 23          | 28 5 8 6 5 5 4 3 5 8 11 6 5 6 6 6                |
 ├────────────────────┼─────────────┼──────────────────────────────────────────────────┤
 | 0x0000000000000002 | 5           | 24 19 20 20 20 20 21 20 18 22 21 22 22 20 19 18  |
 ├────────────────────┼─────────────┼──────────────────────────────────────────────────┤
 | 0x0000000000000003 | 4           | 31 1 3 1 0 1 0 0 3 0 1 3 5 4 1 1                 |
 ├────────────────────┼─────────────┼──────────────────────────────────────────────────┤
 | 0x0000000000000004 | 27          | 16 3 2 3 2 2 3 1 4 5 5 3 3 2 3 3                 |
 ├────────────────────┼─────────────┼──────────────────────────────────────────────────┤
 | 0x0000000000000005 | 12          | 24 20 8 4 4 3 2 2 1 0 0 0 0 0 0 0                |
 ├────────────────────┼─────────────┼──────────────────────────────────────────────────┤
 | 0x0000000000000006 | 19          | 27 12 9 12 10 11 15 13 12 14 12 9 13 11 12 14    |
 ├────────────────────┼─────────────┼──────────────────────────────────────────────────┤
 | 0x0000000000000007 | 27          | 17 4 3 2 3 4 4 4 2 1 3 1 2 1 1 1                 |
 ├────────────────────┼─────────────┼──────────────────────────────────────────────────┤
 | 0x0000000000000008 | 21          | 28 11 9 7 4 4 6 7 8 8 3 4 5 9 5 8                |
 ├────────────────────┼─────────────┼──────────────────────────────────────────────────┤
 | 0x0000000000000009 | 18          | 24 6 4 4 4 5 6 5 2 3 6 5 3 5 1 4                 |
 ├────────────────────┼─────────────┼──────────────────────────────────────────────────┤
 | 0x000000000000000a | 8           | 21 16 4 2 1 1 0 0 0 0 0 0 0 0 0 0                |
 ├────────────────────┼─────────────┼──────────────────────────────────────────────────┤
 | 0x000000000000000b | 17          | 19 2 0 0 1 0 2 0 0 2 1 0 1 0 1 0                 |
 ├────────────────────┼─────────────┼──────────────────────────────────────────────────┤
 | 0x000000000000000c | 26          | 22 11 6 8 6 6 5 7 7 9 6 3 4 5 4 5                |
 ├────────────────────┼─────────────┼──────────────────────────────────────────────────┤
 | 0x000000000000000d | 19          | 19 1 0 3 4 2 3 4 2 3 8 2 2 2 1 2                 |
 ├────────────────────┼─────────────┼──────────────────────────────────────────────────┤
 | 0x000000000000000e | 0           | 22 6 5 11 12 6 11 11 6 12 13 7 9 11 7 7          |
 ├────────────────────┼─────────────┼──────────────────────────────────────────────────┤
 | 0x000000000000000f | 0           | 22 2 4 4 1 5 6 4 2 4 4 6 5 1 2 5                 |
 ├────────────────────┼─────────────┼──────────────────────────────────────────────────┤
 | 0x0000000000000010 | 30          | 25 11 11 11 12 12 13 13 14 14 15 15 16 18 19 22  |
 ├────────────────────┼─────────────┼──────────────────────────────────────────────────┤
 | 0x0000000000000011 | 6           | 17 15 12 12 12 12 11 11 11 11 11 11 11 11 11 9   |
 ├────────────────────┼─────────────┼──────────────────────────────────────────────────┤
 | 0x0000000000000012 | 12          | 16 4 3 7 7 4 6 7 5 9 9 6 7 8 5 5                 |
 ├────────────────────┼─────────────┼──────────────────────────────────────────────────┤
 | 0x0000000000000013 | 30          | 20 18 17 13 17 17 16 16 16 18 17 17 17 17 17 12  |
 ├────────────────────┼─────────────┼──────────────────────────────────────────────────┤
 | 0x0000000000000014 | 2           | 30 12 11 15 11 6 12 12 6 14 12 8 9 7 5 7         |
 ├────────────────────┼─────────────┼──────────────────────────────────────────────────┤
 | 0x0000000000000015 | 22          | 24 2 4 6 4 4 4 4 5 7 10 4 6 3 5 10               |
 ├────────────────────┼─────────────┼──────────────────────────────────────────────────┤
 | 0x0000000000000016 | 10          | 19 8 4 3 2 3 2 3 1 1 2 0 2 3 1 9                 |
 ├────────────────────┼─────────────┼──────────────────────────────────────────────────┤
 | 0x0000000000000017 | 22          | 25 4 6 8 10 8 8 6 8 5 6 7 5 9 7 8                |
 ├────────────────────┼─────────────┼──────────────────────────────────────────────────┤
 | 0x0000000000000018 | 19          | 30 5 5 2 4 4 7 7 9 8 6 3 3 2 5 6                 |
 ├────────────────────┼─────────────┼──────────────────────────────────────────────────┤
 | 0x0000000000000019 | 19          | 18 3 3 5 4 5 7 6 5 7 8 9 7 10 11 11              |
 ├────────────────────┼─────────────┼──────────────────────────────────────────────────┤
 | 0x000000000000001a | 26          | 22 5 4 7 7 3 5 3 6 6 7 4 4 5 4 7                 |
 ├────────────────────┼─────────────┼──────────────────────────────────────────────────┤
 | 0x000000000000001b | 21          | 24 12 7 9 7 7 6 10 7 8 5 3 6 7 5 6               |
 ├────────────────────┼─────────────┼──────────────────────────────────────────────────┤
 | 0x000000000000001c | 20          | 30 24 24 24 24 22 23 23 22 23 23 22 22 21 22 22  |
 ├────────────────────┼─────────────┼──────────────────────────────────────────────────┤
 | 0x000000000000001d | 6           | 27 15 15 14 13 14 15 15 14 11 13 14 12 12 10 8   |
 ├────────────────────┼─────────────┼──────────────────────────────────────────────────┤
 | 0x000000000000001e | 7           | 29 16 17 16 15 16 16 16 19 18 19 17 19 17 18 19  |
 ├────────────────────┼─────────────┼──────────────────────────────────────────────────┤
 | 0x000000000000001f | 20          | 19 16 11 10 9 9 9 9 9 9 9 9 8 7 7 6              |
 └────────────────────┴─────────────┴──────────────────────────────────────────────────┘
PC pattern table end
Prefetch buffer begin
 ┌────────────────────┬──────────────────────────────────────────────────────────────────┐
 | Region             | Pattern                                                          |
 ├────────────────────┼──────────────────────────────────────────────────────────────────┤
 | 0x0000000000002dd7 | 0 0 1 1 1 0 1 0 0 1 0 1 0 1 0 1 1 1 0 1 1 0 1 0 0 0 0 0 0 0 1 0  |
 ├────────────────────┼──────────────────────────────────────────────────────────────────┤
 | 0x00000000000054ba | 0 0 0 0 0 0 0 0 0 0 0 0 1 0 0 0 0 0 0 0 0 0 0 0 0 0 0 0 0 0 0 0  |
 ├────────────────────┼──────────────────────────────────────────────────────────────────┤
 | 0x0000000000002dc9 | 0 0 0 0 0 1 0 0 0 1 0 0 0 0 0 1 0 1 1 0 1 0 0 0 0 0 1 0 0 0 1 0  |
 ├────────────────────┼──────────────────────────────────────────────────────────────────┤
 | 0x0000000000002dd8 | 2 0 0 1 0 0 0 0 0 0 0 0 0 1 0 0 0 0 0 0 1 0 1 0 0 1 0 1 0 1 1 0  |
 ├────────────────────┼──────────────────────────────────────────────────────────────────┤
 | 0x0000000000002dd2 | 0 0 0 0 0 1 1 0 1 1 0 0 0 0 0 1 0 0 0 1 0 0 1 0 0 0 0 0 0 1 0 1  |
 ├────────────────────┼──────────────────────────────────────────────────────────────────┤
 | 0x0000000000002dcc | 0 0 0 2 0 0 0 0 0 1 2 1 1 0 0 0 1 0 0 0 0 0 1 1 1 1 1 1 0 1 0 1  |
 ├────────────────────┼──────────────────────────────────────────────────────────────────┤
 | 0x00000000000054c2 | 0 0 0 1 0 1 1 1 0 1 0 0 0 0 0 1 0 1 0 0 1 0 1 0 0 0 0 0 0 1 1 1  |
 ├────────────────────┼──────────────────────────────────────────────────────────────────┤
 | 0x00000000000054c8 | 2 0 0 0 0 0 1 1 1 1 0 0 0 1 0 0 0 0 0 1 1 1 1 1 1 0 1 0 1 0 1 1  |
 ├────────────────────┼──────────────────────────────────────────────────────────────────┤
 | 0x00000000000054c9 | 1 1 0 1 0 0 0 0 0 0 0 0 0 0 0 0 0 0 0 0 0 0 0 1 0 0 0 0 0 0 0 0  |
 ├────────────────────┼──────────────────────────────────────────────────────────────────┤
 | 0x0000000000002dd3 | 0 1 0 0 1 0 0 0 1 1 0 0 1 1 0 1 0 1 1 1 1 1 1 1 1 1 1 1 1 1 1 1  |
 ├────────────────────┼──────────────────────────────────────────────────────────────────┤
 | 0x00000000000054c3 | 2 0 0 0 0 0 0 0 0 1 1 1 1 0 0 0 0 0 1 0 1 1 0 1 0 0 0 0 0 0 0 0  |
 ├────────────────────┼──────────────────────────────────────────────────────────────────┤
 | 0x00000000000054d2 | 0 0 1 0 0 0 0 0 0 0 0 0 0 0 0 0 0 0 0 0 0 1 0 0 0 0 0 0 0 0 0 0  |
 ├────────────────────┼──────────────────────────────────────────────────────────────────┤
 | 0x0000000000002dcd | 0 0 0 1 1 0 1 0 0 0 0 0 0 0 0 0 0 0 0 0 0 0 0 0 0 0 1 0 0 0 0 0  |
 ├────────────────────┼──────────────────────────────────────────────────────────────────┤
 | 0x00000000000054ee | 2 0 0 0 0 0 0 0 0 0 1 0 0 0 0 0 0 1 0 1 0 0 1 0 1 1 1 1 1 1 1 1  |
 ├────────────────────┼──────────────────────────────────────────────────────────────────┤
 | 0x0000000000002dd6 | 0 1 1 1 0 1 1 1 1 1 1 1 1 1 1 1 1 1 1 1 1 1 1 1 0 1 0 1 0 1 0 1  |
 ├────────────────────┼──────────────────────────────────────────────────────────────────┤
 | 0x00000000000054bb | 0 0 1 0 0 0 1 0 0 0 0 0 1 0 1 1 0 1 0 0 0 0 0 1 0 0 0 1 0 0 0 0  |
 ├────────────────────┼──────────────────────────────────────────────────────────────────┤
 | 0x00000000000054e2 | 2 0 0 0 0 0 0 0 2 2 2 2 0 2 2 0 0 2 2 2 0 2 2 0 2 2 0 0 0 0 0 0  |
 ├────────────────────┼──────────────────────────────────────────────────────────────────┤
 | 0x0000000000002dd5 | 0 0 0 2 2 0 2 2 2 0 2 2 2 2 2 2 2 2 2 2 0 2 0 2 2 0 2 0 2 0 2 0  |
 ├────────────────────┼──────────────────────────────────────────────────────────────────┤
 | 0x0000000000002db9 | 0 0 0 0 0 0 0 0 0 0 0 0 1 1 1 1 1 1 1 1 1 1 1 1 1 1 1 1 1 1 1 1  |
 ├────────────────────┼──────────────────────────────────────────────────────────────────┤
 | 0x0000000000002dd0 | 0 0 0 0 0 0 0 0 0 0 0 0 0 1 0 1 1 0 0 0 1 1 1 0 0 0 1 0 0 1 0 0  |
 ├────────────────────┼──────────────────────────────────────────────────────────────────┤
 | 0x00000000000054de | 0 0 1 1 0 1 1 0 0 0 0 0 1 0 0 0 1 0 0 1 0 0 0 0 0 0 1 0 1 0 1 0  |
 ├────────────────────┼──────────────────────────────────────────────────────────────────┤
 | 0x00000000000054d4 | 0 0 0 0 0 0 0 0 0 0 1 0 1 1 0 0 0 1 1 1 0 0 0 1 0 0 1 0 0 0 1 0  |
 ├────────────────────┼──────────────────────────────────────────────────────────────────┤
 | 0x0000000000002dce | 0 0 0 0 0 1 0 0 0 0 0 0 0 0 0 0 0 0 0 0 0 0 0 0 1 0 0 0 0 0 0 0  |
 ├────────────────────┼──────────────────────────────────────────────────────────────────┤
 | 0x00000000000054e8 | 0 0 0 0 0 0 0 0 2 0 2 0 0 0 0 0 0 0 0 2 2 0 2 0 0 0 0 0 0 0 0 0  |
 ├────────────────────┼──────────────────────────────────────────────────────────────────┤
 | 0x0000000000002dd1 | 0 0 0 2 0 0 0 0 0 0 2 0 0 0 0 0 0 0 0 0 0 0 0 2 2 0 2 2 0 0 0 0  |
 ├────────────────────┼──────────────────────────────────────────────────────────────────┤
 | 0x0000000000002db8 | 2 2 2 2 2 2 1 2 2 2 2 2 2 2 2 2 2 2 2 1 1 1 2 0 0 0 0 0 0 0 0 0  |
 ├────────────────────┼──────────────────────────────────────────────────────────────────┤
 | 0x00000000000054e3 | 1 1 0 1 1 1 0 1 1 1 1 1 1 1 1 1 1 0 1 0 1 1 0 1 0 1 0 1 0 0 1 1  |
 ├────────────────────┼──────────────────────────────────────────────────────────────────┤
 | 0x00000000000054df | 0 2 0 0 0 1 1 0 0 1 1 0 1 0 1 1 1 1 1 1 1 1 1 1 1 1 1 1 1 1 1 1  |
 ├────────────────────┼──────────────────────────────────────────────────────────────────┤
 | 0x0000000000002dca | 0 0 0 0 0 0 1 0 1 1 1 0 1 0 0 0 0 0 1 0 1 0 0 1 0 1 0 0 0 0 0 0  |
 ├────────────────────┼──────────────────────────────────────────────────────────────────┤
 | 0x0000000000002dd4 | 0 0 0 0 0 0 0 0 0 0 0 0 0 0 2 0 2 0 0 0 0 0 0 0 2 0 0 0 0 0 0 0  |
 ├────────────────────┼──────────────────────────────────────────────────────────────────┤
 | 0x00000000000054d5 | 2 0 0 0 0 0 0 2 0 0 2 0 2 0 0 2 0 2 2 0 2 2 0 2 2 0 0 2 0 0 0 0  |
 ├────────────────────┼──────────────────────────────────────────────────────────────────┤
 | 0x00000000000054e9 | 1 1 0 1 0 0 1 0 1 0 1 0 1 1 1 0 1 1 0 1 0 0 0 0 0 0 0 1 0 1 0 0  |
 └────────────────────┴──────────────────────────────────────────────────────────────────┘
Prefetch buffer end
Filter by PPT: 0
Prefetch Request to L1: 2444158, Prefetch Request to L2: 7066189
Invalid by Eviction: 70358
Invalid by Max: 453146
Filter table begin
 ┌────────────────────┬─────────────┐
 | Region             | Offset      |
 ├────────────────────┼─────────────┤
 | 0x000000000000026d | 15          |
 ├────────────────────┼─────────────┤
 | 0x0000000000002f01 | 21          |
 ├────────────────────┼─────────────┤
 | 0x00000000000091dc | 15          |
 ├────────────────────┼─────────────┤
 | 0x000000000000876a | 29          |
 ├────────────────────┼─────────────┤
 | 0x0000000000000584 | 0           |
 ├────────────────────┼─────────────┤
 | 0x0000000000007238 | 21          |
 ├────────────────────┼─────────────┤
 | 0x0000000000001746 | 30          |
 ├────────────────────┼─────────────┤
 | 0x00000000000091a3 | 28          |
 ├────────────────────┼─────────────┤
 | 0x000000000000921b | 0           |
 ├────────────────────┼─────────────┤
 | 0x0000000000009117 | 24          |
 ├────────────────────┼─────────────┤
 | 0x00000000000075c3 | 30          |
 ├────────────────────┼─────────────┤
 | 0x000000000000027d | 7           |
 ├────────────────────┼─────────────┤
 | 0x0000000000009203 | 18          |
 ├────────────────────┼─────────────┤
 | 0x000000000000703a | 11          |
 ├────────────────────┼─────────────┤
 | 0x00000000000072f1 | 15          |
 ├────────────────────┼─────────────┤
 | 0x0000000000000401 | 12          |
 ├────────────────────┼─────────────┤
 | 0x00000000000091df | 6           |
 ├────────────────────┼─────────────┤
 | 0x00000000000059f3 | 11          |
 ├────────────────────┼─────────────┤
 | 0x0000000000006d2a | 29          |
 ├────────────────────┼─────────────┤
 | 0x00000000000091fc | 21          |
 ├────────────────────┼─────────────┤
 | 0x00000000000003ae | 26          |
 ├────────────────────┼─────────────┤
 | 0x000000000000921e | 31          |
 ├────────────────────┼─────────────┤
 | 0x0000000000006fd9 | 11          |
 ├────────────────────┼─────────────┤
 | 0x000000000000653b | 13          |
 ├────────────────────┼─────────────┤
 | 0x000000000000643f | 17          |
 ├────────────────────┼─────────────┤
 | 0x0000000000000415 | 8           |
 ├────────────────────┼─────────────┤
 | 0x0000000000005e1c | 29          |
 ├────────────────────┼─────────────┤
 | 0x0000000000007c04 | 11          |
 ├────────────────────┼─────────────┤
 | 0x000000000000696f | 1           |
 ├────────────────────┼─────────────┤
 | 0x00000000000065aa | 6           |
 ├────────────────────┼─────────────┤
 | 0x0000000000009207 | 18          |
 ├────────────────────┼─────────────┤
 | 0x0000000000006360 | 17          |
 ├────────────────────┼─────────────┤
 | 0x00000000000013c8 | 15          |
 ├────────────────────┼─────────────┤
 | 0x0000000000000874 | 24          |
 ├────────────────────┼─────────────┤
 | 0x0000000000009118 | 16          |
 ├────────────────────┼─────────────┤
 | 0x0000000000006316 | 24          |
 ├────────────────────┼─────────────┤
 | 0x000000000000922b | 25          |
 ├────────────────────┼─────────────┤
 | 0x000000000000143b | 23          |
 ├────────────────────┼─────────────┤
 | 0x00000000000087e6 | 2           |
 ├────────────────────┼─────────────┤
 | 0x0000000000000487 | 14          |
 └────────────────────┴─────────────┘
Filter table end
Accumulation table begin
 ┌────────────────────┬─────────────┬─────────────┬──────────────────────────────────────────────────────────────────┐
 | Region             | Offset      | Second      | Pattern                                                          |
 ├────────────────────┼─────────────┼─────────────┼──────────────────────────────────────────────────────────────────┤
 | 0x0000000000000399 | 29          | 9           | 0 0 0 0 0 0 0 0 0 1 1 0 0 0 0 0 0 0 0 0 0 0 0 0 0 0 0 0 0 1 1 0  |
 ├────────────────────┼─────────────┼─────────────┼──────────────────────────────────────────────────────────────────┤
 | 0x0000000000000275 | 11          | 1           | 0 1 0 0 0 0 0 0 0 0 0 1 0 0 0 0 0 0 1 1 1 0 0 0 0 0 0 1 1 0 0 0  |
 ├────────────────────┼─────────────┼─────────────┼──────────────────────────────────────────────────────────────────┤
 | 0x000000000000032d | 25          | 14          | 1 0 0 0 1 1 1 1 0 0 0 0 0 0 1 1 1 0 0 1 1 1 1 0 1 1 1 1 0 0 0 1  |
 ├────────────────────┼─────────────┼─────────────┼──────────────────────────────────────────────────────────────────┤
 | 0x00000000000003c3 | 12          | 6           | 0 0 0 0 0 1 1 0 0 0 0 0 1 0 0 0 0 0 0 0 0 0 0 0 0 0 0 0 0 0 0 0  |
 ├────────────────────┼─────────────┼─────────────┼──────────────────────────────────────────────────────────────────┤
 | 0x0000000000000360 | 27          | 28          | 0 0 0 0 0 0 0 0 0 0 0 0 0 0 0 0 0 0 0 0 0 0 0 0 0 0 0 1 1 0 0 0  |
 ├────────────────────┼─────────────┼─────────────┼──────────────────────────────────────────────────────────────────┤
 | 0x0000000000000384 | 4           | 3           | 0 0 0 1 1 0 0 0 0 0 0 0 0 0 0 0 0 0 0 0 1 1 1 0 0 0 0 0 1 1 0 0  |
 ├────────────────────┼─────────────┼─────────────┼──────────────────────────────────────────────────────────────────┤
 | 0x000000000000045e | 31          | 17          | 1 0 0 1 1 1 0 0 0 1 1 1 0 0 1 1 1 1 0 0 0 0 1 1 0 0 0 1 1 0 0 1  |
 ├────────────────────┼─────────────┼─────────────┼──────────────────────────────────────────────────────────────────┤
 | 0x00000000000003e2 | 14          | 13          | 0 0 0 0 0 0 0 0 0 0 0 0 0 1 1 0 0 0 0 0 0 0 0 0 0 0 0 0 0 0 0 0  |
 ├────────────────────┼─────────────┼─────────────┼──────────────────────────────────────────────────────────────────┤
 | 0x000000000000026e | 27          | 14          | 1 1 0 0 0 0 0 0 1 1 1 0 0 0 1 1 1 0 0 1 1 0 0 0 0 1 1 1 0 0 0 0  |
 ├────────────────────┼─────────────┼─────────────┼──────────────────────────────────────────────────────────────────┤
 | 0x0000000000000451 | 4           | 3           | 1 0 0 1 1 0 0 1 1 1 1 0 0 0 0 0 0 0 0 0 0 0 0 0 0 0 0 0 0 0 0 0  |
 ├────────────────────┼─────────────┼─────────────┼──────────────────────────────────────────────────────────────────┤
 | 0x0000000000000461 | 30          | 13          | 1 1 0 0 0 0 0 0 1 1 1 0 0 1 1 1 1 0 0 1 1 1 0 0 0 0 1 1 0 0 1 1  |
 ├────────────────────┼─────────────┼─────────────┼──────────────────────────────────────────────────────────────────┤
 | 0x000000000000044f | 31          | 22          | 0 0 0 0 1 1 0 0 0 0 0 0 1 1 1 0 0 0 0 0 0 0 1 1 0 0 0 0 0 0 0 1  |
 ├────────────────────┼─────────────┼─────────────┼──────────────────────────────────────────────────────────────────┤
 | 0x0000000000000452 | 25          | 26          | 0 0 0 0 0 0 0 0 0 0 0 0 0 0 0 0 0 0 0 0 0 1 1 0 0 1 1 1 0 0 0 0  |
 ├────────────────────┼─────────────┼─────────────┼──────────────────────────────────────────────────────────────────┤
 | 0x0000000000000454 | 20          | 11          | 1 1 1 0 0 1 1 1 1 0 0 1 1 1 0 1 0 0 0 1 1 0 0 0 0 0 0 0 0 0 0 0  |
 ├────────────────────┼─────────────┼─────────────┼──────────────────────────────────────────────────────────────────┤
 | 0x00000000000002bc | 18          | 19          | 0 0 0 0 0 0 0 0 0 0 0 0 0 0 0 0 0 1 1 1 1 1 0 0 1 0 0 0 0 0 0 0  |
 ├────────────────────┼─────────────┼─────────────┼──────────────────────────────────────────────────────────────────┤
 | 0x0000000000000470 | 19          | 12          | 0 0 0 1 1 0 0 0 0 0 0 1 1 0 0 0 0 0 0 1 0 0 0 0 0 0 0 0 0 0 0 0  |
 ├────────────────────┼─────────────┼─────────────┼──────────────────────────────────────────────────────────────────┤
 | 0x000000000000032c | 26          | 22          | 1 1 0 0 1 1 1 0 0 0 1 1 1 0 0 0 0 0 0 1 1 1 1 0 0 0 1 1 1 0 0 1  |
 ├────────────────────┼─────────────┼─────────────┼──────────────────────────────────────────────────────────────────┤
 | 0x000000000000044e | 28          | 27          | 0 0 0 0 0 0 0 0 0 0 0 0 0 0 0 0 0 0 0 0 0 0 0 0 0 0 0 1 1 0 0 0  |
 ├────────────────────┼─────────────┼─────────────┼──────────────────────────────────────────────────────────────────┤
 | 0x0000000000000453 | 24          | 9           | 0 0 1 1 1 1 0 0 1 1 1 0 1 1 1 0 1 1 0 1 1 0 0 1 1 0 0 1 0 0 0 1  |
 ├────────────────────┼─────────────┼─────────────┼──────────────────────────────────────────────────────────────────┤
 | 0x0000000000000450 | 24          | 8           | 0 1 1 1 1 1 0 1 1 0 0 1 1 0 0 1 1 1 0 1 1 0 0 0 1 1 0 1 1 0 0 1  |
 ├────────────────────┼─────────────┼─────────────┼──────────────────────────────────────────────────────────────────┤
 | 0x0000000000000385 | 27          | 26          | 0 0 1 1 0 0 0 0 1 0 0 0 0 1 1 1 0 0 0 0 1 1 0 0 0 0 1 1 1 1 0 0  |
 ├────────────────────┼─────────────┼─────────────┼──────────────────────────────────────────────────────────────────┤
 | 0x00000000000003c4 | 24          | 25          | 0 0 0 0 0 0 0 0 0 0 0 0 0 0 0 0 0 0 0 0 0 0 0 0 1 1 0 0 0 0 0 0  |
 ├────────────────────┼─────────────┼─────────────┼──────────────────────────────────────────────────────────────────┤
 | 0x000000000000045f | 3           | 27          | 1 0 1 1 0 0 0 1 1 0 0 0 1 1 1 0 0 0 0 0 0 1 1 0 0 0 0 1 1 1 0 0  |
 ├────────────────────┼─────────────┼─────────────┼──────────────────────────────────────────────────────────────────┤
 | 0x000000000000041e | 6           | 7           | 0 0 0 0 0 0 1 1 0 0 0 0 0 0 0 0 0 0 0 0 0 0 0 0 0 0 0 0 0 0 0 0  |
 ├────────────────────┼─────────────┼─────────────┼──────────────────────────────────────────────────────────────────┤
 | 0x00000000000003e3 | 23          | 2           | 0 0 1 0 0 0 0 0 0 0 0 0 0 0 0 0 0 0 0 0 0 0 0 1 0 0 0 0 0 0 0 0  |
 ├────────────────────┼─────────────┼─────────────┼──────────────────────────────────────────────────────────────────┤
 | 0x000000000000026f | 14          | 15          | 0 0 1 1 1 1 0 0 1 1 1 0 0 1 1 1 0 0 1 1 1 1 0 0 0 0 0 0 1 1 1 0  |
 ├────────────────────┼─────────────┼─────────────┼──────────────────────────────────────────────────────────────────┤
 | 0x0000000000000274 | 25          | 24          | 0 0 0 0 0 0 0 0 0 0 0 0 0 0 0 0 0 0 0 0 0 0 0 0 1 1 0 0 0 0 0 0  |
 ├────────────────────┼─────────────┼─────────────┼──────────────────────────────────────────────────────────────────┤
 | 0x000000000000037c | 21          | 0           | 1 1 1 0 0 0 1 0 0 0 1 1 1 0 0 0 1 1 1 0 0 1 1 0 0 0 0 0 0 0 0 0  |
 ├────────────────────┼─────────────┼─────────────┼──────────────────────────────────────────────────────────────────┤
 | 0x0000000000000460 | 14          | 4           | 0 1 1 1 1 0 0 1 1 1 0 0 0 0 1 1 1 0 0 1 1 1 0 0 0 1 1 0 0 0 1 1  |
 ├────────────────────┼─────────────┼─────────────┼──────────────────────────────────────────────────────────────────┤
 | 0x0000000000000271 | 28          | 12          | 0 0 0 0 0 0 0 0 0 0 0 0 1 1 0 0 0 0 0 0 0 0 0 0 0 0 0 0 1 0 0 0  |
 ├────────────────────┼─────────────┼─────────────┼──────────────────────────────────────────────────────────────────┤
 | 0x000000000000043c | 29          | 30          | 1 0 0 0 0 0 0 1 1 0 0 0 0 0 0 0 1 0 0 0 0 0 0 0 1 1 0 0 0 1 1 0  |
 ├────────────────────┼─────────────┼─────────────┼──────────────────────────────────────────────────────────────────┤
 | 0x0000000000000361 | 27          | 28          | 0 0 0 1 1 0 0 0 1 1 0 0 0 1 1 0 0 0 1 1 0 0 0 0 0 0 0 1 1 0 0 0  |
 └────────────────────┴─────────────┴─────────────┴──────────────────────────────────────────────────────────────────┘
Accumulation table end
Offset pattern table begin
 ┌────────────────────┬─────────────┬─────────────────────────────────────────────────────────────────────────────────┐
 | Key                | Second      | Pattern                                                                         |
 ├────────────────────┼─────────────┼─────────────────────────────────────────────────────────────────────────────────┤
 | 0x0000000000000000 | 27          | 27 2 2 19 20 21 4 5 5 18 19 19 4 2 22 21 19 17 0 3 4 6 22 19 1 1 4 25 22 3 0 4  |
 ├────────────────────┼─────────────┼─────────────────────────────────────────────────────────────────────────────────┤
 | 0x0000000000000001 | 27          | 20 11 3 0 0 3 0 3 3 14 11 2 0 3 3 6 2 10 10 10 3 3 0 0 3 3 7 7 0 0 0 4          |
 ├────────────────────┼─────────────┼─────────────────────────────────────────────────────────────────────────────────┤
 | 0x0000000000000002 | 1           | 21 8 1 0 0 4 5 4 9 10 0 0 0 4 2 0 8 14 12 4 0 0 0 4 4 10 8 0 4 4 1 14           |
 ├────────────────────┼─────────────┼─────────────────────────────────────────────────────────────────────────────────┤
 | 0x0000000000000003 | 27          | 25 0 0 0 18 20 2 2 0 18 19 19 2 1 0 0 0 2 20 19 1 0 0 0 19 21 21 1 0 19 1 21    |
 ├────────────────────┼─────────────┼─────────────────────────────────────────────────────────────────────────────────┤
 | 0x0000000000000004 | 3           | 24 2 2 9 8 10 10 2 0 0 0 1 0 0 0 0 1 1 1 0 0 0 0 0 1 1 0 0 9 0 0 21             |
 ├────────────────────┼─────────────┼─────────────────────────────────────────────────────────────────────────────────┤
 | 0x0000000000000005 | 4           | 30 5 3 0 0 0 13 12 0 0 0 0 0 12 12 12 0 0 0 0 0 12 12 0 0 0 0 0 0 0 16 19       |
 ├────────────────────┼─────────────┼─────────────────────────────────────────────────────────────────────────────────┤
 | 0x0000000000000006 | 7           | 22 18 0 0 1 0 0 0 0 1 0 0 0 0 0 1 0 0 0 0 0 0 0 1 0 0 0 0 0 0 1 3               |
 ├────────────────────┼─────────────┼─────────────────────────────────────────────────────────────────────────────────┤
 | 0x0000000000000007 | 6           | 27 12 2 0 0 0 0 0 0 0 0 0 0 0 0 0 0 3 0 0 0 0 0 0 0 0 0 0 0 0 7 6               |
 ├────────────────────┼─────────────┼─────────────────────────────────────────────────────────────────────────────────┤
 | 0x0000000000000008 | 0           | 18 17 1 0 0 0 17 17 0 0 0 1 1 16 16 0 0 0 1 1 16 16 0 1 16 16 0 0 0 0 15 16     |
 ├────────────────────┼─────────────┼─────────────────────────────────────────────────────────────────────────────────┤
 | 0x0000000000000009 | 8           | 29 10 0 0 17 17 0 0 0 17 17 0 0 0 0 0 0 0 17 17 0 0 0 7 0 0 24 17 0 0 8 24      |
 ├────────────────────┼─────────────┼─────────────────────────────────────────────────────────────────────────────────┤
 | 0x000000000000000a | 8           | 23 7 3 0 0 0 0 0 1 1 1 0 0 0 0 0 0 1 1 0 0 0 0 4 1 1 0 0 0 2 3 6                |
 ├────────────────────┼─────────────┼─────────────────────────────────────────────────────────────────────────────────┤
 | 0x000000000000000b | 3           | 24 7 0 7 0 0 0 8 8 8 0 0 0 0 0 0 8 8 0 0 0 0 8 7 2 0 0 0 0 0 3 10               |
 ├────────────────────┼─────────────┼─────────────────────────────────────────────────────────────────────────────────┤
 | 0x000000000000000c | 6           | 25 10 0 0 0 0 10 10 0 0 0 0 0 10 10 0 1 0 0 0 0 0 0 9 10 21 21 0 0 0 0 11       |
 ├────────────────────┼─────────────┼─────────────────────────────────────────────────────────────────────────────────┤
 | 0x000000000000000d | 12          | 31 9 3 0 1 0 0 0 0 0 0 0 0 0 0 0 0 0 0 0 0 1 0 0 0 0 0 0 0 1 10 9               |
 ├────────────────────┼─────────────┼─────────────────────────────────────────────────────────────────────────────────┤
 | 0x000000000000000e | 15          | 24 9 2 0 0 4 4 4 0 0 0 4 4 0 0 0 4 4 0 4 4 12 12 0 0 4 4 4 0 1 1 7              |
 ├────────────────────┼─────────────┼─────────────────────────────────────────────────────────────────────────────────┤
 | 0x000000000000000f | 16          | 25 5 2 0 7 7 0 0 0 0 0 0 0 0 0 0 0 8 8 0 0 0 8 8 8 7 0 0 0 10 14 2              |
 ├────────────────────┼─────────────┼─────────────────────────────────────────────────────────────────────────────────┤
 | 0x0000000000000010 | 14          | 28 7 2 1 0 0 0 0 0 0 0 0 0 0 0 0 0 0 1 0 0 0 1 0 0 0 0 0 1 0 8 7                |
 ├────────────────────┼─────────────┼─────────────────────────────────────────────────────────────────────────────────┤
 | 0x0000000000000011 | 9           | 20 1 1 1 1 0 0 1 0 0 0 0 0 0 0 0 0 8 0 0 0 0 0 9 9 0 0 0 0 0 0 9                |
 ├────────────────────┼─────────────┼─────────────────────────────────────────────────────────────────────────────────┤
 | 0x0000000000000012 | 12          | 24 15 9 2 0 0 3 0 0 0 0 0 0 0 0 0 0 0 10 10 10 0 0 0 0 11 11 0 0 0 2 3          |
 ├────────────────────┼─────────────┼─────────────────────────────────────────────────────────────────────────────────┤
 | 0x0000000000000013 | 14          | 25 2 0 0 0 0 0 0 0 0 0 0 0 2 2 0 20 20 2 2 2 2 0 0 20 23 2 0 2 0 1 0            |
 ├────────────────────┼─────────────┼─────────────────────────────────────────────────────────────────────────────────┤
 | 0x0000000000000014 | 11          | 31 1 1 0 0 0 0 0 0 0 0 0 21 21 22 0 0 21 21 21 19 0 2 22 21 21 0 21 0 0 0 21    |
 ├────────────────────┼─────────────┼─────────────────────────────────────────────────────────────────────────────────┤
 | 0x0000000000000015 | 22          | 30 13 0 1 0 0 1 1 0 0 0 8 10 10 1 11 0 10 0 0 1 10 10 10 1 0 1 10 11 11 1 11    |
 ├────────────────────┼─────────────┼─────────────────────────────────────────────────────────────────────────────────┤
 | 0x0000000000000016 | 21          | 21 0 1 13 13 13 0 0 0 0 0 0 0 0 0 0 0 0 0 0 1 0 0 0 1 0 0 0 0 0 1 15            |
 ├────────────────────┼─────────────┼─────────────────────────────────────────────────────────────────────────────────┤
 | 0x0000000000000017 | 22          | 23 6 0 0 2 2 2 0 0 5 0 7 8 4 5 5 2 2 5 5 0 2 2 8 5 5 0 0 0 0 2 8                |
 ├────────────────────┼─────────────┼─────────────────────────────────────────────────────────────────────────────────┤
 | 0x0000000000000018 | 8           | 26 16 0 7 2 0 0 7 0 2 8 7 7 6 0 7 12 9 4 2 7 4 3 2 7 8 0 7 7 0 0 4              |
 ├────────────────────┼─────────────┼─────────────────────────────────────────────────────────────────────────────────┤
 | 0x0000000000000019 | 26          | 27 19 13 0 0 0 5 9 4 0 0 5 5 5 5 4 4 4 0 0 0 12 9 9 0 0 9 9 13 13 0 10          |
 ├────────────────────┼─────────────┼─────────────────────────────────────────────────────────────────────────────────┤
 | 0x000000000000001a | 25          | 16 10 6 0 0 2 9 3 0 1 6 9 8 3 4 3 2 6 9 4 3 0 4 3 7 9 6 7 3 0 0 4               |
 ├────────────────────┼─────────────┼─────────────────────────────────────────────────────────────────────────────────┤
 | 0x000000000000001b | 28          | 25 15 2 0 1 4 9 8 9 9 7 3 3 9 3 9 12 7 5 7 5 2 1 9 16 15 3 0 0 0 1 13           |
 ├────────────────────┼─────────────┼─────────────────────────────────────────────────────────────────────────────────┤
 | 0x000000000000001c | 27          | 18 9 2 0 3 1 5 6 6 3 1 3 6 5 8 2 2 4 5 6 0 0 1 2 8 11 7 2 0 0 0 5               |
 ├────────────────────┼─────────────┼─────────────────────────────────────────────────────────────────────────────────┤
 | 0x000000000000001d | 28          | 17 11 0 7 5 5 6 0 0 1 3 7 6 5 7 7 0 1 4 5 0 0 0 3 4 7 2 2 2 0 0 3               |
 ├────────────────────┼─────────────┼─────────────────────────────────────────────────────────────────────────────────┤
 | 0x000000000000001e | 29          | 29 12 7 18 11 4 0 0 0 4 17 17 13 0 0 7 7 17 16 7 0 10 10 10 7 0 0 4 10 6 0 16   |
 ├────────────────────┼─────────────┼─────────────────────────────────────────────────────────────────────────────────┤
 | 0x000000000000001f | 27          | 29 7 2 2 10 25 23 4 1 3 6 14 16 12 6 13 6 8 17 11 8 8 6 9 15 15 13 12 11 4 0 0  |
 └────────────────────┴─────────────┴─────────────────────────────────────────────────────────────────────────────────┘
Offset pattern table end
PC pattern table begin
 ┌────────────────────┬─────────────┬─────────────────────────────────────────────────┐
 | Key                | Second      | Pattern                                         |
 ├────────────────────┼─────────────┼─────────────────────────────────────────────────┤
 | 0x0000000000000000 | 18          | 26 10 8 0 8 0 0 0 0 0 0 3 1 0 0 7               |
 ├────────────────────┼─────────────┼─────────────────────────────────────────────────┤
 | 0x0000000000000001 | 30          | 27 9 4 12 11 6 8 10 7 9 9 8 5 12 6 6            |
 ├────────────────────┼─────────────┼─────────────────────────────────────────────────┤
 | 0x0000000000000002 | 24          | 19 1 0 2 0 0 0 0 0 0 0 0 0 0 0 8                |
 ├────────────────────┼─────────────┼─────────────────────────────────────────────────┤
 | 0x0000000000000004 | 7           | 29 1 0 0 0 0 0 0 0 0 0 0 0 0 0 23               |
 ├────────────────────┼─────────────┼─────────────────────────────────────────────────┤
 | 0x0000000000000005 | 11          | 25 22 0 19 0 0 0 0 0 0 0 0 0 0 0 20             |
 ├────────────────────┼─────────────┼─────────────────────────────────────────────────┤
 | 0x0000000000000006 | 24          | 22 6 0 0 0 0 0 0 0 0 0 1 1 0 0 5                |
 ├────────────────────┼─────────────┼─────────────────────────────────────────────────┤
 | 0x0000000000000007 | 18          | 31 31 30 0 29 0 0 0 0 0 0 0 0 0 0 1             |
 ├────────────────────┼─────────────┼─────────────────────────────────────────────────┤
 | 0x0000000000000008 | 31          | 21 10 13 12 1 3 1 0 0 3 2 3 5 4 3 5             |
 ├────────────────────┼─────────────┼─────────────────────────────────────────────────┤
 | 0x0000000000000009 | 8           | 30 20 14 14 12 14 14 23 15 22 22 20 14 22 20 4  |
 ├────────────────────┼─────────────┼─────────────────────────────────────────────────┤
 | 0x000000000000000a | 13          | 19 1 0 0 0 0 0 0 3 0 0 0 1 0 0 0                |
 ├────────────────────┼─────────────┼─────────────────────────────────────────────────┤
 | 0x000000000000000b | 14          | 18 5 3 6 3 5 6 6 7 7 3 3 11 7 2 3               |
 ├────────────────────┼─────────────┼─────────────────────────────────────────────────┤
 | 0x000000000000000c | 27          | 25 16 0 13 13 8 21 13 8 8 21 21 0 0 21 13       |
 ├────────────────────┼─────────────┼─────────────────────────────────────────────────┤
 | 0x000000000000000d | 17          | 3 3 0 3 0 0 0 0 0 0 0 0 0 0 0 3                 |
 ├────────────────────┼─────────────┼─────────────────────────────────────────────────┤
 | 0x000000000000000e | 24          | 29 1 1 0 1 0 0 0 0 0 0 0 0 0 0 0                |
 ├────────────────────┼─────────────┼─────────────────────────────────────────────────┤
 | 0x000000000000000f | 24          | 4 2 0 4 0 0 0 0 0 0 0 0 0 0 0 4                 |
 ├────────────────────┼─────────────┼─────────────────────────────────────────────────┤
 | 0x0000000000000010 | 14          | 24 15 8 13 1 0 0 0 0 0 0 0 0 0 0 2              |
 ├────────────────────┼─────────────┼─────────────────────────────────────────────────┤
 | 0x0000000000000011 | 4           | 25 7 3 0 0 0 0 0 0 0 1 2 0 0 0 0                |
 ├────────────────────┼─────────────┼─────────────────────────────────────────────────┤
 | 0x0000000000000012 | 28          | 17 4 3 2 3 11 9 2 11 11 11 11 3 3 9 3           |
 ├────────────────────┼─────────────┼─────────────────────────────────────────────────┤
 | 0x0000000000000013 | 27          | 31 5 1 0 17 18 0 0 17 26 8 9 16 16 9 8          |
 ├────────────────────┼─────────────┼─────────────────────────────────────────────────┤
 | 0x0000000000000014 | 18          | 29 2 0 1 0 0 0 0 0 0 0 0 0 0 8 25               |
 ├────────────────────┼─────────────┼─────────────────────────────────────────────────┤
 | 0x0000000000000015 | 12          | 18 9 0 9 0 0 0 0 1 0 0 0 0 0 0 10               |
 ├────────────────────┼─────────────┼─────────────────────────────────────────────────┤
 | 0x0000000000000016 | 16          | 30 17 17 0 0 0 6 0 8 6 6 0 6 6 1 25             |
 ├────────────────────┼─────────────┼─────────────────────────────────────────────────┤
 | 0x0000000000000017 | 22          | 24 8 4 9 4 3 7 9 9 8 7 2 12 8 2 2               |
 ├────────────────────┼─────────────┼─────────────────────────────────────────────────┤
 | 0x0000000000000018 | 9           | 19 0 0 0 0 0 0 0 0 0 0 18 0 0 17 18             |
 ├────────────────────┼─────────────┼─────────────────────────────────────────────────┤
 | 0x0000000000000019 | 13          | 22 4 0 5 1 1 0 0 1 0 0 0 0 3 0 3                |
 ├────────────────────┼─────────────┼─────────────────────────────────────────────────┤
 | 0x000000000000001a | 3           | 26 3 1 3 7 7 3 4 9 6 3 4 5 5 4 4                |
 ├────────────────────┼─────────────┼─────────────────────────────────────────────────┤
 | 0x000000000000001b | 16          | 23 0 0 0 0 0 0 0 0 0 0 0 1 0 4 15               |
 ├────────────────────┼─────────────┼─────────────────────────────────────────────────┤
 | 0x000000000000001c | 5           | 26 16 1 0 1 1 0 1 1 0 0 1 0 1 1 4               |
 ├────────────────────┼─────────────┼─────────────────────────────────────────────────┤
 | 0x000000000000001d | 27          | 21 19 19 19 19 0 19 19 19 19 19 20 20 0 0 19    |
 ├────────────────────┼─────────────┼─────────────────────────────────────────────────┤
 | 0x000000000000001e | 20          | 17 5 0 5 0 0 0 0 0 0 0 0 0 0 1 10               |
 ├────────────────────┼─────────────┼─────────────────────────────────────────────────┤
 | 0x000000000000001f | 19          | 16 0 16 0 0 0 0 0 0 0 0 0 0 1 15 16             |
 └────────────────────┴─────────────┴─────────────────────────────────────────────────┘
PC pattern table end
Prefetch buffer begin
 ┌────────────────────┬──────────────────────────────────────────────────────────────────┐
 | Region             | Pattern                                                          |
 ├────────────────────┼──────────────────────────────────────────────────────────────────┤
 | 0x0000000000009223 | 2 0 0 1 1 0 0 2 1 0 2 0 0 1 1 0 0 0 1 1 0 0 0 0 0 0 0 1 1 0 0 0  |
 ├────────────────────┼──────────────────────────────────────────────────────────────────┤
 | 0x000000000000921f | 0 0 0 0 0 0 0 0 0 0 0 0 0 0 0 0 0 0 0 1 1 2 0 0 0 2 2 1 2 0 2 2  |
 ├────────────────────┼──────────────────────────────────────────────────────────────────┤
 | 0x00000000000003c4 | 0 0 2 2 2 2 0 2 2 0 0 0 0 0 0 0 0 0 0 0 0 0 0 0 0 0 0 0 0 0 0 0  |
 ├────────────────────┼──────────────────────────────────────────────────────────────────┤
 | 0x000000000000921b | 0 0 0 0 1 1 0 2 2 1 1 1 0 0 1 1 1 1 0 0 0 2 1 1 0 0 0 1 1 0 0 0  |
 ├────────────────────┼──────────────────────────────────────────────────────────────────┤
 | 0x0000000000000422 | 2 0 2 2 2 2 0 0 0 0 0 0 0 0 0 0 0 0 0 0 0 0 0 0 0 0 0 0 0 0 0 0  |
 ├────────────────────┼──────────────────────────────────────────────────────────────────┤
 | 0x0000000000000487 | 0 2 2 2 2 0 0 2 2 2 0 0 0 0 0 0 0 0 0 2 2 2 0 0 0 2 2 0 0 0 2 2  |
 ├────────────────────┼──────────────────────────────────────────────────────────────────┤
 | 0x000000000000044e | 2 0 2 2 2 2 0 2 0 0 0 0 0 0 0 0 0 0 0 0 0 0 0 0 0 0 0 0 0 0 0 0  |
 ├────────────────────┼──────────────────────────────────────────────────────────────────┤
 | 0x00000000000091a3 | 0 0 2 2 2 2 0 0 2 2 2 0 0 2 2 2 0 0 0 0 2 1 0 0 0 0 0 0 0 0 0 0  |
 ├────────────────────┼──────────────────────────────────────────────────────────────────┤
 | 0x000000000000143b | 2 0 2 2 2 2 0 0 0 0 0 0 0 0 0 0 0 0 0 0 0 0 0 0 0 0 0 0 0 0 0 0  |
 ├────────────────────┼──────────────────────────────────────────────────────────────────┤
 | 0x00000000000003ae | 1 2 0 0 2 1 1 2 2 2 0 2 1 2 2 0 0 0 0 0 0 0 0 0 0 0 0 0 0 0 0 0  |
 ├────────────────────┼──────────────────────────────────────────────────────────────────┤
 | 0x00000000000087e6 | 0 0 0 0 0 0 0 0 0 0 0 0 0 0 0 0 0 0 2 1 1 2 0 0 0 2 2 1 2 0 2 2  |
 ├────────────────────┼──────────────────────────────────────────────────────────────────┤
 | 0x000000000000922b | 2 2 0 0 2 2 2 0 2 2 2 0 0 0 2 2 2 0 0 0 0 0 0 0 0 0 0 0 0 0 0 0  |
 ├────────────────────┼──────────────────────────────────────────────────────────────────┤
 | 0x0000000000006316 | 0 0 2 2 2 2 0 2 2 2 0 0 2 0 0 0 0 0 0 0 0 0 0 0 0 0 0 0 0 0 0 0  |
 ├────────────────────┼──────────────────────────────────────────────────────────────────┤
 | 0x0000000000009209 | 2 0 0 0 0 0 0 0 0 0 0 0 0 0 2 2 0 0 0 0 0 0 0 0 0 0 0 0 0 0 0 0  |
 ├────────────────────┼──────────────────────────────────────────────────────────────────┤
 | 0x0000000000001021 | 0 0 0 0 0 0 0 0 0 0 0 0 0 1 1 0 0 0 0 0 0 1 1 0 0 0 0 1 1 1 0 0  |
 ├────────────────────┼──────────────────────────────────────────────────────────────────┤
 | 0x0000000000009203 | 0 0 0 0 2 2 2 0 0 0 0 2 0 0 0 0 0 0 0 0 0 0 0 0 0 0 0 0 0 0 0 0  |
 ├────────────────────┼──────────────────────────────────────────────────────────────────┤
 | 0x0000000000000584 | 0 0 0 0 0 0 0 0 0 0 1 1 0 0 1 1 1 1 0 0 0 2 1 1 0 0 0 1 1 0 0 0  |
 ├────────────────────┼──────────────────────────────────────────────────────────────────┤
 | 0x000000000000921c | 0 0 0 0 0 0 0 0 0 0 0 0 0 0 1 1 1 1 0 0 2 2 1 1 0 0 2 1 1 0 0 2  |
 ├────────────────────┼──────────────────────────────────────────────────────────────────┤
 | 0x000000000000696f | 0 0 0 0 0 0 0 0 0 0 0 0 0 0 0 2 2 0 2 2 2 2 2 0 0 2 2 2 2 0 0 0  |
 ├────────────────────┼──────────────────────────────────────────────────────────────────┤
 | 0x00000000000091dc | 2 2 0 0 0 2 0 0 0 0 0 0 0 0 0 0 0 0 0 0 0 0 0 0 0 0 0 0 0 0 0 0  |
 └────────────────────┴──────────────────────────────────────────────────────────────────┘
Prefetch buffer end
Filter by PPT: 0
Prefetch Request to L1: 2444158, Prefetch Request to L2: 7066189
Invalid by Eviction: 134744
Invalid by Max: 46241
Filter table begin
 ┌────────────────────┬─────────────┐
 | Region             | Offset      |
 ├────────────────────┼─────────────┤
 | 0x000000000000665f | 0           |
 ├────────────────────┼─────────────┤
 | 0x00000000000072e1 | 0           |
 ├────────────────────┼─────────────┤
 | 0x0000000000007fe3 | 31          |
 ├────────────────────┼─────────────┤
 | 0x0000000000008474 | 31          |
 ├────────────────────┼─────────────┤
 | 0x0000000000008f2f | 0           |
 ├────────────────────┼─────────────┤
 | 0x0000000000005a3e | 0           |
 ├────────────────────┼─────────────┤
 | 0x0000000000007577 | 31          |
 ├────────────────────┼─────────────┤
 | 0x00000000000081f1 | 0           |
 ├────────────────────┼─────────────┤
 | 0x0000000000000c1f | 31          |
 ├────────────────────┼─────────────┤
 | 0x0000000000005cb5 | 0           |
 ├────────────────────┼─────────────┤
 | 0x0000000000006ef6 | 31          |
 ├────────────────────┼─────────────┤
 | 0x000000000000750a | 0           |
 ├────────────────────┼─────────────┤
 | 0x0000000000004b30 | 31          |
 ├────────────────────┼─────────────┤
 | 0x0000000000006837 | 31          |
 ├────────────────────┼─────────────┤
 | 0x0000000000005eae | 0           |
 ├────────────────────┼─────────────┤
 | 0x0000000000008211 | 0           |
 ├────────────────────┼─────────────┤
 | 0x000000000000885c | 31          |
 ├────────────────────┼─────────────┤
 | 0x0000000000008dca | 0           |
 ├────────────────────┼─────────────┤
 | 0x00000000000082dc | 0           |
 ├────────────────────┼─────────────┤
 | 0x00000000000015ed | 31          |
 ├────────────────────┼─────────────┤
 | 0x0000000000006756 | 31          |
 ├────────────────────┼─────────────┤
 | 0x0000000000006e17 | 0           |
 ├────────────────────┼─────────────┤
 | 0x0000000000008848 | 7           |
 ├────────────────────┼─────────────┤
 | 0x000000000000146a | 0           |
 ├────────────────────┼─────────────┤
 | 0x0000000000005857 | 31          |
 ├────────────────────┼─────────────┤
 | 0x00000000000058dc | 0           |
 ├────────────────────┼─────────────┤
 | 0x0000000000000297 | 1           |
 ├────────────────────┼─────────────┤
 | 0x0000000000000fd4 | 0           |
 ├────────────────────┼─────────────┤
 | 0x00000000000084a3 | 0           |
 ├────────────────────┼─────────────┤
 | 0x00000000000082a9 | 31          |
 ├────────────────────┼─────────────┤
 | 0x00000000000003c8 | 0           |
 ├────────────────────┼─────────────┤
 | 0x0000000000004ae1 | 31          |
 └────────────────────┴─────────────┘
Filter table end
Accumulation table begin
 ┌────────────────────┬─────────────┬─────────────┬──────────────────────────────────────────────────────────────────┐
 | Region             | Offset      | Second      | Pattern                                                          |
 ├────────────────────┼─────────────┼─────────────┼──────────────────────────────────────────────────────────────────┤
 | 0x00000000000012d2 | 30          | 31          | 1 1 0 1 1 0 1 1 0 1 1 0 1 1 0 1 1 0 1 1 0 1 1 0 1 1 0 1 1 0 1 1  |
 ├────────────────────┼─────────────┼─────────────┼──────────────────────────────────────────────────────────────────┤
 | 0x00000000000012c6 | 29          | 30          | 1 0 1 1 0 1 1 0 1 1 0 1 1 0 1 1 0 1 1 0 1 1 0 1 1 0 1 1 0 1 1 0  |
 ├────────────────────┼─────────────┼─────────────┼──────────────────────────────────────────────────────────────────┤
 | 0x00000000000012ac | 31          | 30          | 1 0 1 1 1 1 1 1 1 1 1 1 1 1 0 1 1 1 1 1 1 1 1 1 1 1 1 0 1 1 1 1  |
 ├────────────────────┼─────────────┼─────────────┼──────────────────────────────────────────────────────────────────┤
 | 0x00000000000012dd | 30          | 29          | 1 0 1 1 0 1 1 0 1 1 0 1 1 0 1 1 0 1 1 0 1 1 0 1 1 0 1 1 0 1 1 0  |
 ├────────────────────┼─────────────┼─────────────┼──────────────────────────────────────────────────────────────────┤
 | 0x000000000000135b | 31          | 28          | 0 1 1 0 1 1 0 1 1 0 1 1 0 1 1 0 1 1 0 1 1 0 1 1 0 1 1 0 1 1 0 1  |
 ├────────────────────┼─────────────┼─────────────┼──────────────────────────────────────────────────────────────────┤
 | 0x0000000000001332 | 31          | 28          | 0 1 1 0 1 1 0 1 1 0 1 1 0 1 1 0 1 1 0 1 1 0 1 1 0 1 1 0 1 1 0 1  |
 ├────────────────────┼─────────────┼─────────────┼──────────────────────────────────────────────────────────────────┤
 | 0x000000000000132c | 31          | 30          | 1 1 1 1 1 1 1 1 1 1 1 0 1 1 1 1 1 1 1 1 1 1 1 1 0 1 1 1 1 1 1 1  |
 ├────────────────────┼─────────────┼─────────────┼──────────────────────────────────────────────────────────────────┤
 | 0x00000000000012d8 | 30          | 31          | 0 1 1 1 1 1 1 1 1 1 1 1 1 0 1 1 1 1 1 1 1 1 1 1 1 1 0 1 1 1 1 1  |
 ├────────────────────┼─────────────┼─────────────┼──────────────────────────────────────────────────────────────────┤
 | 0x0000000000001346 | 30          | 29          | 1 0 1 1 0 1 1 0 1 1 0 1 1 0 1 1 0 1 1 0 1 1 0 1 1 0 1 1 0 1 1 0  |
 ├────────────────────┼─────────────┼─────────────┼──────────────────────────────────────────────────────────────────┤
 | 0x0000000000001357 | 31          | 29          | 1 1 1 1 0 1 1 1 1 1 1 1 1 1 1 1 1 0 1 1 1 1 1 1 1 1 1 1 1 1 0 1  |
 ├────────────────────┼─────────────┼─────────────┼──────────────────────────────────────────────────────────────────┤
 | 0x00000000000012eb | 31          | 30          | 1 1 1 1 1 1 0 1 1 1 1 1 1 1 1 1 1 1 1 0 1 1 1 1 1 1 1 1 1 1 1 1  |
 ├────────────────────┼─────────────┼─────────────┼──────────────────────────────────────────────────────────────────┤
 | 0x0000000000001368 | 26          | 22          | 0 0 0 0 0 0 0 0 0 0 0 0 0 0 1 0 1 1 0 1 1 0 1 1 0 0 1 0 0 0 0 1  |
 ├────────────────────┼─────────────┼─────────────┼──────────────────────────────────────────────────────────────────┤
 | 0x000000000000129a | 31          | 28          | 0 1 1 0 1 1 0 1 1 0 1 1 0 1 1 0 1 1 0 1 1 0 1 1 0 1 1 0 1 1 0 1  |
 ├────────────────────┼─────────────┼─────────────┼──────────────────────────────────────────────────────────────────┤
 | 0x00000000000012e8 | 29          | 30          | 1 0 1 1 0 1 1 0 1 1 0 1 1 0 1 1 0 1 1 0 1 1 0 1 1 0 1 1 0 1 1 0  |
 ├────────────────────┼─────────────┼─────────────┼──────────────────────────────────────────────────────────────────┤
 | 0x0000000000001308 | 31          | 27          | 1 1 0 1 1 0 1 1 0 1 1 0 1 1 0 1 1 0 1 1 0 1 1 0 1 1 0 1 1 0 1 1  |
 ├────────────────────┼─────────────┼─────────────┼──────────────────────────────────────────────────────────────────┤
 | 0x000000000000132d | 29          | 30          | 1 1 1 1 1 0 1 1 1 1 1 1 1 1 1 1 1 1 0 1 1 1 1 1 1 1 1 1 1 1 1 0  |
 ├────────────────────┼─────────────┼─────────────┼──────────────────────────────────────────────────────────────────┤
 | 0x00000000000012ea | 21          | 20          | 1 1 1 1 1 1 1 1 1 1 1 1 0 1 1 1 1 1 1 1 1 1 1 1 1 0 1 1 1 1 1 1  |
 ├────────────────────┼─────────────┼─────────────┼──────────────────────────────────────────────────────────────────┤
 | 0x0000000000001369 | 29          | 30          | 0 0 0 0 0 0 0 0 0 0 0 0 0 0 0 0 0 0 0 0 1 1 0 1 1 0 1 1 0 1 1 0  |
 ├────────────────────┼─────────────┼─────────────┼──────────────────────────────────────────────────────────────────┤
 | 0x00000000000012c7 | 19          | 15          | 1 1 0 1 1 0 1 1 0 1 1 0 1 1 0 1 1 0 1 1 0 1 1 0 1 1 0 1 1 0 1 1  |
 ├────────────────────┼─────────────┼─────────────┼──────────────────────────────────────────────────────────────────┤
 | 0x0000000000001371 | 30          | 31          | 0 0 0 0 0 0 0 0 0 0 0 0 0 0 0 0 0 0 0 0 0 0 0 0 1 1 1 1 1 0 1 1  |
 ├────────────────────┼─────────────┼─────────────┼──────────────────────────────────────────────────────────────────┤
 | 0x00000000000012e9 | 30          | 21          | 1 1 0 1 1 0 1 1 0 1 1 0 1 1 0 1 1 0 1 1 0 1 1 0 1 1 0 1 1 0 1 1  |
 ├────────────────────┼─────────────┼─────────────┼──────────────────────────────────────────────────────────────────┤
 | 0x00000000000012d9 | 31          | 29          | 1 1 1 1 1 1 1 0 1 1 1 1 1 1 1 1 1 1 1 1 0 1 1 1 1 1 1 1 1 1 1 1  |
 ├────────────────────┼─────────────┼─────────────┼──────────────────────────────────────────────────────────────────┤
 | 0x0000000000001309 | 14          | 8           | 0 1 1 0 1 1 0 1 1 0 1 1 0 1 1 0 1 1 0 1 1 0 1 1 0 1 1 0 1 1 0 1  |
 ├────────────────────┼─────────────┼─────────────┼──────────────────────────────────────────────────────────────────┤
 | 0x0000000000001333 | 27          | 23          | 1 0 1 1 0 1 1 0 1 1 0 1 1 0 1 1 0 1 1 0 1 1 0 1 1 0 1 1 0 1 1 0  |
 ├────────────────────┼─────────────┼─────────────┼──────────────────────────────────────────────────────────────────┤
 | 0x000000000000135a | 30          | 31          | 1 1 0 1 1 0 1 1 0 1 1 0 1 1 0 1 1 0 1 1 0 1 1 0 1 1 0 1 1 0 1 1  |
 ├────────────────────┼─────────────┼─────────────┼──────────────────────────────────────────────────────────────────┤
 | 0x00000000000012d3 | 29          | 25          | 0 1 1 0 1 1 0 1 1 0 1 1 0 1 1 0 1 1 0 1 1 0 1 1 0 1 1 0 1 1 0 1  |
 ├────────────────────┼─────────────┼─────────────┼──────────────────────────────────────────────────────────────────┤
 | 0x00000000000012dc | 31          | 28          | 0 1 1 0 1 1 0 1 1 0 1 1 0 1 1 0 1 1 0 1 1 0 1 1 0 1 1 0 1 1 0 1  |
 ├────────────────────┼─────────────┼─────────────┼──────────────────────────────────────────────────────────────────┤
 | 0x0000000000001347 | 30          | 31          | 1 1 0 1 1 0 1 1 0 1 1 0 1 1 0 1 1 0 1 1 0 1 1 0 1 1 0 1 1 0 1 1  |
 ├────────────────────┼─────────────┼─────────────┼──────────────────────────────────────────────────────────────────┤
 | 0x0000000000001356 | 31          | 30          | 0 0 0 1 1 0 0 0 0 0 0 0 0 0 1 1 1 1 1 1 1 1 1 0 1 1 1 1 1 1 1 1  |
 └────────────────────┴─────────────┴─────────────┴──────────────────────────────────────────────────────────────────┘
Accumulation table end
Offset pattern table begin
 ┌────────────────────┬─────────────┬──────────────────────────────────────────────────────────────────────────────────────────────────┐
 | Key                | Second      | Pattern                                                                                          |
 ├────────────────────┼─────────────┼──────────────────────────────────────────────────────────────────────────────────────────────────┤
 | 0x0000000000000000 | 5           | 22 21 21 6 6 10 10 9 9 9 9 4 4 7 7 10 10 7 7 0 1 3 3 5 5 5 5 2 2 3 3 3                           |
 ├────────────────────┼─────────────┼──────────────────────────────────────────────────────────────────────────────────────────────────┤
 | 0x0000000000000001 | 2           | 26 22 2 5 2 2 4 3 2 4 3 2 3 3 2 4 3 1 4 3 1 4 2 1 4 2 2 4 3 2 3 13                               |
 ├────────────────────┼─────────────┼──────────────────────────────────────────────────────────────────────────────────────────────────┤
 | 0x0000000000000002 | 1           | 30 0 0 0 0 0 0 1 1 0 0 1 1 6 6 1 1 0 0 0 0 0 0 0 0 0 0 0 0 0 11 29                               |
 ├────────────────────┼─────────────┼──────────────────────────────────────────────────────────────────────────────────────────────────┤
 | 0x0000000000000003 | 2           | 29 24 6 12 6 2 8 5 2 8 5 2 8 5 2 8 5 2 8 5 2 8 5 2 8 5 2 8 5 8 6 15                              |
 ├────────────────────┼─────────────┼──────────────────────────────────────────────────────────────────────────────────────────────────┤
 | 0x0000000000000004 | 3           | 20 0 0 0 0 0 0 0 0 0 0 0 0 0 0 0 0 0 0 0 0 0 0 0 0 0 0 0 0 0 8 19                                |
 ├────────────────────┼─────────────┼──────────────────────────────────────────────────────────────────────────────────────────────────┤
 | 0x0000000000000005 | 6           | 29 27 4 20 19 3 20 18 2 20 19 3 20 19 3 20 18 2 19 17 1 19 18 2 19 18 2 19 3 22 21 7             |
 ├────────────────────┼─────────────┼──────────────────────────────────────────────────────────────────────────────────────────────────┤
 | 0x0000000000000006 | 5           | 16 5 6 3 2 3 3 1 2 2 1 1 1 0 1 1 0 1 1 0 1 1 0 1 1 0 1 0 1 2 6 15                                |
 ├────────────────────┼─────────────┼──────────────────────────────────────────────────────────────────────────────────────────────────┤
 | 0x0000000000000007 | 6           | 21 15 6 13 9 5 11 8 4 12 8 4 12 8 3 12 7 3 11 7 3 11 7 3 11 4 13 8 5 13 9 7                      |
 ├────────────────────┼─────────────┼──────────────────────────────────────────────────────────────────────────────────────────────────┤
 | 0x0000000000000008 | 7           | 27 14 12 6 6 2 3 3 2 3 3 0 1 1 0 1 1 0 1 1 0 1 1 0 2 0 2 2 1 3 10 25                             |
 ├────────────────────┼─────────────┼──────────────────────────────────────────────────────────────────────────────────────────────────┤
 | 0x0000000000000009 | 10          | 23 19 5 14 9 4 12 9 3 12 8 3 12 8 3 12 8 3 12 8 3 12 8 13 9 3 13 9 4 13 10 7                     |
 ├────────────────────┼─────────────┼──────────────────────────────────────────────────────────────────────────────────────────────────┤
 | 0x000000000000000a | 9           | 24 3 2 4 3 1 4 4 2 3 2 1 3 2 1 3 2 1 3 2 1 3 1 3 2 1 3 2 1 3 5 21                                |
 ├────────────────────┼─────────────┼──────────────────────────────────────────────────────────────────────────────────────────────────┤
 | 0x000000000000000b | 10          | 22 18 4 14 12 3 14 12 3 14 12 3 13 12 2 13 10 2 12 11 2 14 3 14 14 3 16 14 4 15 14 8             |
 ├────────────────────┼─────────────┼──────────────────────────────────────────────────────────────────────────────────────────────────┤
 | 0x000000000000000c | 11          | 27 7 3 8 6 2 8 6 2 8 6 2 8 6 2 8 6 2 8 6 8 6 2 8 6 2 8 6 2 8 22 20                               |
 ├────────────────────┼─────────────┼──────────────────────────────────────────────────────────────────────────────────────────────────┤
 | 0x000000000000000d | 12          | 17 11 5 13 8 5 12 7 5 12 7 5 12 7 5 12 7 5 12 5 13 7 5 13 7 6 13 7 6 13 8 7                      |
 ├────────────────────┼─────────────┼──────────────────────────────────────────────────────────────────────────────────────────────────┤
 | 0x000000000000000e | 13          | 31 4 2 4 3 1 4 3 1 4 3 1 4 3 1 4 3 1 3 1 4 3 1 4 3 1 4 3 1 4 4 27                                |
 ├────────────────────┼─────────────┼──────────────────────────────────────────────────────────────────────────────────────────────────┤
 | 0x000000000000000f | 14          | 17 12 5 13 8 5 12 8 5 13 8 5 13 8 5 12 8 12 8 5 13 8 5 12 8 4 12 8 5 13 8 7                      |
 ├────────────────────┼─────────────┼──────────────────────────────────────────────────────────────────────────────────────────────────┤
 | 0x0000000000000010 | 15          | 29 4 0 4 4 0 4 4 0 4 4 0 4 4 0 4 1 5 5 0 4 4 0 4 4 0 4 4 0 4 17 24                               |
 ├────────────────────┼─────────────┼──────────────────────────────────────────────────────────────────────────────────────────────────┤
 | 0x0000000000000011 | 16          | 29 19 10 25 15 9 24 15 9 24 15 9 24 15 9 15 9 25 16 9 24 16 9 24 15 9 25 16 9 24 17 12           |
 ├────────────────────┼─────────────┼──────────────────────────────────────────────────────────────────────────────────────────────────┤
 | 0x0000000000000012 | 17          | 17 3 2 5 3 1 4 3 1 4 3 1 4 3 4 3 1 4 3 1 4 3 1 4 3 1 4 3 1 5 8 13                                |
 ├────────────────────┼─────────────┼──────────────────────────────────────────────────────────────────────────────────────────────────┤
 | 0x0000000000000013 | 20          | 25 22 8 17 15 8 17 16 7 16 15 6 17 7 16 13 6 16 15 7 16 14 6 16 15 7 16 15 6 16 14 11            |
 ├────────────────────┼─────────────┼──────────────────────────────────────────────────────────────────────────────────────────────────┤
 | 0x0000000000000014 | 22          | 18 12 6 7 6 6 12 6 1 7 6 1 6 1 7 6 1 7 6 1 7 6 1 7 6 1 7 6 1 7 7 6                               |
 ├────────────────────┼─────────────┼──────────────────────────────────────────────────────────────────────────────────────────────────┤
 | 0x0000000000000015 | 22          | 26 20 10 18 15 12 18 12 10 17 12 18 12 9 18 11 9 18 10 9 18 12 9 18 12 9 18 13 8 19 13 14        |
 ├────────────────────┼─────────────┼──────────────────────────────────────────────────────────────────────────────────────────────────┤
 | 0x0000000000000016 | 21          | 24 8 6 12 9 7 12 8 7 12 7 12 8 6 12 8 6 12 7 7 11 7 7 12 8 7 11 8 7 12 17 17                     |
 ├────────────────────┼─────────────┼──────────────────────────────────────────────────────────────────────────────────────────────────┤
 | 0x0000000000000017 | 24          | 25 19 12 23 14 12 23 18 12 18 9 23 18 13 23 17 12 23 17 13 23 18 13 20 18 13 23 18 12 22 19 12   |
 ├────────────────────┼─────────────┼──────────────────────────────────────────────────────────────────────────────────────────────────┤
 | 0x0000000000000018 | 23          | 24 9 6 10 8 6 10 7 9 9 6 11 9 5 11 7 6 11 8 6 10 8 6 11 9 6 10 9 5 11 19 18                      |
 ├────────────────────┼─────────────┼──────────────────────────────────────────────────────────────────────────────────────────────────┤
 | 0x0000000000000019 | 24          | 31 23 16 30 21 14 30 15 29 23 14 27 23 16 29 23 17 29 22 17 28 23 17 27 20 17 29 23 16 30 23 15  |
 ├────────────────────┼─────────────┼──────────────────────────────────────────────────────────────────────────────────────────────────┤
 | 0x000000000000001a | 25          | 28 21 9 23 20 8 21 8 23 20 7 23 19 8 23 20 7 23 20 8 23 21 8 22 20 7 24 21 8 23 22 11            |
 ├────────────────────┼─────────────┼──────────────────────────────────────────────────────────────────────────────────────────────────┤
 | 0x000000000000001b | 26          | 28 17 17 27 18 26 19 15 26 19 17 27 19 16 26 19 17 26 18 18 24 19 18 25 19 18 24 19 18 26 18 18  |
 ├────────────────────┼─────────────┼──────────────────────────────────────────────────────────────────────────────────────────────────┤
 | 0x000000000000001c | 27          | 17 11 6 14 6 14 11 5 14 11 6 14 11 6 14 10 6 14 10 6 14 11 6 14 11 5 14 11 5 14 13 7             |
 ├────────────────────┼─────────────┼──────────────────────────────────────────────────────────────────────────────────────────────────┤
 | 0x000000000000001d | 30          | 29 27 3 28 3 27 28 2 28 28 3 28 28 2 28 28 3 28 27 3 27 28 3 28 28 3 28 28 2 28 28 2             |
 ├────────────────────┼─────────────┼──────────────────────────────────────────────────────────────────────────────────────────────────┤
 | 0x000000000000001e | 31          | 19 15 17 16 9 17 16 7 18 16 7 18 16 9 18 14 9 18 14 9 17 16 9 17 16 9 18 16 7 18 16 7            |
 ├────────────────────┼─────────────┼──────────────────────────────────────────────────────────────────────────────────────────────────┤
 | 0x000000000000001f | 27          | 27 14 26 24 14 26 26 12 25 25 12 25 24 12 26 25 12 26 25 14 25 24 14 25 24 13 25 26 13 25 26 14  |
 └────────────────────┴─────────────┴──────────────────────────────────────────────────────────────────────────────────────────────────┘
Offset pattern table end
PC pattern table begin
 ┌────────────────────┬─────────────┬──────────────────────────────────────────────────┐
 | Key                | Second      | Pattern                                          |
 ├────────────────────┼─────────────┼──────────────────────────────────────────────────┤
 | 0x0000000000000000 | 15          | 30 0 0 0 0 0 0 0 0 0 0 0 0 0 0 30                |
 ├────────────────────┼─────────────┼──────────────────────────────────────────────────┤
 | 0x0000000000000003 | 29          | 18 17 17 17 17 17 17 17 17 17 17 17 17 17 17 17  |
 ├────────────────────┼─────────────┼──────────────────────────────────────────────────┤
 | 0x0000000000000008 | 3           | 23 23 11 0 0 0 0 0 0 0 0 0 0 0 0 0               |
 ├────────────────────┼─────────────┼──────────────────────────────────────────────────┤
 | 0x000000000000000b | 10          | 16 15 3 2 0 0 0 0 0 0 0 0 0 0 0 1                |
 ├────────────────────┼─────────────┼──────────────────────────────────────────────────┤
 | 0x000000000000000f | 0           | 30 28 24 22 0 0 0 0 0 0 0 0 0 0 0 4              |
 ├────────────────────┼─────────────┼──────────────────────────────────────────────────┤
 | 0x0000000000000010 | 24          | 18 17 0 0 0 0 0 7 7 0 0 0 0 0 0 0                |
 ├────────────────────┼─────────────┼──────────────────────────────────────────────────┤
 | 0x0000000000000011 | 7           | 16 0 0 0 0 0 0 0 0 0 0 0 0 0 0 15                |
 ├────────────────────┼─────────────┼──────────────────────────────────────────────────┤
 | 0x0000000000000012 | 11          | 18 16 16 16 16 17 17 17 17 17 17 17 17 17 17 17  |
 ├────────────────────┼─────────────┼──────────────────────────────────────────────────┤
 | 0x0000000000000014 | 15          | 6 0 0 0 0 0 0 0 0 0 0 0 0 0 0 6                  |
 ├────────────────────┼─────────────┼──────────────────────────────────────────────────┤
 | 0x0000000000000017 | 30          | 22 21 21 21 21 21 21 21 21 21 21 21 21 21 21 21  |
 ├────────────────────┼─────────────┼──────────────────────────────────────────────────┤
 | 0x0000000000000019 | 2           | 31 21 4 2 2 1 1 1 2 2 0 0 2 2 2 15               |
 ├────────────────────┼─────────────┼──────────────────────────────────────────────────┤
 | 0x000000000000001b | 2           | 24 23 23 23 23 23 23 23 23 23 23 23 23 23 23 23  |
 ├────────────────────┼─────────────┼──────────────────────────────────────────────────┤
 | 0x000000000000001c | 27          | 24 0 0 0 0 0 0 0 0 0 0 2 1 0 3 5                 |
 ├────────────────────┼─────────────┼──────────────────────────────────────────────────┤
 | 0x000000000000001e | 9           | 25 13 4 5 7 8 9 11 13 14 16 17 19 20 22 24       |
 ├────────────────────┼─────────────┼──────────────────────────────────────────────────┤
 | 0x000000000000001f | 30          | 19 18 18 18 18 18 18 18 18 18 18 18 18 18 18 19  |
 └────────────────────┴─────────────┴──────────────────────────────────────────────────┘
PC pattern table end
Prefetch buffer begin
 ┌────────────────────┬──────────────────────────────────────────────────────────────────┐
 | Region             | Pattern                                                          |
 ├────────────────────┼──────────────────────────────────────────────────────────────────┤
 | 0x0000000000001346 | 0 1 0 0 1 0 0 1 0 0 1 0 0 1 0 0 1 0 0 1 0 0 1 0 0 1 0 0 1 0 0 1  |
 ├────────────────────┼──────────────────────────────────────────────────────────────────┤
 | 0x000000000000123a | 1 0 0 1 0 0 2 0 0 2 0 0 2 0 0 2 0 0 1 0 0 1 0 0 1 0 0 2 0 0 1 0  |
 ├────────────────────┼──────────────────────────────────────────────────────────────────┤
 | 0x00000000000012ac | 0 1 0 0 0 0 0 0 0 0 0 0 0 0 1 0 0 0 0 0 0 0 0 0 0 0 0 1 0 0 0 0  |
 ├────────────────────┼──────────────────────────────────────────────────────────────────┤
 | 0x00000000000011e1 | 0 0 0 0 0 0 0 0 0 0 0 1 0 0 0 0 0 0 0 0 0 0 0 0 0 0 0 0 0 0 0 0  |
 ├────────────────────┼──────────────────────────────────────────────────────────────────┤
 | 0x000000000000129a | 1 0 0 1 0 0 2 0 0 2 0 0 2 0 0 2 0 0 1 0 0 1 0 0 2 0 0 2 0 0 2 0  |
 ├────────────────────┼──────────────────────────────────────────────────────────────────┤
 | 0x0000000000001357 | 0 0 0 0 1 0 0 0 0 0 0 0 0 0 0 0 0 1 0 0 0 0 0 0 0 0 0 0 0 0 1 0  |
 ├────────────────────┼──────────────────────────────────────────────────────────────────┤
 | 0x0000000000001308 | 0 0 1 0 0 1 0 0 1 0 0 1 0 0 1 0 0 1 0 0 1 0 0 1 0 0 1 0 0 1 0 0  |
 ├────────────────────┼──────────────────────────────────────────────────────────────────┤
 | 0x000000000000125c | 0 1 0 0 1 0 0 1 0 0 1 0 0 1 0 0 1 0 0 1 0 0 1 0 0 1 0 0 1 0 0 1  |
 ├────────────────────┼──────────────────────────────────────────────────────────────────┤
 | 0x00000000000002ed | 2 0 2 2 0 2 2 0 2 2 0 2 2 0 2 0 0 0 0 0 0 0 0 0 0 0 0 2 0 2 2 0  |
 ├────────────────────┼──────────────────────────────────────────────────────────────────┤
 | 0x00000000000012ad | 0 0 0 0 0 0 0 0 0 0 0 0 0 0 0 0 0 0 0 0 0 1 0 0 0 0 0 0 0 0 0 0  |
 ├────────────────────┼──────────────────────────────────────────────────────────────────┤
 | 0x0000000000001347 | 0 0 2 0 0 2 0 0 2 0 0 2 0 0 2 0 0 2 0 0 2 0 0 2 0 0 2 0 0 2 0 0  |
 ├────────────────────┼──────────────────────────────────────────────────────────────────┤
 | 0x0000000000001356 | 1 1 1 0 0 1 2 1 1 2 1 1 2 1 0 0 0 0 0 0 0 0 0 1 0 0 0 0 0 0 0 0  |
 ├────────────────────┼──────────────────────────────────────────────────────────────────┤
 | 0x000000000000129b | 0 0 0 0 0 0 0 0 0 0 0 0 0 1 0 0 0 0 0 0 0 0 0 0 0 0 0 0 0 0 0 0  |
 ├────────────────────┼──────────────────────────────────────────────────────────────────┤
 | 0x0000000000001371 | 1 1 2 1 1 2 1 1 2 1 1 2 1 1 2 1 1 2 1 1 2 1 1 2 0 0 0 0 0 2 0 0  |
 ├────────────────────┼──────────────────────────────────────────────────────────────────┤
 | 0x000000000000125d | 0 0 2 0 0 2 0 0 2 0 0 2 0 0 2 0 0 2 0 0 2 0 0 1 0 0 2 0 0 2 0 0  |
 ├────────────────────┼──────────────────────────────────────────────────────────────────┤
 | 0x00000000000012e9 | 0 0 2 0 0 2 0 0 2 0 0 2 0 0 2 0 0 2 0 0 2 0 0 2 0 0 2 0 0 2 0 0  |
 ├────────────────────┼──────────────────────────────────────────────────────────────────┤
 | 0x000000000000135a | 0 0 1 0 0 2 0 0 2 0 0 1 0 0 1 0 0 1 0 0 1 0 0 1 0 0 2 0 0 2 0 0  |
 ├────────────────────┼──────────────────────────────────────────────────────────────────┤
 | 0x00000000000012d9 | 0 0 0 0 0 0 0 1 0 0 0 0 0 0 0 0 0 0 0 0 1 0 0 0 0 0 0 0 0 0 0 0  |
 ├────────────────────┼──────────────────────────────────────────────────────────────────┤
 | 0x000000000000132d | 0 0 0 0 0 1 0 0 0 0 0 0 0 0 0 0 0 0 1 0 0 0 0 0 0 0 0 0 0 0 0 0  |
 ├────────────────────┼──────────────────────────────────────────────────────────────────┤
 | 0x00000000000012dc | 1 0 0 1 0 0 2 0 0 1 0 0 2 0 0 1 0 0 1 0 0 1 0 0 1 0 0 1 0 0 1 0  |
 ├────────────────────┼──────────────────────────────────────────────────────────────────┤
 | 0x00000000000012ea | 0 0 0 0 0 0 0 0 0 0 0 0 1 0 0 0 0 0 0 0 0 0 0 0 0 1 0 0 0 0 0 0  |
 ├────────────────────┼──────────────────────────────────────────────────────────────────┤
 | 0x0000000000001333 | 0 1 0 0 1 0 0 1 0 0 1 0 0 1 0 0 1 0 0 1 0 0 1 0 0 1 0 0 1 0 0 1  |
 ├────────────────────┼──────────────────────────────────────────────────────────────────┤
 | 0x0000000000001369 | 1 0 1 1 0 1 1 0 1 1 0 1 1 0 1 1 0 1 1 0 0 0 0 0 0 0 0 0 0 0 0 0  |
 ├────────────────────┼──────────────────────────────────────────────────────────────────┤
 | 0x00000000000012d3 | 1 0 0 1 0 0 1 0 0 1 0 0 1 0 0 1 0 0 1 0 0 1 0 0 1 0 0 1 0 0 1 0  |
 ├────────────────────┼──────────────────────────────────────────────────────────────────┤
 | 0x000000000000132c | 0 0 0 0 0 0 0 0 0 0 0 1 0 0 0 0 0 0 0 0 0 0 0 0 1 0 0 0 0 0 0 0  |
 ├────────────────────┼──────────────────────────────────────────────────────────────────┤
 | 0x00000000000012d8 | 1 0 0 0 0 0 0 0 0 0 0 0 0 1 0 0 0 0 0 0 0 0 0 0 0 0 2 0 0 0 0 0  |
 ├────────────────────┼──────────────────────────────────────────────────────────────────┤
 | 0x0000000000008848 | 2 1 2 2 1 0 0 0 0 0 0 2 2 1 2 2 1 2 2 1 2 0 1 2 0 1 2 0 1 2 0 1  |
 ├────────────────────┼──────────────────────────────────────────────────────────────────┤
 | 0x00000000000012dd | 0 1 0 0 1 0 0 1 0 0 1 0 0 0 0 0 1 0 0 1 0 0 1 0 0 1 0 0 1 0 0 1  |
 ├────────────────────┼──────────────────────────────────────────────────────────────────┤
 | 0x000000000000135b | 0 0 0 0 0 0 0 0 0 0 0 0 2 0 0 2 0 0 1 0 0 1 0 0 2 0 0 2 0 0 1 0  |
 ├────────────────────┼──────────────────────────────────────────────────────────────────┤
 | 0x0000000000001332 | 1 0 0 1 0 0 2 0 0 2 0 0 2 0 0 1 0 0 1 0 0 1 0 0 1 0 0 1 0 0 1 0  |
 ├────────────────────┼──────────────────────────────────────────────────────────────────┤
 | 0x0000000000001368 | 1 2 1 1 2 1 1 2 1 1 2 1 1 2 0 1 0 0 1 0 0 1 0 0 1 2 0 1 2 1 1 0  |
 ├────────────────────┼──────────────────────────────────────────────────────────────────┤
 | 0x00000000000012eb | 0 0 0 0 0 0 2 0 0 0 0 0 0 0 0 0 0 0 0 1 0 0 0 0 0 0 0 0 0 0 0 0  |
 └────────────────────┴──────────────────────────────────────────────────────────────────┘
Prefetch buffer end
Filter by PPT: 0
cpu3_L2C
Num Con Filled: 0
Num Con Useful: 0 Useless:0 Accuracy: -nan
cpu2_L2C
Num Con Filled: 0
Num Con Useful: 0 Useless:0 Accuracy: -nan
cpu1_L2C
Num Con Filled: 0
Num Con Useful: 0 Useless:0 Accuracy: -nan
cpu0_L2C
Num Con Filled: 0
Num Con Useful: 0 Useless:0 Accuracy: -nan
LLC
