nohup: ignoring input
41 41 41
Available num physical pages: 35184372088576
WARNING: physical memory size is smaller than virtual memory size

*** ChampSim Multicore Out-of-Order Simulator ***

Warmup Instructions: 20000000
Simulation Instructions: 25000000
Number of CPUs: 4
Page size: 4096

Basic BTB sets: 1024 ways: 8 indirect buffer size: 4096 RAS size: 64
Basic BTB sets: 1024 ways: 8 indirect buffer size: 4096 RAS size: 64
Basic BTB sets: 1024 ways: 8 indirect buffer size: 4096 RAS size: 64
Basic BTB sets: 1024 ways: 8 indirect buffer size: 4096 RAS size: 64
cpu0_L1D PMP prefetcher
cpu1_L1D PMP prefetcher
cpu2_L1D PMP prefetcher
cpu3_L1D PMP prefetcher
Off-chip DRAM Size: 8 GiB Channels: 1 Width: 64-bit Data Rate: 3200 MT/s
Heartbeat CPU 3 instructions: 10000003 cycles: 2663065 heartbeat IPC: 3.75508 cumulative IPC: 3.75508 (Simulation time: 0 hr 1 min 23 sec) 
Heartbeat CPU 1 instructions: 10000003 cycles: 2668612 heartbeat IPC: 3.74727 cumulative IPC: 3.74727 (Simulation time: 0 hr 1 min 23 sec) 
Heartbeat CPU 0 instructions: 10000000 cycles: 2669725 heartbeat IPC: 3.74571 cumulative IPC: 3.74571 (Simulation time: 0 hr 1 min 23 sec) 
Heartbeat CPU 2 instructions: 10000000 cycles: 2676234 heartbeat IPC: 3.7366 cumulative IPC: 3.7366 (Simulation time: 0 hr 1 min 24 sec) 
Heartbeat CPU 3 instructions: 20000002 cycles: 8096837 heartbeat IPC: 1.84035 cumulative IPC: 2.47011 (Simulation time: 0 hr 4 min 0 sec) 
Max paddr 45M
Warmup finished CPU 3 instructions: 20000002 cycles: 8096838 cumulative IPC: 2.47011 (Simulation time: 0 hr 4 min 0 sec) 
Heartbeat CPU 2 instructions: 20000000 cycles: 8305572 heartbeat IPC: 1.77641 cumulative IPC: 2.40803 (Simulation time: 0 hr 4 min 6 sec) 
Max paddr 45M
Warmup finished CPU 2 instructions: 20000000 cycles: 8305573 cumulative IPC: 2.40803 (Simulation time: 0 hr 4 min 6 sec) 
Heartbeat CPU 1 instructions: 20000000 cycles: 8353326 heartbeat IPC: 1.75911 cumulative IPC: 2.39426 (Simulation time: 0 hr 4 min 7 sec) 
Max paddr 45M
Warmup finished CPU 1 instructions: 20000000 cycles: 8353327 cumulative IPC: 2.39426 (Simulation time: 0 hr 4 min 7 sec) 
Heartbeat CPU 0 instructions: 20000001 cycles: 8629046 heartbeat IPC: 1.67805 cumulative IPC: 2.31776 (Simulation time: 0 hr 4 min 15 sec) 
Max paddr 46M
Warmup finished CPU 0 instructions: 20000001 cycles: 8629047 cumulative IPC: 2.31776 (Simulation time: 0 hr 4 min 15 sec) 

Warmup complete CPU 0 instructions: 20000001 cycles: 8629047 (Simulation time: 0 hr 4 min 15 sec) 


Warmup complete CPU 1 instructions: 20727083 cycles: 8629047 (Simulation time: 0 hr 4 min 15 sec) 


Warmup complete CPU 2 instructions: 20757325 cycles: 8629047 (Simulation time: 0 hr 4 min 15 sec) 


Warmup complete CPU 3 instructions: 21086148 cycles: 8629047 (Simulation time: 0 hr 4 min 15 sec) 

Heartbeat CPU 3 instructions: 30000000 cycles: 79657035 heartbeat IPC: 0.139743 cumulative IPC: 0.125498 (Simulation time: 0 hr 21 min 23 sec) 
Heartbeat CPU 1 instructions: 30000000 cycles: 79920019 heartbeat IPC: 0.13973 cumulative IPC: 0.130072 (Simulation time: 0 hr 21 min 27 sec) 
Heartbeat CPU 2 instructions: 30000000 cycles: 80066339 heartbeat IPC: 0.139352 cumulative IPC: 0.129382 (Simulation time: 0 hr 21 min 29 sec) 
Heartbeat CPU 0 instructions: 30000000 cycles: 85663922 heartbeat IPC: 0.129812 cumulative IPC: 0.129812 (Simulation time: 0 hr 22 min 36 sec) 
Heartbeat CPU 3 instructions: 40000003 cycles: 102649228 heartbeat IPC: 0.434931 cumulative IPC: 0.201169 (Simulation time: 0 hr 26 min 26 sec) 
Heartbeat CPU 1 instructions: 40000003 cycles: 102671717 heartbeat IPC: 0.439528 cumulative IPC: 0.204939 (Simulation time: 0 hr 26 min 27 sec) 
Heartbeat CPU 2 instructions: 40000003 cycles: 102903081 heartbeat IPC: 0.437891 cumulative IPC: 0.204115 (Simulation time: 0 hr 26 min 30 sec) 
Heartbeat CPU 0 instructions: 40000003 cycles: 107589912 heartbeat IPC: 0.45608 cumulative IPC: 0.202101 (Simulation time: 0 hr 27 min 33 sec) 
Max paddr 70M
Simulation finished CPU 1 instructions: 25000003 cycles: 106236521 cumulative IPC: 0.235324 (Simulation time: 0 hr 29 min 10 sec) 
Max paddr 70M
Simulation finished CPU 2 instructions: 25000003 cycles: 106496495 cumulative IPC: 0.23475 (Simulation time: 0 hr 29 min 14 sec) 
Max paddr 70M
Simulation finished CPU 3 instructions: 25000001 cycles: 106768524 cumulative IPC: 0.234152 (Simulation time: 0 hr 29 min 17 sec) 
Max paddr 73M
Simulation finished CPU 0 instructions: 25000001 cycles: 110515003 cumulative IPC: 0.226214 (Simulation time: 0 hr 30 min 4 sec) 

Simulation complete CPU 0 instructions: 25000001 cycles: 110515003 (Simulation time: 0 hr 30 min 4 sec) 


Simulation complete CPU 1 instructions: 27900221 cycles: 110515003 (Simulation time: 0 hr 30 min 4 sec) 


Simulation complete CPU 2 instructions: 27753238 cycles: 110515003 (Simulation time: 0 hr 30 min 4 sec) 


Simulation complete CPU 3 instructions: 27427319 cycles: 110515003 (Simulation time: 0 hr 30 min 4 sec) 


ChampSim completed all CPUs

[
  {
    "name": "Simulation",
    "traces": [
      "../../traces/429.mcf-217B.champsimtrace.xz",
      "../../traces/429.mcf-217B.champsimtrace.xz",
      "../../traces/429.mcf-217B.champsimtrace.xz",
      "../../traces/429.mcf-217B.champsimtrace.xz"
    ],
    "roi": {
      "cores": [
        {
          "instructions": 25000001,
          "cycles": 110515003,
          "Avg ROB occupancy at mispredict": 78.2242, 
          "mispredict": {
            "BRANCH_DIRECT_JUMP": 0,
            "BRANCH_INDIRECT": 0,
            "BRANCH_CONDITIONAL": 64230,
            "BRANCH_DIRECT_CALL": 0,
            "BRANCH_INDIRECT_CALL": 0,
            "BRANCH_RETURN": 0
          }
        },
        {
          "instructions": 25000003,
          "cycles": 106236521,
          "Avg ROB occupancy at mispredict": 78.6791, 
          "mispredict": {
            "BRANCH_DIRECT_JUMP": 0,
            "BRANCH_INDIRECT": 0,
            "BRANCH_CONDITIONAL": 64460,
            "BRANCH_DIRECT_CALL": 0,
            "BRANCH_INDIRECT_CALL": 0,
            "BRANCH_RETURN": 0
          }
        },
        {
          "instructions": 25000003,
          "cycles": 106496495,
          "Avg ROB occupancy at mispredict": 78.588, 
          "mispredict": {
            "BRANCH_DIRECT_JUMP": 0,
            "BRANCH_INDIRECT": 0,
            "BRANCH_CONDITIONAL": 64453,
            "BRANCH_DIRECT_CALL": 0,
            "BRANCH_INDIRECT_CALL": 0,
            "BRANCH_RETURN": 0
          }
        },
        {
          "instructions": 25000001,
          "cycles": 106768524,
          "Avg ROB occupancy at mispredict": 78.7564, 
          "mispredict": {
            "BRANCH_DIRECT_JUMP": 0,
            "BRANCH_INDIRECT": 0,
            "BRANCH_CONDITIONAL": 64395,
            "BRANCH_DIRECT_CALL": 0,
            "BRANCH_INDIRECT_CALL": 0,
            "BRANCH_RETURN": 0
          }
        }
      ],
      "cpu3_L1I": {
        "LOAD": {
          "hit":0,
          "miss":0
        },
        "RFO": {
          "hit":0,
          "miss":0
        },
        "PREFETCH": {
          "hit":0,
          "miss":0
        },
        "WRITE": {
          "hit":0,
          "miss":0
        },
        "TRANSLATION": {
          "hit":0,
          "miss":0
        },
        "mshr full": 0,
        "prefetch requested": 0,
        "prefetch issued": 0,
        "prefetch filled": 0,
        "prefetch useful": 0,
        "prefetch useless": 0,
        "prefetch late": 0,
        "pf_useful_at_l2_from_l1":          0,
        "pf_late_at_l2_from_l1":          0,
        "pf_useless_at_l2_from_l1":          0,
        "pf_at_l2_to_l1":          0,
        "pf_fill_this_level":          0,
        "miss latency": null,
        "cache queues": {
          "PQ_ACCESS": 0,
          "PQ_FULL": 0,
          "PQ_TO_CACHE": 0,
          "PQ_MERGED": 0,
          "RQ_ACCESS": 0,
          "RQ_MERGED": 0,
          "RQ_FULL": 0,
          "WQ_ACCESS": 0,
          "WQ_MERGED": 0,
          "WQ_FULL": 0
        }
      },
      "cpu3_ITLB": {
        "LOAD": {
          "hit":0,
          "miss":0
        },
        "RFO": {
          "hit":0,
          "miss":0
        },
        "PREFETCH": {
          "hit":0,
          "miss":0
        },
        "WRITE": {
          "hit":0,
          "miss":0
        },
        "TRANSLATION": {
          "hit":0,
          "miss":0
        },
        "mshr full": 0,
        "prefetch requested": 0,
        "prefetch issued": 0,
        "prefetch filled": 0,
        "prefetch useful": 0,
        "prefetch useless": 0,
        "prefetch late": 0,
        "pf_useful_at_l2_from_l1":          0,
        "pf_late_at_l2_from_l1":          0,
        "pf_useless_at_l2_from_l1":          0,
        "pf_at_l2_to_l1":          0,
        "pf_fill_this_level":          0,
        "miss latency": null,
        "cache queues": {
          "PQ_ACCESS": 0,
          "PQ_FULL": 0,
          "PQ_TO_CACHE": 0,
          "PQ_MERGED": 0,
          "RQ_ACCESS": 0,
          "RQ_MERGED": 0,
          "RQ_FULL": 0,
          "WQ_ACCESS": 0,
          "WQ_MERGED": 0,
          "WQ_FULL": 0
        }
      },
      "cpu3_DTLB": {
        "LOAD": {
          "hit":11638966,
          "miss":143634
        },
        "RFO": {
          "hit":0,
          "miss":0
        },
        "PREFETCH": {
          "hit":0,
          "miss":0
        },
        "WRITE": {
          "hit":0,
          "miss":0
        },
        "TRANSLATION": {
          "hit":0,
          "miss":0
        },
        "mshr full": 0,
        "prefetch requested": 0,
        "prefetch issued": 0,
        "prefetch filled": 0,
        "prefetch useful": 0,
        "prefetch useless": 0,
        "prefetch late": 0,
        "pf_useful_at_l2_from_l1":          0,
        "pf_late_at_l2_from_l1":          0,
        "pf_useless_at_l2_from_l1":          0,
        "pf_at_l2_to_l1":          0,
        "pf_fill_this_level":          0,
        "miss latency": 1.48683,
        "cache queues": {
          "PQ_ACCESS": 0,
          "PQ_FULL": 0,
          "PQ_TO_CACHE": 0,
          "PQ_MERGED": 0,
          "RQ_ACCESS": 13335358,
          "RQ_MERGED": 0,
          "RQ_FULL": 411841,
          "WQ_ACCESS": 0,
          "WQ_MERGED": 0,
          "WQ_FULL": 0
        }
      },
      "cpu2_L1I": {
        "LOAD": {
          "hit":0,
          "miss":0
        },
        "RFO": {
          "hit":0,
          "miss":0
        },
        "PREFETCH": {
          "hit":0,
          "miss":0
        },
        "WRITE": {
          "hit":0,
          "miss":0
        },
        "TRANSLATION": {
          "hit":0,
          "miss":0
        },
        "mshr full": 0,
        "prefetch requested": 0,
        "prefetch issued": 0,
        "prefetch filled": 0,
        "prefetch useful": 0,
        "prefetch useless": 0,
        "prefetch late": 0,
        "pf_useful_at_l2_from_l1":          0,
        "pf_late_at_l2_from_l1":          0,
        "pf_useless_at_l2_from_l1":          0,
        "pf_at_l2_to_l1":          0,
        "pf_fill_this_level":          0,
        "miss latency": null,
        "cache queues": {
          "PQ_ACCESS": 0,
          "PQ_FULL": 0,
          "PQ_TO_CACHE": 0,
          "PQ_MERGED": 0,
          "RQ_ACCESS": 0,
          "RQ_MERGED": 0,
          "RQ_FULL": 0,
          "WQ_ACCESS": 0,
          "WQ_MERGED": 0,
          "WQ_FULL": 0
        }
      },
      "cpu2_ITLB": {
        "LOAD": {
          "hit":0,
          "miss":0
        },
        "RFO": {
          "hit":0,
          "miss":0
        },
        "PREFETCH": {
          "hit":0,
          "miss":0
        },
        "WRITE": {
          "hit":0,
          "miss":0
        },
        "TRANSLATION": {
          "hit":0,
          "miss":0
        },
        "mshr full": 0,
        "prefetch requested": 0,
        "prefetch issued": 0,
        "prefetch filled": 0,
        "prefetch useful": 0,
        "prefetch useless": 0,
        "prefetch late": 0,
        "pf_useful_at_l2_from_l1":          0,
        "pf_late_at_l2_from_l1":          0,
        "pf_useless_at_l2_from_l1":          0,
        "pf_at_l2_to_l1":          0,
        "pf_fill_this_level":          0,
        "miss latency": null,
        "cache queues": {
          "PQ_ACCESS": 0,
          "PQ_FULL": 0,
          "PQ_TO_CACHE": 0,
          "PQ_MERGED": 0,
          "RQ_ACCESS": 0,
          "RQ_MERGED": 0,
          "RQ_FULL": 0,
          "WQ_ACCESS": 0,
          "WQ_MERGED": 0,
          "WQ_FULL": 0
        }
      },
      "cpu2_DTLB": {
        "LOAD": {
          "hit":9905487,
          "miss":145582
        },
        "RFO": {
          "hit":0,
          "miss":0
        },
        "PREFETCH": {
          "hit":0,
          "miss":0
        },
        "WRITE": {
          "hit":0,
          "miss":0
        },
        "TRANSLATION": {
          "hit":0,
          "miss":0
        },
        "mshr full": 0,
        "prefetch requested": 0,
        "prefetch issued": 0,
        "prefetch filled": 0,
        "prefetch useful": 0,
        "prefetch useless": 0,
        "prefetch late": 0,
        "pf_useful_at_l2_from_l1":          0,
        "pf_late_at_l2_from_l1":          0,
        "pf_useless_at_l2_from_l1":          0,
        "pf_at_l2_to_l1":          0,
        "pf_fill_this_level":          0,
        "miss latency": 1.40211,
        "cache queues": {
          "PQ_ACCESS": 0,
          "PQ_FULL": 0,
          "PQ_TO_CACHE": 0,
          "PQ_MERGED": 0,
          "RQ_ACCESS": 11358867,
          "RQ_MERGED": 0,
          "RQ_FULL": 200669,
          "WQ_ACCESS": 0,
          "WQ_MERGED": 0,
          "WQ_FULL": 0
        }
      },
      "cpu1_L1I": {
        "LOAD": {
          "hit":0,
          "miss":0
        },
        "RFO": {
          "hit":0,
          "miss":0
        },
        "PREFETCH": {
          "hit":0,
          "miss":0
        },
        "WRITE": {
          "hit":0,
          "miss":0
        },
        "TRANSLATION": {
          "hit":0,
          "miss":0
        },
        "mshr full": 0,
        "prefetch requested": 0,
        "prefetch issued": 0,
        "prefetch filled": 0,
        "prefetch useful": 0,
        "prefetch useless": 0,
        "prefetch late": 0,
        "pf_useful_at_l2_from_l1":          0,
        "pf_late_at_l2_from_l1":          0,
        "pf_useless_at_l2_from_l1":          0,
        "pf_at_l2_to_l1":          0,
        "pf_fill_this_level":          0,
        "miss latency": null,
        "cache queues": {
          "PQ_ACCESS": 0,
          "PQ_FULL": 0,
          "PQ_TO_CACHE": 0,
          "PQ_MERGED": 0,
          "RQ_ACCESS": 0,
          "RQ_MERGED": 0,
          "RQ_FULL": 0,
          "WQ_ACCESS": 0,
          "WQ_MERGED": 0,
          "WQ_FULL": 0
        }
      },
      "cpu1_ITLB": {
        "LOAD": {
          "hit":0,
          "miss":0
        },
        "RFO": {
          "hit":0,
          "miss":0
        },
        "PREFETCH": {
          "hit":0,
          "miss":0
        },
        "WRITE": {
          "hit":0,
          "miss":0
        },
        "TRANSLATION": {
          "hit":0,
          "miss":0
        },
        "mshr full": 0,
        "prefetch requested": 0,
        "prefetch issued": 0,
        "prefetch filled": 0,
        "prefetch useful": 0,
        "prefetch useless": 0,
        "prefetch late": 0,
        "pf_useful_at_l2_from_l1":          0,
        "pf_late_at_l2_from_l1":          0,
        "pf_useless_at_l2_from_l1":          0,
        "pf_at_l2_to_l1":          0,
        "pf_fill_this_level":          0,
        "miss latency": null,
        "cache queues": {
          "PQ_ACCESS": 0,
          "PQ_FULL": 0,
          "PQ_TO_CACHE": 0,
          "PQ_MERGED": 0,
          "RQ_ACCESS": 0,
          "RQ_MERGED": 0,
          "RQ_FULL": 0,
          "WQ_ACCESS": 0,
          "WQ_MERGED": 0,
          "WQ_FULL": 0
        }
      },
      "cpu1_DTLB": {
        "LOAD": {
          "hit":9231101,
          "miss":148453
        },
        "RFO": {
          "hit":0,
          "miss":0
        },
        "PREFETCH": {
          "hit":0,
          "miss":0
        },
        "WRITE": {
          "hit":0,
          "miss":0
        },
        "TRANSLATION": {
          "hit":0,
          "miss":0
        },
        "mshr full": 0,
        "prefetch requested": 0,
        "prefetch issued": 0,
        "prefetch filled": 0,
        "prefetch useful": 0,
        "prefetch useless": 0,
        "prefetch late": 0,
        "pf_useful_at_l2_from_l1":          0,
        "pf_late_at_l2_from_l1":          0,
        "pf_useless_at_l2_from_l1":          0,
        "pf_at_l2_to_l1":          0,
        "pf_fill_this_level":          0,
        "miss latency": 1.41615,
        "cache queues": {
          "PQ_ACCESS": 0,
          "PQ_FULL": 0,
          "PQ_TO_CACHE": 0,
          "PQ_MERGED": 0,
          "RQ_ACCESS": 10589927,
          "RQ_MERGED": 0,
          "RQ_FULL": 118925,
          "WQ_ACCESS": 0,
          "WQ_MERGED": 0,
          "WQ_FULL": 0
        }
      },
      "cpu0_L1I": {
        "LOAD": {
          "hit":0,
          "miss":0
        },
        "RFO": {
          "hit":0,
          "miss":0
        },
        "PREFETCH": {
          "hit":0,
          "miss":0
        },
        "WRITE": {
          "hit":0,
          "miss":0
        },
        "TRANSLATION": {
          "hit":0,
          "miss":0
        },
        "mshr full": 0,
        "prefetch requested": 0,
        "prefetch issued": 0,
        "prefetch filled": 0,
        "prefetch useful": 0,
        "prefetch useless": 0,
        "prefetch late": 0,
        "pf_useful_at_l2_from_l1":          0,
        "pf_late_at_l2_from_l1":          0,
        "pf_useless_at_l2_from_l1":          0,
        "pf_at_l2_to_l1":          0,
        "pf_fill_this_level":          0,
        "miss latency": null,
        "cache queues": {
          "PQ_ACCESS": 0,
          "PQ_FULL": 0,
          "PQ_TO_CACHE": 0,
          "PQ_MERGED": 0,
          "RQ_ACCESS": 0,
          "RQ_MERGED": 0,
          "RQ_FULL": 0,
          "WQ_ACCESS": 0,
          "WQ_MERGED": 0,
          "WQ_FULL": 0
        }
      },
      "cpu0_ITLB": {
        "LOAD": {
          "hit":0,
          "miss":0
        },
        "RFO": {
          "hit":0,
          "miss":0
        },
        "PREFETCH": {
          "hit":0,
          "miss":0
        },
        "WRITE": {
          "hit":0,
          "miss":0
        },
        "TRANSLATION": {
          "hit":0,
          "miss":0
        },
        "mshr full": 0,
        "prefetch requested": 0,
        "prefetch issued": 0,
        "prefetch filled": 0,
        "prefetch useful": 0,
        "prefetch useless": 0,
        "prefetch late": 0,
        "pf_useful_at_l2_from_l1":          0,
        "pf_late_at_l2_from_l1":          0,
        "pf_useless_at_l2_from_l1":          0,
        "pf_at_l2_to_l1":          0,
        "pf_fill_this_level":          0,
        "miss latency": null,
        "cache queues": {
          "PQ_ACCESS": 0,
          "PQ_FULL": 0,
          "PQ_TO_CACHE": 0,
          "PQ_MERGED": 0,
          "RQ_ACCESS": 0,
          "RQ_MERGED": 0,
          "RQ_FULL": 0,
          "WQ_ACCESS": 0,
          "WQ_MERGED": 0,
          "WQ_FULL": 0
        }
      },
      "cpu0_DTLB": {
        "LOAD": {
          "hit":11333578,
          "miss":153440
        },
        "RFO": {
          "hit":0,
          "miss":0
        },
        "PREFETCH": {
          "hit":0,
          "miss":0
        },
        "WRITE": {
          "hit":0,
          "miss":0
        },
        "TRANSLATION": {
          "hit":0,
          "miss":0
        },
        "mshr full": 0,
        "prefetch requested": 0,
        "prefetch issued": 0,
        "prefetch filled": 0,
        "prefetch useful": 0,
        "prefetch useless": 0,
        "prefetch late": 0,
        "pf_useful_at_l2_from_l1":          0,
        "pf_late_at_l2_from_l1":          0,
        "pf_useless_at_l2_from_l1":          0,
        "pf_at_l2_to_l1":          0,
        "pf_fill_this_level":          0,
        "miss latency": 1.33847,
        "cache queues": {
          "PQ_ACCESS": 0,
          "PQ_FULL": 0,
          "PQ_TO_CACHE": 0,
          "PQ_MERGED": 0,
          "RQ_ACCESS": 11814203,
          "RQ_MERGED": 0,
          "RQ_FULL": 327181,
          "WQ_ACCESS": 0,
          "WQ_MERGED": 0,
          "WQ_FULL": 0
        }
      },
      "cpu3_STLB": {
        "LOAD": {
          "hit":16017,
          "miss":16003
        },
        "RFO": {
          "hit":0,
          "miss":0
        },
        "PREFETCH": {
          "hit":0,
          "miss":0
        },
        "WRITE": {
          "hit":0,
          "miss":0
        },
        "TRANSLATION": {
          "hit":0,
          "miss":0
        },
        "mshr full": 0,
        "prefetch requested": 0,
        "prefetch issued": 0,
        "prefetch filled": 0,
        "prefetch useful": 0,
        "prefetch useless": 0,
        "prefetch late": 0,
        "pf_useful_at_l2_from_l1":          0,
        "pf_late_at_l2_from_l1":          0,
        "pf_useless_at_l2_from_l1":          0,
        "pf_at_l2_to_l1":          0,
        "pf_fill_this_level":          0,
        "miss latency": 11.8793,
        "cache queues": {
          "PQ_ACCESS": 0,
          "PQ_FULL": 0,
          "PQ_TO_CACHE": 0,
          "PQ_MERGED": 0,
          "RQ_ACCESS": 46776,
          "RQ_MERGED": 0,
          "RQ_FULL": 0,
          "WQ_ACCESS": 0,
          "WQ_MERGED": 0,
          "WQ_FULL": 0
        }
      },
      "cpu2_STLB": {
        "LOAD": {
          "hit":16090,
          "miss":15976
        },
        "RFO": {
          "hit":0,
          "miss":0
        },
        "PREFETCH": {
          "hit":0,
          "miss":0
        },
        "WRITE": {
          "hit":0,
          "miss":0
        },
        "TRANSLATION": {
          "hit":0,
          "miss":0
        },
        "mshr full": 0,
        "prefetch requested": 0,
        "prefetch issued": 0,
        "prefetch filled": 0,
        "prefetch useful": 0,
        "prefetch useless": 0,
        "prefetch late": 0,
        "pf_useful_at_l2_from_l1":          0,
        "pf_late_at_l2_from_l1":          0,
        "pf_useless_at_l2_from_l1":          0,
        "pf_at_l2_to_l1":          0,
        "pf_fill_this_level":          0,
        "miss latency": 11.3474,
        "cache queues": {
          "PQ_ACCESS": 0,
          "PQ_FULL": 0,
          "PQ_TO_CACHE": 0,
          "PQ_MERGED": 0,
          "RQ_ACCESS": 47040,
          "RQ_MERGED": 0,
          "RQ_FULL": 0,
          "WQ_ACCESS": 0,
          "WQ_MERGED": 0,
          "WQ_FULL": 0
        }
      },
      "cpu1_STLB": {
        "LOAD": {
          "hit":16053,
          "miss":15971
        },
        "RFO": {
          "hit":0,
          "miss":0
        },
        "PREFETCH": {
          "hit":0,
          "miss":0
        },
        "WRITE": {
          "hit":0,
          "miss":0
        },
        "TRANSLATION": {
          "hit":0,
          "miss":0
        },
        "mshr full": 0,
        "prefetch requested": 0,
        "prefetch issued": 0,
        "prefetch filled": 0,
        "prefetch useful": 0,
        "prefetch useless": 0,
        "prefetch late": 0,
        "pf_useful_at_l2_from_l1":          0,
        "pf_late_at_l2_from_l1":          0,
        "pf_useless_at_l2_from_l1":          0,
        "pf_at_l2_to_l1":          0,
        "pf_fill_this_level":          0,
        "miss latency": 11.6245,
        "cache queues": {
          "PQ_ACCESS": 0,
          "PQ_FULL": 0,
          "PQ_TO_CACHE": 0,
          "PQ_MERGED": 0,
          "RQ_ACCESS": 47923,
          "RQ_MERGED": 0,
          "RQ_FULL": 0,
          "WQ_ACCESS": 0,
          "WQ_MERGED": 0,
          "WQ_FULL": 0
        }
      },
      "cpu0_STLB": {
        "LOAD": {
          "hit":16564,
          "miss":17194
        },
        "RFO": {
          "hit":0,
          "miss":0
        },
        "PREFETCH": {
          "hit":0,
          "miss":0
        },
        "WRITE": {
          "hit":0,
          "miss":0
        },
        "TRANSLATION": {
          "hit":0,
          "miss":0
        },
        "mshr full": 0,
        "prefetch requested": 0,
        "prefetch issued": 0,
        "prefetch filled": 0,
        "prefetch useful": 0,
        "prefetch useless": 0,
        "prefetch late": 0,
        "pf_useful_at_l2_from_l1":          0,
        "pf_late_at_l2_from_l1":          0,
        "pf_useless_at_l2_from_l1":          0,
        "pf_at_l2_to_l1":          0,
        "pf_fill_this_level":          0,
        "miss latency": 10.9274,
        "cache queues": {
          "PQ_ACCESS": 0,
          "PQ_FULL": 0,
          "PQ_TO_CACHE": 0,
          "PQ_MERGED": 0,
          "RQ_ACCESS": 33758,
          "RQ_MERGED": 0,
          "RQ_FULL": 0,
          "WQ_ACCESS": 0,
          "WQ_MERGED": 0,
          "WQ_FULL": 0
        }
      },
      "cpu3_L1D": {
        "LOAD": {
          "hit":5498846,
          "miss":1023135
        },
        "RFO": {
          "hit":0,
          "miss":0
        },
        "PREFETCH": {
          "hit":68583,
          "miss":364393
        },
        "WRITE": {
          "hit":5508683,
          "miss":1268
        },
        "TRANSLATION": {
          "hit":11023,
          "miss":4986
        },
        "mshr full": 108841983,
        "prefetch requested": 466942,
        "prefetch issued": 466942,
        "prefetch filled": 177903,
        "prefetch useful": 153942,
        "prefetch useless": 51113,
        "prefetch late": 27043,
        "pf_useful_at_l2_from_l1":          0,
        "pf_late_at_l2_from_l1":          0,
        "pf_useless_at_l2_from_l1":          0,
        "pf_at_l2_to_l1":          0,
        "pf_fill_this_level":     177901,
        "miss latency": 77.395,
        "cache queues": {
          "PQ_ACCESS": 466942,
          "PQ_FULL": 0,
          "PQ_TO_CACHE": 466942,
          "PQ_MERGED": 9,
          "RQ_ACCESS": 1905770910,
          "RQ_MERGED": 256683,
          "RQ_FULL": 1898419291,
          "WQ_ACCESS": 6211259,
          "WQ_MERGED": 116573,
          "WQ_FULL": 0
        }
      },
      "cpu2_L1D": {
        "LOAD": {
          "hit":4899701,
          "miss":992194
        },
        "RFO": {
          "hit":0,
          "miss":0
        },
        "PREFETCH": {
          "hit":74224,
          "miss":369950
        },
        "WRITE": {
          "hit":5185904,
          "miss":1236
        },
        "TRANSLATION": {
          "hit":11139,
          "miss":4843
        },
        "mshr full": 100904029,
        "prefetch requested": 485709,
        "prefetch issued": 485709,
        "prefetch filled": 182191,
        "prefetch useful": 157892,
        "prefetch useless": 53225,
        "prefetch late": 28966,
        "pf_useful_at_l2_from_l1":          0,
        "pf_late_at_l2_from_l1":          0,
        "pf_useless_at_l2_from_l1":          0,
        "pf_at_l2_to_l1":          0,
        "pf_fill_this_level":     182190,
        "miss latency": 79.5537,
        "cache queues": {
          "PQ_ACCESS": 485709,
          "PQ_FULL": 0,
          "PQ_TO_CACHE": 485709,
          "PQ_MERGED": 12,
          "RQ_ACCESS": 1876972305,
          "RQ_MERGED": 965034,
          "RQ_FULL": 1869542597,
          "WQ_ACCESS": 6293833,
          "WQ_MERGED": 480320,
          "WQ_FULL": 0
        }
      },
      "cpu1_L1D": {
        "LOAD": {
          "hit":4583743,
          "miss":974614
        },
        "RFO": {
          "hit":0,
          "miss":0
        },
        "PREFETCH": {
          "hit":66732,
          "miss":374733
        },
        "WRITE": {
          "hit":5241409,
          "miss":1308
        },
        "TRANSLATION": {
          "hit":11032,
          "miss":4945
        },
        "mshr full": 97525722,
        "prefetch requested": 483342,
        "prefetch issued": 483342,
        "prefetch filled": 185500,
        "prefetch useful": 163354,
        "prefetch useless": 51882,
        "prefetch late": 29733,
        "pf_useful_at_l2_from_l1":          0,
        "pf_late_at_l2_from_l1":          0,
        "pf_useless_at_l2_from_l1":          0,
        "pf_at_l2_to_l1":          1,
        "pf_fill_this_level":     185493,
        "miss latency": 80.9979,
        "cache queues": {
          "PQ_ACCESS": 483342,
          "PQ_FULL": 0,
          "PQ_TO_CACHE": 483342,
          "PQ_MERGED": 7,
          "RQ_ACCESS": 1877778839,
          "RQ_MERGED": 1351273,
          "RQ_FULL": 1870312373,
          "WQ_ACCESS": 6329604,
          "WQ_MERGED": 421905,
          "WQ_FULL": 0
        }
      },
      "cpu0_L1D": {
        "LOAD": {
          "hit":5367461,
          "miss":1122320
        },
        "RFO": {
          "hit":0,
          "miss":0
        },
        "PREFETCH": {
          "hit":74026,
          "miss":364873
        },
        "WRITE": {
          "hit":5385163,
          "miss":1266
        },
        "TRANSLATION": {
          "hit":11958,
          "miss":5241
        },
        "mshr full": 103990689,
        "prefetch requested": 438914,
        "prefetch issued": 438914,
        "prefetch filled": 161360,
        "prefetch useful": 139168,
        "prefetch useless": 48813,
        "prefetch late": 26764,
        "pf_useful_at_l2_from_l1":          0,
        "pf_late_at_l2_from_l1":          0,
        "pf_useless_at_l2_from_l1":          0,
        "pf_at_l2_to_l1":          1,
        "pf_fill_this_level":     161358,
        "miss latency": 70.7112,
        "cache queues": {
          "PQ_ACCESS": 438914,
          "PQ_FULL": 0,
          "PQ_TO_CACHE": 438914,
          "PQ_MERGED": 10,
          "RQ_ACCESS": 1860326974,
          "RQ_MERGED": 331314,
          "RQ_FULL": 1853505916,
          "WQ_ACCESS": 5549457,
          "WQ_MERGED": 163024,
          "WQ_FULL": 0
        }
      },
      "cpu3_L2C": {
        "LOAD": {
          "hit":49238,
          "miss":682655
        },
        "RFO": {
          "hit":316,
          "miss":18
        },
        "PREFETCH": {
          "hit":69376,
          "miss":260124
        },
        "WRITE": {
          "hit":18133,
          "miss":0
        },
        "TRANSLATION": {
          "hit":3133,
          "miss":1853
        },
        "mshr full": 81894,
        "prefetch requested": 0,
        "prefetch issued": 0,
        "prefetch filled": 279130,
        "prefetch useful": 0,
        "prefetch useless": 0,
        "prefetch late": 0,
        "pf_useful_at_l2_from_l1":      45851,
        "pf_late_at_l2_from_l1":       4101,
        "pf_useless_at_l2_from_l1":      49357,
        "pf_at_l2_to_l1":       1529,
        "pf_fill_this_level":      92564,
        "miss latency": 125.58,
        "cache queues": {
          "PQ_ACCESS": 356026,
          "PQ_FULL": 0,
          "PQ_TO_CACHE": 356026,
          "PQ_MERGED": 0,
          "RQ_ACCESS": 749750,
          "RQ_MERGED": 0,
          "RQ_FULL": 0,
          "WQ_ACCESS": 19446,
          "WQ_MERGED": 0,
          "WQ_FULL": 0
        }
      },
      "cpu2_L2C": {
        "LOAD": {
          "hit":50358,
          "miss":678449
        },
        "RFO": {
          "hit":309,
          "miss":23
        },
        "PREFETCH": {
          "hit":66863,
          "miss":267364
        },
        "WRITE": {
          "hit":18569,
          "miss":0
        },
        "TRANSLATION": {
          "hit":3089,
          "miss":1754
        },
        "mshr full": 85153,
        "prefetch requested": 0,
        "prefetch issued": 0,
        "prefetch filled": 289538,
        "prefetch useful": 0,
        "prefetch useless": 0,
        "prefetch late": 0,
        "pf_useful_at_l2_from_l1":      48351,
        "pf_late_at_l2_from_l1":       4273,
        "pf_useless_at_l2_from_l1":      51667,
        "pf_at_l2_to_l1":       2004,
        "pf_fill_this_level":      97960,
        "miss latency": 126.567,
        "cache queues": {
          "PQ_ACCESS": 367082,
          "PQ_FULL": 998,
          "PQ_TO_CACHE": 366084,
          "PQ_MERGED": 0,
          "RQ_ACCESS": 747585,
          "RQ_MERGED": 0,
          "RQ_FULL": 0,
          "WQ_ACCESS": 20010,
          "WQ_MERGED": 0,
          "WQ_FULL": 0
        }
      },
      "cpu1_L2C": {
        "LOAD": {
          "hit":48092,
          "miss":677504
        },
        "RFO": {
          "hit":319,
          "miss":24
        },
        "PREFETCH": {
          "hit":71097,
          "miss":268259
        },
        "WRITE": {
          "hit":18418,
          "miss":0
        },
        "TRANSLATION": {
          "hit":3109,
          "miss":1836
        },
        "mshr full": 100601,
        "prefetch requested": 0,
        "prefetch issued": 0,
        "prefetch filled": 292541,
        "prefetch useful": 0,
        "prefetch useless": 0,
        "prefetch late": 0,
        "pf_useful_at_l2_from_l1":      44948,
        "pf_late_at_l2_from_l1":       4118,
        "pf_useless_at_l2_from_l1":      54991,
        "pf_at_l2_to_l1":       1802,
        "pf_fill_this_level":      97574,
        "miss latency": 126.992,
        "cache queues": {
          "PQ_ACCESS": 373019,
          "PQ_FULL": 19,
          "PQ_TO_CACHE": 373000,
          "PQ_MERGED": 2,
          "RQ_ACCESS": 744336,
          "RQ_MERGED": 0,
          "RQ_FULL": 0,
          "WQ_ACCESS": 19962,
          "WQ_MERGED": 0,
          "WQ_FULL": 0
        }
      },
      "cpu0_L2C": {
        "LOAD": {
          "hit":50584,
          "miss":757083
        },
        "RFO": {
          "hit":319,
          "miss":20
        },
        "PREFETCH": {
          "hit":68153,
          "miss":260976
        },
        "WRITE": {
          "hit":18484,
          "miss":0
        },
        "TRANSLATION": {
          "hit":3260,
          "miss":1981
        },
        "mshr full": 77696,
        "prefetch requested": 0,
        "prefetch issued": 0,
        "prefetch filled": 256784,
        "prefetch useful": 0,
        "prefetch useless": 0,
        "prefetch late": 0,
        "pf_useful_at_l2_from_l1":      44333,
        "pf_late_at_l2_from_l1":       4085,
        "pf_useless_at_l2_from_l1":      43760,
        "pf_at_l2_to_l1":       1662,
        "pf_fill_this_level":      87444,
        "miss latency": 114.721,
        "cache queues": {
          "PQ_ACCESS": 329126,
          "PQ_FULL": 0,
          "PQ_TO_CACHE": 329126,
          "PQ_MERGED": 0,
          "RQ_ACCESS": 813264,
          "RQ_MERGED": 0,
          "RQ_FULL": 0,
          "WQ_ACCESS": 18768,
          "WQ_MERGED": 0,
          "WQ_FULL": 0
        }
      },
      "LLC": {
        "LOAD": {
          "hit": [9815, 1227, 1407, 1256],
          "miss": [743186, 672393, 673050, 677567]
        },
        "RFO": {
          "hit": [2, 9, 8, 6],
          "miss": [16, 13, 13, 11]
        },
        "PREFETCH": {
          "hit": [4475, 3973, 4081, 3706],
          "miss": [256405, 264103, 263157, 256348]
        },
        "WRITE": {
          "hit": [9943, 10280, 10395, 9417],
          "miss": [0, 0, 0, 0]
        },
        "TRANSLATION": {
          "hit": [720, 709, 620, 678],
          "miss": [1261, 1127, 1134, 1175]
        },
        "mshr full": 0,
        "prefetch requested": 0,
        "prefetch issued": 0,
        "prefetch filled": 1117307,
        "prefetch useful": 0,
        "prefetch useless": 0,
        "prefetch late": 0,
        "pf_useful_at_l2_from_l1":          0,
        "pf_late_at_l2_from_l1":          0,
        "pf_useless_at_l2_from_l1":          0,
        "pf_at_l2_to_l1":       1478,
        "pf_fill_this_level":          0,
        "miss latency": 122.747,
        "cache queues": {
          "PQ_ACCESS": 1134566,
          "PQ_FULL": 0,
          "PQ_TO_CACHE": 1134566,
          "PQ_MERGED": 0,
          "RQ_ACCESS": 2813748,
          "RQ_MERGED": 0,
          "RQ_FULL": 0,
          "WQ_ACCESS": 47501,
          "WQ_MERGED": 0,
          "WQ_FULL": 0
        }
      },
      "DRAM": [
        {
          "RQ ROW_BUFFER_HIT": 1508159,
          "RQ ROW_BUFFER_MISS": 2405647,
          "PQ FULL": 8416122,
          "WQ ROW_BUFFER_HIT": 3295,
          "WQ ROW_BUFFER_MISS": 38867,
          "WQ FULL": 0,
          "AVG DBUS CONGESTED CYCLE": 3.95628
        }
      ]

    },
    "sim": {
      "cores": [
        {
          "instructions": 25000001,
          "cycles": 110515003,
          "Avg ROB occupancy at mispredict": 78.2242, 
          "mispredict": {
            "BRANCH_DIRECT_JUMP": 0,
            "BRANCH_INDIRECT": 0,
            "BRANCH_CONDITIONAL": 64230,
            "BRANCH_DIRECT_CALL": 0,
            "BRANCH_INDIRECT_CALL": 0,
            "BRANCH_RETURN": 0
          }
        },
        {
          "instructions": 27900221,
          "cycles": 110515003,
          "Avg ROB occupancy at mispredict": 79.3041, 
          "mispredict": {
            "BRANCH_DIRECT_JUMP": 0,
            "BRANCH_INDIRECT": 0,
            "BRANCH_CONDITIONAL": 71421,
            "BRANCH_DIRECT_CALL": 0,
            "BRANCH_INDIRECT_CALL": 0,
            "BRANCH_RETURN": 0
          }
        },
        {
          "instructions": 27753238,
          "cycles": 110515003,
          "Avg ROB occupancy at mispredict": 79.4395, 
          "mispredict": {
            "BRANCH_DIRECT_JUMP": 0,
            "BRANCH_INDIRECT": 0,
            "BRANCH_CONDITIONAL": 70799,
            "BRANCH_DIRECT_CALL": 0,
            "BRANCH_INDIRECT_CALL": 0,
            "BRANCH_RETURN": 0
          }
        },
        {
          "instructions": 27427319,
          "cycles": 110515003,
          "Avg ROB occupancy at mispredict": 79.3837, 
          "mispredict": {
            "BRANCH_DIRECT_JUMP": 0,
            "BRANCH_INDIRECT": 0,
            "BRANCH_CONDITIONAL": 70095,
            "BRANCH_DIRECT_CALL": 0,
            "BRANCH_INDIRECT_CALL": 0,
            "BRANCH_RETURN": 0
          }
        }
      ],
      "cpu3_L1I": {
        "LOAD": {
          "hit":0,
          "miss":0
        },
        "RFO": {
          "hit":0,
          "miss":0
        },
        "PREFETCH": {
          "hit":0,
          "miss":0
        },
        "WRITE": {
          "hit":0,
          "miss":0
        },
        "TRANSLATION": {
          "hit":0,
          "miss":0
        },
        "mshr full": 0,
        "prefetch requested": 0,
        "prefetch issued": 0,
        "prefetch filled": 0,
        "prefetch useful": 0,
        "prefetch useless": 0,
        "prefetch late": 0,
        "pf_useful_at_l2_from_l1":          0,
        "pf_late_at_l2_from_l1":          0,
        "pf_useless_at_l2_from_l1":          0,
        "pf_at_l2_to_l1":          0,
        "pf_fill_this_level":          0,
        "miss latency": null,
        "cache queues": {
          "PQ_ACCESS": 0,
          "PQ_FULL": 0,
          "PQ_TO_CACHE": 0,
          "PQ_MERGED": 0,
          "RQ_ACCESS": 0,
          "RQ_MERGED": 0,
          "RQ_FULL": 0,
          "WQ_ACCESS": 0,
          "WQ_MERGED": 0,
          "WQ_FULL": 0
        }
      },
      "cpu3_ITLB": {
        "LOAD": {
          "hit":0,
          "miss":0
        },
        "RFO": {
          "hit":0,
          "miss":0
        },
        "PREFETCH": {
          "hit":0,
          "miss":0
        },
        "WRITE": {
          "hit":0,
          "miss":0
        },
        "TRANSLATION": {
          "hit":0,
          "miss":0
        },
        "mshr full": 0,
        "prefetch requested": 0,
        "prefetch issued": 0,
        "prefetch filled": 0,
        "prefetch useful": 0,
        "prefetch useless": 0,
        "prefetch late": 0,
        "pf_useful_at_l2_from_l1":          0,
        "pf_late_at_l2_from_l1":          0,
        "pf_useless_at_l2_from_l1":          0,
        "pf_at_l2_to_l1":          0,
        "pf_fill_this_level":          0,
        "miss latency": null,
        "cache queues": {
          "PQ_ACCESS": 0,
          "PQ_FULL": 0,
          "PQ_TO_CACHE": 0,
          "PQ_MERGED": 0,
          "RQ_ACCESS": 0,
          "RQ_MERGED": 0,
          "RQ_FULL": 0,
          "WQ_ACCESS": 0,
          "WQ_MERGED": 0,
          "WQ_FULL": 0
        }
      },
      "cpu3_DTLB": {
        "LOAD": {
          "hit":12689936,
          "miss":233580
        },
        "RFO": {
          "hit":0,
          "miss":0
        },
        "PREFETCH": {
          "hit":0,
          "miss":0
        },
        "WRITE": {
          "hit":0,
          "miss":0
        },
        "TRANSLATION": {
          "hit":0,
          "miss":0
        },
        "mshr full": 0,
        "prefetch requested": 0,
        "prefetch issued": 0,
        "prefetch filled": 0,
        "prefetch useful": 0,
        "prefetch useless": 0,
        "prefetch late": 0,
        "pf_useful_at_l2_from_l1":          0,
        "pf_late_at_l2_from_l1":          0,
        "pf_useless_at_l2_from_l1":          0,
        "pf_at_l2_to_l1":          0,
        "pf_fill_this_level":          0,
        "miss latency": 0.914287,
        "cache queues": {
          "PQ_ACCESS": 0,
          "PQ_FULL": 0,
          "PQ_TO_CACHE": 0,
          "PQ_MERGED": 0,
          "RQ_ACCESS": 13335358,
          "RQ_MERGED": 0,
          "RQ_FULL": 411841,
          "WQ_ACCESS": 0,
          "WQ_MERGED": 0,
          "WQ_FULL": 0
        }
      },
      "cpu2_L1I": {
        "LOAD": {
          "hit":0,
          "miss":0
        },
        "RFO": {
          "hit":0,
          "miss":0
        },
        "PREFETCH": {
          "hit":0,
          "miss":0
        },
        "WRITE": {
          "hit":0,
          "miss":0
        },
        "TRANSLATION": {
          "hit":0,
          "miss":0
        },
        "mshr full": 0,
        "prefetch requested": 0,
        "prefetch issued": 0,
        "prefetch filled": 0,
        "prefetch useful": 0,
        "prefetch useless": 0,
        "prefetch late": 0,
        "pf_useful_at_l2_from_l1":          0,
        "pf_late_at_l2_from_l1":          0,
        "pf_useless_at_l2_from_l1":          0,
        "pf_at_l2_to_l1":          0,
        "pf_fill_this_level":          0,
        "miss latency": null,
        "cache queues": {
          "PQ_ACCESS": 0,
          "PQ_FULL": 0,
          "PQ_TO_CACHE": 0,
          "PQ_MERGED": 0,
          "RQ_ACCESS": 0,
          "RQ_MERGED": 0,
          "RQ_FULL": 0,
          "WQ_ACCESS": 0,
          "WQ_MERGED": 0,
          "WQ_FULL": 0
        }
      },
      "cpu2_ITLB": {
        "LOAD": {
          "hit":0,
          "miss":0
        },
        "RFO": {
          "hit":0,
          "miss":0
        },
        "PREFETCH": {
          "hit":0,
          "miss":0
        },
        "WRITE": {
          "hit":0,
          "miss":0
        },
        "TRANSLATION": {
          "hit":0,
          "miss":0
        },
        "mshr full": 0,
        "prefetch requested": 0,
        "prefetch issued": 0,
        "prefetch filled": 0,
        "prefetch useful": 0,
        "prefetch useless": 0,
        "prefetch late": 0,
        "pf_useful_at_l2_from_l1":          0,
        "pf_late_at_l2_from_l1":          0,
        "pf_useless_at_l2_from_l1":          0,
        "pf_at_l2_to_l1":          0,
        "pf_fill_this_level":          0,
        "miss latency": null,
        "cache queues": {
          "PQ_ACCESS": 0,
          "PQ_FULL": 0,
          "PQ_TO_CACHE": 0,
          "PQ_MERGED": 0,
          "RQ_ACCESS": 0,
          "RQ_MERGED": 0,
          "RQ_FULL": 0,
          "WQ_ACCESS": 0,
          "WQ_MERGED": 0,
          "WQ_FULL": 0
        }
      },
      "cpu2_DTLB": {
        "LOAD": {
          "hit":10921358,
          "miss":236840
        },
        "RFO": {
          "hit":0,
          "miss":0
        },
        "PREFETCH": {
          "hit":0,
          "miss":0
        },
        "WRITE": {
          "hit":0,
          "miss":0
        },
        "TRANSLATION": {
          "hit":0,
          "miss":0
        },
        "mshr full": 0,
        "prefetch requested": 0,
        "prefetch issued": 0,
        "prefetch filled": 0,
        "prefetch useful": 0,
        "prefetch useless": 0,
        "prefetch late": 0,
        "pf_useful_at_l2_from_l1":          0,
        "pf_late_at_l2_from_l1":          0,
        "pf_useless_at_l2_from_l1":          0,
        "pf_at_l2_to_l1":          0,
        "pf_fill_this_level":          0,
        "miss latency": 0.861853,
        "cache queues": {
          "PQ_ACCESS": 0,
          "PQ_FULL": 0,
          "PQ_TO_CACHE": 0,
          "PQ_MERGED": 0,
          "RQ_ACCESS": 11358867,
          "RQ_MERGED": 0,
          "RQ_FULL": 200669,
          "WQ_ACCESS": 0,
          "WQ_MERGED": 0,
          "WQ_FULL": 0
        }
      },
      "cpu1_L1I": {
        "LOAD": {
          "hit":0,
          "miss":0
        },
        "RFO": {
          "hit":0,
          "miss":0
        },
        "PREFETCH": {
          "hit":0,
          "miss":0
        },
        "WRITE": {
          "hit":0,
          "miss":0
        },
        "TRANSLATION": {
          "hit":0,
          "miss":0
        },
        "mshr full": 0,
        "prefetch requested": 0,
        "prefetch issued": 0,
        "prefetch filled": 0,
        "prefetch useful": 0,
        "prefetch useless": 0,
        "prefetch late": 0,
        "pf_useful_at_l2_from_l1":          0,
        "pf_late_at_l2_from_l1":          0,
        "pf_useless_at_l2_from_l1":          0,
        "pf_at_l2_to_l1":          0,
        "pf_fill_this_level":          0,
        "miss latency": null,
        "cache queues": {
          "PQ_ACCESS": 0,
          "PQ_FULL": 0,
          "PQ_TO_CACHE": 0,
          "PQ_MERGED": 0,
          "RQ_ACCESS": 0,
          "RQ_MERGED": 0,
          "RQ_FULL": 0,
          "WQ_ACCESS": 0,
          "WQ_MERGED": 0,
          "WQ_FULL": 0
        }
      },
      "cpu1_ITLB": {
        "LOAD": {
          "hit":0,
          "miss":0
        },
        "RFO": {
          "hit":0,
          "miss":0
        },
        "PREFETCH": {
          "hit":0,
          "miss":0
        },
        "WRITE": {
          "hit":0,
          "miss":0
        },
        "TRANSLATION": {
          "hit":0,
          "miss":0
        },
        "mshr full": 0,
        "prefetch requested": 0,
        "prefetch issued": 0,
        "prefetch filled": 0,
        "prefetch useful": 0,
        "prefetch useless": 0,
        "prefetch late": 0,
        "pf_useful_at_l2_from_l1":          0,
        "pf_late_at_l2_from_l1":          0,
        "pf_useless_at_l2_from_l1":          0,
        "pf_at_l2_to_l1":          0,
        "pf_fill_this_level":          0,
        "miss latency": null,
        "cache queues": {
          "PQ_ACCESS": 0,
          "PQ_FULL": 0,
          "PQ_TO_CACHE": 0,
          "PQ_MERGED": 0,
          "RQ_ACCESS": 0,
          "RQ_MERGED": 0,
          "RQ_FULL": 0,
          "WQ_ACCESS": 0,
          "WQ_MERGED": 0,
          "WQ_FULL": 0
        }
      },
      "cpu1_DTLB": {
        "LOAD": {
          "hit":10224668,
          "miss":246334
        },
        "RFO": {
          "hit":0,
          "miss":0
        },
        "PREFETCH": {
          "hit":0,
          "miss":0
        },
        "WRITE": {
          "hit":0,
          "miss":0
        },
        "TRANSLATION": {
          "hit":0,
          "miss":0
        },
        "mshr full": 0,
        "prefetch requested": 0,
        "prefetch issued": 0,
        "prefetch filled": 0,
        "prefetch useful": 0,
        "prefetch useless": 0,
        "prefetch late": 0,
        "pf_useful_at_l2_from_l1":          0,
        "pf_late_at_l2_from_l1":          0,
        "pf_useless_at_l2_from_l1":          0,
        "pf_at_l2_to_l1":          0,
        "pf_fill_this_level":          0,
        "miss latency": 0.853439,
        "cache queues": {
          "PQ_ACCESS": 0,
          "PQ_FULL": 0,
          "PQ_TO_CACHE": 0,
          "PQ_MERGED": 0,
          "RQ_ACCESS": 10589927,
          "RQ_MERGED": 0,
          "RQ_FULL": 118925,
          "WQ_ACCESS": 0,
          "WQ_MERGED": 0,
          "WQ_FULL": 0
        }
      },
      "cpu0_L1I": {
        "LOAD": {
          "hit":0,
          "miss":0
        },
        "RFO": {
          "hit":0,
          "miss":0
        },
        "PREFETCH": {
          "hit":0,
          "miss":0
        },
        "WRITE": {
          "hit":0,
          "miss":0
        },
        "TRANSLATION": {
          "hit":0,
          "miss":0
        },
        "mshr full": 0,
        "prefetch requested": 0,
        "prefetch issued": 0,
        "prefetch filled": 0,
        "prefetch useful": 0,
        "prefetch useless": 0,
        "prefetch late": 0,
        "pf_useful_at_l2_from_l1":          0,
        "pf_late_at_l2_from_l1":          0,
        "pf_useless_at_l2_from_l1":          0,
        "pf_at_l2_to_l1":          0,
        "pf_fill_this_level":          0,
        "miss latency": null,
        "cache queues": {
          "PQ_ACCESS": 0,
          "PQ_FULL": 0,
          "PQ_TO_CACHE": 0,
          "PQ_MERGED": 0,
          "RQ_ACCESS": 0,
          "RQ_MERGED": 0,
          "RQ_FULL": 0,
          "WQ_ACCESS": 0,
          "WQ_MERGED": 0,
          "WQ_FULL": 0
        }
      },
      "cpu0_ITLB": {
        "LOAD": {
          "hit":0,
          "miss":0
        },
        "RFO": {
          "hit":0,
          "miss":0
        },
        "PREFETCH": {
          "hit":0,
          "miss":0
        },
        "WRITE": {
          "hit":0,
          "miss":0
        },
        "TRANSLATION": {
          "hit":0,
          "miss":0
        },
        "mshr full": 0,
        "prefetch requested": 0,
        "prefetch issued": 0,
        "prefetch filled": 0,
        "prefetch useful": 0,
        "prefetch useless": 0,
        "prefetch late": 0,
        "pf_useful_at_l2_from_l1":          0,
        "pf_late_at_l2_from_l1":          0,
        "pf_useless_at_l2_from_l1":          0,
        "pf_at_l2_to_l1":          0,
        "pf_fill_this_level":          0,
        "miss latency": null,
        "cache queues": {
          "PQ_ACCESS": 0,
          "PQ_FULL": 0,
          "PQ_TO_CACHE": 0,
          "PQ_MERGED": 0,
          "RQ_ACCESS": 0,
          "RQ_MERGED": 0,
          "RQ_FULL": 0,
          "WQ_ACCESS": 0,
          "WQ_MERGED": 0,
          "WQ_FULL": 0
        }
      },
      "cpu0_DTLB": {
        "LOAD": {
          "hit":11333578,
          "miss":153440
        },
        "RFO": {
          "hit":0,
          "miss":0
        },
        "PREFETCH": {
          "hit":0,
          "miss":0
        },
        "WRITE": {
          "hit":0,
          "miss":0
        },
        "TRANSLATION": {
          "hit":0,
          "miss":0
        },
        "mshr full": 0,
        "prefetch requested": 0,
        "prefetch issued": 0,
        "prefetch filled": 0,
        "prefetch useful": 0,
        "prefetch useless": 0,
        "prefetch late": 0,
        "pf_useful_at_l2_from_l1":          0,
        "pf_late_at_l2_from_l1":          0,
        "pf_useless_at_l2_from_l1":          0,
        "pf_at_l2_to_l1":          0,
        "pf_fill_this_level":          0,
        "miss latency": 1.33847,
        "cache queues": {
          "PQ_ACCESS": 0,
          "PQ_FULL": 0,
          "PQ_TO_CACHE": 0,
          "PQ_MERGED": 0,
          "RQ_ACCESS": 11814203,
          "RQ_MERGED": 0,
          "RQ_FULL": 327181,
          "WQ_ACCESS": 0,
          "WQ_MERGED": 0,
          "WQ_FULL": 0
        }
      },
      "cpu3_STLB": {
        "LOAD": {
          "hit":30202,
          "miss":16574
        },
        "RFO": {
          "hit":0,
          "miss":0
        },
        "PREFETCH": {
          "hit":0,
          "miss":0
        },
        "WRITE": {
          "hit":0,
          "miss":0
        },
        "TRANSLATION": {
          "hit":0,
          "miss":0
        },
        "mshr full": 0,
        "prefetch requested": 0,
        "prefetch issued": 0,
        "prefetch filled": 0,
        "prefetch useful": 0,
        "prefetch useless": 0,
        "prefetch late": 0,
        "pf_useful_at_l2_from_l1":          0,
        "pf_late_at_l2_from_l1":          0,
        "pf_useless_at_l2_from_l1":          0,
        "pf_at_l2_to_l1":          0,
        "pf_fill_this_level":          0,
        "miss latency": 11.4701,
        "cache queues": {
          "PQ_ACCESS": 0,
          "PQ_FULL": 0,
          "PQ_TO_CACHE": 0,
          "PQ_MERGED": 0,
          "RQ_ACCESS": 46776,
          "RQ_MERGED": 0,
          "RQ_FULL": 0,
          "WQ_ACCESS": 0,
          "WQ_MERGED": 0,
          "WQ_FULL": 0
        }
      },
      "cpu2_STLB": {
        "LOAD": {
          "hit":30428,
          "miss":16612
        },
        "RFO": {
          "hit":0,
          "miss":0
        },
        "PREFETCH": {
          "hit":0,
          "miss":0
        },
        "WRITE": {
          "hit":0,
          "miss":0
        },
        "TRANSLATION": {
          "hit":0,
          "miss":0
        },
        "mshr full": 0,
        "prefetch requested": 0,
        "prefetch issued": 0,
        "prefetch filled": 0,
        "prefetch useful": 0,
        "prefetch useless": 0,
        "prefetch late": 0,
        "pf_useful_at_l2_from_l1":          0,
        "pf_late_at_l2_from_l1":          0,
        "pf_useless_at_l2_from_l1":          0,
        "pf_at_l2_to_l1":          0,
        "pf_fill_this_level":          0,
        "miss latency": 10.913,
        "cache queues": {
          "PQ_ACCESS": 0,
          "PQ_FULL": 0,
          "PQ_TO_CACHE": 0,
          "PQ_MERGED": 0,
          "RQ_ACCESS": 47040,
          "RQ_MERGED": 0,
          "RQ_FULL": 0,
          "WQ_ACCESS": 0,
          "WQ_MERGED": 0,
          "WQ_FULL": 0
        }
      },
      "cpu1_STLB": {
        "LOAD": {
          "hit":31271,
          "miss":16652
        },
        "RFO": {
          "hit":0,
          "miss":0
        },
        "PREFETCH": {
          "hit":0,
          "miss":0
        },
        "WRITE": {
          "hit":0,
          "miss":0
        },
        "TRANSLATION": {
          "hit":0,
          "miss":0
        },
        "mshr full": 0,
        "prefetch requested": 0,
        "prefetch issued": 0,
        "prefetch filled": 0,
        "prefetch useful": 0,
        "prefetch useless": 0,
        "prefetch late": 0,
        "pf_useful_at_l2_from_l1":          0,
        "pf_late_at_l2_from_l1":          0,
        "pf_useless_at_l2_from_l1":          0,
        "pf_at_l2_to_l1":          0,
        "pf_fill_this_level":          0,
        "miss latency": 11.1491,
        "cache queues": {
          "PQ_ACCESS": 0,
          "PQ_FULL": 0,
          "PQ_TO_CACHE": 0,
          "PQ_MERGED": 0,
          "RQ_ACCESS": 47923,
          "RQ_MERGED": 0,
          "RQ_FULL": 0,
          "WQ_ACCESS": 0,
          "WQ_MERGED": 0,
          "WQ_FULL": 0
        }
      },
      "cpu0_STLB": {
        "LOAD": {
          "hit":16564,
          "miss":17194
        },
        "RFO": {
          "hit":0,
          "miss":0
        },
        "PREFETCH": {
          "hit":0,
          "miss":0
        },
        "WRITE": {
          "hit":0,
          "miss":0
        },
        "TRANSLATION": {
          "hit":0,
          "miss":0
        },
        "mshr full": 0,
        "prefetch requested": 0,
        "prefetch issued": 0,
        "prefetch filled": 0,
        "prefetch useful": 0,
        "prefetch useless": 0,
        "prefetch late": 0,
        "pf_useful_at_l2_from_l1":          0,
        "pf_late_at_l2_from_l1":          0,
        "pf_useless_at_l2_from_l1":          0,
        "pf_at_l2_to_l1":          0,
        "pf_fill_this_level":          0,
        "miss latency": 10.9274,
        "cache queues": {
          "PQ_ACCESS": 0,
          "PQ_FULL": 0,
          "PQ_TO_CACHE": 0,
          "PQ_MERGED": 0,
          "RQ_ACCESS": 33758,
          "RQ_MERGED": 0,
          "RQ_FULL": 0,
          "WQ_ACCESS": 0,
          "WQ_MERGED": 0,
          "WQ_FULL": 0
        }
      },
      "cpu3_L1D": {
        "LOAD": {
          "hit":6053933,
          "miss":1041000
        },
        "RFO": {
          "hit":0,
          "miss":0
        },
        "PREFETCH": {
          "hit":73581,
          "miss":393352
        },
        "WRITE": {
          "hit":6093310,
          "miss":1376
        },
        "TRANSLATION": {
          "hit":11424,
          "miss":5156
        },
        "mshr full": 108841983,
        "prefetch requested": 466942,
        "prefetch issued": 466942,
        "prefetch filled": 177903,
        "prefetch useful": 153942,
        "prefetch useless": 51113,
        "prefetch late": 27043,
        "pf_useful_at_l2_from_l1":          0,
        "pf_late_at_l2_from_l1":          0,
        "pf_useless_at_l2_from_l1":          0,
        "pf_at_l2_to_l1":          0,
        "pf_fill_this_level":     177901,
        "miss latency": 75.6887,
        "cache queues": {
          "PQ_ACCESS": 466942,
          "PQ_FULL": 0,
          "PQ_TO_CACHE": 466942,
          "PQ_MERGED": 9,
          "RQ_ACCESS": 1905770910,
          "RQ_MERGED": 256683,
          "RQ_FULL": 1898419291,
          "WQ_ACCESS": 6211259,
          "WQ_MERGED": 116573,
          "WQ_FULL": 0
        }
      },
      "cpu2_L1D": {
        "LOAD": {
          "hit":5453398,
          "miss":1011276
        },
        "RFO": {
          "hit":0,
          "miss":0
        },
        "PREFETCH": {
          "hit":81470,
          "miss":404226
        },
        "WRITE": {
          "hit":5812182,
          "miss":1331
        },
        "TRANSLATION": {
          "hit":11550,
          "miss":5068
        },
        "mshr full": 100904029,
        "prefetch requested": 485709,
        "prefetch issued": 485709,
        "prefetch filled": 182191,
        "prefetch useful": 157892,
        "prefetch useless": 53225,
        "prefetch late": 28966,
        "pf_useful_at_l2_from_l1":          0,
        "pf_late_at_l2_from_l1":          0,
        "pf_useless_at_l2_from_l1":          0,
        "pf_at_l2_to_l1":          0,
        "pf_fill_this_level":     182190,
        "miss latency": 77.5751,
        "cache queues": {
          "PQ_ACCESS": 485709,
          "PQ_FULL": 0,
          "PQ_TO_CACHE": 485709,
          "PQ_MERGED": 12,
          "RQ_ACCESS": 1876972305,
          "RQ_MERGED": 965034,
          "RQ_FULL": 1869542597,
          "WQ_ACCESS": 6293833,
          "WQ_MERGED": 480320,
          "WQ_FULL": 0
        }
      },
      "cpu1_L1D": {
        "LOAD": {
          "hit":5122235,
          "miss":992958
        },
        "RFO": {
          "hit":0,
          "miss":0
        },
        "PREFETCH": {
          "hit":72410,
          "miss":410925
        },
        "WRITE": {
          "hit":5906259,
          "miss":1440
        },
        "TRANSLATION": {
          "hit":11484,
          "miss":5174
        },
        "mshr full": 97525722,
        "prefetch requested": 483342,
        "prefetch issued": 483342,
        "prefetch filled": 185500,
        "prefetch useful": 163354,
        "prefetch useless": 51882,
        "prefetch late": 29733,
        "pf_useful_at_l2_from_l1":          0,
        "pf_late_at_l2_from_l1":          0,
        "pf_useless_at_l2_from_l1":          0,
        "pf_at_l2_to_l1":          1,
        "pf_fill_this_level":     185493,
        "miss latency": 78.9716,
        "cache queues": {
          "PQ_ACCESS": 483342,
          "PQ_FULL": 0,
          "PQ_TO_CACHE": 483342,
          "PQ_MERGED": 7,
          "RQ_ACCESS": 1877778839,
          "RQ_MERGED": 1351273,
          "RQ_FULL": 1870312373,
          "WQ_ACCESS": 6329604,
          "WQ_MERGED": 421905,
          "WQ_FULL": 0
        }
      },
      "cpu0_L1D": {
        "LOAD": {
          "hit":5367461,
          "miss":1122320
        },
        "RFO": {
          "hit":0,
          "miss":0
        },
        "PREFETCH": {
          "hit":74026,
          "miss":364873
        },
        "WRITE": {
          "hit":5385163,
          "miss":1266
        },
        "TRANSLATION": {
          "hit":11958,
          "miss":5241
        },
        "mshr full": 103990689,
        "prefetch requested": 438914,
        "prefetch issued": 438914,
        "prefetch filled": 161360,
        "prefetch useful": 139168,
        "prefetch useless": 48813,
        "prefetch late": 26764,
        "pf_useful_at_l2_from_l1":          0,
        "pf_late_at_l2_from_l1":          0,
        "pf_useless_at_l2_from_l1":          0,
        "pf_at_l2_to_l1":          1,
        "pf_fill_this_level":     161358,
        "miss latency": 70.7112,
        "cache queues": {
          "PQ_ACCESS": 438914,
          "PQ_FULL": 0,
          "PQ_TO_CACHE": 438914,
          "PQ_MERGED": 10,
          "RQ_ACCESS": 1860326974,
          "RQ_MERGED": 331314,
          "RQ_FULL": 1853505916,
          "WQ_ACCESS": 5549457,
          "WQ_MERGED": 163024,
          "WQ_FULL": 0
        }
      },
      "cpu3_L2C": {
        "LOAD": {
          "hit":52663,
          "miss":691547
        },
        "RFO": {
          "hit":344,
          "miss":18
        },
        "PREFETCH": {
          "hit":72713,
          "miss":283313
        },
        "WRITE": {
          "hit":19136,
          "miss":0
        },
        "TRANSLATION": {
          "hit":3266,
          "miss":1890
        },
        "mshr full": 81894,
        "prefetch requested": 0,
        "prefetch issued": 0,
        "prefetch filled": 279130,
        "prefetch useful": 0,
        "prefetch useless": 0,
        "prefetch late": 0,
        "pf_useful_at_l2_from_l1":      45851,
        "pf_late_at_l2_from_l1":       4101,
        "pf_useless_at_l2_from_l1":      49357,
        "pf_at_l2_to_l1":       1529,
        "pf_fill_this_level":      92564,
        "miss latency": 123.161,
        "cache queues": {
          "PQ_ACCESS": 356026,
          "PQ_FULL": 0,
          "PQ_TO_CACHE": 356026,
          "PQ_MERGED": 0,
          "RQ_ACCESS": 749750,
          "RQ_MERGED": 0,
          "RQ_FULL": 0,
          "WQ_ACCESS": 19446,
          "WQ_MERGED": 0,
          "WQ_FULL": 0
        }
      },
      "cpu2_L2C": {
        "LOAD": {
          "hit":54802,
          "miss":687326
        },
        "RFO": {
          "hit":335,
          "miss":23
        },
        "PREFETCH": {
          "hit":72128,
          "miss":293955
        },
        "WRITE": {
          "hit":19676,
          "miss":0
        },
        "TRANSLATION": {
          "hit":3257,
          "miss":1811
        },
        "mshr full": 85153,
        "prefetch requested": 0,
        "prefetch issued": 0,
        "prefetch filled": 289538,
        "prefetch useful": 0,
        "prefetch useless": 0,
        "prefetch late": 0,
        "pf_useful_at_l2_from_l1":      48351,
        "pf_late_at_l2_from_l1":       4273,
        "pf_useless_at_l2_from_l1":      51667,
        "pf_at_l2_to_l1":       2004,
        "pf_fill_this_level":      97960,
        "miss latency": 123.984,
        "cache queues": {
          "PQ_ACCESS": 367082,
          "PQ_FULL": 998,
          "PQ_TO_CACHE": 366084,
          "PQ_MERGED": 0,
          "RQ_ACCESS": 747585,
          "RQ_MERGED": 0,
          "RQ_FULL": 0,
          "WQ_ACCESS": 20010,
          "WQ_MERGED": 0,
          "WQ_FULL": 0
        }
      },
      "cpu1_L2C": {
        "LOAD": {
          "hit":52053,
          "miss":686704
        },
        "RFO": {
          "hit":350,
          "miss":25
        },
        "PREFETCH": {
          "hit":76114,
          "miss":296882
        },
        "WRITE": {
          "hit":19619,
          "miss":0
        },
        "TRANSLATION": {
          "hit":3277,
          "miss":1897
        },
        "mshr full": 100601,
        "prefetch requested": 0,
        "prefetch issued": 0,
        "prefetch filled": 292541,
        "prefetch useful": 0,
        "prefetch useless": 0,
        "prefetch late": 0,
        "pf_useful_at_l2_from_l1":      44948,
        "pf_late_at_l2_from_l1":       4118,
        "pf_useless_at_l2_from_l1":      54991,
        "pf_at_l2_to_l1":       1802,
        "pf_fill_this_level":      97574,
        "miss latency": 124.263,
        "cache queues": {
          "PQ_ACCESS": 373019,
          "PQ_FULL": 19,
          "PQ_TO_CACHE": 373000,
          "PQ_MERGED": 2,
          "RQ_ACCESS": 744336,
          "RQ_MERGED": 0,
          "RQ_FULL": 0,
          "WQ_ACCESS": 19962,
          "WQ_MERGED": 0,
          "WQ_FULL": 0
        }
      },
      "cpu0_L2C": {
        "LOAD": {
          "hit":50584,
          "miss":757083
        },
        "RFO": {
          "hit":319,
          "miss":20
        },
        "PREFETCH": {
          "hit":68153,
          "miss":260976
        },
        "WRITE": {
          "hit":18484,
          "miss":0
        },
        "TRANSLATION": {
          "hit":3260,
          "miss":1981
        },
        "mshr full": 77696,
        "prefetch requested": 0,
        "prefetch issued": 0,
        "prefetch filled": 256784,
        "prefetch useful": 0,
        "prefetch useless": 0,
        "prefetch late": 0,
        "pf_useful_at_l2_from_l1":      44333,
        "pf_late_at_l2_from_l1":       4085,
        "pf_useless_at_l2_from_l1":      43760,
        "pf_at_l2_to_l1":       1662,
        "pf_fill_this_level":      87444,
        "miss latency": 114.721,
        "cache queues": {
          "PQ_ACCESS": 329126,
          "PQ_FULL": 0,
          "PQ_TO_CACHE": 329126,
          "PQ_MERGED": 0,
          "RQ_ACCESS": 813264,
          "RQ_MERGED": 0,
          "RQ_FULL": 0,
          "WQ_ACCESS": 18768,
          "WQ_MERGED": 0,
          "WQ_FULL": 0
        }
      },
      "LLC": {
        "LOAD": {
          "hit": [9815, 1314, 1469, 1322],
          "miss": [743186, 681274, 681586, 686125]
        },
        "RFO": {
          "hit": [2, 9, 8, 6],
          "miss": [16, 14, 13, 11]
        },
        "PREFETCH": {
          "hit": [4475, 4370, 4451, 3971],
          "miss": [256405, 292320, 289367, 279266]
        },
        "WRITE": {
          "hit": [9943, 11738, 11779, 10694],
          "miss": [0, 0, 0, 0]
        },
        "TRANSLATION": {
          "hit": [720, 740, 649, 694],
          "miss": [1261, 1157, 1162, 1196]
        },
        "mshr full": 0,
        "prefetch requested": 0,
        "prefetch issued": 0,
        "prefetch filled": 1117307,
        "prefetch useful": 0,
        "prefetch useless": 0,
        "prefetch late": 0,
        "pf_useful_at_l2_from_l1":          0,
        "pf_late_at_l2_from_l1":          0,
        "pf_useless_at_l2_from_l1":          0,
        "pf_at_l2_to_l1":       1478,
        "pf_fill_this_level":          0,
        "miss latency": 120.936,
        "cache queues": {
          "PQ_ACCESS": 1134566,
          "PQ_FULL": 0,
          "PQ_TO_CACHE": 1134566,
          "PQ_MERGED": 0,
          "RQ_ACCESS": 2813748,
          "RQ_MERGED": 0,
          "RQ_FULL": 0,
          "WQ_ACCESS": 47501,
          "WQ_MERGED": 0,
          "WQ_FULL": 0
        }
      },
      "DRAM": [
        {
          "RQ ROW_BUFFER_HIT": 1508159,
          "RQ ROW_BUFFER_MISS": 2405647,
          "PQ FULL": 8416122,
          "WQ ROW_BUFFER_HIT": 3295,
          "WQ ROW_BUFFER_MISS": 38867,
          "WQ FULL": 0,
          "AVG DBUS CONGESTED CYCLE": 3.95628
        }
      ]

    }
  }
]
cpu3_ITLB
cpu3_DTLB
cpu2_ITLB
cpu2_DTLB
cpu1_ITLB
cpu1_DTLB
cpu0_ITLB
cpu0_DTLB
cpu3_STLB
cpu2_STLB
cpu1_STLB
cpu0_STLB
Prefetch Request to L1: 1149219, Prefetch Request to L2: 725688
Invalid by Eviction: 82730
Invalid by Max: 33112
Filter table begin
 ┌────────────────────┬─────────────┐
 | Region             | Offset      |
 ├────────────────────┼─────────────┤
 | 0x00000000000068c1 | 31          |
 ├────────────────────┼─────────────┤
 | 0x000000000000748c | 31          |
 ├────────────────────┼─────────────┤
 | 0x0000000000004791 | 31          |
 ├────────────────────┼─────────────┤
 | 0x00000000000050fb | 0           |
 ├────────────────────┼─────────────┤
 | 0x0000000000005271 | 0           |
 ├────────────────────┼─────────────┤
 | 0x000000000000729d | 0           |
 ├────────────────────┼─────────────┤
 | 0x000000000000031d | 11          |
 ├────────────────────┼─────────────┤
 | 0x00000000000064e9 | 0           |
 ├────────────────────┼─────────────┤
 | 0x00000000000067da | 31          |
 ├────────────────────┼─────────────┤
 | 0x000000000000806e | 31          |
 ├────────────────────┼─────────────┤
 | 0x0000000000000269 | 1           |
 ├────────────────────┼─────────────┤
 | 0x00000000000046f6 | 0           |
 ├────────────────────┼─────────────┤
 | 0x0000000000005d2e | 0           |
 ├────────────────────┼─────────────┤
 | 0x0000000000008f0f | 31          |
 ├────────────────────┼─────────────┤
 | 0x000000000000475c | 31          |
 ├────────────────────┼─────────────┤
 | 0x000000000000136d | 31          |
 ├────────────────────┼─────────────┤
 | 0x000000000000648a | 31          |
 ├────────────────────┼─────────────┤
 | 0x0000000000008cd3 | 0           |
 ├────────────────────┼─────────────┤
 | 0x0000000000000b54 | 0           |
 ├────────────────────┼─────────────┤
 | 0x00000000000066d2 | 31          |
 ├────────────────────┼─────────────┤
 | 0x0000000000006083 | 31          |
 └────────────────────┴─────────────┘
Filter table end
Accumulation table begin
 ┌────────────────────┬─────────────┬─────────────┬──────────────────────────────────────────────────────────────────┐
 | Region             | Offset      | Second      | Pattern                                                          |
 ├────────────────────┼─────────────┼─────────────┼──────────────────────────────────────────────────────────────────┤
 | 0x0000000000005ffc | 20          | 19          | 0 0 0 0 0 0 0 0 0 0 0 0 0 0 0 0 0 0 1 1 1 0 0 0 0 0 0 0 0 0 0 0  |
 ├────────────────────┼─────────────┼─────────────┼──────────────────────────────────────────────────────────────────┤
 | 0x0000000000000309 | 20          | 22          | 0 0 0 0 0 0 0 0 0 0 0 0 0 0 0 0 0 0 0 0 1 1 1 0 0 1 1 0 0 0 0 0  |
 ├────────────────────┼─────────────┼─────────────┼──────────────────────────────────────────────────────────────────┤
 | 0x0000000000001dd4 | 30          | 31          | 1 1 1 0 1 1 1 1 1 1 1 1 1 1 1 1 0 1 1 1 1 1 1 1 1 1 1 1 1 0 1 1  |
 ├────────────────────┼─────────────┼─────────────┼──────────────────────────────────────────────────────────────────┤
 | 0x0000000000004d21 | 20          | 19          | 0 0 0 0 0 0 0 0 0 0 0 0 0 0 0 0 0 0 1 1 1 0 0 0 0 0 0 0 0 0 0 0  |
 ├────────────────────┼─────────────┼─────────────┼──────────────────────────────────────────────────────────────────┤
 | 0x0000000000009137 | 18          | 17          | 0 0 0 0 0 0 0 0 0 0 0 0 0 0 0 0 0 1 1 0 0 0 0 0 0 0 0 0 0 0 0 0  |
 ├────────────────────┼─────────────┼─────────────┼──────────────────────────────────────────────────────────────────┤
 | 0x0000000000001dde | 31          | 28          | 0 1 1 0 1 1 0 1 1 0 1 1 0 1 1 0 1 1 0 1 1 0 1 1 0 1 1 0 1 1 0 1  |
 ├────────────────────┼─────────────┼─────────────┼──────────────────────────────────────────────────────────────────┤
 | 0x0000000000001df0 | 31          | 29          | 0 0 0 0 0 0 0 0 0 0 0 0 0 1 1 0 1 1 1 1 1 1 1 1 1 1 1 1 0 1 1 1  |
 ├────────────────────┼─────────────┼─────────────┼──────────────────────────────────────────────────────────────────┤
 | 0x0000000000001df3 | 29          | 25          | 0 1 1 0 1 1 0 1 1 0 1 1 0 1 1 0 1 1 0 1 1 0 1 1 0 1 1 0 1 1 0 1  |
 ├────────────────────┼─────────────┼─────────────┼──────────────────────────────────────────────────────────────────┤
 | 0x000000000000030a | 2           | 1           | 1 1 1 0 0 0 0 0 0 0 0 0 0 0 0 1 1 0 0 0 0 0 0 0 0 0 0 0 0 0 0 0  |
 ├────────────────────┼─────────────┼─────────────┼──────────────────────────────────────────────────────────────────┤
 | 0x000000000000925e | 0           | 2           | 1 1 1 0 0 0 0 0 0 0 0 0 0 0 0 0 0 0 0 0 0 0 0 0 0 0 0 0 0 0 0 0  |
 ├────────────────────┼─────────────┼─────────────┼──────────────────────────────────────────────────────────────────┤
 | 0x0000000000001de4 | 29          | 30          | 1 0 1 1 0 1 1 0 1 1 0 1 1 0 1 1 0 1 1 0 1 1 0 1 1 0 1 1 0 1 1 0  |
 ├────────────────────┼─────────────┼─────────────┼──────────────────────────────────────────────────────────────────┤
 | 0x000000000000034d | 10          | 12          | 0 0 0 0 0 0 0 0 0 0 1 1 1 0 0 0 0 0 0 0 0 0 0 0 0 0 0 0 0 0 0 0  |
 ├────────────────────┼─────────────┼─────────────┼──────────────────────────────────────────────────────────────────┤
 | 0x000000000000878d | 20          | 19          | 0 0 0 0 0 0 0 0 0 0 0 0 0 0 0 0 0 0 1 1 1 0 0 0 0 0 0 0 0 0 0 0  |
 ├────────────────────┼─────────────┼─────────────┼──────────────────────────────────────────────────────────────────┤
 | 0x0000000000008a25 | 20          | 19          | 0 0 0 0 0 0 0 0 0 0 0 0 0 0 0 0 0 0 1 1 1 0 0 0 0 0 0 0 0 0 0 0  |
 ├────────────────────┼─────────────┼─────────────┼──────────────────────────────────────────────────────────────────┤
 | 0x0000000000009276 | 10          | 9           | 0 0 0 0 0 0 0 0 0 1 1 0 0 0 0 1 1 1 1 0 0 0 0 0 0 1 1 0 0 0 0 1  |
 ├────────────────────┼─────────────┼─────────────┼──────────────────────────────────────────────────────────────────┤
 | 0x0000000000000348 | 16          | 15          | 0 0 0 0 0 0 0 0 0 0 0 0 0 0 1 1 1 0 0 0 0 0 0 0 0 0 0 0 0 0 0 0  |
 ├────────────────────┼─────────────┼─────────────┼──────────────────────────────────────────────────────────────────┤
 | 0x0000000000001df1 | 31          | 30          | 1 1 1 1 1 1 1 1 1 0 1 1 1 1 1 1 1 1 1 1 1 1 0 1 1 1 1 1 1 1 1 1  |
 ├────────────────────┼─────────────┼─────────────┼──────────────────────────────────────────────────────────────────┤
 | 0x0000000000000351 | 4           | 3           | 0 0 1 1 1 0 0 0 0 0 0 0 0 0 0 0 0 0 0 0 0 0 0 0 0 0 0 0 0 0 0 0  |
 ├────────────────────┼─────────────┼─────────────┼──────────────────────────────────────────────────────────────────┤
 | 0x000000000000033d | 2           | 1           | 1 1 1 0 0 0 0 0 0 0 0 0 0 0 0 0 0 0 0 0 0 0 0 0 0 0 0 0 0 0 0 0  |
 ├────────────────────┼─────────────┼─────────────┼──────────────────────────────────────────────────────────────────┤
 | 0x0000000000008ecb | 21          | 20          | 0 0 0 0 0 0 0 0 0 0 0 0 0 0 0 0 0 0 0 0 1 1 1 0 0 0 0 0 0 0 0 0  |
 ├────────────────────┼─────────────┼─────────────┼──────────────────────────────────────────────────────────────────┤
 | 0x0000000000009277 | 0           | 6           | 1 0 0 0 0 1 1 0 0 1 1 0 0 1 1 0 0 1 1 0 0 0 0 0 0 0 0 0 0 0 0 0  |
 ├────────────────────┼─────────────┼─────────────┼──────────────────────────────────────────────────────────────────┤
 | 0x0000000000009217 | 0           | 2           | 1 1 1 1 1 1 1 0 1 1 1 1 1 1 1 1 1 1 1 0 0 0 0 0 0 0 0 0 0 0 0 0  |
 ├────────────────────┼─────────────┼─────────────┼──────────────────────────────────────────────────────────────────┤
 | 0x0000000000008c77 | 19          | 20          | 0 0 0 0 0 0 0 0 0 0 0 0 0 0 0 0 0 0 0 1 1 0 0 0 0 0 0 0 0 0 0 0  |
 ├────────────────────┼─────────────┼─────────────┼──────────────────────────────────────────────────────────────────┤
 | 0x00000000000072d9 | 20          | 19          | 0 0 0 0 0 0 0 0 0 0 0 0 0 0 0 0 0 0 1 1 1 0 0 0 0 0 0 0 0 0 0 0  |
 ├────────────────────┼─────────────┼─────────────┼──────────────────────────────────────────────────────────────────┤
 | 0x0000000000001df2 | 30          | 31          | 0 0 0 1 1 0 1 1 0 1 1 0 1 1 0 1 1 0 1 1 0 1 1 0 1 1 0 1 1 0 1 1  |
 ├────────────────────┼─────────────┼─────────────┼──────────────────────────────────────────────────────────────────┤
 | 0x0000000000000304 | 16          | 15          | 0 0 0 0 0 0 0 0 0 0 0 0 0 0 0 1 1 0 0 0 0 0 0 0 0 0 0 0 0 0 0 0  |
 ├────────────────────┼─────────────┼─────────────┼──────────────────────────────────────────────────────────────────┤
 | 0x0000000000001ddf | 29          | 30          | 1 0 1 1 0 1 1 0 1 1 0 1 1 0 1 1 0 1 1 0 1 1 0 1 1 0 1 1 0 1 1 0  |
 ├────────────────────┼─────────────┼─────────────┼──────────────────────────────────────────────────────────────────┤
 | 0x0000000000001de5 | 30          | 31          | 1 1 0 1 1 0 1 1 0 1 1 0 1 1 0 1 1 0 1 1 0 1 1 0 1 1 0 1 1 0 1 1  |
 ├────────────────────┼─────────────┼─────────────┼──────────────────────────────────────────────────────────────────┤
 | 0x000000000000900b | 26          | 25          | 0 0 0 0 0 0 0 0 0 0 0 0 0 0 0 0 0 0 0 0 0 0 0 0 0 1 1 0 0 0 0 0  |
 ├────────────────────┼─────────────┼─────────────┼──────────────────────────────────────────────────────────────────┤
 | 0x0000000000009148 | 18          | 17          | 0 0 0 0 0 0 0 0 0 0 0 0 0 0 0 0 1 1 1 0 0 0 0 0 0 0 0 0 0 0 0 0  |
 ├────────────────────┼─────────────┼─────────────┼──────────────────────────────────────────────────────────────────┤
 | 0x000000000000030b | 14          | 13          | 0 0 0 0 0 0 0 0 0 0 0 0 0 1 1 0 0 0 0 0 0 0 0 0 0 0 0 0 0 0 0 0  |
 ├────────────────────┼─────────────┼─────────────┼──────────────────────────────────────────────────────────────────┤
 | 0x000000000000032f | 10          | 9           | 0 0 0 0 0 0 0 0 0 1 1 0 0 0 0 0 0 0 0 0 0 0 0 0 0 0 0 0 0 0 0 0  |
 └────────────────────┴─────────────┴─────────────┴──────────────────────────────────────────────────────────────────┘
Accumulation table end
Offset pattern table begin
 ┌────────────────────┬─────────────┬──────────────────────────────────────────────────────────────────────────────────────────────────┐
 | Key                | Second      | Pattern                                                                                          |
 ├────────────────────┼─────────────┼──────────────────────────────────────────────────────────────────────────────────────────────────┤
 | 0x0000000000000000 | 6           | 31 30 30 14 14 18 18 17 18 19 19 10 10 14 14 15 16 14 14 4 4 7 7 8 8 10 10 4 4 7 7 6             |
 ├────────────────────┼─────────────┼──────────────────────────────────────────────────────────────────────────────────────────────────┤
 | 0x0000000000000001 | 2           | 28 24 5 6 4 3 5 5 6 8 5 4 5 6 4 6 8 6 2 2 1 2 4 2 3 4 1 3 3 2 2 17                               |
 ├────────────────────┼─────────────┼──────────────────────────────────────────────────────────────────────────────────────────────────┤
 | 0x0000000000000002 | 1           | 25 2 3 1 1 1 1 8 8 0 0 4 4 8 8 10 10 0 0 1 1 1 2 6 6 0 1 2 3 3 13 24                             |
 ├────────────────────┼─────────────┼──────────────────────────────────────────────────────────────────────────────────────────────────┤
 | 0x0000000000000003 | 4           | 27 22 6 8 3 3 6 4 4 6 3 3 6 3 3 6 3 3 5 3 2 5 2 2 5 3 2 5 3 8 5 16                               |
 ├────────────────────┼─────────────┼──────────────────────────────────────────────────────────────────────────────────────────────────┤
 | 0x0000000000000004 | 3           | 27 8 8 3 3 3 3 2 2 1 1 1 1 0 0 2 2 1 1 0 0 0 1 1 1 0 1 1 0 0 15 26                               |
 ├────────────────────┼─────────────┼──────────────────────────────────────────────────────────────────────────────────────────────────┤
 | 0x0000000000000005 | 6           | 27 25 2 8 6 0 6 6 0 7 7 1 6 6 0 6 6 1 7 7 0 7 6 0 6 6 0 9 1 10 9 13                              |
 ├────────────────────┼─────────────┼──────────────────────────────────────────────────────────────────────────────────────────────────┤
 | 0x0000000000000006 | 5           | 19 9 9 5 5 2 2 3 3 2 2 2 2 0 0 0 0 0 0 1 1 0 0 0 0 0 0 0 1 4 8 18                                |
 ├────────────────────┼─────────────┼──────────────────────────────────────────────────────────────────────────────────────────────────┤
 | 0x0000000000000007 | 8           | 20 17 7 9 7 6 8 5 3 5 4 3 3 3 2 5 3 2 5 3 1 3 2 1 3 3 5 5 4 7 7 10                               |
 ├────────────────────┼─────────────┼──────────────────────────────────────────────────────────────────────────────────────────────────┤
 | 0x0000000000000008 | 7           | 21 11 11 4 4 4 4 2 2 1 1 0 0 0 0 0 0 1 1 0 1 1 1 1 0 0 0 1 1 1 11 20                             |
 ├────────────────────┼─────────────┼──────────────────────────────────────────────────────────────────────────────────────────────────┤
 | 0x0000000000000009 | 10          | 17 13 3 11 8 3 11 8 2 10 8 2 10 8 2 10 8 2 10 8 2 10 8 12 9 3 13 10 2 13 10 3                    |
 ├────────────────────┼─────────────┼──────────────────────────────────────────────────────────────────────────────────────────────────┤
 | 0x000000000000000a | 9           | 30 11 10 10 10 5 6 9 8 2 2 1 2 2 1 5 5 0 1 2 1 1 0 1 1 1 4 2 2 5 11 27                           |
 ├────────────────────┼─────────────┼──────────────────────────────────────────────────────────────────────────────────────────────────┤
 | 0x000000000000000b | 12          | 27 24 2 18 15 1 17 15 1 17 15 1 17 15 1 17 15 1 17 15 1 18 1 20 18 1 20 18 1 20 18 6             |
 ├────────────────────┼─────────────┼──────────────────────────────────────────────────────────────────────────────────────────────────┤
 | 0x000000000000000c | 11          | 24 10 11 9 9 3 3 1 0 1 1 1 1 1 1 0 0 0 0 0 0 0 0 1 1 1 1 0 0 0 13 23                             |
 ├────────────────────┼─────────────┼──────────────────────────────────────────────────────────────────────────────────────────────────┤
 | 0x000000000000000d | 14          | 17 14 3 13 10 2 12 10 2 12 10 2 12 10 2 12 10 2 12 2 12 10 2 13 10 2 12 10 2 13 11 5             |
 ├────────────────────┼─────────────┼──────────────────────────────────────────────────────────────────────────────────────────────────┤
 | 0x000000000000000e | 13          | 17 8 8 6 6 1 1 1 1 0 0 1 1 0 0 0 0 0 0 0 0 0 0 0 0 0 0 0 0 2 5 16                                |
 ├────────────────────┼─────────────┼──────────────────────────────────────────────────────────────────────────────────────────────────┤
 | 0x000000000000000f | 16          | 21 17 6 17 11 3 15 11 3 15 11 3 15 11 3 15 11 15 11 3 15 11 3 14 11 3 15 11 3 15 12 8            |
 ├────────────────────┼─────────────┼──────────────────────────────────────────────────────────────────────────────────────────────────┤
 | 0x0000000000000010 | 15          | 25 10 11 2 1 2 2 1 2 2 1 1 1 0 1 2 2 2 2 2 2 0 1 1 0 1 2 1 2 1 10 24                             |
 ├────────────────────┼─────────────┼──────────────────────────────────────────────────────────────────────────────────────────────────┤
 | 0x0000000000000011 | 18          | 30 18 11 24 14 11 24 14 12 25 14 11 25 15 12 14 10 24 14 10 24 15 11 24 14 10 24 14 10 24 14 14  |
 ├────────────────────┼─────────────┼──────────────────────────────────────────────────────────────────────────────────────────────────┤
 | 0x0000000000000012 | 17          | 27 10 9 2 2 2 3 4 3 1 1 0 1 1 1 1 1 2 2 1 2 1 0 1 2 3 4 3 4 6 12 22                              |
 ├────────────────────┼─────────────┼──────────────────────────────────────────────────────────────────────────────────────────────────┤
 | 0x0000000000000013 | 20          | 16 14 2 9 7 2 8 7 2 8 7 2 8 1 7 6 1 7 7 1 7 7 1 7 7 1 8 7 1 8 7 6                                |
 ├────────────────────┼─────────────┼──────────────────────────────────────────────────────────────────────────────────────────────────┤
 | 0x0000000000000014 | 19          | 16 5 6 1 0 5 5 0 0 0 0 0 0 0 0 0 0 0 0 0 0 0 0 0 0 0 0 0 0 0 7 11                                |
 ├────────────────────┼─────────────┼──────────────────────────────────────────────────────────────────────────────────────────────────┤
 | 0x0000000000000015 | 22          | 23 21 3 9 14 8 9 8 3 8 8 9 9 2 9 8 3 9 8 3 9 9 3 9 9 3 9 9 3 9 9 13                              |
 ├────────────────────┼─────────────┼──────────────────────────────────────────────────────────────────────────────────────────────────┤
 | 0x0000000000000016 | 21          | 17 6 5 5 4 1 2 2 1 2 0 2 1 0 2 1 0 2 1 0 2 1 0 2 1 0 2 1 1 4 9 15                                |
 ├────────────────────┼─────────────┼──────────────────────────────────────────────────────────────────────────────────────────────────┤
 | 0x0000000000000017 | 24          | 27 20 13 24 19 14 25 20 13 19 13 24 20 14 24 19 13 24 17 14 23 18 13 24 19 14 25 19 14 24 18 13  |
 ├────────────────────┼─────────────┼──────────────────────────────────────────────────────────────────────────────────────────────────┤
 | 0x0000000000000018 | 23          | 24 12 12 10 6 6 9 4 6 3 4 6 3 4 6 3 4 6 3 4 6 2 4 6 3 4 7 4 5 7 13 21                            |
 ├────────────────────┼─────────────┼──────────────────────────────────────────────────────────────────────────────────────────────────┤
 | 0x0000000000000019 | 26          | 30 21 17 24 17 17 23 13 22 15 15 23 16 15 23 14 13 23 15 15 21 16 14 23 16 15 23 16 14 23 18 18  |
 ├────────────────────┼─────────────┼──────────────────────────────────────────────────────────────────────────────────────────────────┤
 | 0x000000000000001a | 25          | 19 11 5 13 12 4 7 2 8 7 2 9 7 2 9 7 2 9 7 2 9 7 2 9 7 3 9 7 2 11 11 12                           |
 ├────────────────────┼─────────────┼──────────────────────────────────────────────────────────────────────────────────────────────────┤
 | 0x000000000000001b | 28          | 26 23 5 25 23 25 24 4 25 23 4 25 24 5 25 23 4 25 23 5 24 23 4 25 24 5 25 24 5 25 24 5            |
 ├────────────────────┼─────────────┼──────────────────────────────────────────────────────────────────────────────────────────────────┤
 | 0x000000000000001c | 27          | 29 20 14 19 6 13 13 6 15 13 5 15 13 5 15 13 6 15 12 6 15 13 7 14 14 6 13 13 6 15 20 19           |
 ├────────────────────┼─────────────┼──────────────────────────────────────────────────────────────────────────────────────────────────┤
 | 0x000000000000001d | 30          | 17 16 0 16 1 16 16 1 16 16 1 16 16 1 16 16 1 16 16 1 16 16 1 16 16 1 16 16 0 16 16 1             |
 ├────────────────────┼─────────────┼──────────────────────────────────────────────────────────────────────────────────────────────────┤
 | 0x000000000000001e | 31          | 23 20 17 19 8 18 19 7 19 19 7 19 18 8 19 17 8 19 17 8 18 19 8 18 19 8 19 19 6 20 20 10           |
 ├────────────────────┼─────────────┼──────────────────────────────────────────────────────────────────────────────────────────────────┤
 | 0x000000000000001f | 28          | 27 14 23 24 14 23 25 12 23 25 13 23 24 13 25 23 13 25 23 14 23 23 14 24 23 13 24 25 12 24 25 13  |
 └────────────────────┴─────────────┴──────────────────────────────────────────────────────────────────────────────────────────────────┘
Offset pattern table end
PC pattern table begin
 ┌────────────────────┬─────────────┬──────────────────────────────────────────────────┐
 | Key                | Second      | Pattern                                          |
 ├────────────────────┼─────────────┼──────────────────────────────────────────────────┤
 | 0x0000000000000000 | 15          | 20 0 0 0 0 0 0 0 0 0 0 0 0 0 0 20                |
 ├────────────────────┼─────────────┼──────────────────────────────────────────────────┤
 | 0x0000000000000003 | 30          | 28 27 26 26 26 26 26 26 26 26 26 26 26 26 26 26  |
 ├────────────────────┼─────────────┼──────────────────────────────────────────────────┤
 | 0x0000000000000008 | 3           | 25 25 14 0 0 0 0 0 0 0 0 0 0 0 0 0               |
 ├────────────────────┼─────────────┼──────────────────────────────────────────────────┤
 | 0x000000000000000b | 2           | 31 30 9 2 1 1 1 1 0 0 0 0 0 0 0 2                |
 ├────────────────────┼─────────────┼──────────────────────────────────────────────────┤
 | 0x000000000000000f | 8           | 21 15 8 7 0 0 0 0 0 0 0 0 0 0 1 8                |
 ├────────────────────┼─────────────┼──────────────────────────────────────────────────┤
 | 0x0000000000000010 | 11          | 16 15 0 0 0 0 0 3 3 0 0 0 0 0 0 0                |
 ├────────────────────┼─────────────┼──────────────────────────────────────────────────┤
 | 0x0000000000000011 | 7           | 23 11 6 4 1 1 3 3 1 0 0 0 0 0 1 21               |
 ├────────────────────┼─────────────┼──────────────────────────────────────────────────┤
 | 0x0000000000000012 | 11          | 25 21 18 12 10 10 10 10 10 10 11 11 11 11 12 20  |
 ├────────────────────┼─────────────┼──────────────────────────────────────────────────┤
 | 0x0000000000000014 | 15          | 6 0 0 0 0 0 0 0 0 0 0 0 0 0 0 6                  |
 ├────────────────────┼─────────────┼──────────────────────────────────────────────────┤
 | 0x0000000000000017 | 30          | 26 25 25 25 25 25 25 25 25 25 25 25 25 25 25 25  |
 ├────────────────────┼─────────────┼──────────────────────────────────────────────────┤
 | 0x0000000000000019 | 25          | 16 10 1 1 0 0 0 0 0 0 0 0 0 0 0 8                |
 ├────────────────────┼─────────────┼──────────────────────────────────────────────────┤
 | 0x000000000000001a | 15          | 1 0 0 0 0 0 0 0 0 0 0 0 0 0 0 1                  |
 ├────────────────────┼─────────────┼──────────────────────────────────────────────────┤
 | 0x000000000000001b | 30          | 31 30 30 30 30 30 30 30 30 30 30 30 30 30 30 30  |
 ├────────────────────┼─────────────┼──────────────────────────────────────────────────┤
 | 0x000000000000001c | 28          | 26 1 1 0 0 0 0 0 0 0 2 2 1 2 7 8                 |
 ├────────────────────┼─────────────┼──────────────────────────────────────────────────┤
 | 0x000000000000001e | 9           | 25 13 3 4 5 7 9 11 13 14 16 18 20 21 22 24       |
 ├────────────────────┼─────────────┼──────────────────────────────────────────────────┤
 | 0x000000000000001f | 30          | 28 27 27 27 27 27 27 27 27 27 27 27 27 27 27 27  |
 └────────────────────┴─────────────┴──────────────────────────────────────────────────┘
PC pattern table end
Prefetch buffer begin
 ┌────────────────────┬──────────────────────────────────────────────────────────────────┐
 | Region             | Pattern                                                          |
 ├────────────────────┼──────────────────────────────────────────────────────────────────┤
 | 0x0000000000001d2e | 0 0 0 0 0 0 0 0 0 0 0 0 0 0 0 0 0 0 0 0 0 0 0 2 0 0 2 0 0 2 0 0  |
 ├────────────────────┼──────────────────────────────────────────────────────────────────┤
 | 0x0000000000001b33 | 0 0 1 0 0 0 0 0 0 0 0 0 0 0 0 0 0 0 0 0 0 0 0 0 0 0 0 0 0 0 0 0  |
 ├────────────────────┼──────────────────────────────────────────────────────────────────┤
 | 0x0000000000001dde | 0 0 0 0 0 0 2 0 0 2 0 0 2 0 0 2 0 0 1 0 0 0 0 0 0 0 0 0 0 0 0 0  |
 ├────────────────────┼──────────────────────────────────────────────────────────────────┤
 | 0x0000000000001ba5 | 0 0 2 0 0 0 0 0 0 0 0 0 0 0 0 0 0 0 0 0 2 0 0 2 0 0 2 0 0 2 0 0  |
 ├────────────────────┼──────────────────────────────────────────────────────────────────┤
 | 0x0000000000001c61 | 0 0 2 0 0 2 0 0 0 0 0 0 0 0 0 0 0 0 0 0 0 0 0 0 0 0 0 0 0 0 0 0  |
 ├────────────────────┼──────────────────────────────────────────────────────────────────┤
 | 0x0000000000001bbe | 0 0 2 0 0 2 0 0 2 0 0 0 0 0 0 0 0 0 0 0 0 0 0 2 0 0 2 0 0 2 0 0  |
 ├────────────────────┼──────────────────────────────────────────────────────────────────┤
 | 0x0000000000001aa5 | 1 0 0 1 0 0 1 0 0 1 0 0 0 0 0 0 0 0 0 0 0 0 0 0 0 0 0 0 0 0 0 0  |
 ├────────────────────┼──────────────────────────────────────────────────────────────────┤
 | 0x0000000000001a78 | 2 0 0 2 0 0 2 0 0 2 0 0 2 0 0 2 0 0 2 0 0 0 0 0 0 0 0 0 0 0 0 0  |
 ├────────────────────┼──────────────────────────────────────────────────────────────────┤
 | 0x0000000000001a69 | 1 0 0 1 0 0 1 0 0 1 0 0 2 0 0 2 0 0 1 0 0 1 0 0 0 0 0 0 0 0 0 0  |
 ├────────────────────┼──────────────────────────────────────────────────────────────────┤
 | 0x0000000000001aaf | 0 2 0 0 0 0 0 2 0 0 2 0 0 0 0 0 2 0 0 2 0 0 1 0 0 0 0 0 2 0 0 2  |
 ├────────────────────┼──────────────────────────────────────────────────────────────────┤
 | 0x00000000000091ff | 2 0 2 2 0 2 2 0 2 2 0 2 2 0 2 2 0 2 2 0 0 0 0 0 0 0 0 0 0 0 0 0  |
 ├────────────────────┼──────────────────────────────────────────────────────────────────┤
 | 0x0000000000001dc8 | 0 0 2 0 0 2 0 0 2 0 0 0 0 0 0 0 0 0 0 0 0 0 0 0 0 0 0 0 0 0 0 0  |
 ├────────────────────┼──────────────────────────────────────────────────────────────────┤
 | 0x000000000000912d | 1 1 2 1 1 2 1 1 2 1 1 2 1 1 0 0 0 0 0 0 0 0 0 0 0 0 0 0 0 0 0 0  |
 ├────────────────────┼──────────────────────────────────────────────────────────────────┤
 | 0x0000000000001b80 | 0 0 2 0 0 2 0 0 0 0 0 0 0 0 0 0 0 0 0 0 0 0 0 0 0 0 0 0 0 2 0 0  |
 ├────────────────────┼──────────────────────────────────────────────────────────────────┤
 | 0x0000000000001cee | 0 0 2 0 0 2 0 0 0 0 0 0 0 0 0 0 0 0 0 0 0 0 0 0 0 0 0 0 0 0 0 0  |
 ├────────────────────┼──────────────────────────────────────────────────────────────────┤
 | 0x0000000000009136 | 1 1 2 1 1 2 1 1 2 1 1 2 1 1 2 0 0 0 0 0 0 0 0 0 0 0 0 0 0 0 0 0  |
 ├────────────────────┼──────────────────────────────────────────────────────────────────┤
 | 0x0000000000001b8e | 1 0 0 1 0 0 2 0 0 2 0 0 2 0 0 2 0 0 1 0 0 1 0 0 2 0 0 0 0 0 0 0  |
 ├────────────────────┼──────────────────────────────────────────────────────────────────┤
 | 0x0000000000001dc9 | 2 0 0 1 0 0 1 0 0 0 0 0 0 0 0 0 0 0 0 0 0 2 0 0 1 0 0 1 0 0 1 0  |
 ├────────────────────┼──────────────────────────────────────────────────────────────────┤
 | 0x0000000000001cc8 | 1 0 0 1 0 0 1 0 0 0 0 0 0 0 0 0 0 0 0 0 0 0 0 0 0 0 0 0 0 0 0 0  |
 ├────────────────────┼──────────────────────────────────────────────────────────────────┤
 | 0x0000000000001d55 | 0 0 2 0 0 0 0 0 0 0 0 0 0 0 0 0 0 0 0 0 0 0 0 0 0 0 0 0 0 0 0 0  |
 ├────────────────────┼──────────────────────────────────────────────────────────────────┤
 | 0x0000000000009216 | 1 1 2 1 1 2 1 1 2 1 1 2 1 1 2 1 1 2 1 1 2 1 1 2 1 1 2 1 1 0 0 0  |
 ├────────────────────┼──────────────────────────────────────────────────────────────────┤
 | 0x00000000000091fe | 2 1 1 2 1 1 2 1 1 2 1 1 2 1 1 2 1 1 2 1 1 2 1 1 2 1 1 2 1 1 2 0  |
 └────────────────────┴──────────────────────────────────────────────────────────────────┘
Prefetch buffer end
Filter by PPT: 0
Prefetch Request to L1: 1149219, Prefetch Request to L2: 725688
Invalid by Eviction: 83156
Invalid by Max: 61917
Filter table begin
 ┌────────────────────┬─────────────┐
 | Region             | Offset      |
 ├────────────────────┼─────────────┤
 | 0x0000000000000317 | 11          |
 ├────────────────────┼─────────────┤
 | 0x000000000000509c | 0           |
 ├────────────────────┼─────────────┤
 | 0x000000000000813a | 31          |
 ├────────────────────┼─────────────┤
 | 0x00000000000076e2 | 31          |
 ├────────────────────┼─────────────┤
 | 0x0000000000004fc5 | 31          |
 ├────────────────────┼─────────────┤
 | 0x000000000000535b | 0           |
 ├────────────────────┼─────────────┤
 | 0x0000000000005b22 | 0           |
 ├────────────────────┼─────────────┤
 | 0x0000000000001122 | 0           |
 ├────────────────────┼─────────────┤
 | 0x0000000000004bbb | 0           |
 ├────────────────────┼─────────────┤
 | 0x000000000000025f | 1           |
 ├────────────────────┼─────────────┤
 | 0x0000000000001365 | 31          |
 ├────────────────────┼─────────────┤
 | 0x0000000000006601 | 0           |
 ├────────────────────┼─────────────┤
 | 0x000000000000758e | 31          |
 ├────────────────────┼─────────────┤
 | 0x0000000000008718 | 0           |
 ├────────────────────┼─────────────┤
 | 0x0000000000008df3 | 31          |
 ├────────────────────┼─────────────┤
 | 0x0000000000004532 | 0           |
 ├────────────────────┼─────────────┤
 | 0x00000000000067d6 | 31          |
 ├────────────────────┼─────────────┤
 | 0x00000000000068b8 | 31          |
 └────────────────────┴─────────────┘
Filter table end
Accumulation table begin
 ┌────────────────────┬─────────────┬─────────────┬──────────────────────────────────────────────────────────────────┐
 | Region             | Offset      | Second      | Pattern                                                          |
 ├────────────────────┼─────────────┼─────────────┼──────────────────────────────────────────────────────────────────┤
 | 0x0000000000001e0c | 30          | 31          | 1 1 0 1 1 0 1 1 0 1 1 0 1 1 0 1 1 0 1 1 0 1 1 0 1 1 0 1 1 0 1 1  |
 ├────────────────────┼─────────────┼─────────────┼──────────────────────────────────────────────────────────────────┤
 | 0x0000000000007435 | 20          | 19          | 0 0 0 0 0 0 0 0 0 0 0 0 0 0 0 0 0 0 1 1 1 0 0 0 0 0 0 0 0 0 0 0  |
 ├────────────────────┼─────────────┼─────────────┼──────────────────────────────────────────────────────────────────┤
 | 0x0000000000001e18 | 30          | 31          | 1 1 1 0 1 1 1 1 1 1 1 1 1 1 1 1 0 1 1 1 1 1 1 1 1 1 1 1 1 0 1 1  |
 ├────────────────────┼─────────────┼─────────────┼──────────────────────────────────────────────────────────────────┤
 | 0x000000000000032d | 10          | 9           | 0 0 0 0 0 0 0 0 0 1 1 0 0 0 0 0 0 0 0 0 0 0 0 0 0 0 0 0 0 0 0 0  |
 ├────────────────────┼─────────────┼─────────────┼──────────────────────────────────────────────────────────────────┤
 | 0x00000000000002f1 | 22          | 21          | 0 0 0 0 0 0 0 0 0 0 0 0 0 0 0 0 0 0 0 0 1 1 1 0 0 1 1 0 0 0 0 0  |
 ├────────────────────┼─────────────┼─────────────┼──────────────────────────────────────────────────────────────────┤
 | 0x0000000000000335 | 2           | 1           | 1 1 1 0 0 0 0 0 0 0 0 0 0 0 0 0 0 0 0 0 0 0 0 0 0 0 0 0 0 0 0 0  |
 ├────────────────────┼─────────────┼─────────────┼──────────────────────────────────────────────────────────────────┤
 | 0x0000000000000344 | 16          | 15          | 0 0 0 0 0 0 0 0 0 0 0 0 0 0 1 1 1 0 0 0 0 0 0 0 0 0 0 0 0 0 0 0  |
 ├────────────────────┼─────────────┼─────────────┼──────────────────────────────────────────────────────────────────┤
 | 0x000000000000034b | 12          | 11          | 0 0 0 0 0 0 0 0 0 0 1 1 1 0 0 0 0 0 0 0 0 0 0 0 0 0 0 0 0 0 0 0  |
 ├────────────────────┼─────────────┼─────────────┼──────────────────────────────────────────────────────────────────┤
 | 0x0000000000008ae3 | 20          | 19          | 0 0 0 0 0 0 0 0 0 0 0 0 0 0 0 0 0 0 1 1 1 0 0 0 0 0 0 0 0 0 0 0  |
 ├────────────────────┼─────────────┼─────────────┼──────────────────────────────────────────────────────────────────┤
 | 0x000000000000914a | 18          | 17          | 0 0 0 0 0 0 0 0 0 0 0 0 0 0 0 0 1 1 1 0 0 0 0 0 0 0 0 0 0 0 0 0  |
 ├────────────────────┼─────────────┼─────────────┼──────────────────────────────────────────────────────────────────┤
 | 0x0000000000001e1e | 31          | 28          | 0 1 1 0 1 1 0 1 1 0 1 1 0 1 1 0 1 1 0 1 1 0 1 1 0 1 1 0 1 1 0 1  |
 ├────────────────────┼─────────────┼─────────────┼──────────────────────────────────────────────────────────────────┤
 | 0x000000000000913b | 16          | 15          | 0 0 0 0 0 0 0 0 0 0 0 0 0 0 1 1 1 1 1 0 0 0 0 0 0 0 0 0 0 0 0 0  |
 ├────────────────────┼─────────────┼─────────────┼──────────────────────────────────────────────────────────────────┤
 | 0x00000000000002f2 | 2           | 1           | 1 1 1 0 0 0 0 0 0 0 0 0 0 0 0 1 1 0 0 0 0 0 0 0 0 0 0 0 0 0 0 0  |
 ├────────────────────┼─────────────┼─────────────┼──────────────────────────────────────────────────────────────────┤
 | 0x0000000000001e21 | 30          | 31          | 1 1 0 1 1 0 1 1 0 1 1 0 1 1 0 1 1 0 1 1 0 1 1 0 1 1 0 1 1 0 1 1  |
 ├────────────────────┼─────────────┼─────────────┼──────────────────────────────────────────────────────────────────┤
 | 0x00000000000087f3 | 20          | 19          | 0 0 0 0 0 0 0 0 0 0 0 0 0 0 0 0 0 0 1 1 1 0 0 0 0 0 0 0 0 0 0 0  |
 ├────────────────────┼─────────────┼─────────────┼──────────────────────────────────────────────────────────────────┤
 | 0x000000000000927a | 10          | 9           | 0 0 0 0 0 0 0 0 0 1 1 0 0 0 0 1 1 1 1 0 0 0 0 0 0 1 1 0 0 0 0 1  |
 ├────────────────────┼─────────────┼─────────────┼──────────────────────────────────────────────────────────────────┤
 | 0x000000000000034f | 4           | 3           | 0 0 1 1 1 0 0 0 0 0 0 0 0 0 0 0 0 0 0 0 0 0 0 0 0 0 0 0 0 0 0 0  |
 ├────────────────────┼─────────────┼─────────────┼──────────────────────────────────────────────────────────────────┤
 | 0x0000000000008ee3 | 22          | 21          | 0 0 0 0 0 0 0 0 0 0 0 0 0 0 0 0 0 0 0 0 0 1 1 0 0 0 0 0 0 0 0 0  |
 ├────────────────────┼─────────────┼─────────────┼──────────────────────────────────────────────────────────────────┤
 | 0x000000000000926a | 2           | 1           | 0 1 1 0 0 0 0 0 0 0 0 0 0 0 0 0 0 0 0 0 0 0 0 0 0 0 0 0 0 0 0 0  |
 ├────────────────────┼─────────────┼─────────────┼──────────────────────────────────────────────────────────────────┤
 | 0x0000000000000302 | 16          | 15          | 0 0 0 0 0 0 0 0 0 0 0 0 0 0 0 1 1 0 0 0 0 0 0 0 0 0 0 0 0 0 0 0  |
 ├────────────────────┼─────────────┼─────────────┼──────────────────────────────────────────────────────────────────┤
 | 0x0000000000006058 | 20          | 19          | 0 0 0 0 0 0 0 0 0 0 0 0 0 0 0 0 0 0 1 1 1 0 0 0 0 0 0 0 0 0 0 0  |
 ├────────────────────┼─────────────┼─────────────┼──────────────────────────────────────────────────────────────────┤
 | 0x0000000000001e1f | 29          | 30          | 1 0 1 1 0 1 1 0 1 1 0 1 1 0 1 1 0 1 1 0 1 1 0 1 1 0 1 1 0 1 1 0  |
 ├────────────────────┼─────────────┼─────────────┼──────────────────────────────────────────────────────────────────┤
 | 0x0000000000001e29 | 31          | 30          | 0 0 0 0 0 0 0 0 1 0 1 1 1 1 1 1 1 1 1 1 1 1 0 1 1 1 1 1 1 1 1 1  |
 ├────────────────────┼─────────────┼─────────────┼──────────────────────────────────────────────────────────────────┤
 | 0x0000000000008cb1 | 20          | 19          | 0 0 0 0 0 0 0 0 0 0 0 0 0 0 0 0 0 0 0 1 1 0 0 0 0 0 0 0 0 0 0 0  |
 ├────────────────────┼─────────────┼─────────────┼──────────────────────────────────────────────────────────────────┤
 | 0x0000000000001e31 | 29          | 25          | 0 0 0 0 0 0 0 0 0 0 0 0 0 0 0 0 0 0 0 0 0 0 1 1 0 1 1 0 1 1 0 1  |
 ├────────────────────┼─────────────┼─────────────┼──────────────────────────────────────────────────────────────────┤
 | 0x000000000000927b | 0           | 6           | 1 0 0 0 0 1 1 0 0 1 1 0 0 1 1 0 0 0 0 0 0 0 0 0 0 0 0 0 0 0 0 0  |
 ├────────────────────┼─────────────┼─────────────┼──────────────────────────────────────────────────────────────────┤
 | 0x0000000000009015 | 26          | 25          | 0 0 0 0 0 0 0 0 0 0 0 0 0 0 0 0 0 0 0 0 0 0 0 0 0 1 1 0 0 0 0 0  |
 ├────────────────────┼─────────────┼─────────────┼──────────────────────────────────────────────────────────────────┤
 | 0x000000000000921d | 0           | 2           | 1 1 1 1 1 1 1 0 1 1 1 1 1 1 1 1 1 0 0 0 0 0 0 0 0 0 0 0 0 0 0 0  |
 ├────────────────────┼─────────────┼─────────────┼──────────────────────────────────────────────────────────────────┤
 | 0x0000000000001e19 | 31          | 30          | 1 1 1 1 1 1 1 1 1 1 0 1 1 1 1 1 1 1 1 1 1 1 1 0 1 1 1 1 1 1 1 1  |
 ├────────────────────┼─────────────┼─────────────┼──────────────────────────────────────────────────────────────────┤
 | 0x00000000000002f3 | 14          | 13          | 0 0 0 0 0 0 0 0 0 0 0 0 0 1 1 0 0 0 0 0 0 0 0 0 0 0 0 0 0 0 0 0  |
 ├────────────────────┼─────────────┼─────────────┼──────────────────────────────────────────────────────────────────┤
 | 0x0000000000001e20 | 29          | 30          | 1 0 1 1 0 1 1 0 1 1 0 1 1 0 1 1 0 1 1 0 1 1 0 1 1 0 1 1 0 1 1 0  |
 ├────────────────────┼─────────────┼─────────────┼──────────────────────────────────────────────────────────────────┤
 | 0x0000000000004f1d | 20          | 19          | 0 0 0 0 0 0 0 0 0 0 0 0 0 0 0 0 0 0 1 1 1 0 0 0 0 0 0 0 0 0 0 0  |
 └────────────────────┴─────────────┴─────────────┴──────────────────────────────────────────────────────────────────┘
Accumulation table end
Offset pattern table begin
 ┌────────────────────┬─────────────┬──────────────────────────────────────────────────────────────────────────────────────────────────┐
 | Key                | Second      | Pattern                                                                                          |
 ├────────────────────┼─────────────┼──────────────────────────────────────────────────────────────────────────────────────────────────┤
 | 0x0000000000000000 | 2           | 31 30 30 13 14 17 17 16 16 18 18 10 11 11 11 13 14 14 14 4 4 8 8 9 9 11 11 4 4 8 8 6             |
 ├────────────────────┼─────────────┼──────────────────────────────────────────────────────────────────────────────────────────────────┤
 | 0x0000000000000001 | 2           | 28 22 3 4 3 3 4 3 4 5 4 4 4 4 6 7 4 4 2 1 0 2 1 1 2 2 1 2 1 1 2 18                               |
 ├────────────────────┼─────────────┼──────────────────────────────────────────────────────────────────────────────────────────────────┤
 | 0x0000000000000002 | 1           | 30 1 2 2 2 2 2 8 8 0 1 4 4 5 5 10 10 0 1 1 1 1 2 6 6 0 0 2 2 4 16 29                             |
 ├────────────────────┼─────────────┼──────────────────────────────────────────────────────────────────────────────────────────────────┤
 | 0x0000000000000003 | 4           | 21 16 1 5 4 1 4 4 1 5 4 0 4 4 0 5 4 1 4 4 0 4 4 0 4 4 0 4 4 9 7 9                                |
 ├────────────────────┼─────────────┼──────────────────────────────────────────────────────────────────────────────────────────────────┤
 | 0x0000000000000004 | 5           | 29 12 11 4 4 1 1 1 1 0 0 1 1 0 0 1 1 1 1 0 0 0 1 0 0 0 0 0 0 1 17 27                             |
 ├────────────────────┼─────────────┼──────────────────────────────────────────────────────────────────────────────────────────────────┤
 | 0x0000000000000005 | 6           | 24 20 1 3 3 1 2 2 0 2 2 0 2 2 0 2 2 0 2 2 0 2 2 0 2 2 0 3 2 5 5 15                               |
 ├────────────────────┼─────────────┼──────────────────────────────────────────────────────────────────────────────────────────────────┤
 | 0x0000000000000006 | 5           | 20 8 8 3 3 1 1 1 1 0 0 1 1 0 0 0 0 0 0 0 0 0 0 0 0 0 0 0 1 3 11 19                               |
 ├────────────────────┼─────────────┼──────────────────────────────────────────────────────────────────────────────────────────────────┤
 | 0x0000000000000007 | 6           | 29 24 5 9 7 5 9 7 4 8 6 4 6 4 2 6 4 2 6 4 2 6 4 2 6 2 9 6 4 9 8 15                               |
 ├────────────────────┼─────────────┼──────────────────────────────────────────────────────────────────────────────────────────────────┤
 | 0x0000000000000008 | 7           | 25 14 14 2 2 1 1 1 1 0 0 0 0 0 0 0 0 1 1 0 0 1 1 0 0 0 0 1 1 0 13 23                             |
 ├────────────────────┼─────────────┼──────────────────────────────────────────────────────────────────────────────────────────────────┤
 | 0x0000000000000009 | 11          | 23 16 5 11 7 4 10 7 2 8 5 2 8 5 2 8 5 2 8 5 2 8 5 9 6 3 11 8 4 13 11 8                           |
 ├────────────────────┼─────────────┼──────────────────────────────────────────────────────────────────────────────────────────────────┤
 | 0x000000000000000a | 9           | 29 8 8 6 6 3 3 5 5 0 0 0 0 0 0 2 2 0 0 0 0 0 0 0 0 1 2 2 2 3 13 28                               |
 ├────────────────────┼─────────────┼──────────────────────────────────────────────────────────────────────────────────────────────────┤
 | 0x000000000000000b | 12          | 25 20 3 15 12 2 14 12 2 14 12 2 14 12 2 14 12 2 14 12 2 13 2 16 14 2 16 14 3 17 13 5             |
 ├────────────────────┼─────────────┼──────────────────────────────────────────────────────────────────────────────────────────────────┤
 | 0x000000000000000c | 11          | 30 13 13 8 8 4 4 2 2 2 2 1 1 1 0 0 0 0 0 0 0 0 0 1 1 1 1 0 0 0 17 29                             |
 ├────────────────────┼─────────────┼──────────────────────────────────────────────────────────────────────────────────────────────────┤
 | 0x000000000000000d | 14          | 23 15 9 18 8 7 16 8 7 16 8 7 16 8 7 16 8 7 16 7 16 9 7 16 9 7 16 9 7 16 11 12                    |
 ├────────────────────┼─────────────┼──────────────────────────────────────────────────────────────────────────────────────────────────┤
 | 0x000000000000000e | 13          | 21 10 10 6 6 1 1 1 0 0 1 2 2 1 0 2 2 1 0 0 0 0 0 1 1 0 0 0 0 3 6 20                              |
 ├────────────────────┼─────────────┼──────────────────────────────────────────────────────────────────────────────────────────────────┤
 | 0x000000000000000f | 16          | 16 12 3 10 7 3 10 7 3 10 7 3 10 7 3 10 7 10 7 3 10 7 3 10 7 3 10 7 3 11 7 5                      |
 ├────────────────────┼─────────────┼──────────────────────────────────────────────────────────────────────────────────────────────────┤
 | 0x0000000000000010 | 15          | 22 10 9 5 4 2 4 2 2 3 2 1 2 2 1 3 1 2 1 1 3 2 1 2 1 1 2 1 1 3 11 20                              |
 ├────────────────────┼─────────────┼──────────────────────────────────────────────────────────────────────────────────────────────────┤
 | 0x0000000000000011 | 18          | 26 17 9 19 11 9 19 11 9 19 10 8 18 10 8 11 8 19 11 8 20 12 8 19 11 8 20 12 8 19 13 12            |
 ├────────────────────┼─────────────┼──────────────────────────────────────────────────────────────────────────────────────────────────┤
 | 0x0000000000000012 | 17          | 28 8 8 0 0 1 1 1 1 0 0 0 0 0 0 0 2 2 2 0 0 0 0 0 2 3 3 1 4 4 8 23                                |
 ├────────────────────┼─────────────┼──────────────────────────────────────────────────────────────────────────────────────────────────┤
 | 0x0000000000000013 | 20          | 23 18 7 16 11 5 14 11 5 14 11 5 14 5 14 10 5 14 11 5 13 11 5 14 11 4 14 11 5 14 11 11            |
 ├────────────────────┼─────────────┼──────────────────────────────────────────────────────────────────────────────────────────────────┤
 | 0x0000000000000014 | 22          | 18 7 7 0 0 5 5 0 0 0 0 0 0 0 0 0 0 0 0 0 0 0 0 0 0 0 0 0 0 0 8 12                                |
 ├────────────────────┼─────────────┼──────────────────────────────────────────────────────────────────────────────────────────────────┤
 | 0x0000000000000015 | 22          | 20 17 2 5 10 9 5 3 3 5 3 6 4 2 6 4 2 6 4 3 6 4 3 6 4 3 6 4 3 6 4 15                              |
 ├────────────────────┼─────────────┼──────────────────────────────────────────────────────────────────────────────────────────────────┤
 | 0x0000000000000016 | 21          | 25 12 12 13 11 5 7 5 5 5 2 4 2 2 4 2 2 4 2 2 4 2 2 4 2 2 4 2 3 7 10 22                           |
 ├────────────────────┼─────────────┼──────────────────────────────────────────────────────────────────────────────────────────────────┤
 | 0x0000000000000017 | 24          | 26 22 8 17 13 9 15 12 9 12 9 16 11 8 16 12 9 16 11 9 15 10 9 15 12 8 15 12 9 16 12 12            |
 ├────────────────────┼─────────────┼──────────────────────────────────────────────────────────────────────────────────────────────────┤
 | 0x0000000000000018 | 23          | 24 10 10 7 5 4 7 4 4 2 2 4 2 2 4 2 2 4 2 2 4 2 2 4 2 2 4 3 3 5 14 21                             |
 ├────────────────────┼─────────────┼──────────────────────────────────────────────────────────────────────────────────────────────────┤
 | 0x0000000000000019 | 26          | 17 13 8 13 11 7 14 6 13 10 7 13 11 7 13 11 7 13 10 7 12 11 6 13 10 7 13 10 7 13 11 8             |
 ├────────────────────┼─────────────┼──────────────────────────────────────────────────────────────────────────────────────────────────┤
 | 0x000000000000001a | 29          | 27 16 6 14 14 1 10 0 10 10 0 10 10 0 10 10 0 10 10 0 10 10 0 9 10 2 11 10 1 13 15 17             |
 ├────────────────────┼─────────────┼──────────────────────────────────────────────────────────────────────────────────────────────────┤
 | 0x000000000000001b | 26          | 28 22 8 27 22 27 23 7 27 23 8 27 23 7 27 23 9 27 22 9 25 22 9 26 22 9 25 23 9 27 23 9            |
 ├────────────────────┼─────────────┼──────────────────────────────────────────────────────────────────────────────────────────────────┤
 | 0x000000000000001c | 27          | 31 23 15 20 6 15 15 6 15 15 5 15 15 4 14 14 6 15 14 6 15 15 6 15 15 6 13 14 5 15 23 21           |
 ├────────────────────┼─────────────┼──────────────────────────────────────────────────────────────────────────────────────────────────┤
 | 0x000000000000001d | 30          | 16 15 1 15 2 15 15 1 15 15 2 15 15 1 15 15 2 15 15 2 15 15 2 15 15 2 15 15 1 15 15 1             |
 ├────────────────────┼─────────────┼──────────────────────────────────────────────────────────────────────────────────────────────────┤
 | 0x000000000000001e | 29          | 23 19 16 17 9 16 17 7 17 17 8 18 17 9 18 15 9 18 15 9 16 16 9 16 17 9 18 17 7 18 17 11           |
 ├────────────────────┼─────────────┼──────────────────────────────────────────────────────────────────────────────────────────────────┤
 | 0x000000000000001f | 28          | 27 13 23 22 13 22 23 12 22 23 12 24 22 12 24 22 12 24 21 13 23 21 13 23 23 11 23 23 12 23 23 13  |
 └────────────────────┴─────────────┴──────────────────────────────────────────────────────────────────────────────────────────────────┘
Offset pattern table end
PC pattern table begin
 ┌────────────────────┬─────────────┬──────────────────────────────────────────────────┐
 | Key                | Second      | Pattern                                          |
 ├────────────────────┼─────────────┼──────────────────────────────────────────────────┤
 | 0x0000000000000000 | 15          | 17 0 0 0 0 0 0 0 0 0 0 0 0 0 0 17                |
 ├────────────────────┼─────────────┼──────────────────────────────────────────────────┤
 | 0x0000000000000003 | 17          | 19 18 18 18 18 18 18 18 18 18 18 18 18 18 18 18  |
 ├────────────────────┼─────────────┼──────────────────────────────────────────────────┤
 | 0x0000000000000008 | 3           | 25 25 14 0 0 0 0 0 0 0 0 0 0 0 0 0               |
 ├────────────────────┼─────────────┼──────────────────────────────────────────────────┤
 | 0x000000000000000b | 26          | 17 16 2 0 0 0 0 0 0 0 0 0 0 0 0 0                |
 ├────────────────────┼─────────────┼──────────────────────────────────────────────────┤
 | 0x000000000000000f | 28          | 21 17 10 9 0 0 0 0 0 0 0 0 0 0 1 6               |
 ├────────────────────┼─────────────┼──────────────────────────────────────────────────┤
 | 0x0000000000000010 | 20          | 18 17 0 0 0 0 0 1 1 0 0 0 0 0 0 0                |
 ├────────────────────┼─────────────┼──────────────────────────────────────────────────┤
 | 0x0000000000000011 | 13          | 26 14 6 1 1 1 1 1 0 0 0 0 0 0 0 23               |
 ├────────────────────┼─────────────┼──────────────────────────────────────────────────┤
 | 0x0000000000000012 | 21          | 28 21 18 14 11 11 11 11 11 11 12 12 12 12 13 19  |
 ├────────────────────┼─────────────┼──────────────────────────────────────────────────┤
 | 0x0000000000000014 | 15          | 7 0 0 0 0 0 0 0 0 0 0 0 0 0 0 7                  |
 ├────────────────────┼─────────────┼──────────────────────────────────────────────────┤
 | 0x0000000000000017 | 30          | 31 30 30 30 30 30 30 30 30 30 30 30 30 30 30 30  |
 ├────────────────────┼─────────────┼──────────────────────────────────────────────────┤
 | 0x0000000000000019 | 21          | 26 14 1 0 0 0 0 0 0 0 0 0 1 1 2 14               |
 ├────────────────────┼─────────────┼──────────────────────────────────────────────────┤
 | 0x000000000000001b | 29          | 31 30 30 30 30 30 30 30 30 30 30 30 30 30 30 30  |
 ├────────────────────┼─────────────┼──────────────────────────────────────────────────┤
 | 0x000000000000001c | 30          | 17 0 0 0 0 0 0 0 0 0 1 2 1 1 4 4                 |
 ├────────────────────┼─────────────┼──────────────────────────────────────────────────┤
 | 0x000000000000001e | 9           | 19 9 2 3 4 5 7 9 9 10 12 13 15 16 16 18          |
 ├────────────────────┼─────────────┼──────────────────────────────────────────────────┤
 | 0x000000000000001f | 10          | 26 25 25 25 25 25 25 25 25 25 25 25 25 25 25 25  |
 └────────────────────┴─────────────┴──────────────────────────────────────────────────┘
PC pattern table end
Prefetch buffer begin
 ┌────────────────────┬──────────────────────────────────────────────────────────────────┐
 | Region             | Pattern                                                          |
 ├────────────────────┼──────────────────────────────────────────────────────────────────┤
 | 0x0000000000001e1e | 0 0 0 0 0 0 0 0 0 0 0 0 2 0 0 0 0 0 0 0 0 0 0 0 0 0 0 0 0 0 0 0  |
 ├────────────────────┼──────────────────────────────────────────────────────────────────┤
 | 0x0000000000001d60 | 2 0 0 2 0 0 0 0 0 0 0 0 0 0 0 0 0 0 0 0 0 0 0 0 0 0 0 0 0 0 0 0  |
 ├────────────────────┼──────────────────────────────────────────────────────────────────┤
 | 0x0000000000001cf7 | 0 0 2 0 0 0 0 0 0 0 0 0 0 0 0 0 0 0 0 0 2 0 0 2 0 0 2 0 0 2 0 0  |
 ├────────────────────┼──────────────────────────────────────────────────────────────────┤
 | 0x0000000000001c7a | 0 0 2 0 0 2 0 0 2 0 0 2 0 0 2 0 0 2 0 0 2 0 0 2 0 0 2 0 0 2 0 0  |
 ├────────────────────┼──────────────────────────────────────────────────────────────────┤
 | 0x0000000000001d21 | 0 0 2 0 0 0 0 0 0 0 0 0 0 0 0 0 0 0 0 0 0 0 0 0 0 0 0 0 0 0 0 0  |
 ├────────────────────┼──────────────────────────────────────────────────────────────────┤
 | 0x0000000000001d74 | 0 0 2 0 0 2 0 0 0 0 0 0 0 0 0 0 0 0 0 0 0 0 0 0 0 0 0 0 0 0 0 0  |
 ├────────────────────┼──────────────────────────────────────────────────────────────────┤
 | 0x0000000000001d3e | 0 0 0 0 0 0 0 0 0 0 0 0 0 0 0 0 0 0 1 0 0 1 0 0 2 0 0 0 0 0 0 0  |
 ├────────────────────┼──────────────────────────────────────────────────────────────────┤
 | 0x0000000000001ce2 | 2 0 0 2 0 0 2 0 0 2 0 0 2 0 0 2 0 0 2 0 0 2 0 0 2 0 0 0 0 0 0 0  |
 ├────────────────────┼──────────────────────────────────────────────────────────────────┤
 | 0x0000000000001d02 | 0 0 2 0 0 2 0 0 2 0 0 0 0 0 0 0 0 0 0 0 0 0 0 2 0 0 2 0 0 2 0 0  |
 ├────────────────────┼──────────────────────────────────────────────────────────────────┤
 | 0x000000000000913a | 1 1 2 1 1 2 1 1 2 1 1 2 1 1 2 1 1 2 1 1 2 1 0 0 0 0 0 0 0 0 0 0  |
 ├────────────────────┼──────────────────────────────────────────────────────────────────┤
 | 0x0000000000001cc5 | 2 0 0 2 0 0 2 0 0 2 0 0 2 0 0 0 0 0 0 0 0 0 0 0 0 0 0 0 0 0 0 0  |
 ├────────────────────┼──────────────────────────────────────────────────────────────────┤
 | 0x0000000000001caa | 0 0 0 0 0 0 0 0 0 0 0 0 0 0 0 0 0 0 0 0 0 0 0 0 0 0 0 1 0 0 1 0  |
 ├────────────────────┼──────────────────────────────────────────────────────────────────┤
 | 0x0000000000009141 | 2 0 2 2 0 2 2 0 2 2 0 2 2 0 2 2 0 2 0 0 0 0 0 0 0 0 0 0 0 0 0 0  |
 ├────────────────────┼──────────────────────────────────────────────────────────────────┤
 | 0x000000000000926a | 0 0 0 0 0 0 0 0 0 0 0 0 0 0 0 0 0 0 0 0 0 0 0 0 0 2 2 0 0 0 0 0  |
 ├────────────────────┼──────────────────────────────────────────────────────────────────┤
 | 0x0000000000001e31 | 1 0 1 1 0 1 1 0 1 1 0 1 1 0 1 1 0 1 0 0 0 0 0 0 0 0 0 0 0 0 0 0  |
 ├────────────────────┼──────────────────────────────────────────────────────────────────┤
 | 0x0000000000009133 | 1 1 2 1 1 2 1 0 0 0 0 0 0 0 0 0 0 0 0 0 0 0 0 0 0 0 0 0 0 0 0 0  |
 ├────────────────────┼──────────────────────────────────────────────────────────────────┤
 | 0x0000000000001cd7 | 2 0 0 2 0 0 2 0 0 2 0 0 2 0 0 0 0 0 0 0 0 0 0 0 2 0 0 2 0 0 2 0  |
 ├────────────────────┼──────────────────────────────────────────────────────────────────┤
 | 0x0000000000001e0d | 2 0 0 2 0 0 2 0 0 2 0 0 2 0 0 0 0 0 0 0 0 0 0 0 2 0 0 2 0 0 0 0  |
 ├────────────────────┼──────────────────────────────────────────────────────────────────┤
 | 0x0000000000001e0c | 0 0 2 0 0 2 0 0 2 0 0 2 0 0 2 0 0 0 0 0 0 0 0 0 0 0 0 0 0 0 0 0  |
 ├────────────────────┼──────────────────────────────────────────────────────────────────┤
 | 0x000000000000921c | 1 1 2 1 1 2 1 1 2 1 1 2 1 1 2 1 1 2 1 1 2 1 1 2 1 1 2 1 1 0 0 0  |
 ├────────────────────┼──────────────────────────────────────────────────────────────────┤
 | 0x0000000000001cd6 | 0 0 2 0 0 2 0 0 0 0 0 0 0 0 0 0 0 0 0 0 0 0 0 0 0 0 0 0 0 2 0 0  |
 ├────────────────────┼──────────────────────────────────────────────────────────────────┤
 | 0x0000000000001da0 | 0 0 0 0 0 0 0 0 0 0 0 0 0 0 0 0 0 0 0 0 0 0 0 0 0 0 0 0 0 2 0 0  |
 ├────────────────────┼──────────────────────────────────────────────────────────────────┤
 | 0x0000000000009207 | 1 1 2 1 1 2 1 1 2 1 1 2 1 1 2 1 1 2 1 1 2 1 1 2 1 1 2 1 0 0 0 0  |
 ├────────────────────┼──────────────────────────────────────────────────────────────────┤
 | 0x0000000000001d27 | 2 0 0 2 0 0 0 0 0 0 0 0 0 0 0 0 0 0 0 0 0 0 0 0 0 0 0 0 0 0 0 0  |
 ├────────────────────┼──────────────────────────────────────────────────────────────────┤
 | 0x0000000000001df5 | 0 0 0 0 0 0 0 0 0 0 0 0 0 0 0 0 0 0 0 0 0 0 0 0 0 1 0 0 1 0 0 1  |
 └────────────────────┴──────────────────────────────────────────────────────────────────┘
Prefetch buffer end
Filter by PPT: 0
Prefetch Request to L1: 1149219, Prefetch Request to L2: 725688
Invalid by Eviction: 82303
Invalid by Max: 33582
Filter table begin
 ┌────────────────────┬─────────────┐
 | Region             | Offset      |
 ├────────────────────┼─────────────┤
 | 0x00000000000005cc | 31          |
 ├────────────────────┼─────────────┤
 | 0x0000000000001361 | 31          |
 ├────────────────────┼─────────────┤
 | 0x0000000000006859 | 0           |
 ├────────────────────┼─────────────┤
 | 0x000000000000714a | 0           |
 ├────────────────────┼─────────────┤
 | 0x000000000000110e | 0           |
 ├────────────────────┼─────────────┤
 | 0x0000000000001384 | 0           |
 ├────────────────────┼─────────────┤
 | 0x00000000000055fd | 0           |
 ├────────────────────┼─────────────┤
 | 0x0000000000004e90 | 0           |
 ├────────────────────┼─────────────┤
 | 0x0000000000008698 | 0           |
 ├────────────────────┼─────────────┤
 | 0x0000000000000313 | 11          |
 ├────────────────────┼─────────────┤
 | 0x000000000000928e | 0           |
 ├────────────────────┼─────────────┤
 | 0x0000000000004873 | 31          |
 ├────────────────────┼─────────────┤
 | 0x000000000000674d | 0           |
 ├────────────────────┼─────────────┤
 | 0x0000000000008232 | 0           |
 ├────────────────────┼─────────────┤
 | 0x0000000000006595 | 0           |
 ├────────────────────┼─────────────┤
 | 0x00000000000050e4 | 0           |
 ├────────────────────┼─────────────┤
 | 0x00000000000064c8 | 31          |
 ├────────────────────┼─────────────┤
 | 0x0000000000006650 | 31          |
 ├────────────────────┼─────────────┤
 | 0x00000000000068ce | 31          |
 ├────────────────────┼─────────────┤
 | 0x0000000000008d5f | 31          |
 ├────────────────────┼─────────────┤
 | 0x0000000000009238 | 31          |
 ├────────────────────┼─────────────┤
 | 0x0000000000000255 | 1           |
 ├────────────────────┼─────────────┤
 | 0x0000000000005d82 | 0           |
 ├────────────────────┼─────────────┤
 | 0x0000000000009239 | 0           |
 └────────────────────┴─────────────┘
Filter table end
Accumulation table begin
 ┌────────────────────┬─────────────┬─────────────┬──────────────────────────────────────────────────────────────────┐
 | Region             | Offset      | Second      | Pattern                                                          |
 ├────────────────────┼─────────────┼─────────────┼──────────────────────────────────────────────────────────────────┤
 | 0x0000000000001f43 | 30          | 31          | 1 1 0 1 1 0 1 1 0 1 1 0 1 1 0 1 1 0 1 1 0 1 1 0 1 1 0 1 1 0 1 1  |
 ├────────────────────┼─────────────┼─────────────┼──────────────────────────────────────────────────────────────────┤
 | 0x0000000000008fb9 | 30          | 31          | 0 0 0 0 0 0 0 0 0 0 0 0 0 0 0 0 0 0 0 0 0 0 0 0 0 0 0 0 0 0 1 1  |
 ├────────────────────┼─────────────┼─────────────┼──────────────────────────────────────────────────────────────────┤
 | 0x00000000000002fe | 16          | 15          | 0 0 0 0 0 0 0 0 0 0 0 0 0 0 0 1 1 0 0 0 0 0 0 0 0 0 0 0 0 0 0 0  |
 ├────────────────────┼─────────────┼─────────────┼──────────────────────────────────────────────────────────────────┤
 | 0x0000000000008727 | 20          | 19          | 0 0 0 0 0 0 0 0 0 0 0 0 0 0 0 0 0 0 1 1 1 0 0 0 0 0 0 0 0 0 0 0  |
 ├────────────────────┼─────────────┼─────────────┼──────────────────────────────────────────────────────────────────┤
 | 0x0000000000001f3e | 31          | 29          | 0 0 0 0 0 0 0 0 0 0 0 0 0 1 0 1 1 0 1 1 1 1 1 1 1 1 1 1 1 1 0 1  |
 ├────────────────────┼─────────────┼─────────────┼──────────────────────────────────────────────────────────────────┤
 | 0x00000000000002e5 | 14          | 13          | 0 0 0 0 0 0 0 0 0 0 0 0 0 1 1 0 0 0 0 0 0 0 0 0 0 0 0 0 0 0 0 0  |
 ├────────────────────┼─────────────┼─────────────┼──────────────────────────────────────────────────────────────────┤
 | 0x0000000000001f34 | 31          | 29          | 0 1 1 0 1 1 0 1 1 0 1 1 0 1 1 0 1 1 0 1 1 0 1 1 0 1 1 0 1 1 0 1  |
 ├────────────────────┼─────────────┼─────────────┼──────────────────────────────────────────────────────────────────┤
 | 0x0000000000006030 | 20          | 19          | 0 0 0 0 0 0 0 0 0 0 0 0 0 0 0 0 0 0 1 1 1 0 0 0 0 0 0 0 0 0 0 0  |
 ├────────────────────┼─────────────┼─────────────┼──────────────────────────────────────────────────────────────────┤
 | 0x0000000000008961 | 20          | 19          | 0 0 0 0 0 0 0 0 0 0 0 0 0 0 0 0 0 0 0 1 1 0 0 0 0 0 0 0 0 0 0 0  |
 ├────────────────────┼─────────────┼─────────────┼──────────────────────────────────────────────────────────────────┤
 | 0x0000000000001f25 | 31          | 29          | 1 1 1 1 1 1 1 1 1 1 1 1 0 1 1 1 1 1 1 1 1 1 1 1 1 0 1 1 1 1 1 1  |
 ├────────────────────┼─────────────┼─────────────┼──────────────────────────────────────────────────────────────────┤
 | 0x0000000000001f26 | 30          | 31          | 1 1 0 1 1 0 1 1 0 1 1 0 1 1 0 1 1 0 1 1 0 1 1 0 1 1 0 1 1 0 1 1  |
 ├────────────────────┼─────────────┼─────────────┼──────────────────────────────────────────────────────────────────┤
 | 0x0000000000000341 | 12          | 11          | 0 0 0 0 0 0 0 0 0 0 1 1 1 0 0 0 0 0 0 0 0 0 0 0 0 0 0 0 0 0 0 0  |
 ├────────────────────┼─────────────┼─────────────┼──────────────────────────────────────────────────────────────────┤
 | 0x0000000000009292 | 10          | 9           | 0 0 0 0 0 0 0 0 0 1 1 0 0 1 1 1 1 0 0 0 0 0 0 0 0 1 1 0 0 1 1 0  |
 ├────────────────────┼─────────────┼─────────────┼──────────────────────────────────────────────────────────────────┤
 | 0x0000000000000347 | 4           | 3           | 0 0 1 1 1 0 0 0 0 0 0 0 0 0 0 0 0 0 0 0 0 0 0 0 0 0 0 0 0 0 0 0  |
 ├────────────────────┼─────────────┼─────────────┼──────────────────────────────────────────────────────────────────┤
 | 0x0000000000001f3f | 31          | 30          | 1 1 1 1 1 1 1 1 1 1 1 0 1 1 1 1 1 1 1 1 1 1 1 1 0 1 1 1 1 1 1 1  |
 ├────────────────────┼─────────────┼─────────────┼──────────────────────────────────────────────────────────────────┤
 | 0x0000000000009293 | 6           | 5           | 0 0 0 0 0 1 1 1 1 1 1 0 0 0 0 0 0 0 0 0 0 0 0 0 0 0 0 0 0 0 0 0  |
 ├────────────────────┼─────────────┼─────────────┼──────────────────────────────────────────────────────────────────┤
 | 0x00000000000091fc | 10          | 9           | 0 0 0 1 1 0 1 1 1 1 1 1 1 1 1 0 0 0 0 0 0 0 0 0 0 0 0 0 0 0 0 0  |
 ├────────────────────┼─────────────┼─────────────┼──────────────────────────────────────────────────────────────────┤
 | 0x00000000000002e1 | 22          | 21          | 0 0 0 0 0 0 0 0 0 0 0 0 0 0 0 0 0 0 0 0 1 1 1 0 0 1 1 0 0 0 0 0  |
 ├────────────────────┼─────────────┼─────────────┼──────────────────────────────────────────────────────────────────┤
 | 0x0000000000004f7b | 20          | 19          | 0 0 0 0 0 0 0 0 0 0 0 0 0 0 0 0 0 0 1 1 1 0 0 0 0 0 0 0 0 0 0 0  |
 ├────────────────────┼─────────────┼─────────────┼──────────────────────────────────────────────────────────────────┤
 | 0x0000000000008e89 | 26          | 25          | 0 0 0 0 0 0 0 0 0 0 0 0 0 0 0 0 0 0 0 0 0 0 0 0 1 1 1 0 0 0 0 0  |
 ├────────────────────┼─────────────┼─────────────┼──────────────────────────────────────────────────────────────────┤
 | 0x0000000000001f59 | 31          | 28          | 0 0 0 0 0 0 0 0 0 0 0 0 0 0 0 0 1 1 0 1 1 0 1 1 0 1 1 0 1 1 0 1  |
 ├────────────────────┼─────────────┼─────────────┼──────────────────────────────────────────────────────────────────┤
 | 0x00000000000002e4 | 2           | 1           | 1 1 1 0 0 0 0 0 0 0 0 0 0 0 0 1 1 0 0 0 0 0 0 0 0 0 0 0 0 0 0 0  |
 ├────────────────────┼─────────────┼─────────────┼──────────────────────────────────────────────────────────────────┤
 | 0x000000000000929a | 0           | 2           | 1 1 1 1 1 1 1 1 1 1 1 1 1 1 1 0 0 0 0 0 0 0 0 0 0 0 0 0 0 0 0 0  |
 ├────────────────────┼─────────────┼─────────────┼──────────────────────────────────────────────────────────────────┤
 | 0x0000000000001f42 | 29          | 30          | 1 0 1 1 0 1 1 0 1 1 0 1 1 0 1 1 0 1 1 0 1 1 0 1 1 0 1 1 0 1 1 0  |
 ├────────────────────┼─────────────┼─────────────┼──────────────────────────────────────────────────────────────────┤
 | 0x0000000000008c39 | 22          | 21          | 0 0 0 0 0 0 0 0 0 0 0 0 0 0 0 0 0 0 0 0 0 1 1 0 0 0 0 0 0 0 0 0  |
 ├────────────────────┼─────────────┼─────────────┼──────────────────────────────────────────────────────────────────┤
 | 0x0000000000000319 | 10          | 9           | 0 0 0 0 0 0 0 0 0 1 1 0 0 0 0 0 0 0 0 0 0 0 0 0 0 0 0 0 0 0 0 0  |
 ├────────────────────┼─────────────┼─────────────┼──────────────────────────────────────────────────────────────────┤
 | 0x0000000000009117 | 10          | 9           | 0 0 0 0 0 0 0 0 1 1 1 0 0 0 0 0 0 0 0 0 0 0 0 0 0 0 0 0 0 0 0 0  |
 ├────────────────────┼─────────────┼─────────────┼──────────────────────────────────────────────────────────────────┤
 | 0x000000000000033e | 16          | 15          | 0 0 0 0 0 0 0 0 0 0 0 0 0 0 1 1 1 0 0 0 0 0 0 0 0 0 0 0 0 0 0 0  |
 ├────────────────────┼─────────────┼─────────────┼──────────────────────────────────────────────────────────────────┤
 | 0x0000000000007381 | 20          | 19          | 0 0 0 0 0 0 0 0 0 0 0 0 0 0 0 0 0 0 1 1 1 0 0 0 0 0 0 0 0 0 0 0  |
 ├────────────────────┼─────────────┼─────────────┼──────────────────────────────────────────────────────────────────┤
 | 0x0000000000000337 | 2           | 1           | 1 1 1 0 0 0 0 0 0 0 0 0 0 0 0 0 0 0 0 0 0 0 0 0 0 0 0 0 0 0 0 0  |
 └────────────────────┴─────────────┴─────────────┴──────────────────────────────────────────────────────────────────┘
Accumulation table end
Offset pattern table begin
 ┌────────────────────┬─────────────┬──────────────────────────────────────────────────────────────────────────────────────────────────┐
 | Key                | Second      | Pattern                                                                                          |
 ├────────────────────┼─────────────┼──────────────────────────────────────────────────────────────────────────────────────────────────┤
 | 0x0000000000000000 | 1           | 21 19 18 9 9 15 16 11 13 15 15 7 8 12 12 11 11 12 13 4 3 5 5 5 6 10 10 3 3 7 8 6                 |
 ├────────────────────┼─────────────┼──────────────────────────────────────────────────────────────────────────────────────────────────┤
 | 0x0000000000000001 | 2           | 19 17 3 6 5 2 5 5 4 7 6 3 5 6 3 6 7 4 3 3 0 4 4 1 5 5 1 4 4 1 4 9                                |
 ├────────────────────┼─────────────┼──────────────────────────────────────────────────────────────────────────────────────────────────┤
 | 0x0000000000000002 | 1           | 26 2 3 3 3 2 2 9 9 0 1 5 5 6 6 11 11 0 1 2 2 1 2 6 6 1 1 2 3 3 12 25                             |
 ├────────────────────┼─────────────┼──────────────────────────────────────────────────────────────────────────────────────────────────┤
 | 0x0000000000000003 | 4           | 20 17 3 4 2 1 3 2 2 3 2 1 2 1 1 2 1 1 2 1 1 2 1 1 2 1 1 2 1 6 5 11                               |
 ├────────────────────┼─────────────┼──────────────────────────────────────────────────────────────────────────────────────────────────┤
 | 0x0000000000000004 | 5           | 31 8 8 3 3 0 1 1 1 0 0 0 0 0 0 0 0 0 0 0 0 0 0 0 0 0 0 0 0 0 20 30                               |
 ├────────────────────┼─────────────┼──────────────────────────────────────────────────────────────────────────────────────────────────┤
 | 0x0000000000000005 | 4           | 25 22 6 10 8 5 7 6 3 7 6 3 6 5 2 6 4 2 6 4 1 5 4 2 5 4 2 4 1 8 7 19                              |
 ├────────────────────┼─────────────┼──────────────────────────────────────────────────────────────────────────────────────────────────┤
 | 0x0000000000000006 | 5           | 19 10 10 7 8 2 2 4 4 1 1 3 3 0 0 0 0 0 0 1 1 0 0 0 0 0 0 0 1 4 9 18                              |
 ├────────────────────┼─────────────┼──────────────────────────────────────────────────────────────────────────────────────────────────┤
 | 0x0000000000000007 | 6           | 26 21 6 11 6 5 8 5 4 8 5 4 8 5 4 8 4 3 7 4 3 7 4 3 7 3 7 5 4 9 4 14                              |
 ├────────────────────┼─────────────┼──────────────────────────────────────────────────────────────────────────────────────────────────┤
 | 0x0000000000000008 | 7           | 27 17 16 4 4 3 3 2 2 1 0 0 0 0 0 0 0 1 1 0 0 1 1 1 0 0 2 2 2 1 14 26                             |
 ├────────────────────┼─────────────┼──────────────────────────────────────────────────────────────────────────────────────────────────┤
 | 0x0000000000000009 | 8           | 21 15 6 13 9 4 11 8 3 11 7 3 11 7 3 11 7 3 10 7 3 10 7 12 8 5 13 9 5 14 12 8                     |
 ├────────────────────┼─────────────┼──────────────────────────────────────────────────────────────────────────────────────────────────┤
 | 0x000000000000000a | 9           | 30 11 11 9 9 6 6 10 10 2 2 2 2 2 2 7 7 1 1 2 2 1 0 0 0 2 3 3 4 6 13 29                           |
 ├────────────────────┼─────────────┼──────────────────────────────────────────────────────────────────────────────────────────────────┤
 | 0x000000000000000b | 12          | 24 18 6 19 15 6 19 15 5 18 14 5 17 13 4 17 13 4 17 13 4 14 5 19 14 5 19 14 5 19 14 7             |
 ├────────────────────┼─────────────┼──────────────────────────────────────────────────────────────────────────────────────────────────┤
 | 0x000000000000000c | 11          | 26 11 12 9 9 3 4 2 1 1 1 1 1 0 0 0 0 0 0 0 0 0 0 1 1 1 1 0 0 0 13 25                             |
 ├────────────────────┼─────────────┼──────────────────────────────────────────────────────────────────────────────────────────────────┤
 | 0x000000000000000d | 12          | 20 8 13 19 6 11 17 6 11 17 6 11 17 6 11 17 6 11 17 11 17 6 11 17 6 11 17 6 11 17 8 13            |
 ├────────────────────┼─────────────┼──────────────────────────────────────────────────────────────────────────────────────────────────┤
 | 0x000000000000000e | 15          | 30 15 14 8 8 2 4 4 3 4 4 4 5 4 2 4 4 1 1 0 1 1 1 2 1 0 1 1 1 5 11 28                             |
 ├────────────────────┼─────────────┼──────────────────────────────────────────────────────────────────────────────────────────────────┤
 | 0x000000000000000f | 16          | 27 22 7 18 11 5 16 11 5 16 11 5 16 11 4 15 11 16 11 4 16 11 4 16 12 5 16 11 5 17 11 8            |
 ├────────────────────┼─────────────┼──────────────────────────────────────────────────────────────────────────────────────────────────┤
 | 0x0000000000000010 | 15          | 26 12 11 4 4 2 3 2 1 2 2 0 2 1 0 1 3 4 5 1 2 1 0 1 1 0 1 2 1 1 13 24                             |
 ├────────────────────┼─────────────┼──────────────────────────────────────────────────────────────────────────────────────────────────┤
 | 0x0000000000000011 | 16          | 25 18 6 21 15 6 22 15 6 22 15 6 22 15 6 16 7 22 16 7 22 16 6 22 16 7 22 15 7 22 16 9             |
 ├────────────────────┼─────────────┼──────────────────────────────────────────────────────────────────────────────────────────────────┤
 | 0x0000000000000012 | 17          | 16 5 4 3 3 1 3 3 2 1 1 0 1 1 1 1 0 1 1 1 2 1 0 1 2 2 3 2 2 4 8 14                                |
 ├────────────────────┼─────────────┼──────────────────────────────────────────────────────────────────────────────────────────────────┤
 | 0x0000000000000013 | 18          | 27 23 4 17 14 5 17 14 5 17 13 5 17 4 16 13 3 16 13 4 16 13 4 16 13 4 16 13 4 15 13 13            |
 ├────────────────────┼─────────────┼──────────────────────────────────────────────────────────────────────────────────────────────────┤
 | 0x0000000000000014 | 22          | 31 11 11 2 2 7 7 0 0 0 0 0 0 0 0 0 0 0 0 0 0 0 0 0 0 0 0 0 0 0 13 24                             |
 ├────────────────────┼─────────────┼──────────────────────────────────────────────────────────────────────────────────────────────────┤
 | 0x0000000000000015 | 20          | 16 12 5 8 9 8 7 5 4 8 5 7 5 4 8 5 5 8 5 5 8 5 5 8 5 4 8 5 5 8 5 12                               |
 ├────────────────────┼─────────────┼──────────────────────────────────────────────────────────────────────────────────────────────────┤
 | 0x0000000000000016 | 21          | 24 6 6 5 5 2 3 1 2 2 1 1 0 1 1 0 1 1 0 1 1 0 1 1 0 1 1 0 2 6 15 22                               |
 ├────────────────────┼─────────────┼──────────────────────────────────────────────────────────────────────────────────────────────────┤
 | 0x0000000000000017 | 24          | 30 21 9 24 16 9 23 16 9 16 9 24 16 9 24 16 9 23 16 9 24 16 9 24 16 9 24 16 9 24 16 14            |
 ├────────────────────┼─────────────┼──────────────────────────────────────────────────────────────────────────────────────────────────┤
 | 0x0000000000000018 | 23          | 24 15 12 9 9 4 7 5 3 3 0 3 3 0 3 3 0 3 3 0 3 3 0 3 3 0 4 4 1 4 15 19                             |
 ├────────────────────┼─────────────┼──────────────────────────────────────────────────────────────────────────────────────────────────┤
 | 0x0000000000000019 | 24          | 28 21 12 25 19 13 24 11 23 19 12 24 19 12 24 19 13 24 18 13 22 18 13 24 18 13 24 20 13 24 19 15  |
 ├────────────────────┼─────────────┼──────────────────────────────────────────────────────────────────────────────────────────────────┤
 | 0x000000000000001a | 25          | 28 15 10 16 13 7 9 3 11 9 2 11 9 3 11 9 3 10 9 3 11 9 3 10 9 4 12 10 4 14 16 20                  |
 ├────────────────────┼─────────────┼──────────────────────────────────────────────────────────────────────────────────────────────────┤
 | 0x000000000000001b | 26          | 24 20 6 23 20 22 20 6 22 20 7 23 20 7 23 19 7 23 20 7 22 20 7 23 20 6 23 20 5 23 20 7            |
 ├────────────────────┼─────────────┼──────────────────────────────────────────────────────────────────────────────────────────────────┤
 | 0x000000000000001c | 27          | 16 11 6 10 1 6 6 1 6 6 1 7 6 1 7 6 1 7 6 1 7 6 1 7 6 1 6 6 1 7 10 10                             |
 ├────────────────────┼─────────────┼──────────────────────────────────────────────────────────────────────────────────────────────────┤
 | 0x000000000000001d | 30          | 30 29 1 28 2 28 28 2 28 28 2 28 28 1 28 28 2 28 28 2 28 27 2 28 28 2 28 27 1 28 28 3             |
 ├────────────────────┼─────────────┼──────────────────────────────────────────────────────────────────────────────────────────────────┤
 | 0x000000000000001e | 29          | 18 14 14 15 6 14 15 4 15 15 5 15 15 5 15 14 6 15 14 6 13 15 6 15 15 6 15 15 5 16 17 7            |
 ├────────────────────┼─────────────┼──────────────────────────────────────────────────────────────────────────────────────────────────┤
 | 0x000000000000001f | 27          | 26 11 19 20 11 20 21 9 19 20 10 20 20 10 21 19 10 21 20 11 19 19 11 20 20 11 20 21 10 20 21 15   |
 └────────────────────┴─────────────┴──────────────────────────────────────────────────────────────────────────────────────────────────┘
Offset pattern table end
PC pattern table begin
 ┌────────────────────┬─────────────┬──────────────────────────────────────────────────┐
 | Key                | Second      | Pattern                                          |
 ├────────────────────┼─────────────┼──────────────────────────────────────────────────┤
 | 0x0000000000000000 | 15          | 17 0 0 0 0 0 0 0 0 0 0 0 0 0 0 17                |
 ├────────────────────┼─────────────┼──────────────────────────────────────────────────┤
 | 0x0000000000000003 | 29          | 28 27 27 27 27 27 27 27 27 27 27 27 27 27 27 27  |
 ├────────────────────┼─────────────┼──────────────────────────────────────────────────┤
 | 0x0000000000000008 | 3           | 25 25 14 0 0 0 0 0 0 0 0 0 0 0 0 0               |
 ├────────────────────┼─────────────┼──────────────────────────────────────────────────┤
 | 0x000000000000000b | 22          | 23 20 3 0 0 0 0 0 0 0 0 0 0 1 1 2                |
 ├────────────────────┼─────────────┼──────────────────────────────────────────────────┤
 | 0x000000000000000f | 25          | 16 12 8 7 0 0 0 0 1 2 0 0 0 0 0 5                |
 ├────────────────────┼─────────────┼──────────────────────────────────────────────────┤
 | 0x0000000000000010 | 1           | 25 24 1 1 0 0 0 0 0 0 0 0 0 0 1 1                |
 ├────────────────────┼─────────────┼──────────────────────────────────────────────────┤
 | 0x0000000000000011 | 7           | 17 10 7 5 4 3 3 3 3 3 0 1 2 2 3 14               |
 ├────────────────────┼─────────────┼──────────────────────────────────────────────────┤
 | 0x0000000000000012 | 8           | 30 27 25 20 17 17 17 17 17 18 18 18 18 18 20 26  |
 ├────────────────────┼─────────────┼──────────────────────────────────────────────────┤
 | 0x0000000000000014 | 15          | 6 0 0 0 0 0 0 0 0 0 0 0 0 0 0 6                  |
 ├────────────────────┼─────────────┼──────────────────────────────────────────────────┤
 | 0x0000000000000017 | 30          | 22 21 21 21 21 21 21 21 21 21 21 21 21 21 21 21  |
 ├────────────────────┼─────────────┼──────────────────────────────────────────────────┤
 | 0x0000000000000019 | 29          | 23 13 1 0 0 0 0 0 0 0 0 0 0 0 1 13               |
 ├────────────────────┼─────────────┼──────────────────────────────────────────────────┤
 | 0x000000000000001b | 2           | 27 26 26 26 26 26 26 26 26 26 26 26 26 26 26 26  |
 ├────────────────────┼─────────────┼──────────────────────────────────────────────────┤
 | 0x000000000000001c | 27          | 22 0 0 0 0 0 0 0 0 0 2 3 1 2 6 6                 |
 ├────────────────────┼─────────────┼──────────────────────────────────────────────────┤
 | 0x000000000000001e | 12          | 20 8 2 3 3 4 6 7 9 11 13 13 15 16 17 19          |
 ├────────────────────┼─────────────┼──────────────────────────────────────────────────┤
 | 0x000000000000001f | 9           | 25 24 24 24 24 24 24 24 24 24 24 24 24 24 24 24  |
 └────────────────────┴─────────────┴──────────────────────────────────────────────────┘
PC pattern table end
Prefetch buffer begin
 ┌────────────────────┬──────────────────────────────────────────────────────────────────┐
 | Region             | Pattern                                                          |
 ├────────────────────┼──────────────────────────────────────────────────────────────────┤
 | 0x0000000000009238 | 2 1 1 2 1 1 2 1 1 2 1 1 2 1 1 2 1 1 2 1 1 2 1 1 2 1 1 2 1 1 1 0  |
 ├────────────────────┼──────────────────────────────────────────────────────────────────┤
 | 0x00000000000091d5 | 1 1 2 1 1 2 1 0 0 0 0 0 0 0 0 0 0 0 0 0 0 0 0 0 0 0 0 0 0 0 0 0  |
 ├────────────────────┼──────────────────────────────────────────────────────────────────┤
 | 0x0000000000001d5c | 0 0 0 0 0 0 0 0 0 0 0 0 0 0 0 2 0 0 1 0 0 1 0 0 1 0 0 0 0 0 0 0  |
 ├────────────────────┼──────────────────────────────────────────────────────────────────┤
 | 0x0000000000009116 | 0 2 2 0 2 2 0 2 2 0 2 2 0 2 2 0 2 2 0 2 2 0 2 2 0 0 0 0 0 0 0 0  |
 ├────────────────────┼──────────────────────────────────────────────────────────────────┤
 | 0x00000000000091bc | 1 1 1 1 1 1 2 1 1 2 1 1 2 1 1 2 1 1 1 1 1 1 1 1 1 1 1 2 1 1 2 0  |
 ├────────────────────┼──────────────────────────────────────────────────────────────────┤
 | 0x0000000000009102 | 1 1 1 1 1 1 2 1 1 1 1 1 2 1 1 1 1 1 1 1 1 1 1 1 1 1 1 2 1 1 2 0  |
 ├────────────────────┼──────────────────────────────────────────────────────────────────┤
 | 0x0000000000009239 | 0 0 0 0 0 0 0 0 0 0 0 0 0 0 0 0 0 0 0 0 0 0 0 0 0 0 0 0 0 0 2 2  |
 ├────────────────────┼──────────────────────────────────────────────────────────────────┤
 | 0x00000000000091bd | 1 1 2 1 1 2 1 1 2 1 1 2 1 1 2 1 1 2 1 1 2 1 1 0 0 0 0 0 0 0 0 0  |
 ├────────────────────┼──────────────────────────────────────────────────────────────────┤
 | 0x0000000000001df7 | 0 0 0 0 0 0 0 0 0 0 0 0 0 0 0 0 0 0 0 0 0 0 0 2 0 0 0 0 0 0 0 0  |
 ├────────────────────┼──────────────────────────────────────────────────────────────────┤
 | 0x0000000000009293 | 0 0 0 0 0 0 0 0 0 0 0 0 0 0 0 0 0 0 2 0 0 0 0 0 0 0 0 0 0 0 0 0  |
 ├────────────────────┼──────────────────────────────────────────────────────────────────┤
 | 0x0000000000009103 | 1 1 1 1 1 1 2 1 1 2 1 1 2 1 1 2 1 1 1 1 1 1 1 1 2 1 1 2 1 1 0 0  |
 ├────────────────────┼──────────────────────────────────────────────────────────────────┤
 | 0x0000000000001db6 | 0 0 0 0 0 0 0 0 0 0 0 0 0 0 0 0 0 0 0 0 0 0 0 0 0 0 2 0 0 2 0 0  |
 ├────────────────────┼──────────────────────────────────────────────────────────────────┤
 | 0x00000000000090fd | 2 2 2 2 0 0 0 0 0 0 0 0 0 0 0 0 0 0 0 0 0 0 0 0 0 0 0 0 0 0 0 0  |
 ├────────────────────┼──────────────────────────────────────────────────────────────────┤
 | 0x0000000000008c39 | 0 0 0 0 0 0 0 0 0 0 0 0 0 0 0 0 0 0 0 2 0 0 0 0 0 0 2 0 0 0 0 0  |
 ├────────────────────┼──────────────────────────────────────────────────────────────────┤
 | 0x0000000000001e34 | 0 0 0 0 0 0 2 0 0 1 0 0 2 0 0 1 0 0 0 0 0 0 0 0 0 0 0 0 0 0 0 0  |
 ├────────────────────┼──────────────────────────────────────────────────────────────────┤
 | 0x0000000000001db0 | 0 0 0 0 0 0 0 0 0 0 0 0 0 0 0 0 0 0 0 0 0 0 0 0 0 0 0 0 0 0 0 2  |
 ├────────────────────┼──────────────────────────────────────────────────────────────────┤
 | 0x0000000000009051 | 1 1 1 1 1 1 1 1 1 1 1 1 1 1 1 1 1 1 1 1 1 1 1 0 0 0 0 0 0 0 0 0  |
 ├────────────────────┼──────────────────────────────────────────────────────────────────┤
 | 0x0000000000001eb6 | 0 0 2 0 0 2 0 0 0 0 0 0 0 0 0 0 0 0 0 0 0 0 0 0 0 0 0 0 0 0 0 0  |
 ├────────────────────┼──────────────────────────────────────────────────────────────────┤
 | 0x0000000000001e1c | 0 0 2 0 0 2 0 0 0 0 0 0 0 0 0 0 0 0 0 0 0 0 0 0 0 0 0 0 0 0 0 0  |
 ├────────────────────┼──────────────────────────────────────────────────────────────────┤
 | 0x0000000000001e1d | 2 0 0 2 0 0 0 0 0 1 0 0 1 0 0 0 0 0 0 0 0 1 0 0 1 0 0 2 0 0 1 0  |
 ├────────────────────┼──────────────────────────────────────────────────────────────────┤
 | 0x0000000000001d1e | 1 0 0 1 0 0 2 0 0 2 0 0 2 0 0 2 0 0 1 0 0 1 0 0 2 0 0 0 0 0 0 0  |
 ├────────────────────┼──────────────────────────────────────────────────────────────────┤
 | 0x0000000000001d96 | 0 0 2 0 0 2 0 0 2 0 0 0 0 0 0 0 0 0 0 0 0 0 0 0 0 0 0 0 0 0 0 0  |
 ├────────────────────┼──────────────────────────────────────────────────────────────────┤
 | 0x0000000000001e6f | 1 0 0 1 0 0 1 0 0 1 0 0 0 0 0 0 0 0 0 0 0 0 0 0 0 0 0 0 0 0 0 0  |
 ├────────────────────┼──────────────────────────────────────────────────────────────────┤
 | 0x0000000000001d4b | 0 0 2 0 0 0 0 0 0 0 0 0 0 0 0 0 0 0 0 0 0 0 0 0 0 0 0 0 0 0 0 0  |
 ├────────────────────┼──────────────────────────────────────────────────────────────────┤
 | 0x0000000000001d36 | 0 0 2 0 0 2 0 0 2 0 0 2 0 0 2 0 0 2 0 0 2 0 0 2 0 0 2 0 0 2 0 0  |
 └────────────────────┴──────────────────────────────────────────────────────────────────┘
Prefetch buffer end
Filter by PPT: 0
Prefetch Request to L1: 1149219, Prefetch Request to L2: 725688
Invalid by Eviction: 81529
Invalid by Max: 31284
Filter table begin
 ┌────────────────────┬─────────────┐
 | Region             | Offset      |
 ├────────────────────┼─────────────┤
 | 0x0000000000000291 | 1           |
 ├────────────────────┼─────────────┤
 | 0x0000000000006c99 | 0           |
 ├────────────────────┼─────────────┤
 | 0x0000000000008579 | 0           |
 ├────────────────────┼─────────────┤
 | 0x0000000000006e1b | 31          |
 ├────────────────────┼─────────────┤
 | 0x00000000000005d6 | 31          |
 ├────────────────────┼─────────────┤
 | 0x0000000000000329 | 11          |
 ├────────────────────┼─────────────┤
 | 0x0000000000008618 | 0           |
 ├────────────────────┼─────────────┤
 | 0x0000000000009212 | 0           |
 ├────────────────────┼─────────────┤
 | 0x0000000000006d63 | 0           |
 ├────────────────────┼─────────────┤
 | 0x00000000000079d4 | 0           |
 ├────────────────────┼─────────────┤
 | 0x0000000000005bb3 | 31          |
 ├────────────────────┼─────────────┤
 | 0x00000000000050cc | 0           |
 ├────────────────────┼─────────────┤
 | 0x0000000000005416 | 0           |
 ├────────────────────┼─────────────┤
 | 0x0000000000006c27 | 0           |
 ├────────────────────┼─────────────┤
 | 0x0000000000008397 | 0           |
 ├────────────────────┼─────────────┤
 | 0x0000000000009154 | 0           |
 ├────────────────────┼─────────────┤
 | 0x0000000000000b56 | 0           |
 ├────────────────────┼─────────────┤
 | 0x0000000000006250 | 0           |
 ├────────────────────┼─────────────┤
 | 0x000000000000856f | 0           |
 ├────────────────────┼─────────────┤
 | 0x0000000000009295 | 0           |
 ├────────────────────┼─────────────┤
 | 0x000000000000095f | 31          |
 ├────────────────────┼─────────────┤
 | 0x000000000000138a | 0           |
 ├────────────────────┼─────────────┤
 | 0x0000000000009294 | 31          |
 ├────────────────────┼─────────────┤
 | 0x0000000000008589 | 31          |
 ├────────────────────┼─────────────┤
 | 0x0000000000006c60 | 31          |
 ├────────────────────┼─────────────┤
 | 0x0000000000007975 | 0           |
 ├────────────────────┼─────────────┤
 | 0x00000000000003be | 0           |
 ├────────────────────┼─────────────┤
 | 0x0000000000000342 | 31          |
 ├────────────────────┼─────────────┤
 | 0x0000000000000343 | 0           |
 ├────────────────────┼─────────────┤
 | 0x00000000000047f1 | 31          |
 └────────────────────┴─────────────┘
Filter table end
Accumulation table begin
 ┌────────────────────┬─────────────┬─────────────┬──────────────────────────────────────────────────────────────────┐
 | Region             | Offset      | Second      | Pattern                                                          |
 ├────────────────────┼─────────────┼─────────────┼──────────────────────────────────────────────────────────────────┤
 | 0x000000000000918c | 26          | 25          | 0 0 0 0 0 0 0 0 0 0 0 0 0 0 0 0 0 0 1 1 1 0 1 1 1 1 1 1 1 0 0 0  |
 ├────────────────────┼─────────────┼─────────────┼──────────────────────────────────────────────────────────────────┤
 | 0x00000000000092a4 | 0           | 10          | 1 0 1 1 1 0 1 1 1 1 1 0 0 0 1 1 1 0 0 0 0 0 0 0 0 0 0 0 0 0 0 0  |
 ├────────────────────┼─────────────┼─────────────┼──────────────────────────────────────────────────────────────────┤
 | 0x00000000000051fd | 10          | 9           | 0 0 0 0 0 0 1 1 1 1 1 1 1 1 1 0 0 0 0 0 0 0 0 0 0 0 0 0 0 0 0 0  |
 ├────────────────────┼─────────────┼─────────────┼──────────────────────────────────────────────────────────────────┤
 | 0x000000000000065f | 31          | 28          | 0 1 1 0 1 1 0 1 1 0 1 1 0 1 1 0 1 1 0 1 1 0 1 1 0 1 1 0 1 1 0 1  |
 ├────────────────────┼─────────────┼─────────────┼──────────────────────────────────────────────────────────────────┤
 | 0x0000000000009173 | 28          | 27          | 0 0 0 0 0 0 0 0 0 0 0 0 0 0 0 0 0 0 1 1 1 0 0 0 0 0 1 1 1 1 1 1  |
 ├────────────────────┼─────────────┼─────────────┼──────────────────────────────────────────────────────────────────┤
 | 0x0000000000009291 | 28          | 27          | 0 0 0 0 0 0 0 0 0 0 0 0 0 0 0 0 0 0 0 1 1 0 0 0 0 0 1 1 1 0 1 1  |
 ├────────────────────┼─────────────┼─────────────┼──────────────────────────────────────────────────────────────────┤
 | 0x0000000000000324 | 16          | 15          | 1 1 1 0 0 0 0 0 0 0 0 0 0 0 0 1 1 0 0 0 0 0 0 0 0 0 0 0 0 0 0 0  |
 ├────────────────────┼─────────────┼─────────────┼──────────────────────────────────────────────────────────────────┤
 | 0x0000000000009261 | 2           | 1           | 1 1 1 1 1 1 1 1 1 0 1 1 1 0 0 0 0 0 1 1 1 1 1 1 1 1 1 0 0 0 0 0  |
 ├────────────────────┼─────────────┼─────────────┼──────────────────────────────────────────────────────────────────┤
 | 0x0000000000000359 | 10          | 9           | 0 0 0 0 0 0 0 0 0 1 1 0 0 0 0 0 0 0 0 0 0 0 0 0 0 0 0 0 0 0 0 0  |
 ├────────────────────┼─────────────┼─────────────┼──────────────────────────────────────────────────────────────────┤
 | 0x00000000000092a7 | 22          | 21          | 0 0 0 0 0 0 0 0 0 0 0 0 0 0 0 0 0 0 0 0 0 1 1 0 0 0 0 0 0 0 0 0  |
 ├────────────────────┼─────────────┼─────────────┼──────────────────────────────────────────────────────────────────┤
 | 0x000000000000929e | 4           | 3           | 0 0 0 1 1 0 0 0 0 0 0 1 1 0 0 0 0 0 0 1 1 0 0 0 0 0 0 1 1 0 1 1  |
 ├────────────────────┼─────────────┼─────────────┼──────────────────────────────────────────────────────────────────┤
 | 0x00000000000092a8 | 12          | 11          | 0 0 0 0 0 0 0 0 0 0 0 1 1 0 0 0 0 0 0 0 0 0 0 0 0 0 0 0 0 0 0 0  |
 ├────────────────────┼─────────────┼─────────────┼──────────────────────────────────────────────────────────────────┤
 | 0x00000000000092a1 | 6           | 5           | 0 0 0 0 0 1 1 0 0 0 0 0 0 0 0 0 0 0 0 0 0 0 0 0 0 0 0 0 0 0 0 0  |
 ├────────────────────┼─────────────┼─────────────┼──────────────────────────────────────────────────────────────────┤
 | 0x0000000000000339 | 10          | 9           | 0 0 0 0 0 0 0 0 1 1 1 0 0 0 0 0 0 0 0 0 0 0 0 0 0 0 0 0 0 0 0 0  |
 ├────────────────────┼─────────────┼─────────────┼──────────────────────────────────────────────────────────────────┤
 | 0x000000000000923b | 19          | 20          | 0 0 0 0 0 0 0 0 0 0 0 0 0 0 0 0 0 0 0 1 1 0 0 0 0 0 0 0 0 0 0 0  |
 ├────────────────────┼─────────────┼─────────────┼──────────────────────────────────────────────────────────────────┤
 | 0x000000000000030c | 16          | 15          | 0 0 0 0 0 0 0 0 0 0 0 0 0 0 0 1 1 0 0 0 0 0 0 0 0 0 0 0 0 0 0 0  |
 ├────────────────────┼─────────────┼─────────────┼──────────────────────────────────────────────────────────────────┤
 | 0x0000000000000323 | 22          | 21          | 0 0 0 0 0 0 0 0 0 0 0 0 0 0 0 0 0 0 0 0 1 1 1 0 0 1 1 0 0 0 0 0  |
 ├────────────────────┼─────────────┼─────────────┼──────────────────────────────────────────────────────────────────┤
 | 0x00000000000092aa | 2           | 1           | 1 1 1 0 0 0 0 0 0 0 0 0 0 0 0 0 0 0 0 0 0 0 0 0 0 0 0 0 0 0 0 0  |
 ├────────────────────┼─────────────┼─────────────┼──────────────────────────────────────────────────────────────────┤
 | 0x000000000000035b | 0           | 2           | 1 1 1 0 0 0 0 0 0 0 0 0 0 0 0 0 0 0 0 0 0 0 0 0 0 0 0 0 0 0 0 0  |
 ├────────────────────┼─────────────┼─────────────┼──────────────────────────────────────────────────────────────────┤
 | 0x0000000000009281 | 24          | 23          | 0 0 0 0 0 0 0 0 0 0 0 0 0 0 0 0 0 0 1 1 1 0 1 1 1 1 1 1 1 1 1 0  |
 ├────────────────────┼─────────────┼─────────────┼──────────────────────────────────────────────────────────────────┤
 | 0x000000000000929f | 0           | 12          | 1 0 0 0 0 0 0 0 0 0 1 1 1 0 0 0 0 0 0 0 0 0 0 0 0 0 0 0 0 0 0 0  |
 ├────────────────────┼─────────────┼─────────────┼──────────────────────────────────────────────────────────────────┤
 | 0x0000000000006358 | 16          | 15          | 0 0 0 0 0 0 0 0 0 0 0 0 0 0 1 1 1 0 0 0 0 0 0 0 0 0 0 0 0 0 0 0  |
 ├────────────────────┼─────────────┼─────────────┼──────────────────────────────────────────────────────────────────┤
 | 0x0000000000000646 | 31          | 29          | 1 1 1 1 1 1 1 1 1 1 1 1 0 1 1 1 1 1 1 1 1 1 1 1 1 0 1 1 1 1 1 1  |
 ├────────────────────┼─────────────┼─────────────┼──────────────────────────────────────────────────────────────────┤
 | 0x0000000000000667 | 30          | 29          | 0 0 0 0 0 0 0 0 0 0 0 0 0 0 0 0 0 0 0 0 0 0 0 0 0 0 0 1 0 1 1 0  |
 ├────────────────────┼─────────────┼─────────────┼──────────────────────────────────────────────────────────────────┤
 | 0x0000000000009272 | 22          | 21          | 0 0 0 0 0 0 0 0 0 0 0 0 0 0 0 0 0 0 0 0 1 1 1 0 0 0 0 0 0 0 0 0  |
 ├────────────────────┼─────────────┼─────────────┼──────────────────────────────────────────────────────────────────┤
 | 0x0000000000000325 | 14          | 13          | 0 0 0 0 0 0 0 0 0 0 0 0 0 1 1 0 0 0 0 0 0 0 0 0 0 0 0 0 0 0 0 0  |
 ├────────────────────┼─────────────┼─────────────┼──────────────────────────────────────────────────────────────────┤
 | 0x000000000000798d | 6           | 5           | 0 0 1 1 1 1 1 1 1 0 0 0 0 0 0 0 0 0 0 0 0 0 0 0 0 0 0 0 0 0 0 0  |
 ├────────────────────┼─────────────┼─────────────┼──────────────────────────────────────────────────────────────────┤
 | 0x0000000000000352 | 14          | 13          | 0 0 0 0 0 0 0 0 0 0 0 0 0 1 1 0 0 0 0 0 0 0 0 0 0 0 0 0 0 0 0 0  |
 ├────────────────────┼─────────────┼─────────────┼──────────────────────────────────────────────────────────────────┤
 | 0x00000000000092a9 | 4           | 3           | 0 0 1 1 1 0 0 0 0 0 0 0 0 0 0 0 0 0 0 0 0 0 0 0 0 0 0 0 0 0 0 0  |
 ├────────────────────┼─────────────┼─────────────┼──────────────────────────────────────────────────────────────────┤
 | 0x00000000000092ac | 20          | 19          | 0 0 0 0 0 0 0 0 0 0 0 0 0 0 0 0 0 0 0 1 1 0 0 0 0 0 0 0 0 0 0 0  |
 ├────────────────────┼─────────────┼─────────────┼──────────────────────────────────────────────────────────────────┤
 | 0x000000000000065e | 30          | 31          | 1 1 0 1 1 0 1 1 0 1 1 0 1 1 0 1 1 0 1 1 0 1 1 0 1 1 0 1 1 0 1 1  |
 ├────────────────────┼─────────────┼─────────────┼──────────────────────────────────────────────────────────────────┤
 | 0x0000000000009288 | 0           | 2           | 1 1 1 1 1 0 0 0 0 0 0 0 0 0 0 0 0 0 0 0 0 0 0 0 0 0 0 0 0 0 0 0  |
 └────────────────────┴─────────────┴─────────────┴──────────────────────────────────────────────────────────────────┘
Accumulation table end
Offset pattern table begin
 ┌────────────────────┬─────────────┬──────────────────────────────────────────────────────────────────────────────────────────────────┐
 | Key                | Second      | Pattern                                                                                          |
 ├────────────────────┼─────────────┼──────────────────────────────────────────────────────────────────────────────────────────────────┤
 | 0x0000000000000000 | 5           | 23 13 16 13 13 14 15 11 11 12 13 13 13 12 13 14 14 7 11 8 8 6 7 9 9 8 10 10 10 6 8 7             |
 ├────────────────────┼─────────────┼──────────────────────────────────────────────────────────────────────────────────────────────────┤
 | 0x0000000000000001 | 2           | 25 18 3 6 3 2 4 3 2 4 3 2 3 3 2 5 3 2 3 2 1 3 2 1 3 2 1 3 2 1 3 16                               |
 ├────────────────────┼─────────────┼──────────────────────────────────────────────────────────────────────────────────────────────────┤
 | 0x0000000000000002 | 1           | 18 6 7 4 5 6 6 4 5 4 5 4 4 7 7 5 7 4 4 3 5 4 5 4 4 4 4 3 3 4 8 17                                |
 ├────────────────────┼─────────────┼──────────────────────────────────────────────────────────────────────────────────────────────────┤
 | 0x0000000000000003 | 2           | 19 16 2 5 3 1 4 3 1 4 3 1 4 3 1 4 3 1 4 3 1 4 3 1 4 3 1 4 3 6 5 7                                |
 ├────────────────────┼─────────────┼──────────────────────────────────────────────────────────────────────────────────────────────────┤
 | 0x0000000000000004 | 3           | 16 4 5 3 3 2 3 3 3 1 2 2 2 1 1 2 2 3 3 1 1 2 2 1 1 1 1 0 0 0 8 15                                |
 ├────────────────────┼─────────────┼──────────────────────────────────────────────────────────────────────────────────────────────────┤
 | 0x0000000000000005 | 6           | 22 20 2 8 7 1 7 7 1 5 7 2 7 7 0 7 7 1 7 7 1 6 5 0 5 5 0 8 0 8 8 7                                |
 ├────────────────────┼─────────────┼──────────────────────────────────────────────────────────────────────────────────────────────────┤
 | 0x0000000000000006 | 5           | 19 6 6 4 5 1 2 3 3 2 2 3 4 1 1 2 2 1 1 1 1 1 1 1 2 1 0 0 3 4 9 18                                |
 ├────────────────────┼─────────────┼──────────────────────────────────────────────────────────────────────────────────────────────────┤
 | 0x0000000000000007 | 8           | 21 17 4 9 6 4 9 6 4 9 6 3 8 5 3 8 5 3 8 5 3 8 5 3 8 3 9 6 3 9 6 11                               |
 ├────────────────────┼─────────────┼──────────────────────────────────────────────────────────────────────────────────────────────────┤
 | 0x0000000000000008 | 7           | 21 8 8 3 3 2 2 1 1 0 0 0 0 0 0 0 0 2 2 1 2 2 2 3 0 0 1 2 2 0 6 20                                |
 ├────────────────────┼─────────────┼──────────────────────────────────────────────────────────────────────────────────────────────────┤
 | 0x0000000000000009 | 10          | 31 23 9 26 18 8 24 17 7 24 16 6 23 16 6 23 16 6 23 16 6 23 16 24 17 6 25 18 6 25 18 9            |
 ├────────────────────┼─────────────┼──────────────────────────────────────────────────────────────────────────────────────────────────┤
 | 0x000000000000000a | 9           | 18 5 5 4 5 4 5 4 3 2 2 2 3 2 1 1 1 2 3 2 2 2 0 0 1 2 2 1 2 2 7 17                                |
 ├────────────────────┼─────────────┼──────────────────────────────────────────────────────────────────────────────────────────────────┤
 | 0x000000000000000b | 10          | 17 15 3 11 9 2 11 9 2 10 8 2 10 8 2 10 8 2 10 8 1 9 2 11 9 2 11 9 2 11 9 4                       |
 ├────────────────────┼─────────────┼──────────────────────────────────────────────────────────────────────────────────────────────────┤
 | 0x000000000000000c | 11          | 31 16 11 8 8 4 9 8 3 9 9 1 7 6 2 5 5 1 6 7 4 4 1 8 8 1 5 4 0 4 19 25                             |
 ├────────────────────┼─────────────┼──────────────────────────────────────────────────────────────────────────────────────────────────┤
 | 0x000000000000000d | 12          | 31 22 8 26 18 8 26 18 8 26 18 8 26 18 8 26 18 8 26 8 26 18 8 26 18 8 26 18 8 26 18 12            |
 ├────────────────────┼─────────────┼──────────────────────────────────────────────────────────────────────────────────────────────────┤
 | 0x000000000000000e | 13          | 28 9 8 7 7 3 5 4 3 4 4 3 4 5 3 4 5 1 1 0 2 3 1 1 1 1 3 1 3 5 14 25                               |
 ├────────────────────┼─────────────┼──────────────────────────────────────────────────────────────────────────────────────────────────┤
 | 0x000000000000000f | 14          | 17 12 5 11 6 5 11 6 5 11 6 5 11 6 5 11 6 11 6 5 11 6 5 11 6 5 11 6 5 11 6 7                      |
 ├────────────────────┼─────────────┼──────────────────────────────────────────────────────────────────────────────────────────────────┤
 | 0x0000000000000010 | 15          | 29 8 8 4 4 2 3 3 2 3 3 2 3 4 3 3 1 2 3 2 4 3 2 2 2 0 3 5 4 3 10 26                               |
 ├────────────────────┼─────────────┼──────────────────────────────────────────────────────────────────────────────────────────────────┤
 | 0x0000000000000011 | 16          | 25 14 13 24 12 13 22 12 12 23 12 12 23 12 11 13 12 23 14 13 22 13 12 22 13 13 24 14 12 24 14 13  |
 ├────────────────────┼─────────────┼──────────────────────────────────────────────────────────────────────────────────────────────────┤
 | 0x0000000000000012 | 17          | 18 4 4 4 4 2 3 2 2 1 1 1 2 0 1 1 2 3 3 0 1 1 0 1 2 3 4 2 3 4 12 17                               |
 ├────────────────────┼─────────────┼──────────────────────────────────────────────────────────────────────────────────────────────────┤
 | 0x0000000000000013 | 18          | 18 14 5 13 10 4 13 10 4 13 10 4 12 4 12 10 4 12 9 4 12 10 4 12 10 4 12 10 4 12 10 5              |
 ├────────────────────┼─────────────┼──────────────────────────────────────────────────────────────────────────────────────────────────┤
 | 0x0000000000000014 | 19          | 27 8 8 1 1 4 5 3 3 1 0 2 0 1 1 0 1 1 0 1 1 0 0 1 0 1 1 0 1 1 11 23                               |
 ├────────────────────┼─────────────┼──────────────────────────────────────────────────────────────────────────────────────────────────┤
 | 0x0000000000000015 | 22          | 23 18 6 9 15 17 9 6 6 9 6 9 6 6 9 6 6 9 6 6 8 6 6 8 6 6 9 6 6 9 6 19                             |
 ├────────────────────┼─────────────┼──────────────────────────────────────────────────────────────────────────────────────────────────┤
 | 0x0000000000000016 | 21          | 20 2 2 3 2 0 0 0 0 0 0 0 0 0 0 0 0 0 0 0 0 0 0 0 0 0 0 0 2 2 8 19                                |
 ├────────────────────┼─────────────┼──────────────────────────────────────────────────────────────────────────────────────────────────┤
 | 0x0000000000000017 | 22          | 31 22 15 27 19 16 26 20 17 19 14 25 19 14 26 18 15 26 19 15 24 17 15 24 18 15 25 20 15 27 21 19  |
 ├────────────────────┼─────────────┼──────────────────────────────────────────────────────────────────────────────────────────────────┤
 | 0x0000000000000018 | 23          | 31 13 12 12 9 6 10 8 7 6 3 7 6 4 7 6 4 7 6 4 7 5 4 7 6 4 10 9 7 7 16 27                          |
 ├────────────────────┼─────────────┼──────────────────────────────────────────────────────────────────────────────────────────────────┤
 | 0x0000000000000019 | 26          | 17 13 8 15 13 8 14 6 14 12 6 14 12 7 14 12 7 14 12 7 13 13 7 14 13 7 14 13 7 15 12 7             |
 ├────────────────────┼─────────────┼──────────────────────────────────────────────────────────────────────────────────────────────────┤
 | 0x000000000000001a | 25          | 21 8 5 9 8 5 4 1 4 4 2 4 4 1 4 4 1 4 4 1 4 4 1 4 5 5 8 4 3 8 9 17                                |
 ├────────────────────┼─────────────┼──────────────────────────────────────────────────────────────────────────────────────────────────┤
 | 0x000000000000001b | 26          | 31 23 15 30 24 28 25 13 29 25 14 29 24 14 30 24 15 29 23 15 28 24 15 28 24 15 29 25 15 29 24 14  |
 ├────────────────────┼─────────────┼──────────────────────────────────────────────────────────────────────────────────────────────────┤
 | 0x000000000000001c | 27          | 29 15 12 16 7 12 10 6 12 10 7 12 10 7 12 9 7 13 10 7 12 10 9 15 12 8 14 10 6 12 20 22            |
 ├────────────────────┼─────────────┼──────────────────────────────────────────────────────────────────────────────────────────────────┤
 | 0x000000000000001d | 30          | 19 18 0 18 0 18 18 0 18 18 0 18 18 0 18 18 0 18 18 0 18 18 0 18 18 0 18 18 0 18 18 0             |
 ├────────────────────┼─────────────┼──────────────────────────────────────────────────────────────────────────────────────────────────┤
 | 0x000000000000001e | 31          | 25 14 15 13 8 16 13 7 17 13 7 17 13 8 17 11 8 17 12 8 16 15 10 16 13 8 17 13 7 19 16 15          |
 ├────────────────────┼─────────────┼──────────────────────────────────────────────────────────────────────────────────────────────────┤
 | 0x000000000000001f | 27          | 28 12 20 18 12 21 20 11 20 20 11 21 19 12 22 18 11 22 19 13 22 20 14 21 19 12 21 22 14 24 20 16  |
 └────────────────────┴─────────────┴──────────────────────────────────────────────────────────────────────────────────────────────────┘
Offset pattern table end
PC pattern table begin
 ┌────────────────────┬─────────────┬──────────────────────────────────────────────────┐
 | Key                | Second      | Pattern                                          |
 ├────────────────────┼─────────────┼──────────────────────────────────────────────────┤
 | 0x0000000000000000 | 15          | 31 0 0 0 0 0 0 0 0 0 0 0 0 0 0 31                |
 ├────────────────────┼─────────────┼──────────────────────────────────────────────────┤
 | 0x0000000000000003 | 29          | 17 16 16 16 16 16 16 16 16 16 16 16 16 16 16 16  |
 ├────────────────────┼─────────────┼──────────────────────────────────────────────────┤
 | 0x0000000000000008 | 3           | 24 24 15 0 0 0 0 0 0 0 0 0 0 0 0 0               |
 ├────────────────────┼─────────────┼──────────────────────────────────────────────────┤
 | 0x000000000000000b | 31          | 31 30 2 2 1 0 0 0 0 1 1 0 0 1 1 1                |
 ├────────────────────┼─────────────┼──────────────────────────────────────────────────┤
 | 0x000000000000000f | 2           | 16 13 11 7 0 0 0 0 0 0 0 0 0 0 0 5               |
 ├────────────────────┼─────────────┼──────────────────────────────────────────────────┤
 | 0x0000000000000010 | 31          | 20 19 0 0 0 0 0 2 2 0 0 0 0 0 0 0                |
 ├────────────────────┼─────────────┼──────────────────────────────────────────────────┤
 | 0x0000000000000011 | 7           | 19 5 3 4 3 3 3 3 4 2 2 2 2 2 1 17                |
 ├────────────────────┼─────────────┼──────────────────────────────────────────────────┤
 | 0x0000000000000012 | 11          | 20 18 17 12 8 8 8 8 8 8 9 9 8 9 9 14             |
 ├────────────────────┼─────────────┼──────────────────────────────────────────────────┤
 | 0x0000000000000014 | 15          | 6 0 0 0 0 0 0 0 0 0 0 0 0 0 0 6                  |
 ├────────────────────┼─────────────┼──────────────────────────────────────────────────┤
 | 0x0000000000000017 | 30          | 19 18 18 18 18 18 18 18 18 18 18 18 18 18 18 18  |
 ├────────────────────┼─────────────┼──────────────────────────────────────────────────┤
 | 0x0000000000000019 | 2           | 20 9 2 1 0 0 0 0 0 0 0 0 1 1 1 11                |
 ├────────────────────┼─────────────┼──────────────────────────────────────────────────┤
 | 0x000000000000001b | 2           | 20 19 19 19 19 19 19 19 19 19 19 19 19 19 19 19  |
 ├────────────────────┼─────────────┼──────────────────────────────────────────────────┤
 | 0x000000000000001c | 27          | 31 0 0 0 0 0 0 0 0 0 7 9 3 2 12 12               |
 ├────────────────────┼─────────────┼──────────────────────────────────────────────────┤
 | 0x000000000000001e | 9           | 25 13 3 4 5 7 9 11 13 15 17 19 20 21 22 24       |
 ├────────────────────┼─────────────┼──────────────────────────────────────────────────┤
 | 0x000000000000001f | 30          | 29 28 28 28 28 28 28 28 28 28 28 28 27 28 28 28  |
 └────────────────────┴─────────────┴──────────────────────────────────────────────────┘
PC pattern table end
Prefetch buffer begin
 ┌────────────────────┬──────────────────────────────────────────────────────────────────┐
 | Region             | Pattern                                                          |
 ├────────────────────┼──────────────────────────────────────────────────────────────────┤
 | 0x0000000000009286 | 2 2 2 2 2 2 2 2 2 2 2 2 2 2 2 2 2 2 2 1 2 2 1 0 0 0 0 0 0 0 0 0  |
 ├────────────────────┼──────────────────────────────────────────────────────────────────┤
 | 0x0000000000009298 | 0 0 0 0 0 0 0 0 0 2 2 2 2 2 2 2 2 2 2 2 2 2 2 2 2 2 2 2 2 2 2 2  |
 ├────────────────────┼──────────────────────────────────────────────────────────────────┤
 | 0x000000000000925b | 1 1 2 1 1 2 1 1 2 1 1 2 1 1 2 1 1 2 1 1 2 1 1 0 0 0 0 0 0 0 0 0  |
 ├────────────────────┼──────────────────────────────────────────────────────────────────┤
 | 0x0000000000009262 | 2 1 1 2 1 1 2 1 1 2 1 1 2 1 1 2 1 1 2 0 0 0 0 0 0 0 1 0 0 0 1 0  |
 ├────────────────────┼──────────────────────────────────────────────────────────────────┤
 | 0x0000000000009297 | 2 0 2 2 0 2 0 0 0 0 0 0 0 0 0 0 0 0 0 0 0 0 0 0 0 0 0 0 0 0 0 0  |
 ├────────────────────┼──────────────────────────────────────────────────────────────────┤
 | 0x00000000000092a1 | 0 0 2 2 2 0 0 0 2 2 2 0 0 2 2 0 0 2 2 0 0 0 0 0 0 0 0 0 0 0 0 0  |
 ├────────────────────┼──────────────────────────────────────────────────────────────────┤
 | 0x0000000000009279 | 2 0 2 2 0 2 2 0 2 2 0 2 2 0 2 2 0 2 2 2 1 2 0 0 0 0 0 0 0 0 0 2  |
 ├────────────────────┼──────────────────────────────────────────────────────────────────┤
 | 0x0000000000009233 | 2 1 1 2 1 1 2 1 1 2 0 0 0 0 0 0 0 0 0 0 0 0 0 0 0 0 0 0 0 0 0 0  |
 ├────────────────────┼──────────────────────────────────────────────────────────────────┤
 | 0x000000000000927d | 0 0 0 0 0 0 0 0 2 0 0 0 2 2 2 2 2 2 2 0 0 0 2 0 0 0 0 0 2 0 0 2  |
 ├────────────────────┼──────────────────────────────────────────────────────────────────┤
 | 0x00000000000092aa | 0 0 0 0 0 0 0 0 0 0 0 0 0 0 0 0 0 0 0 0 0 0 2 2 2 2 2 2 2 2 2 2  |
 ├────────────────────┼──────────────────────────────────────────────────────────────────┤
 | 0x000000000000926c | 0 0 0 0 0 0 0 0 0 0 0 0 0 2 2 2 2 2 2 0 0 0 0 0 0 0 0 0 0 0 2 0  |
 ├────────────────────┼──────────────────────────────────────────────────────────────────┤
 | 0x0000000000009241 | 2 2 0 2 2 2 2 2 2 2 2 2 2 2 2 2 2 2 2 2 0 0 0 0 0 0 0 0 0 2 2 2  |
 ├────────────────────┼──────────────────────────────────────────────────────────────────┤
 | 0x000000000000924b | 0 0 0 0 0 0 0 0 0 0 0 0 0 0 0 0 0 0 0 2 0 0 0 0 0 0 0 0 0 0 0 0  |
 ├────────────────────┼──────────────────────────────────────────────────────────────────┤
 | 0x000000000000922d | 0 0 0 0 0 0 0 0 0 0 0 0 0 0 0 0 0 0 0 0 0 0 2 0 0 2 2 0 0 0 0 0  |
 ├────────────────────┼──────────────────────────────────────────────────────────────────┤
 | 0x000000000000929c | 0 0 0 0 0 0 0 0 0 2 2 2 2 2 2 2 2 2 2 2 2 0 2 2 2 2 2 2 2 2 2 2  |
 ├────────────────────┼──────────────────────────────────────────────────────────────────┤
 | 0x0000000000000667 | 1 1 2 1 1 2 1 1 2 1 1 2 1 2 2 1 2 2 1 1 0 0 0 0 0 0 0 0 0 0 0 0  |
 ├────────────────────┼──────────────────────────────────────────────────────────────────┤
 | 0x000000000000929f | 0 1 1 1 1 1 1 0 0 0 0 0 0 0 0 0 0 0 2 2 2 2 2 2 2 2 2 2 2 2 2 2  |
 ├────────────────────┼──────────────────────────────────────────────────────────────────┤
 | 0x0000000000009290 | 0 0 0 0 0 0 0 0 0 0 0 0 0 0 0 0 0 0 0 0 0 0 0 0 0 0 0 0 2 2 2 2  |
 ├────────────────────┼──────────────────────────────────────────────────────────────────┤
 | 0x000000000000928b | 0 0 0 0 0 0 0 0 0 0 0 0 0 0 0 0 0 0 0 2 0 0 0 0 0 0 0 0 0 0 0 0  |
 ├────────────────────┼──────────────────────────────────────────────────────────────────┤
 | 0x0000000000000329 | 1 0 1 0 0 0 0 0 0 0 0 0 0 0 0 0 0 0 0 0 1 2 0 1 2 0 1 2 0 1 2 0  |
 ├────────────────────┼──────────────────────────────────────────────────────────────────┤
 | 0x0000000000009259 | 2 0 2 2 0 2 2 0 2 2 0 2 2 0 2 2 0 2 2 2 2 2 2 2 2 0 0 2 2 2 2 2  |
 ├────────────────────┼──────────────────────────────────────────────────────────────────┤
 | 0x00000000000092a3 | 2 0 2 2 0 2 2 0 2 2 0 2 2 0 2 2 0 2 2 2 2 2 0 0 0 0 0 0 0 0 0 2  |
 ├────────────────────┼──────────────────────────────────────────────────────────────────┤
 | 0x000000000000928a | 0 0 0 0 0 0 0 0 0 0 0 0 0 0 0 0 0 0 0 0 0 0 0 0 0 0 2 2 2 2 2 2  |
 ├────────────────────┼──────────────────────────────────────────────────────────────────┤
 | 0x0000000000009294 | 2 1 1 2 1 1 2 1 1 2 1 1 2 1 1 2 1 1 2 1 1 2 1 1 2 1 1 2 1 1 1 0  |
 ├────────────────────┼──────────────────────────────────────────────────────────────────┤
 | 0x0000000000009264 | 0 0 0 0 0 0 0 0 0 0 0 0 0 0 0 0 0 0 0 0 0 0 0 0 0 0 0 0 0 2 2 0  |
 ├────────────────────┼──────────────────────────────────────────────────────────────────┤
 | 0x0000000000009275 | 0 0 0 0 0 0 0 0 0 0 0 2 0 0 0 0 2 2 0 0 0 0 0 0 0 0 0 0 0 2 2 0  |
 ├────────────────────┼──────────────────────────────────────────────────────────────────┤
 | 0x000000000000923b | 2 1 1 2 1 1 2 1 1 2 1 1 2 1 1 0 0 0 0 0 0 0 0 0 2 1 1 2 1 1 2 1  |
 ├────────────────────┼──────────────────────────────────────────────────────────────────┤
 | 0x00000000000091bf | 0 0 0 0 0 0 0 0 0 0 0 0 0 0 0 0 0 0 0 0 0 0 2 0 0 2 2 0 0 0 0 0  |
 ├────────────────────┼──────────────────────────────────────────────────────────────────┤
 | 0x00000000000092a8 | 0 0 0 2 2 0 0 0 0 0 0 0 0 0 0 0 0 0 0 2 0 2 2 0 2 2 0 2 2 0 2 2  |
 ├────────────────────┼──────────────────────────────────────────────────────────────────┤
 | 0x0000000000009291 | 2 2 2 2 2 2 2 2 2 2 2 2 2 2 0 0 0 0 0 0 0 0 0 0 0 0 0 0 0 0 0 0  |
 └────────────────────┴──────────────────────────────────────────────────────────────────┘
Prefetch buffer end
Filter by PPT: 0
cpu3_L2C
Num Con Filled: 0
Num Con Useful: 0 Useless:0 Accuracy: -nan
cpu2_L2C
Num Con Filled: 0
Num Con Useful: 0 Useless:0 Accuracy: -nan
cpu1_L2C
Num Con Filled: 0
Num Con Useful: 0 Useless:0 Accuracy: -nan
cpu0_L2C
Num Con Filled: 0
Num Con Useful: 0 Useless:0 Accuracy: -nan
LLC
